col row val
0 0 -0.261657
1 0 -0.734580
2 0 -0.662661
3 0 0.170177
4 0 -0.058927
5 0 0.683515
6 0 -0.156927
7 0 -0.802458
8 0 0.133606
9 0 0.202465
10 0 0.081883
11 0 -1.291377
12 0 0.397564
13 0 0.626746
14 0 0.152803
15 0 -0.176751
16 0 0.763916
17 0 -0.018121
18 0 -0.944317
19 0 0.782972
20 0 0.587096
21 0 0.229347
22 0 -0.855489
23 0 0.280073
24 0 0.095415
25 0 -0.116606
26 0 0.230753
27 0 0.292835
28 0 0.057983
29 0 -0.008582
30 0 -0.037084
31 0 -0.974655
32 0 -0.410121
33 0 -0.307209
34 0 -0.230107
35 0 0.283509
36 0 0.191674
37 0 -0.241596
38 0 -0.890480
39 0 0.088561
40 0 -0.486930
41 0 0.358690
42 0 -0.388486
43 0 0.246817
44 0 -0.241911
45 0 -0.128477
46 0 -0.466416
47 0 -0.899310
48 0 -0.245984
49 0 0.032838
50 0 0.270061
51 0 0.229452
52 0 -0.373368
53 0 -1.139647
54 0 0.110279
55 0 0.320129
56 0 0.161334
57 0 0.324973
58 0 0.085556
59 0 0.467477
60 0 0.788484
61 0 -0.157455
62 0 -0.013152
63 0 0.483751
64 0 0.098494
65 0 -0.474813
66 0 0.920305
67 0 -0.085232
68 0 0.130265
69 0 0.344139
70 0 0.155217
71 0 0.230144
72 0 0.481634
73 0 -0.513874
74 0 -0.022989
75 0 -0.227167
76 0 -0.163715
77 0 -0.180605
78 0 0.409399
79 0 0.660514
80 0 0.345324
81 0 -0.182006
82 0 -0.333777
83 0 -0.255976
84 0 -0.329472
85 0 0.425682
86 0 0.383710
87 0 0.144168
88 0 0.882964
89 0 -0.661445
90 0 0.880481
91 0 0.084369
92 0 -0.232348
93 0 0.220444
94 0 -0.702221
95 0 -0.219271
96 0 0.085157
97 0 0.473982
98 0 0.685747
99 0 -0.236734
100 0 0.641245
101 0 -0.185580
102 0 -0.353332
103 0 0.421145
104 0 0.501269
105 0 -0.646413
106 0 -0.059296
107 0 -0.070981
108 0 -0.333911
109 0 0.249891
110 0 0.545646
111 0 -0.298473
112 0 -0.139958
113 0 -0.115823
114 0 -0.462214
115 0 -0.519482
116 0 -0.375915
117 0 -0.441323
118 0 -0.099450
119 0 0.094889
120 0 0.205845
121 0 -0.939758
122 0 -0.042178
123 0 0.632527
124 0 0.414911
125 0 0.220593
126 0 0.089774
127 0 0.769756

0 1 -0.184604
1 1 -0.972892
2 1 -0.459905
3 1 0.344592
4 1 0.119444
5 1 0.867506
6 1 -0.217544
7 1 -0.596887
8 1 -0.057742
9 1 0.063242
10 1 0.214650
11 1 -1.015557
12 1 0.198084
13 1 0.833153
14 1 -0.160320
15 1 -0.345606
16 1 0.645240
17 1 0.033630
18 1 -0.800300
19 1 0.573941
20 1 0.689783
21 1 0.079762
22 1 -0.941415
23 1 0.328103
24 1 -0.022281
25 1 -0.078684
26 1 0.230254
27 1 0.110601
28 1 0.169658
29 1 -0.047677
30 1 -0.064529
31 1 -1.161949
32 1 -0.516091
33 1 -0.348673
34 1 -0.103748
35 1 0.427358
36 1 0.229666
37 1 -0.365187
38 1 -0.473259
39 1 -0.012679
40 1 -0.489551
41 1 0.294984
42 1 -0.276095
43 1 0.270104
44 1 -0.174760
45 1 -0.134051
46 1 -0.597470
47 1 -0.860597
48 1 -0.369619
49 1 0.187698
50 1 0.041706
51 1 0.264008
52 1 -0.471609
53 1 -1.002485
54 1 0.137131
55 1 0.266028
56 1 -0.276989
57 1 0.216946
58 1 0.032572
59 1 0.536142
60 1 0.658127
61 1 0.013827
62 1 -0.132775
63 1 0.553472
64 1 -0.109094
65 1 -0.546634
66 1 0.826112
67 1 0.067118
68 1 0.364396
69 1 0.598883
70 1 -0.260665
71 1 0.089510
72 1 0.148361
73 1 -0.409270
74 1 0.236310
75 1 -0.177634
76 1 0.081817
77 1 -0.123078
78 1 0.135096
79 1 0.713811
80 1 0.128047
81 1 -0.280149
82 1 -0.464761
83 1 -0.389905
84 1 -0.304755
85 1 0.546158
86 1 0.145225
87 1 0.214605
88 1 0.786647
89 1 -0.788314
90 1 0.803669
91 1 -0.000172
92 1 -0.486476
93 1 0.095222
94 1 -0.749592
95 1 -0.187099
96 1 0.173572
97 1 0.506113
98 1 1.076575
99 1 -0.143748
100 1 0.498130
101 1 -0.232871
102 1 -0.241968
103 1 0.524278
104 1 0.367610
105 1 -0.630108
106 1 0.371889
107 1 -0.263357
108 1 -0.224535
109 1 0.284165
110 1 0.364669
111 1 -0.338095
112 1 -0.346345
113 1 -0.014770
114 1 -0.720828
115 1 -0.405798
116 1 -0.437017
117 1 -0.556968
118 1 -0.097530
119 1 0.294039
120 1 0.196991
121 1 -0.794227
122 1 -0.009602
123 1 0.762361
124 1 0.341685
125 1 0.074797
126 1 -0.031419
127 1 0.550821

0 2 -0.389420
1 2 -0.501277
2 2 -0.087278
3 2 0.151874
4 2 0.132693
5 2 0.215382
6 2 -0.005226
7 2 -0.166624
8 2 0.244780
9 2 0.235505
10 2 -0.015966
11 2 -0.342580
12 2 -0.125106
13 2 0.291553
14 2 0.028047
15 2 -0.371853
16 2 0.518525
17 2 -0.091671
18 2 -0.252342
19 2 -0.103332
20 2 0.332303
21 2 0.189488
22 2 -0.380926
23 2 0.233069
24 2 -0.068796
25 2 -0.295987
26 2 0.230811
27 2 0.044310
28 2 0.237246
29 2 -0.032012
30 2 0.299355
31 2 -0.408070
32 2 -0.295532
33 2 0.010712
34 2 -0.309053
35 2 0.238473
36 2 0.615442
37 2 0.155249
38 2 -0.157731
39 2 -0.093235
40 2 -0.513282
41 2 -0.161088
42 2 -0.519010
43 2 0.118781
44 2 -0.105215
45 2 -0.090158
46 2 -0.009364
47 2 -0.482030
48 2 -0.323740
49 2 0.021010
50 2 -0.134817
51 2 -0.062333
52 2 -0.163689
53 2 -0.475559
54 2 0.216164
55 2 0.411663
56 2 -0.028941
57 2 -0.336083
58 2 0.174118
59 2 0.503126
60 2 -0.096032
61 2 0.131879
62 2 -0.267123
63 2 -0.003987
64 2 -0.118087
65 2 0.144942
66 2 -0.119230
67 2 0.069953
68 2 0.414078
69 2 0.439871
70 2 -0.054683
71 2 0.126651
72 2 0.280998
73 2 -0.203765
74 2 0.403911
75 2 -0.173092
76 2 -0.143403
77 2 -0.270120
78 2 0.043935
79 2 0.114615
80 2 0.043721
81 2 -0.089872
82 2 0.022314
83 2 -0.180601
84 2 0.040449
85 2 0.562015
86 2 0.110219
87 2 0.301204
88 2 0.414366
89 2 -0.446742
90 2 0.562592
91 2 -0.059413
92 2 -0.146830
93 2 -0.037148
94 2 -0.045301
95 2 -0.190794
96 2 0.354344
97 2 0.557991
98 2 0.446161
99 2 -0.272158
100 2 0.287459
101 2 -0.251888
102 2 -0.076096
103 2 -0.190331
104 2 0.188497
105 2 -0.347693
106 2 -0.413920
107 2 0.229049
108 2 -0.078814
109 2 0.176992
110 2 0.182726
111 2 0.103833
112 2 -0.010964
113 2 -0.194264
114 2 -0.106859
115 2 -0.226896
116 2 -0.206714
117 2 -0.032307
118 2 -0.042162
119 2 -0.165519
120 2 0.036784
121 2 -0.764186
122 2 -0.075654
123 2 0.615437
124 2 -0.035648
125 2 -0.224812
126 2 0.179702
127 2 0.478477

0 3 -0.286262
1 3 -0.628843
2 3 0.062830
3 3 0.271854
4 3 0.268467
5 3 0.285738
6 3 -0.086705
7 3 -0.007213
8 3 0.092431
9 3 0.184288
10 3 0.178654
11 3 -0.123893
12 3 -0.243727
13 3 0.535434
14 3 -0.047726
15 3 -0.599342
16 3 0.360914
17 3 -0.095207
18 3 -0.190512
19 3 -0.285611
20 3 0.415012
21 3 -0.061686
22 3 -0.425204
23 3 0.239289
24 3 -0.039124
25 3 -0.388089
26 3 0.370834
27 3 -0.029513
28 3 0.326738
29 3 -0.077792
30 3 0.391463
31 3 -0.371437
32 3 -0.429239
33 3 0.011080
34 3 -0.356896
35 3 0.531877
36 3 0.719494
37 3 0.125501
38 3 0.030526
39 3 -0.092778
40 3 -0.591032
41 3 -0.366437
42 3 -0.643831
43 3 0.059867
44 3 -0.032621
45 3 -0.138985
46 3 -0.000580
47 3 -0.429143
48 3 -0.434512
49 3 -0.010696
50 3 -0.314535
51 3 -0.043920
52 3 -0.038515
53 3 -0.410528
54 3 0.198940
55 3 0.454648
56 3 -0.164212
57 3 -0.419896
58 3 0.183296
59 3 0.679996
60 3 -0.261669
61 3 0.315154
62 3 -0.314171
63 3 0.029099
64 3 -0.244567
65 3 0.272652
66 3 -0.251974
67 3 0.135354
68 3 0.676736
69 3 0.580729
70 3 -0.275120
71 3 0.185096
72 3 0.177768
73 3 -0.233200
74 3 0.659198
75 3 -0.169351
76 3 -0.012539
77 3 -0.289842
78 3 -0.093572
79 3 0.200491
80 3 0.013701
81 3 -0.216235
82 3 -0.061621
83 3 -0.260692
84 3 0.043972
85 3 0.739840
86 3 -0.009785
87 3 0.340206
88 3 0.375387
89 3 -0.473268
90 3 0.646252
91 3 -0.209895
92 3 -0.243849
93 3 -0.110305
94 3 0.073460
95 3 -0.173752
96 3 0.410351
97 3 0.774212
98 3 0.537386
99 3 -0.362390
100 3 0.280560
101 3 -0.224990
102 3 0.054182
103 3 -0.417697
104 3 0.035738
105 3 -0.368398
106 3 -0.309277
107 3 0.241468
108 3 -0.034521
109 3 0.336611
110 3 -0.018087
111 3 0.115023
112 3 -0.025087
113 3 -0.141858
114 3 -0.168961
115 3 -0.120937
116 3 -0.381142
117 3 0.001693
118 3 0.109580
119 3 -0.136581
120 3 0.108877
121 3 -0.700364
122 3 -0.188185
123 3 0.631078
124 3 -0.211620
125 3 -0.413725
126 3 0.218599
127 3 0.393412

0 4 -0.285449
1 4 -0.052364
2 4 0.423159
3 4 0.078588
4 4 -0.087478
5 4 -0.343139
6 4 0.044297
7 4 0.470872
8 4 -0.117385
9 4 0.196036
10 4 -0.210743
11 4 0.332075
12 4 -0.207285
13 4 -0.177101
14 4 0.106095
15 4 -0.440542
16 4 -0.316588
17 4 -0.314584
18 4 0.057915
19 4 -0.362430
20 4 -0.121954
21 4 0.044489
22 4 0.049476
23 4 0.238278
24 4 -0.014344
25 4 0.018571
26 4 -0.177020
27 4 -0.221416
28 4 0.277004
29 4 0.068174
30 4 0.104982
31 4 0.081385
32 4 0.097362
33 4 0.295724
34 4 -0.160196
35 4 0.480736
36 4 0.677979
37 4 0.484797
38 4 0.263401
39 4 -0.112292
40 4 -0.239261
41 4 -0.411080
42 4 -0.375960
43 4 -0.104900
44 4 -0.157492
45 4 0.046598
46 4 -0.007030
47 4 0.114931
48 4 -0.001266
49 4 0.057461
50 4 -0.090786
51 4 -0.203537
52 4 -0.255306
53 4 0.143842
54 4 0.225357
55 4 0.008490
56 4 -0.185183
57 4 -0.460460
58 4 -0.019217
59 4 0.050533
60 4 -0.354601
61 4 0.086647
62 4 -0.107302
63 4 -0.348488
64 4 0.006093
65 4 0.244994
66 4 -0.383913
67 4 -0.133589
68 4 0.051531
69 4 0.102167
70 4 -0.095480
71 4 0.014341
72 4 0.013301
73 4 0.223805
74 4 0.237776
75 4 0.014477
76 4 -0.317233
77 4 -0.201261
78 4 0.173086
79 4 -0.356056
80 4 0.010186
81 4 0.040413
82 4 0.395289
83 4 -0.030782
84 4 0.548361
85 4 0.144732
86 4 0.038051
87 4 0.058420
88 4 -0.060841
89 4 0.211186
90 4 0.225336
91 4 0.017802
92 4 -0.305349
93 4 -0.004551
94 4 0.438588
95 4 0.053814
96 4 -0.135400
97 4 0.435980
98 4 -0.126394
99 4 0.008530
100 4 -0.159517
101 4 -0.108761
102 4 0.070151
103 4 -0.561738
104 4 -0.141910
105 4 -0.001226
106 4 -0.196170
107 4 0.428046
108 4 -0.058461
109 4 0.074231
110 4 -0.338896
111 4 0.217145
112 4 0.032010
113 4 -0.013714
114 4 0.008622
115 4 -0.013606
116 4 0.049033
117 4 0.120640
118 4 -0.112335
119 4 -0.354544
120 4 -0.052336
121 4 -0.099234
122 4 0.111934
123 4 -0.002472
124 4 -0.346534
125 4 -0.397973
126 4 0.155446
127 4 0.016427

0 5 -0.086364
1 5 -0.240740
2 5 0.559335
3 5 0.047737
4 5 0.006256
5 5 -0.372310
6 5 0.049982
7 5 0.425108
8 5 -0.387169
9 5 0.121789
10 5 0.053737
11 5 0.412296
12 5 -0.325497
13 5 -0.060684
14 5 0.013000
15 5 -0.582716
16 5 -0.712946
17 5 -0.261830
18 5 0.200855
19 5 -0.455610
20 5 -0.207939
21 5 -0.090100
22 5 0.298198
23 5 0.128423
24 5 0.120878
25 5 0.059875
26 5 -0.138634
27 5 -0.372092
28 5 0.321812
29 5 -0.024361
30 5 0.174545
31 5 -0.024110
32 5 -0.018949
33 5 0.336267
34 5 -0.260085
35 5 0.726202
36 5 0.620849
37 5 0.515916
38 5 0.385336
39 5 -0.089046
40 5 -0.160926
41 5 -0.542857
42 5 -0.319666
43 5 -0.140827
44 5 -0.075077
45 5 -0.093420
46 5 -0.177847
47 5 0.091624
48 5 -0.047136
49 5 0.154662
50 5 -0.248253
51 5 -0.145273
52 5 -0.386286
53 5 0.191236
54 5 0.268085
55 5 0.028547
56 5 -0.303962
57 5 -0.503299
58 5 -0.112297
59 5 0.204535
60 5 -0.495972
61 5 0.216109
62 5 -0.034471
63 5 -0.300004
64 5 -0.022429
65 5 0.318541
66 5 -0.393300
67 5 0.005683
68 5 0.274128
69 5 0.092269
70 5 -0.244303
71 5 0.117904
72 5 -0.120657
73 5 0.321654
74 5 0.136117
75 5 0.056274
76 5 -0.283014
77 5 -0.271447
78 5 0.196287
79 5 -0.319224
80 5 0.006440
81 5 0.027459
82 5 0.297869
83 5 -0.192152
84 5 0.447844
85 5 0.359105
86 5 0.047552
87 5 0.104978
88 5 -0.166918
89 5 0.374183
90 5 0.378350
91 5 -0.221437
92 5 -0.285218
93 5 -0.016496
94 5 0.488849
95 5 0.011198
96 5 -0.144328
97 5 0.695583
98 5 0.049856
99 5 -0.157476
100 5 -0.037723
101 5 -0.122573
102 5 0.219650
103 5 -0.644609
104 5 -0.054001
105 5 0.132547
106 5 0.034537
107 5 0.387800
108 5 -0.222867
109 5 0.082331
110 5 -0.555839
111 5 0.280185
112 5 0.006233
113 5 0.041609
114 5 -0.077810
115 5 0.058914
116 5 0.121177
117 5 0.190515
118 5 -0.041148
119 5 -0.284833
120 5 0.290206
121 5 0.096668
122 5 0.027178
123 5 0.105907
124 5 -0.462995
125 5 -0.465586
126 5 0.133262
127 5 -0.070585

0 6 -0.044769
1 6 -0.112545
2 6 -0.313601
3 6 0.108679
4 6 0.128748
5 6 0.082325
6 6 0.143397
7 6 -0.247610
8 6 -0.147979
9 6 0.334739
10 6 0.185257
11 6 -0.465175
12 6 -0.031752
13 6 0.210501
14 6 0.092500
15 6 -0.015107
16 6 0.159304
17 6 -0.066959
18 6 -0.091801
19 6 0.312549
20 6 -0.109250
21 6 -0.284711
22 6 -0.133845
23 6 0.536321
24 6 0.195598
25 6 0.086775
26 6 -0.034361
27 6 0.186751
28 6 0.157475
29 6 -0.170486
30 6 0.079769
31 6 -0.160144
32 6 0.057701
33 6 0.118918
34 6 -0.258513
35 6 0.167012
36 6 0.367987
37 6 0.154417
38 6 -0.214566
39 6 -0.206611
40 6 -0.322231
41 6 -0.035996
42 6 -0.325063
43 6 -0.039330
44 6 -0.183698
45 6 0.182293
46 6 -0.100830
47 6 -0.040399
48 6 0.046158
49 6 -0.289396
50 6 0.075759
51 6 -0.339882
52 6 -0.093594
53 6 -0.603097
54 6 -0.330086
55 6 0.096250
56 6 0.229668
57 6 -0.121576
58 6 -0.042814
59 6 0.192633
60 6 -0.043628
61 6 0.232595
62 6 0.187243
63 6 -0.030550
64 6 0.089666
65 6 0.023827
66 6 0.061587
67 6 -0.236879
68 6 0.204470
69 6 0.030473
70 6 0.256850
71 6 0.050171
72 6 0.084615
73 6 -0.204612
74 6 0.127636
75 6 -0.048671
76 6 -0.097765
77 6 -0.210940
78 6 0.296982
79 6 0.132137
80 6 0.045447
81 6 -0.148296
82 6 0.197992
83 6 -0.304689
84 6 0.069330
85 6 0.267993
86 6 -0.063738
87 6 0.340603
88 6 0.049254
89 6 0.019499
90 6 0.294550
91 6 0.095753
92 6 0.131482
93 6 -0.143145
94 6 -0.143985
95 6 0.018385
96 6 -0.353192
97 6 0.313229
98 6 0.207538
99 6 -0.220053
100 6 0.275442
101 6 -0.209659
102 6 0.158607
103 6 -0.331790
104 6 -0.005957
105 6 -0.606368
106 6 -0.233796
107 6 -0.007259
108 6 -0.421951
109 6 0.069979
110 6 0.152348
111 6 0.187579
112 6 0.083033
113 6 -0.109575
114 6 -0.132548
115 6 -0.246784
116 6 -0.428378
117 6 -0.067337
118 6 0.010163
119 6 0.093917
120 6 0.050493
121 6 -0.173610
122 6 0.026444
123 6 0.265754
124 6 -0.148831
125 6 -0.096922
126 6 0.100431
127 6 0.379986

0 7 -0.045867
1 7 -0.054845
2 7 -0.099097
3 7 0.024898
4 7 0.078847
5 7 0.228256
6 7 0.134299
7 7 -0.160978
8 7 -0.279127
9 7 -0.019385
10 7 0.177660
11 7 -0.326017
12 7 -0.017250
13 7 0.212653
14 7 0.208488
15 7 0.143824
16 7 0.118347
17 7 0.075569
18 7 -0.071537
19 7 0.203104
20 7 -0.105231
21 7 -0.084147
22 7 -0.145120
23 7 0.221486
24 7 0.083982
25 7 0.250850
26 7 -0.129462
27 7 0.109974
28 7 0.315646
29 7 -0.011836
30 7 -0.045987
31 7 -0.307617
32 7 -0.093361
33 7 -0.114000
34 7 -0.108457
35 7 0.131742
36 7 0.201672
37 7 -0.016145
38 7 -0.169823
39 7 0.017870
40 7 -0.129203
41 7 0.228302
42 7 0.065523
43 7 -0.162857
44 7 0.039154
45 7 0.113705
46 7 -0.106266
47 7 0.008758
48 7 0.056919
49 7 -0.183491
50 7 0.003382
51 7 -0.177669
52 7 -0.170572
53 7 -0.473899
54 7 -0.390243
55 7 -0.155986
56 7 0.138639
57 7 -0.091832
58 7 -0.014749
59 7 0.069203
60 7 0.277884
61 7 0.140073
62 7 0.163781
63 7 0.206257
64 7 0.209050
65 7 -0.254169
66 7 0.170585
67 7 -0.190991
68 7 0.195842
69 7 -0.108724
70 7 0.203550
71 7 0.036291
72 7 -0.086448
73 7 -0.121000
74 7 -0.030229
75 7 0.149055
76 7 0.047954
77 7 -0.108965
78 7 0.301636
79 7 0.268240
80 7 0.018137
81 7 0.072999
82 7 -0.073899
83 7 -0.124303
84 7 -0.052512
85 7 0.220621
86 7 -0.157051
87 7 0.276011
88 7 -0.193930
89 7 0.076307
90 7 0.253985
91 7 0.223828
92 7 0.124327
93 7 -0.268391
94 7 -0.212581
95 7 0.001464
96 7 -0.258214
97 7 -0.048232
98 7 0.102198
99 7 -0.088113
100 7 0.118097
101 7 -0.170649
102 7 0.161526
103 7 -0.091006
104 7 0.062179
105 7 -0.430359
106 7 0.227325
107 7 -0.084586
108 7 -0.299669
109 7 -0.055315
110 7 -0.083136
111 7 -0.082065
112 7 -0.049639
113 7 -0.139179
114 7 -0.382646
115 7 -0.013951
116 7 -0.190881
117 7 -0.192973
118 7 0.038600
119 7 0.246131
120 7 0.225071
121 7 0.007523
122 7 0.053498
123 7 0.037637
124 7 -0.018728
125 7 -0.002506
126 7 -0.166489
127 7 0.094548

0 8 0.026700
1 8 -0.437002
2 8 0.255654
3 8 -0.023223
4 8 -0.248826
5 8 -0.092927
6 8 -0.180759
7 8 0.203679
8 8 -0.384818
9 8 0.199703
10 8 0.203851
11 8 0.279994
12 8 -0.361505
13 8 0.066041
14 8 -0.055368
15 8 -0.693300
16 8 -0.591822
17 8 -0.084027
18 8 -0.040571
19 8 -0.272467
20 8 0.361014
21 8 -0.006798
22 8 0.132393
23 8 0.331693
24 8 0.058936
25 8 -0.119462
26 8 0.055251
27 8 -0.373667
28 8 0.260015
29 8 -0.061355
30 8 0.078806
31 8 -0.049082
32 8 -0.240455
33 8 0.274311
34 8 -0.166913
35 8 0.317441
36 8 0.454910
37 8 0.340040
38 8 0.242615
39 8 -0.171468
40 8 -0.265668
41 8 -0.573011
42 8 -0.419715
43 8 -0.109065
44 8 -0.253212
45 8 0.084648
46 8 -0.290079
47 8 -0.179429
48 8 -0.013043
49 8 0.220914
50 8 -0.322151
51 8 0.060718
52 8 -0.342085
53 8 -0.003154
54 8 0.282600
55 8 0.177601
56 8 -0.389299
57 8 -0.578907
58 8 0.019285
59 8 0.365621
60 8 -0.478142
61 8 0.002041
62 8 -0.125525
63 8 -0.447358
64 8 -0.216445
65 8 0.268964
66 8 -0.341624
67 8 0.160153
68 8 0.397743
69 8 0.237954
70 8 -0.255063
71 8 0.095865
72 8 -0.215622
73 8 0.213371
74 8 0.033373
75 8 -0.348813
76 8 -0.072837
77 8 -0.257889
78 8 -0.096143
79 8 -0.093394
80 8 -0.142238
81 8 -0.118104
82 8 0.074087
83 8 -0.263147
84 8 0.453238
85 8 0.298805
86 8 -0.035912
87 8 0.206936
88 8 0.109367
89 8 0.245991
90 8 0.132847
91 8 -0.357461
92 8 -0.192608
93 8 -0.088778
94 8 0.562456
95 8 0.007186
96 8 -0.162185
97 8 0.784896
98 8 0.259219
99 8 -0.204543
100 8 -0.010328
101 8 0.115825
102 8 0.214667
103 8 -0.167444
104 8 -0.067666
105 8 -0.146671
106 8 0.071154
107 8 0.255360
108 8 0.090313
109 8 0.233098
110 8 -0.395376
111 8 0.355474
112 8 -0.047409
113 8 0.350841
114 8 -0.017451
115 8 -0.105923
116 8 -0.083829
117 8 0.239127
118 8 -0.050585
119 8 -0.065837
120 8 0.252290
121 8 0.182475
122 8 -0.133370
123 8 0.014473
124 8 -0.399787
125 8 -0.421830
126 8 0.489240
127 8 -0.098600

0 9 0.161822
1 9 -0.281647
2 9 0.188649
3 9 -0.004709
4 9 -0.319037
5 9 -0.260760
6 9 -0.274722
7 9 0.298508
8 9 -0.696288
9 9 0.163678
10 9 0.191075
11 9 0.122943
12 9 -0.325532
13 9 0.002553
14 9 0.180923
15 9 -0.687424
16 9 -0.774801
17 9 -0.023897
18 9 0.007763
19 9 -0.211644
20 9 0.286599
21 9 0.025598
22 9 0.274880
23 9 0.540963
24 9 0.174778
25 9 0.010068
26 9 0.187942
27 9 -0.246772
28 9 0.195131
29 9 0.067079
30 9 -0.013302
31 9 -0.116357
32 9 -0.175403
33 9 0.259103
34 9 -0.018591
35 9 0.355456
36 9 0.315031
37 9 0.219012
38 9 0.211476
39 9 0.030601
40 9 -0.326176
41 9 -0.532915
42 9 -0.324683
43 9 -0.079003
44 9 -0.219653
45 9 0.087404
46 9 -0.326902
47 9 -0.128266
48 9 0.029381
49 9 0.198270
50 9 -0.116191
51 9 -0.003210
52 9 -0.295947
53 9 -0.024566
54 9 0.009765
55 9 0.139276
56 9 -0.379768
57 9 -0.663202
58 9 -0.024377
59 9 0.146323
60 9 -0.390320
61 9 -0.163114
62 9 0.177069
63 9 -0.514135
64 9 -0.245493
65 9 0.227876
66 9 -0.315928
67 9 0.110470
68 9 0.368433
69 9 0.141892
70 9 -0.141718
71 9 0.151145
72 9 -0.253486
73 9 0.200553
74 9 -0.170255
75 9 -0.303233
76 9 -0.009423
77 9 -0.152016
78 9 -0.061593
79 9 0.141934
80 9 -0.131976
81 9 0.024642
82 9 0.086394
83 9 -0.390555
84 9 0.404675
85 9 0.214140
86 9 0.018125
87 9 0.322768
88 9 0.105786
89 9 0.404028
90 9 0.067508
91 9 -0.276466
92 9 -0.067377
93 9 -0.065018
94 9 0.682009
95 9 0.117363
96 9 -0.225884
97 9 0.697689
98 9 0.072685
99 9 -0.104958
100 9 -0.067198
101 9 0.187528
102 9 0.260103
103 9 -0.145470
104 9 -0.035199
105 9 -0.213436
106 9 0.174502
107 9 0.293072
108 9 0.091025
109 9 0.205691
110 9 -0.506148
111 9 0.465823
112 9 -0.228114
113 9 0.344990
114 9 -0.136894
115 9 0.045985
116 9 -0.165490
117 9 0.259192
118 9 0.088119
119 9 -0.047707
120 9 0.415977
121 9 0.301304
122 9 -0.156964
123 9 -0.061732
124 9 -0.391463
125 9 -0.431266
126 9 0.443426
127 9 -0.207911

0 10 -0.102412
1 10 -0.085487
2 10 0.018262
3 10 -0.066523
4 10 -0.085298
5 10 -0.137250
6 10 0.033997
7 10 0.181830
8 10 0.047733
9 10 0.146983
10 10 0.033243
11 10 0.201808
12 10 -0.134051
13 10 -0.087897
14 10 0.058172
15 10 -0.187110
16 10 -0.174952
17 10 -0.142554
18 10 0.040409
19 10 -0.160335
20 10 -0.071929
21 10 0.023668
22 10 0.017570
23 10 0.196623
24 10 -0.113389
25 10 0.078076
26 10 -0.176050
27 10 -0.074037
28 10 0.140041
29 10 -0.001398
30 10 0.091826
31 10 0.150507
32 10 -0.008435
33 10 0.197399
34 10 -0.195875
35 10 0.053866
36 10 0.418412
37 10 0.263910
38 10 0.057146
39 10 -0.132363
40 10 -0.025225
41 10 -0.034488
42 10 -0.173968
43 10 -0.070755
44 10 -0.053806
45 10 0.196741
46 10 0.089080
47 10 0.130051
48 10 0.042911
49 10 -0.063445
50 10 -0.145834
51 10 -0.120729
52 10 -0.119408
53 10 0.017955
54 10 0.050558
55 10 0.085185
56 10 -0.028696
57 10 -0.304399
58 10 -0.038701
59 10 0.039508
60 10 -0.313800
61 10 0.063387
62 10 -0.126601
63 10 -0.121500
64 10 0.041575
65 10 0.098110
66 10 -0.211349
67 10 0.007781
68 10 0.092615
69 10 0.001197
70 10 0.041053
71 10 -0.157420
72 10 -0.136482
73 10 0.130667
74 10 0.237900
75 10 -0.066293
76 10 0.038028
77 10 -0.142988
78 10 0.000103
79 10 -0.282847
80 10 -0.135511
81 10 0.004213
82 10 0.166923
83 10 0.010980
84 10 0.283800
85 10 0.025006
86 10 -0.182472
87 10 0.131592
88 10 -0.088596
89 10 0.074111
90 10 -0.125362
91 10 -0.056301
92 10 -0.101192
93 10 -0.129607
94 10 0.198334
95 10 0.009533
96 10 -0.102802
97 10 0.184329
98 10 0.022878
99 10 -0.096253
100 10 -0.102302
101 10 -0.100775
102 10 0.138476
103 10 -0.168683
104 10 0.026206
105 10 -0.239495
106 10 -0.059442
107 10 0.230057
108 10 -0.061576
109 10 -0.000853
110 10 -0.107158
111 10 0.114819
112 10 -0.017467
113 10 0.063879
114 10 0.070561
115 10 -0.067869
116 10 0.057314
117 10 0.071212
118 10 -0.060304
119 10 -0.027615
120 10 -0.076996
121 10 0.059677
122 10 0.008729
123 10 0.010938
124 10 -0.181496
125 10 -0.160625
126 10 0.117900
127 10 0.004198

0 11 -0.037711
1 11 -0.141734
2 11 -0.075292
3 11 -0.092451
4 11 -0.049457
5 11 -0.125876
6 11 0.040476
7 11 0.074455
8 11 0.010152
9 11 0.294095
10 11 0.161221
11 11 0.161241
12 11 -0.129597
13 11 -0.098817
14 11 -0.021942
15 11 -0.219513
16 11 -0.111665
17 11 -0.102139
18 11 -0.006809
19 11 -0.092872
20 11 0.058830
21 11 0.030828
22 11 0.042480
23 11 0.275009
24 11 -0.080630
25 11 0.072303
26 11 -0.156726
27 11 -0.118999
28 11 0.103913
29 11 -0.039418
30 11 0.054176
31 11 0.129492
32 11 -0.066167
33 11 0.227744
34 11 -0.215055
35 11 0.030256
36 11 0.347698
37 11 0.233958
38 11 0.073094
39 11 -0.200053
40 11 -0.084987
41 11 -0.166815
42 11 -0.222323
43 11 -0.065294
44 11 -0.172053
45 11 0.145735
46 11 0.005668
47 11 0.079305
48 11 0.073259
49 11 -0.035793
50 11 -0.179658
51 11 -0.138717
52 11 -0.095441
53 11 -0.127495
54 11 0.000827
55 11 0.089538
56 11 0.080261
57 11 -0.283831
58 11 -0.052268
59 11 0.047339
60 11 -0.361922
61 11 0.059077
62 11 -0.080341
63 11 -0.184466
64 11 -0.004335
65 11 0.135144
66 11 -0.158939
67 11 0.077150
68 11 0.111624
69 11 -0.011481
70 11 -0.037119
71 11 -0.194207
72 11 -0.191404
73 11 0.137429
74 11 0.168947
75 11 -0.079505
76 11 0.048173
77 11 -0.201615
78 11 -0.072304
79 11 -0.218796
80 11 -0.132172
81 11 -0.070588
82 11 0.196313
83 11 -0.101750
84 11 0.176380
85 11 0.048925
86 11 -0.207619
87 11 0.190500
88 11 0.065787
89 11 0.041077
90 11 -0.117746
91 11 -0.089322
92 11 -0.051150
93 11 -0.145153
94 11 0.163346
95 11 -0.001810
96 11 -0.133617
97 11 0.225886
98 11 0.164195
99 11 -0.071557
100 11 -0.046857
101 11 -0.129864
102 11 0.154757
103 11 -0.135001
104 11 0.053864
105 11 -0.234378
106 11 -0.008281
107 11 0.178274
108 11 -0.074780
109 11 0.079995
110 11 -0.122538
111 11 0.182339
112 11 -0.002752
113 11 0.084868
114 11 0.019014
115 11 -0.171862
116 11 -0.036190
117 11 0.102364
118 11 -0.091832
119 11 0.040278
120 11 -0.097506
121 11 0.080430
122 11 -0.090345
123 11 0.081195
124 11 -0.194432
125 11 -0.172183
126 11 0.193345
127 11 0.033348

0 12 0.052060
1 12 -0.582839
2 12 -0.451039
3 12 0.065028
4 12 0.304709
5 12 0.586003
6 12 -0.073316
7 12 -0.590896
8 12 0.001048
9 12 0.194559
10 12 0.339830
11 12 -0.784359
12 12 0.162710
13 12 0.605816
14 12 -0.166908
15 12 -0.264608
16 12 0.626225
17 12 0.001384
18 12 -0.382898
19 12 0.574144
20 12 0.348688
21 12 -0.141915
22 12 -0.749505
23 12 0.279623
24 12 0.084940
25 12 0.087289
26 12 0.060278
27 12 0.185754
28 12 0.027408
29 12 -0.244351
30 12 -0.079770
31 12 -0.804633
32 12 -0.051531
33 12 -0.104883
34 12 -0.350924
35 12 0.282648
36 12 0.165707
37 12 -0.306906
38 12 -0.405267
39 12 -0.097978
40 12 -0.362308
41 12 0.325785
42 12 -0.261679
43 12 0.198794
44 12 -0.038276
45 12 -0.094406
46 12 -0.483576
47 12 -0.373302
48 12 -0.003003
49 12 -0.068540
50 12 0.187176
51 12 -0.069554
52 12 -0.476698
53 12 -0.913623
54 12 -0.096388
55 12 0.016030
56 12 0.144110
57 12 0.203018
58 12 -0.001140
59 12 0.227062
60 12 0.290519
61 12 0.190269
62 12 0.031860
63 12 0.329853
64 12 0.070461
65 12 -0.294725
66 12 0.637174
67 12 0.219339
68 12 0.213951
69 12 0.109153
70 12 -0.118673
71 12 -0.054740
72 12 0.052800
73 12 -0.340336
74 12 0.009934
75 12 0.061352
76 12 0.118677
77 12 -0.370974
78 12 0.112062
79 12 0.231110
80 12 0.189988
81 12 -0.219564
82 12 -0.267547
83 12 -0.328453
84 12 -0.282579
85 12 0.550793
86 12 -0.031123
87 12 0.144327
88 12 0.529871
89 12 -0.324536
90 12 0.463049
91 12 -0.019209
92 12 -0.205365
93 12 0.250933
94 12 -0.651233
95 12 -0.030763
96 12 -0.041205
97 12 0.348868
98 12 0.867200
99 12 -0.274430
100 12 0.500292
101 12 -0.385428
102 12 0.075030
103 12 0.173501
104 12 0.257167
105 12 -0.593852
106 12 0.202174
107 12 -0.140014
108 12 -0.397509
109 12 0.116582
110 12 0.373784
111 12 -0.125771
112 12 -0.147970
113 12 -0.131698
114 12 -0.519123
115 12 -0.064273
116 12 -0.396282
117 12 -0.427042
118 12 0.034092
119 12 0.380087
120 12 0.063781
121 12 -0.562572
122 12 -0.099844
123 12 0.728878
124 12 0.138278
125 12 0.244051
126 12 0.025283
127 12 0.612555

0 13 0.046357
1 13 -0.581284
2 13 -0.317752
3 13 0.225838
4 13 0.367154
5 13 0.702071
6 13 -0.042916
7 13 -0.407456
8 13 -0.052843
9 13 0.076287
10 13 0.394383
11 13 -0.657267
12 13 0.162607
13 13 0.700527
14 13 -0.244650
15 13 -0.356087
16 13 0.615902
17 13 0.080427
18 13 -0.408479
19 13 0.304816
20 13 0.380014
21 13 -0.210652
22 13 -0.777739
23 13 0.239775
24 13 0.036406
25 13 0.094413
26 13 0.061403
27 13 0.045403
28 13 0.154411
29 13 -0.142992
30 13 -0.082102
31 13 -0.739525
32 13 -0.106236
33 13 -0.261306
34 13 -0.210014
35 13 0.329085
36 13 0.198872
37 13 -0.264687
38 13 -0.202223
39 13 -0.098942
40 13 -0.312460
41 13 0.296163
42 13 -0.210830
43 13 0.046771
44 13 -0.027026
45 13 -0.108808
46 13 -0.479942
47 13 -0.352267
48 13 -0.119931
49 13 0.089400
50 13 0.002441
51 13 -0.060530
52 13 -0.412386
53 13 -0.723893
54 13 -0.146626
55 13 -0.065171
56 13 -0.079328
57 13 0.224143
58 13 -0.014627
59 13 0.278293
60 13 0.263512
61 13 0.290222
62 13 -0.032797
63 13 0.347113
64 13 0.049959
65 13 -0.368510
66 13 0.530474
67 13 0.255363
68 13 0.320102
69 13 0.414905
70 13 -0.281282
71 13 -0.227907
72 13 -0.067564
73 13 -0.278196
74 13 0.236088
75 13 0.047693
76 13 0.160234
77 13 -0.215413
78 13 -0.014154
79 13 0.318294
80 13 0.065879
81 13 -0.217592
82 13 -0.275742
83 13 -0.415960
84 13 -0.220114
85 13 0.526098
86 13 -0.175351
87 13 0.276459
88 13 0.418079
89 13 -0.473522
90 13 0.392237
91 13 -0.060129
92 13 -0.325326
93 13 0.144463
94 13 -0.658841
95 13 0.002429
96 13 0.048442
97 13 0.388032
98 13 0.883574
99 13 -0.257047
100 13 0.391577
101 13 -0.443843
102 13 0.039491
103 13 0.161427
104 13 0.105575
105 13 -0.579670
106 13 0.370873
107 13 -0.264251
108 13 -0.364968
109 13 0.197442
110 13 0.227417
111 13 -0.201944
112 13 -0.304917
113 13 0.020786
114 13 -0.591740
115 13 -0.082990
116 13 -0.444644
117 13 -0.416948
118 13 -0.001873
119 13 0.428236
120 13 -0.088037
121 13 -0.532480
122 13 -0.029727
123 13 0.665026
124 13 0.074251
125 13 0.066545
126 13 -0.070915
127 13 0.438946

0 14 -0.068835
1 14 -0.221900
2 14 -0.155290
3 14 -0.033718
4 14 0.267327
5 14 0.126527
6 14 0.084780
7 14 -0.075546
8 14 0.205251
9 14 0.228023
10 14 0.171602
11 14 -0.144342
12 14 -0.026256
13 14 0.276763
14 14 -0.057789
15 14 -0.309134
16 14 0.470824
17 14 0.043602
18 14 -0.142812
19 14 -0.080988
20 14 0.121308
21 14 -0.154603
22 14 -0.314271
23 14 0.196008
24 14 0.021485
25 14 -0.128844
26 14 0.160485
27 14 0.058692
28 14 0.157887
29 14 -0.027542
30 14 0.171584
31 14 -0.123042
32 14 -0.102474
33 14 0.020897
34 14 -0.336011
35 14 0.138750
36 14 0.407760
37 14 0.014026
38 14 -0.024206
39 14 -0.088407
40 14 -0.375146
41 14 -0.042333
42 14 -0.397378
43 14 -0.106277
44 14 -0.004943
45 14 -0.049229
46 14 0.108037
47 14 -0.126698
48 14 -0.086545
49 14 -0.016737
50 14 -0.152692
51 14 -0.204444
52 14 0.062026
53 14 -0.374227
54 14 -0.247521
55 14 0.087701
56 14 0.226391
57 14 -0.178734
58 14 0.035951
59 14 0.236295
60 14 -0.230711
61 14 0.312096
62 14 -0.156151
63 14 -0.164926
64 14 0.010205
65 14 0.188420
66 14 -0.156252
67 14 0.189169
68 14 0.309562
69 14 0.203189
70 14 -0.015394
71 14 -0.116019
72 14 0.040899
73 14 -0.109727
74 14 0.452456
75 14 -0.059716
76 14 0.099072
77 14 -0.295856
78 14 -0.125853
79 14 0.004840
80 14 -0.039101
81 14 -0.147970
82 14 -0.009326
83 14 -0.180008
84 14 -0.061558
85 14 0.496004
86 14 -0.162406
87 14 0.306722
88 14 0.178801
89 14 -0.262047
90 14 0.167563
91 14 -0.142021
92 14 -0.067646
93 14 -0.007619
94 14 -0.148068
95 14 -0.109818
96 14 0.256917
97 14 0.380898
98 14 0.205688
99 14 -0.275005
100 14 0.004020
101 14 -0.367423
102 14 0.135765
103 14 -0.260946
104 14 0.084949
105 14 -0.212661
106 14 -0.190228
107 14 0.144535
108 14 -0.169919
109 14 0.273831
110 14 -0.023829
111 14 -0.018584
112 14 -0.024600
113 14 -0.060034
114 14 -0.113059
115 14 -0.133612
116 14 -0.255189
117 14 -0.035734
118 14 0.069014
119 14 0.086490
120 14 -0.241303
121 14 -0.458916
122 14 -0.085850
123 14 0.353045
124 14 -0.087718
125 14 -0.159295
126 14 0.096184
127 14 0.397099

0 15 0.027591
1 15 -0.310824
2 15 -0.143614
3 15 -0.053525
4 15 0.324155
5 15 0.218336
6 15 0.162675
7 15 -0.156444
8 15 0.187293
9 15 0.251162
10 15 0.285947
11 15 -0.040948
12 15 -0.039962
13 15 0.388333
14 15 -0.170697
15 15 -0.412133
16 15 0.423004
17 15 0.078720
18 15 -0.092780
19 15 0.002046
20 15 0.073512
21 15 -0.294555
22 15 -0.323147
23 15 0.172414
24 15 0.043456
25 15 -0.073050
26 15 0.160120
27 15 0.034743
28 15 0.125490
29 15 -0.099364
30 15 0.198557
31 15 -0.182151
32 15 -0.118001
33 15 0.078714
34 15 -0.439500
35 15 0.254139
36 15 0.376735
37 15 -0.038946
38 15 0.029883
39 15 -0.119542
40 15 -0.369997
41 15 0.002183
42 15 -0.414585
43 15 -0.106197
44 15 0.048573
45 15 -0.104278
46 15 0.090144
47 15 -0.044504
48 15 -0.070986
49 15 0.035015
50 15 -0.232652
51 15 -0.222735
52 15 0.001912
53 15 -0.425455
54 15 -0.295514
55 15 0.031617
56 15 0.198852
57 15 -0.166437
58 15 0.047540
59 15 0.336752
60 15 -0.307314
61 15 0.446625
62 15 -0.232506
63 15 -0.105157
64 15 0.010739
65 15 0.234708
66 15 -0.139978
67 15 0.264954
68 15 0.385173
69 15 0.218357
70 15 -0.087675
71 15 -0.142603
72 15 -0.022651
73 15 -0.111717
74 15 0.560469
75 15 -0.033934
76 15 0.192182
77 15 -0.347364
78 15 -0.182288
79 15 -0.024899
80 15 -0.074391
81 15 -0.229167
82 15 -0.071290
83 15 -0.234513
84 15 -0.093024
85 15 0.616848
86 15 -0.248723
87 15 0.309944
88 15 0.121085
89 15 -0.223960
90 15 0.179579
91 15 -0.230403
92 15 -0.099025
93 15 -0.020420
94 15 -0.219321
95 15 -0.066437
96 15 0.271946
97 15 0.467892
98 15 0.304734
99 15 -0.343313
100 15 0.025910
101 15 -0.419462
102 15 0.232659
103 15 -0.300991
104 15 0.093331
105 15 -0.228315
106 15 -0.123529
107 15 0.061746
108 15 -0.272925
109 15 0.297973
110 15 -0.056220
111 15 -0.024434
112 15 -0.018227
113 15 -0.103630
114 15 -0.174607
115 15 -0.102543
116 15 -0.302772
117 15 -0.075702
118 15 0.103266
119 15 0.175907
120 15 -0.199798
121 15 -0.417839
122 15 -0.082731
123 15 0.411437
124 15 -0.139329
125 15 -0.110186
126 15 0.049381
127 15 0.439673

0 16 0.056540
1 16 -0.083954
2 16 0.179585
3 16 -0.117028
4 16 0.006286
5 16 -0.198875
6 16 0.132439
7 16 0.121370
8 16 -0.082017
9 16 0.293152
10 16 0.231063
11 16 0.330320
12 16 -0.147403
13 16 -0.019842
14 16 -0.084141
15 16 -0.438723
16 16 -0.228714
17 16 -0.091071
18 16 0.122795
19 16 -0.155652
20 16 -0.053851
21 16 -0.157856
22 16 0.053185
23 16 0.088874
24 16 0.102952
25 16 0.123167
26 16 -0.150197
27 16 -0.228841
28 16 -0.006850
29 16 -0.000424
30 16 -0.073134
31 16 0.130783
32 16 -0.015886
33 16 0.245081
34 16 -0.393567
35 16 0.317913
36 16 0.339700
37 16 0.320015
38 16 0.154672
39 16 -0.231617
40 16 -0.006337
41 16 -0.167105
42 16 -0.186250
43 16 -0.309922
44 16 -0.032572
45 16 0.041375
46 16 -0.097149
47 16 0.179019
48 16 0.227111
49 16 -0.023497
50 16 -0.144996
51 16 -0.198936
52 16 -0.128700
53 16 -0.107681
54 16 -0.086649
55 16 -0.150399
56 16 0.008437
57 16 -0.222236
58 16 -0.143150
59 16 0.026430
60 16 -0.399976
61 16 0.189916
62 16 -0.104261
63 16 -0.258702
64 16 0.055159
65 16 0.142700
66 16 -0.205066
67 16 0.042937
68 16 0.104160
69 16 -0.042560
70 16 -0.092974
71 16 -0.215814
72 16 -0.231734
73 16 0.140895
74 16 0.180989
75 16 0.060240
76 16 -0.010294
77 16 -0.274928
78 16 -0.013072
79 16 -0.366520
80 16 -0.166757
81 16 -0.216545
82 16 0.249709
83 16 -0.119992
84 16 0.273420
85 16 0.107578
86 16 -0.218964
87 16 0.082264
88 16 -0.052852
89 16 0.212149
90 16 -0.026088
91 16 -0.103421
92 16 -0.134239
93 16 0.029944
94 16 0.013228
95 16 0.142105
96 16 -0.151240
97 16 0.313884
98 16 0.145897
99 16 -0.144029
100 16 -0.104482
101 16 -0.116294
102 16 0.363151
103 16 -0.261382
104 16 -0.034452
105 16 -0.055860
106 16 0.101500
107 16 0.206724
108 16 -0.288635
109 16 0.166745
110 16 -0.254858
111 16 0.192576
112 16 0.075605
113 16 0.108340
114 16 -0.113093
115 16 -0.073503
116 16 -0.118620
117 16 0.046292
118 16 -0.087442
119 16 -0.037173
120 16 -0.241370
121 16 0.143953
122 16 -0.058365
123 16 0.016473
124 16 -0.306631
125 16 -0.154742
126 16 0.111234
127 16 0.097419

0 17 0.191082
1 17 -0.094087
2 17 0.114077
3 17 -0.242453
4 17 0.076775
5 17 -0.212050
6 17 0.242262
7 17 0.052141
8 17 -0.177209
9 17 0.319867
10 17 0.298874
11 17 0.379461
12 17 -0.144371
13 17 0.044232
14 17 -0.193792
15 17 -0.382030
16 17 -0.273673
17 17 -0.034996
18 17 0.163007
19 17 0.019903
20 17 -0.132147
21 17 -0.235436
22 17 0.119989
23 17 0.113971
24 17 0.242000
25 17 0.269705
26 17 -0.281081
27 17 -0.266866
28 17 -0.039903
29 17 -0.126874
30 17 -0.150210
31 17 0.093323
32 17 0.035020
33 17 0.310115
34 17 -0.501693
35 17 0.293037
36 17 0.234952
37 17 0.214174
38 17 0.212174
39 17 -0.248380
40 17 -0.005522
41 17 -0.096677
42 17 -0.180330
43 17 -0.263938
44 17 -0.062997
45 17 -0.011786
46 17 -0.152636
47 17 0.302457
48 17 0.315421
49 17 -0.005614
50 17 -0.116246
51 17 -0.264688
52 17 -0.151280
53 17 -0.152720
54 17 -0.260865
55 17 -0.177917
56 17 0.087095
57 17 -0.205142
58 17 -0.208354
59 17 -0.018979
60 17 -0.384123
61 17 0.190652
62 17 -0.065251
63 17 -0.212603
64 17 0.061602
65 17 0.186801
66 17 -0.111545
67 17 0.106016
68 17 0.101490
69 17 -0.247572
70 17 -0.033608
71 17 -0.235664
72 17 -0.326899
73 17 0.144532
74 17 0.089826
75 17 0.087448
76 17 0.056435
77 17 -0.337701
78 17 0.001475
79 17 -0.355088
80 17 -0.204704
81 17 -0.212610
82 17 0.149243
83 17 -0.220006
84 17 0.183568
85 17 0.190042
86 17 -0.311586
87 17 0.102281
88 17 -0.128464
89 17 0.391274
90 17 -0.080626
91 17 -0.096092
92 17 -0.043348
93 17 -0.016672
94 17 -0.081780
95 17 0.221131
96 17 -0.264553
97 17 0.276599
98 17 0.138473
99 17 -0.119681
100 17 -0.196387
101 17 -0.163500
102 17 0.494751
103 17 -0.266913
104 17 0.076837
105 17 0.005060
106 17 0.239465
107 17 0.120676
108 17 -0.397807
109 17 0.164660
110 17 -0.283389
111 17 0.268864
112 17 0.018814
113 17 0.097373
114 17 -0.215281
115 17 -0.003141
116 17 -0.099938
117 17 0.014296
118 17 -0.074642
119 17 0.143640
120 17 -0.148619
121 17 0.234473
122 17 0.002942
123 17 0.046630
124 17 -0.275257
125 17 -0.069481
126 17 0.099807
127 17 0.111322

0 18 0.275786
1 18 0.048255
2 18 -0.185358
3 18 -0.227242
4 18 0.174311
5 18 -0.046822
6 18 0.284616
7 18 -0.102204
8 18 -0.200902
9 18 0.320249
10 18 0.273027
11 18 0.076628
12 18 0.015141
13 18 0.216776
14 18 -0.160543
15 18 -0.126785
16 18 0.097467
17 18 0.068296
18 18 0.098047
19 18 0.270114
20 18 -0.117199
21 18 -0.482060
22 18 -0.037322
23 18 0.236526
24 18 0.263443
25 18 0.336630
26 18 -0.247826
27 18 0.029422
28 18 -0.056643
29 18 -0.271016
30 18 -0.136367
31 18 0.041520
32 18 0.220962
33 18 0.254340
34 18 -0.478131
35 18 0.097322
36 18 0.123632
37 18 0.051522
38 18 0.045967
39 18 -0.243127
40 18 -0.181969
41 18 0.097132
42 18 -0.311962
43 18 -0.213528
44 18 0.016177
45 18 0.074961
46 18 -0.066720
47 18 0.300192
48 18 0.292765
49 18 -0.188286
50 18 -0.064092
51 18 -0.399456
52 18 -0.025181
53 18 -0.463586
54 18 -0.586025
55 18 -0.121472
56 18 0.340413
57 18 -0.090802
58 18 -0.085846
59 18 0.057484
60 18 -0.246643
61 18 0.374843
62 18 0.117141
63 18 -0.213149
64 18 0.109544
65 18 0.241374
66 18 0.004087
67 18 -0.013012
68 18 0.121148
69 18 -0.273901
70 18 0.116246
71 18 -0.202598
72 18 -0.307398
73 18 -0.146590
74 18 0.118080
75 18 -0.006899
76 18 0.143992
77 18 -0.308179
78 18 0.064884
79 18 -0.151834
80 18 -0.096663
81 18 -0.161125
82 18 0.145399
83 18 -0.301363
84 18 0.029693
85 18 0.287799
86 18 -0.381610
87 18 0.230961
88 18 -0.066408
89 18 0.218885
90 18 -0.082285
91 18 -0.003832
92 18 0.225339
93 18 -0.084723
94 18 -0.199134
95 18 0.210471
96 18 -0.248471
97 18 0.076265
98 18 0.107349
99 18 -0.143497
100 18 -0.063570
101 18 -0.265121
102 18 0.468968
103 18 -0.304978
104 18 0.059019
105 18 -0.155960
106 18 0.106565
107 18 -0.002575
108 18 -0.511083
109 18 0.138229
110 18 -0.077163
111 18 0.248552
112 18 0.106467
113 18 0.006935
114 18 -0.271337
115 18 -0.012095
116 18 -0.250488
117 18 -0.079864
118 18 0.119658
119 18 0.369546
120 18 -0.105300
121 18 0.087576
122 18 -0.000987
123 18 0.140808
124 18 -0.116107
125 18 0.017424
126 18 0.023647
127 18 0.339976

0 19 0.241296
1 19 0.041463
2 19 -0.122362
3 19 -0.247936
4 19 0.131323
5 19 0.075610
6 19 0.306391
7 19 -0.073852
8 19 -0.183205
9 19 0.126150
10 19 0.245935
11 19 0.136296
12 19 -0.005146
13 19 0.230746
14 19 -0.079613
15 19 -0.039004
16 19 0.044815
17 19 0.118317
18 19 0.093560
19 19 0.193918
20 19 -0.169094
21 19 -0.367316
22 19 -0.037991
23 19 0.096317
24 19 0.203681
25 19 0.341877
26 19 -0.183467
27 19 -0.009417
28 19 0.068859
29 19 -0.187695
30 19 -0.135694
31 19 -0.013420
32 19 0.065710
33 19 0.144972
34 19 -0.412485
35 19 0.048775
36 19 0.079149
37 19 -0.084037
38 19 0.011710
39 19 -0.070256
40 19 -0.077172
41 19 0.276139
42 19 -0.074672
43 19 -0.250483
44 19 0.095234
45 19 0.088563
46 19 -0.015002
47 19 0.289999
48 19 0.290652
49 19 -0.166479
50 19 -0.109405
51 19 -0.305415
52 19 0.005185
53 19 -0.344988
54 19 -0.591958
55 19 -0.156122
56 19 0.298980
57 19 -0.106815
58 19 -0.059483
59 19 0.001824
60 19 -0.119459
61 19 0.246969
62 19 0.037855
63 19 -0.040079
64 19 0.169619
65 19 0.124815
66 19 0.031645
67 19 0.089688
68 19 0.167065
69 19 -0.270562
70 19 0.241303
71 19 -0.251470
72 19 -0.305427
73 19 -0.049155
74 19 0.082290
75 19 -0.012649
76 19 0.231579
77 19 -0.253510
78 19 0.069241
79 19 -0.085030
80 19 -0.114233
81 19 -0.053700
82 19 -0.146892
83 19 -0.152783
84 19 -0.067708
85 19 0.272553
86 19 -0.388958
87 19 0.242354
88 19 -0.173192
89 19 0.285939
90 19 -0.150492
91 19 0.028672
92 19 0.209209
93 19 -0.219087
94 19 -0.252873
95 19 0.162588
96 19 -0.167406
97 19 -0.090859
98 19 0.069651
99 19 -0.107074
100 19 -0.188139
101 19 -0.279689
102 19 0.431538
103 19 -0.141697
104 19 0.134256
105 19 -0.128664
106 19 0.259473
107 19 0.033794
108 19 -0.373810
109 19 0.094778
110 19 -0.151617
111 19 0.092573
112 19 0.033051
113 19 -0.093830
114 19 -0.295844
115 19 0.093851
116 19 -0.111869
117 19 -0.070043
118 19 0.151737
119 19 0.399239
120 19 0.000778
121 19 0.167729
122 19 0.021165
123 19 0.069549
124 19 -0.078574
125 19 0.116599
126 19 -0.114882
127 19 0.181665

0 20 0.194150
1 20 -0.235148
2 20 0.152321
3 20 -0.174522
4 20 0.040893
5 20 -0.103828
6 20 0.194002
7 20 -0.018632
8 20 -0.295193
9 20 0.353792
10 20 0.359001
11 20 0.392511
12 20 -0.163861
13 20 0.016323
14 20 -0.197802
15 20 -0.466077
16 20 -0.378175
17 20 -0.039446
18 20 0.157972
19 20 -0.070847
20 20 -0.020107
21 20 -0.270057
22 20 0.141618
23 20 0.191593
24 20 0.161112
25 20 0.188465
26 20 -0.161813
27 20 -0.331878
28 20 0.026573
29 20 -0.168699
30 20 -0.045994
31 20 0.099641
32 20 -0.040555
33 20 0.348642
34 20 -0.464536
35 20 0.306881
36 20 0.285527
37 20 0.286703
38 20 0.198851
39 20 -0.265892
40 20 0.022244
41 20 -0.198083
42 20 -0.267824
43 20 -0.207877
44 20 -0.141898
45 20 0.055142
46 20 -0.200792
47 20 0.258590
48 20 0.256370
49 20 -0.038973
50 20 -0.252063
51 20 -0.235646
52 20 -0.238105
53 20 -0.148808
54 20 -0.120022
55 20 -0.127013
56 20 0.000366
57 20 -0.210584
58 20 -0.176966
59 20 0.143623
60 20 -0.512353
61 20 0.204701
62 20 -0.103147
63 20 -0.206791
64 20 0.009389
65 20 0.166810
66 20 -0.188970
67 20 0.166347
68 20 0.229608
69 20 -0.108295
70 20 -0.069542
71 20 -0.169489
72 20 -0.387721
73 20 0.202482
74 20 0.128841
75 20 -0.016575
76 20 0.039934
77 20 -0.305741
78 20 -0.047073
79 20 -0.345345
80 20 -0.238716
81 20 -0.227626
82 20 0.133327
83 20 -0.221156
84 20 0.333180
85 20 0.178706
86 20 -0.333635
87 20 0.154638
88 20 -0.091351
89 20 0.295424
90 20 -0.135127
91 20 -0.246240
92 20 -0.111326
93 20 -0.091912
94 20 0.032139
95 20 0.154103
96 20 -0.222557
97 20 0.386978
98 20 0.313458
99 20 -0.170833
100 20 -0.024754
101 20 -0.117782
102 20 0.492863
103 20 -0.230084
104 20 -0.022051
105 20 -0.127089
106 20 0.183549
107 20 0.072368
108 20 -0.314292
109 20 0.136832
110 20 -0.268450
111 20 0.231231
112 20 0.026706
113 20 0.131078
114 20 -0.112135
115 20 -0.057707
116 20 -0.162271
117 20 0.042290
118 20 -0.029432
119 20 0.199889
120 20 -0.100363
121 20 0.283672
122 20 -0.054036
123 20 0.050491
124 20 -0.325522
125 20 -0.093688
126 20 0.170053
127 20 0.132818

0 21 0.271306
1 21 -0.217281
2 21 0.080200
3 21 -0.161309
4 21 -0.028097
5 21 -0.234704
6 21 0.070009
7 21 0.052964
8 21 -0.465189
9 21 0.401023
10 21 0.402170
11 21 0.308343
12 21 -0.174120
13 21 0.047902
14 21 -0.054806
15 21 -0.560476
16 21 -0.405544
17 21 0.044092
18 21 0.060528
19 21 -0.054197
20 21 0.133826
21 21 -0.243686
22 21 0.135603
23 21 0.320851
24 21 0.291085
25 21 0.165242
26 21 -0.059090
27 21 -0.244455
28 21 -0.019324
29 21 -0.106719
30 21 -0.156500
31 21 -0.008465
32 21 -0.123542
33 21 0.255156
34 21 -0.327475
35 21 0.304794
36 21 0.212438
37 21 0.169506
38 21 0.214760
39 21 -0.157211
40 21 -0.119472
41 21 -0.250319
42 21 -0.284369
43 21 -0.263114
44 21 -0.177593
45 21 0.051020
46 21 -0.292809
47 21 0.204317
48 21 0.231515
49 21 0.003515
50 21 -0.110956
51 21 -0.236395
52 21 -0.187809
53 21 -0.168728
54 21 -0.265382
55 21 -0.133985
56 21 0.039291
57 21 -0.275119
58 21 -0.146523
59 21 -0.005440
60 21 -0.411603
61 21 0.074686
62 21 0.091423
63 21 -0.289271
64 21 -0.041422
65 21 0.193351
66 21 -0.157806
67 21 0.160295
68 21 0.179430
69 21 -0.153987
70 21 -0.043853
71 21 -0.173057
72 21 -0.375795
73 21 0.120265
74 21 -0.059548
75 21 -0.092348
76 21 0.082989
77 21 -0.277068
78 21 -0.063289
79 21 -0.151485
80 21 -0.191276
81 21 -0.183793
82 21 0.119071
83 21 -0.366036
84 21 0.309296
85 21 0.127889
86 21 -0.319096
87 21 0.202311
88 21 0.043094
89 21 0.397526
90 21 -0.142305
91 21 -0.187321
92 21 -0.026190
93 21 0.040594
94 21 0.163678
95 21 0.225815
96 21 -0.261966
97 21 0.456050
98 21 0.196588
99 21 -0.113732
100 21 -0.110514
101 21 -0.009398
102 21 0.506326
103 21 -0.248505
104 21 0.004705
105 21 -0.114010
106 21 0.292213
107 21 0.107716
108 21 -0.280210
109 21 0.215120
110 21 -0.399554
111 21 0.361860
112 21 -0.069817
113 21 0.153395
114 21 -0.208688
115 21 0.025147
116 21 -0.281873
117 21 0.053560
118 21 0.094085
119 21 0.157937
120 21 -0.019911
121 21 0.262659
122 21 -0.164748
123 21 -0.041103
124 21 -0.365733
125 21 -0.175221
126 21 0.282585
127 21 0.058612

0 22 0.012346
1 22 -0.024559
2 22 -0.014197
3 22 -0.085960
4 22 -0.003817
5 22 -0.153714
6 22 0.053403
7 22 0.123916
8 22 0.071261
9 22 0.168821
10 22 0.182130
11 22 0.180688
12 22 -0.079124
13 22 -0.014903
14 22 0.027964
15 22 -0.255925
16 22 -0.069710
17 22 -0.053457
18 22 0.048734
19 22 -0.159930
20 22 -0.030643
21 22 -0.106930
22 22 -0.035711
23 22 0.083131
24 22 0.010434
25 22 0.036165
26 22 -0.069044
27 22 -0.101422
28 22 0.033623
29 22 0.042782
30 22 0.004225
31 22 0.121359
32 22 -0.049123
33 22 0.149118
34 22 -0.310451
35 22 0.117267
36 22 0.328820
37 22 0.183356
38 22 0.026146
39 22 -0.127806
40 22 -0.026971
41 22 -0.010127
42 22 -0.148365
43 22 -0.237083
44 22 0.016889
45 22 0.112084
46 22 0.018313
47 22 0.107070
48 22 0.117363
49 22 -0.108598
50 22 -0.090382
51 22 -0.171508
52 22 0.026536
53 22 -0.067123
54 22 -0.119510
55 22 -0.042019
56 22 0.052882
57 22 -0.195013
58 22 -0.088756
59 22 -0.017463
60 22 -0.321402
61 22 0.114153
62 22 -0.090595
63 22 -0.195180
64 22 0.056983
65 22 0.138483
66 22 -0.181666
67 22 0.017990
68 22 0.143793
69 22 -0.018426
70 22 0.039517
71 22 -0.211705
72 22 -0.156361
73 22 0.073045
74 22 0.137219
75 22 0.005283
76 22 0.033353
77 22 -0.208309
78 22 -0.014992
79 22 -0.267577
80 22 -0.114536
81 22 -0.124385
82 22 0.138368
83 22 -0.033126
84 22 0.121359
85 22 0.100444
86 22 -0.177381
87 22 0.130002
88 22 -0.046981
89 22 0.062988
90 22 -0.078619
91 22 -0.034338
92 22 -0.107819
93 22 -0.034548
94 22 -0.006837
95 22 0.040625
96 22 -0.035612
97 22 0.201028
98 22 0.040912
99 22 -0.124457
100 22 -0.100477
101 22 -0.126561
102 22 0.258923
103 22 -0.207055
104 22 0.031788
105 22 -0.097482
106 22 0.044862
107 22 0.268228
108 22 -0.143056
109 22 0.132508
110 22 -0.194508
111 22 0.084065
112 22 0.031327
113 22 0.096092
114 22 -0.045072
115 22 -0.068279
116 22 -0.028389
117 22 0.052672
118 22 -0.046182
119 22 -0.053523
120 22 -0.223006
121 22 0.022602
122 22 -0.097897
123 22 0.006037
124 22 -0.190812
125 22 -0.142972
126 22 0.075651
127 22 0.088861

0 23 0.082183
1 23 -0.076612
2 23 -0.000298
3 23 -0.174488
4 23 0.069402
5 23 -0.132838
6 23 0.167985
7 23 0.032451
8 23 -0.030638
9 23 0.255694
10 23 0.237394
11 23 0.219271
12 23 -0.124700
13 23 0.017812
14 23 -0.127654
15 23 -0.276049
16 23 -0.055002
17 23 -0.017941
18 23 0.058112
19 23 -0.034135
20 23 -0.050848
21 23 -0.147149
22 23 0.014263
23 23 0.108570
24 23 0.107783
25 23 0.139614
26 23 -0.138799
27 23 -0.145739
28 23 -0.010754
29 23 -0.063648
30 23 -0.050416
31 23 0.111830
32 23 -0.015869
33 23 0.202010
34 23 -0.391530
35 23 0.135121
36 23 0.241078
37 23 0.136177
38 23 0.103337
39 23 -0.192926
40 23 -0.028046
41 23 0.001300
42 23 -0.146490
43 23 -0.233120
44 23 -0.023934
45 23 0.074333
46 23 -0.027244
47 23 0.173610
48 23 0.227781
49 23 -0.093070
50 23 -0.106807
51 23 -0.212306
52 23 -0.026043
53 23 -0.161112
54 23 -0.197863
55 23 -0.070595
56 23 0.138419
57 23 -0.185657
58 23 -0.140063
59 23 0.020806
60 23 -0.361381
61 23 0.173895
62 23 -0.107368
63 23 -0.198267
64 23 0.056302
65 23 0.144645
66 23 -0.150097
67 23 0.107856
68 23 0.112557
69 23 -0.105288
70 23 0.030535
71 23 -0.271148
72 23 -0.238737
73 23 0.091163
74 23 0.149082
75 23 0.022261
76 23 0.090474
77 23 -0.259441
78 23 -0.054531
79 23 -0.281687
80 23 -0.157054
81 23 -0.173955
82 23 0.129863
83 23 -0.119402
84 23 0.069343
85 23 0.174955
86 23 -0.270198
87 23 0.157303
88 23 -0.042784
89 23 0.151334
90 23 -0.096849
91 23 -0.085008
92 23 -0.037973
93 23 -0.068874
94 23 -0.069734
95 23 0.122981
96 23 -0.115430
97 23 0.197704
98 23 0.138033
99 23 -0.147124
100 23 -0.112155
101 23 -0.178869
102 23 0.339350
103 23 -0.175681
104 23 0.075433
105 23 -0.084083
106 23 0.131113
107 23 0.161398
108 23 -0.230155
109 23 0.151743
110 23 -0.174492
111 23 0.187659
112 23 0.032388
113 23 0.091230
114 23 -0.128559
115 23 -0.072857
116 23 -0.093008
117 23 0.037470
118 23 -0.102192
119 23 0.066165
120 23 -0.211471
121 23 0.109564
122 23 -0.075607
123 23 0.089864
124 23 -0.180441
125 23 -0.041030
126 23 0.083567
127 23 0.129747

0 24 -0.237637
1 24 -0.538988
2 24 -0.897140
3 24 0.338450
4 24 -0.087819
5 24 0.443986
6 24 -0.217866
7 24 -0.726214
8 24 0.134597
9 24 0.319316
10 24 0.221796
11 24 -1.197568
12 24 0.275349
13 24 0.510626
14 24 0.164568
15 24 0.157433
16 24 0.594537
17 24 -0.072299
18 24 -0.710146
19 24 0.653625
20 24 0.469601
21 24 0.075356
22 24 -0.908709
23 24 0.495274
24 24 0.005084
25 24 -0.378044
26 24 0.047344
27 24 0.540900
28 24 0.228970
29 24 -0.182984
30 24 0.119165
31 24 -0.689236
32 24 -0.224876
33 24 -0.259327
34 24 0.088351
35 24 -0.057866
36 24 0.262411
37 24 -0.050120
38 24 -0.841512
39 24 -0.028028
40 24 -0.554091
41 24 0.213060
42 24 -0.479771
43 24 0.180212
44 24 -0.388952
45 24 0.203770
46 24 -0.396147
47 24 -0.735651
48 24 -0.237077
49 24 0.035299
50 24 0.384748
51 24 0.171251
52 24 -0.304204
53 24 -0.973413
54 24 0.231716
55 24 0.214492
56 24 0.303954
57 24 0.563717
58 24 0.083122
59 24 0.300169
60 24 0.780263
61 24 0.002497
62 24 0.239693
63 24 0.364111
64 24 0.049875
65 24 -0.379331
66 24 0.832442
67 24 -0.173389
68 24 -0.027578
69 24 -0.003283
70 24 0.105099
71 24 0.194239
72 24 0.188044
73 24 -0.488242
74 24 -0.409469
75 24 -0.107053
76 24 -0.105685
77 24 -0.019922
78 24 0.539603
79 24 0.609287
80 24 0.416884
81 24 -0.237518
82 24 -0.006826
83 24 -0.293608
84 24 -0.191113
85 24 0.287542
86 24 0.227248
87 24 0.155287
88 24 0.609625
89 24 -0.473590
90 24 0.786241
91 24 0.218945
92 24 -0.132435
93 24 0.145099
94 24 -0.477245
95 24 -0.395043
96 24 -0.240566
97 24 0.511234
98 24 0.582192
99 24 -0.338638
100 24 0.803155
101 24 0.047738
102 24 -0.233709
103 24 0.073597
104 24 0.329323
105 24 -0.800072
106 24 -0.117086
107 24 -0.018382
108 24 -0.395394
109 24 0.244487
110 24 0.400132
111 24 -0.086158
112 24 -0.081079
113 24 0.070486
114 24 -0.351352
115 24 -0.690772
116 24 -0.359415
117 24 -0.314045
118 24 -0.068640
119 24 -0.012054
120 24 0.305202
121 24 -0.721655
122 24 -0.191941
123 24 0.496544
124 24 0.250702
125 24 0.049157
126 24 0.168236
127 24 0.556042

0 25 -0.188112
1 25 -0.534858
2 25 -0.575056
3 25 0.514037
4 25 0.015618
5 25 0.682016
6 25 -0.227345
7 25 -0.506330
8 25 -0.118333
9 25 0.025493
10 25 0.259668
11 25 -1.157158
12 25 0.293810
13 25 0.572454
14 25 0.146205
15 25 0.121656
16 25 0.500014
17 25 0.090247
18 25 -0.735970
19 25 0.525542
20 25 0.570553
21 25 0.010410
22 25 -0.962584
23 25 0.358970
24 25 -0.069096
25 25 -0.220004
26 25 -0.003823
27 25 0.370537
28 25 0.223966
29 25 0.060288
30 25 -0.015575
31 25 -0.809863
32 25 -0.194197
33 25 -0.462324
34 25 0.197776
35 25 0.149616
36 25 0.110895
37 25 -0.140186
38 25 -0.582943
39 25 -0.041377
40 25 -0.450616
41 25 0.388328
42 25 -0.191335
43 25 0.059324
44 25 -0.311005
45 25 0.067637
46 25 -0.513081
47 25 -0.616013
48 25 -0.269839
49 25 0.070494
50 25 0.404695
51 25 0.152413
52 25 -0.368590
53 25 -0.848972
54 25 0.173825
55 25 -0.100823
56 25 -0.044077
57 25 0.661109
58 25 0.099767
59 25 0.269226
60 25 0.919189
61 25 0.045063
62 25 0.252116
63 25 0.510173
64 25 0.095462
65 25 -0.672850
66 25 0.865824
67 25 -0.227605
68 25 0.050549
69 25 0.162562
70 25 -0.151880
71 25 0.013002
72 25 -0.046515
73 25 -0.417188
74 25 -0.351500
75 25 0.104623
76 25 -0.016214
77 25 0.144341
78 25 0.377625
79 25 0.755581
80 25 0.259898
81 25 -0.188518
82 25 -0.168722
83 25 -0.279115
84 25 -0.289628
85 25 0.203330
86 25 0.028104
87 25 0.088428
88 25 0.405811
89 25 -0.560481
90 25 0.708444
91 25 0.355222
92 25 -0.340867
93 25 0.109085
94 25 -0.597811
95 25 -0.236649
96 25 -0.133176
97 25 0.316815
98 25 0.725532
99 25 -0.196414
100 25 0.755244
101 25 0.019856
102 25 -0.231381
103 25 0.184391
104 25 0.120535
105 25 -0.772665
106 25 0.336515
107 25 -0.264193
108 25 -0.294651
109 25 0.156171
110 25 0.211869
111 25 -0.208419
112 25 -0.234607
113 25 0.220447
114 25 -0.671620
115 25 -0.549473
116 25 -0.445540
117 25 -0.490408
118 25 -0.094831
119 25 0.083687
120 25 0.259111
121 25 -0.538175
122 25 -0.207573
123 25 0.378647
124 25 0.274684
125 25 0.145898
126 25 -0.058786
127 25 0.367894

0 26 -0.304672
1 26 -0.325554
2 26 -0.332236
3 26 0.241732
4 26 0.110507
5 26 -0.014648
6 26 0.048321
7 26 -0.299050
8 26 -0.009462
9 26 0.295715
10 26 -0.026186
11 26 -0.456649
12 26 -0.030309
13 26 0.316415
14 26 0.068860
15 26 0.036148
16 26 0.364066
17 26 -0.164158
18 26 -0.240633
19 26 0.049581
20 26 0.028818
21 26 0.047965
22 26 -0.340107
23 26 0.554953
24 26 0.083247
25 26 -0.245747
26 26 -0.144452
27 26 0.139237
28 26 0.264760
29 26 -0.273066
30 26 0.197740
31 26 -0.184858
32 26 -0.018278
33 26 0.021176
34 26 -0.100793
35 26 0.001809
36 26 0.531807
37 26 0.240345
38 26 -0.190243
39 26 -0.247630
40 26 -0.544545
41 26 -0.261708
42 26 -0.334589
43 26 0.046261
44 26 -0.352265
45 26 0.099567
46 26 -0.116785
47 26 -0.161159
48 26 -0.204043
49 26 -0.089820
50 26 0.009427
51 26 -0.362142
52 26 -0.188427
53 26 -0.571188
54 26 -0.059159
55 26 0.326726
56 26 0.268957
57 26 -0.090101
58 26 -0.048550
59 26 0.371441
60 26 0.117853
61 26 0.197921
62 26 0.190659
63 26 -0.063634
64 26 -0.049122
65 26 -0.015085
66 26 0.103302
67 26 -0.165196
68 26 0.129263
69 26 0.030191
70 26 0.197935
71 26 -0.015775
72 26 -0.075145
73 26 -0.233023
74 26 0.063581
75 26 -0.065601
76 26 -0.256507
77 26 -0.157126
78 26 0.317138
79 26 0.190198
80 26 0.087402
81 26 -0.179181
82 26 0.373465
83 26 -0.287889
84 26 0.126800
85 26 0.303263
86 26 -0.110183
87 26 0.381975
88 26 0.232745
89 26 -0.176175
90 26 0.424270
91 26 0.104475
92 26 0.113484
93 26 -0.096521
94 26 -0.063777
95 26 -0.202185
96 26 -0.353067
97 26 0.452724
98 26 0.320251
99 26 -0.288951
100 26 0.400279
101 26 -0.110274
102 26 0.050681
103 26 -0.365492
104 26 0.018389
105 26 -0.690507
106 26 -0.320312
107 26 0.145595
108 26 -0.389992
109 26 0.159637
110 26 0.110355
111 26 0.274094
112 26 0.016470
113 26 0.017443
114 26 -0.183201
115 26 -0.496877
116 26 -0.393017
117 26 -0.073892
118 26 -0.185793
119 26 -0.125027
120 26 0.221058
121 26 -0.468302
122 26 -0.108351
123 26 0.501325
124 26 -0.219497
125 26 -0.203503
126 26 0.259267
127 26 0.380477

0 27 -0.235618
1 27 -0.294379
2 27 0.125969
3 27 0.418493
4 27 0.230871
5 27 0.173049
6 27 -0.033426
7 27 -0.083438
8 27 -0.139116
9 27 -0.072185
10 27 0.077709
11 27 -0.378736
12 27 0.005792
13 27 0.420162
14 27 0.290620
15 27 -0.159938
16 27 0.214880
17 27 0.130393
18 27 -0.179117
19 27 -0.268516
20 27 0.075818
21 27 -0.078004
22 27 -0.309376
23 27 0.266150
24 27 0.125611
25 27 -0.240448
26 27 -0.011077
27 27 0.060554
28 27 0.347032
29 27 -0.105151
30 27 0.178511
31 27 -0.244064
32 27 -0.016896
33 27 -0.154349
34 27 -0.091745
35 27 0.369433
36 27 0.468658
37 27 0.131450
38 27 -0.045397
39 27 0.059591
40 27 -0.549189
41 27 -0.112721
42 27 -0.211071
43 27 -0.154161
44 27 -0.095828
45 27 -0.055252
46 27 -0.091202
47 27 -0.177409
48 27 -0.313564
49 27 -0.064211
50 27 0.013699
51 27 -0.274002
52 27 -0.146733
53 27 -0.324226
54 27 -0.044834
55 27 -0.001778
56 27 0.045821
57 27 -0.008067
58 27 0.039862
59 27 0.432698
60 27 0.146960
61 27 0.397239
62 27 0.099838
63 27 -0.058223
64 27 0.041733
65 27 -0.063333
66 27 0.057004
67 27 -0.193712
68 27 0.295757
69 27 0.025887
70 27 0.109813
71 27 0.170401
72 27 0.042492
73 27 -0.202261
74 27 0.069124
75 27 0.058428
76 27 -0.236074
77 27 -0.050238
78 27 0.194718
79 27 0.299361
80 27 0.078566
81 27 -0.078468
82 27 0.235027
83 27 -0.216549
84 27 0.027226
85 27 0.440451
86 27 -0.041090
87 27 0.257888
88 27 -0.096146
89 27 -0.067096
90 27 0.584980
91 27 0.116799
92 27 -0.116000
93 27 -0.013621
94 27 0.038182
95 27 -0.060402
96 27 -0.120172
97 27 0.439262
98 27 0.206588
99 27 -0.367663
100 27 0.346583
101 27 -0.062430
102 27 0.136766
103 27 -0.640132
104 27 -0.178956
105 27 -0.384422
106 27 -0.066483
107 27 0.153947
108 27 -0.383799
109 27 0.243639
110 27 -0.269490
111 27 0.012525
112 27 0.036472
113 27 0.106172
114 27 -0.390375
115 27 -0.137056
116 27 -0.364637
117 27 -0.167148
118 27 0.001726
119 27 -0.156589
120 27 0.332180
121 27 -0.473993
122 27 -0.192540
123 27 0.238828
124 27 -0.273364
125 27 -0.211551
126 27 0.078346
127 27 0.263846

0 28 -0.236081
1 28 -0.324724
2 28 0.045811
3 28 0.308152
4 28 0.122760
5 28 -0.274133
6 28 0.148666
7 28 0.057576
8 28 -0.227418
9 28 0.524736
10 28 0.143627
11 28 -0.040885
12 28 -0.208893
13 28 -0.134959
14 28 -0.109238
15 28 -0.311004
16 28 -0.303193
17 28 -0.283858
18 28 -0.104040
19 28 -0.214727
20 28 -0.118389
21 28 -0.089034
22 28 0.075671
23 28 0.681105
24 28 0.030780
25 28 -0.076769
26 28 -0.212165
27 28 -0.166218
28 28 0.312172
29 28 -0.142178
30 28 0.235628
31 28 -0.012688
32 28 0.016432
33 28 0.264321
34 28 0.118021
35 28 0.219395
36 28 0.691364
37 28 0.633875
38 28 0.338933
39 28 -0.474060
40 28 -0.548336
41 28 -0.761156
42 28 -0.427054
43 28 -0.094043
44 28 -0.489375
45 28 0.143666
46 28 -0.213977
47 28 0.149251
48 28 -0.123213
49 28 0.118195
50 28 -0.166328
51 28 -0.524474
52 28 -0.350249
53 28 -0.092061
54 28 0.107912
55 28 -0.034407
56 28 0.162028
57 28 -0.370677
58 28 -0.188380
59 28 0.303029
60 28 -0.386857
61 28 0.322643
62 28 0.030922
63 28 -0.537853
64 28 0.012015
65 28 0.169985
66 28 -0.255536
67 28 -0.181302
68 28 0.180337
69 28 0.346544
70 28 -0.086036
71 28 -0.260493
72 28 -0.170803
73 28 0.170056
74 28 0.049990
75 28 0.007579
76 28 -0.370009
77 28 -0.232406
78 28 0.346160
79 28 -0.272448
80 28 0.082589
81 28 -0.263725
82 28 0.584753
83 28 -0.392591
84 28 0.619007
85 28 0.282205
86 28 -0.118181
87 28 0.513325
88 28 0.110031
89 28 0.143825
90 28 0.180392
91 28 -0.013039
92 28 -0.176273
93 28 0.128059
94 28 0.294751
95 28 -0.091694
96 28 -0.436130
97 28 0.922400
98 28 0.315123
99 28 -0.175715
100 28 0.304112
101 28 -0.327009
102 28 0.190030
103 28 -0.731868
104 28 -0.216465
105 28 -0.332186
106 28 -0.285011
107 28 0.258981
108 28 -0.278075
109 28 0.234893
110 28 -0.373020
111 28 0.348197
112 28 0.142646
113 28 0.029262
114 28 -0.018399
115 28 -0.406778
116 28 -0.306624
117 28 0.026408
118 28 -0.274961
119 28 -0.310828
120 28 0.108864
121 28 -0.037571
122 28 -0.104481
123 28 0.291581
124 28 -0.590337
125 28 -0.583459
126 28 0.479999
127 28 0.116893

0 29 -0.323456
1 29 -0.217236
2 29 0.346315
3 29 0.379973
4 29 0.073783
5 29 -0.337126
6 29 -0.024495
7 29 0.286822
8 29 -0.194685
9 29 0.169689
10 29 0.079105
11 29 -0.179624
12 29 -0.148681
13 29 -0.107177
14 29 0.174572
15 29 -0.331137
16 29 -0.415925
17 29 -0.076032
18 29 -0.032355
19 29 -0.703676
20 29 -0.130225
21 29 0.026621
22 29 0.211361
23 29 0.380053
24 29 0.087565
25 29 -0.196560
26 29 -0.139125
27 29 -0.076397
28 29 0.428415
29 29 0.116656
30 29 0.312082
31 29 -0.042561
32 29 0.120737
33 29 -0.069742
34 29 0.247049
35 29 0.303929
36 29 0.638063
37 29 0.688284
38 29 0.388380
39 29 -0.135227
40 29 -0.529058
41 29 -0.612368
42 29 -0.187991
43 29 -0.288835
44 29 -0.351413
45 29 0.034024
46 29 -0.156581
47 29 0.040966
48 29 -0.216643
49 29 0.233443
50 29 -0.067421
51 29 -0.295666
52 29 -0.347382
53 29 0.202999
54 29 0.256076
55 29 -0.253107
56 29 -0.004590
57 29 -0.276322
58 29 -0.177931
59 29 0.148743
60 29 -0.188365
61 29 0.361617
62 29 0.070253
63 29 -0.531790
64 29 0.077903
65 29 0.115102
66 29 -0.308925
67 29 -0.102870
68 29 0.081775
69 29 0.332148
70 29 -0.061499
71 29 -0.171526
72 29 0.063873
73 29 0.250659
74 29 -0.067242
75 29 0.195546
76 29 -0.442396
77 29 -0.061393
78 29 0.374274
79 29 -0.178413
80 29 0.174821
81 29 -0.077128
82 29 0.586348
83 29 -0.252519
84 29 0.556208
85 29 0.335581
86 29 0.108364
87 29 0.302360
88 29 -0.054019
89 29 0.214283
90 29 0.388416
91 29 0.024457
92 29 -0.312969
93 29 0.329482
94 29 0.384284
95 29 -0.173763
96 29 -0.267470
97 29 0.886550
98 29 0.107293
99 29 -0.291351
100 29 0.134397
101 29 -0.252364
102 29 0.131187
103 29 -0.763346
104 29 -0.211062
105 29 0.060676
106 29 -0.114257
107 29 0.369584
108 29 -0.287101
109 29 0.264406
110 29 -0.710064
111 29 0.148777
112 29 0.064783
113 29 0.210874
114 29 -0.096001
115 29 -0.158122
116 29 -0.030905
117 29 -0.009002
118 29 -0.246641
119 29 -0.573670
120 29 0.195188
121 29 -0.046194
122 29 -0.051723
123 29 0.097989
124 29 -0.599330
125 29 -0.732116
126 29 0.369728
127 29 -0.088404

0 30 -0.142943
1 30 -0.207201
2 30 -0.611029
3 30 0.338763
4 30 0.081996
5 30 -0.015937
6 30 -0.079425
7 30 -0.219211
8 30 0.084171
9 30 0.524794
10 30 0.443542
11 30 -0.647350
12 30 -0.015925
13 30 0.134557
14 30 0.122081
15 30 0.003971
16 30 0.289033
17 30 -0.014073
18 30 -0.249674
19 30 0.014665
20 30 0.164396
21 30 -0.200136
22 30 -0.229453
23 30 0.667016
24 30 0.058653
25 30 -0.347880
26 30 0.096576
27 30 0.464163
28 30 0.239081
29 30 -0.077469
30 30 0.281967
31 30 -0.099700
32 30 -0.122920
33 30 -0.079375
34 30 0.090381
35 30 -0.162446
36 30 0.469275
37 30 0.388726
38 30 -0.219468
39 30 -0.326595
40 30 -0.584056
41 30 -0.286057
42 30 -0.460733
43 30 -0.103454
44 30 -0.388045
45 30 0.342763
46 30 -0.092999
47 30 -0.274257
48 30 -0.178741
49 30 -0.177635
50 30 0.115037
51 30 -0.235938
52 30 0.102110
53 30 -0.553087
54 30 -0.086255
55 30 0.067870
56 30 0.343143
57 30 0.020845
58 30 -0.031935
59 30 0.210353
60 30 -0.066625
61 30 0.267885
62 30 0.151397
63 30 -0.283454
64 30 0.006445
65 30 0.045530
66 30 0.029905
67 30 -0.266750
68 30 0.203423
69 30 0.234881
70 30 0.085396
71 30 -0.149657
72 30 0.167375
73 30 -0.207294
74 30 -0.078619
75 30 -0.109215
76 30 -0.098283
77 30 -0.118247
78 30 0.288164
79 30 0.171507
80 30 0.228301
81 30 -0.292369
82 30 0.332074
83 30 -0.323924
84 30 0.132899
85 30 0.285029
86 30 -0.025129
87 30 0.493548
88 30 0.295427
89 30 -0.127216
90 30 0.334743
91 30 0.119209
92 30 0.039766
93 30 0.081157
94 30 -0.006805
95 30 -0.185188
96 30 -0.218108
97 30 0.637561
98 30 0.317113
99 30 -0.310550
100 30 0.432966
101 30 -0.167780
102 30 0.072902
103 30 -0.444609
104 30 -0.006466
105 30 -0.530854
106 30 -0.449831
107 30 0.167991
108 30 -0.280558
109 30 0.320450
110 30 -0.034713
111 30 0.216395
112 30 0.162057
113 30 0.046818
114 30 -0.024523
115 30 -0.489119
116 30 -0.391364
117 30 0.008221
118 30 -0.106604
119 30 -0.173821
120 30 0.020584
121 30 -0.335585
122 30 -0.280182
123 30 0.315182
124 30 -0.220371
125 30 -0.479347
126 30 0.439655
127 30 0.291932

0 31 -0.232386
1 31 -0.169932
2 31 -0.333531
3 31 0.289169
4 31 0.093388
5 31 0.116411
6 31 0.005497
7 31 -0.182188
8 31 -0.012784
9 31 0.220709
10 31 0.306811
11 31 -0.497900
12 31 -0.019845
13 31 0.071535
14 31 0.202436
15 31 0.113528
16 31 0.216518
17 31 0.122518
18 31 -0.206231
19 31 -0.095318
20 31 0.176584
21 31 -0.040617
22 31 -0.120119
23 31 0.484079
24 31 0.033404
25 31 -0.135798
26 31 0.016574
27 31 0.402803
28 31 0.379018
29 31 0.119252
30 31 0.284349
31 31 -0.210638
32 31 -0.199075
33 31 -0.254000
34 31 0.182048
35 31 -0.222559
36 31 0.299874
37 31 0.292659
38 31 -0.144651
39 31 -0.166793
40 31 -0.358925
41 31 -0.015251
42 31 -0.198118
43 31 -0.204429
44 31 -0.238379
45 31 0.308567
46 31 -0.079592
47 31 -0.132704
48 31 -0.105355
49 31 -0.076691
50 31 0.001747
51 31 -0.171545
52 31 -0.061480
53 31 -0.352325
54 31 -0.050683
55 31 -0.194500
56 31 0.276037
57 31 0.028367
58 31 0.062690
59 31 0.194208
60 31 0.125427
61 31 0.241515
62 31 0.017954
63 31 -0.058594
64 31 0.080274
65 31 -0.178528
66 31 -0.061472
67 31 -0.227670
68 31 0.209722
69 31 0.202914
70 31 0.113275
71 31 -0.195777
72 31 0.028151
73 31 -0.070403
74 31 -0.130980
75 31 0.150530
76 31 -0.001924
77 31 0.071669
78 31 0.341448
79 31 0.198138
80 31 0.133759
81 31 -0.087095
82 31 0.172915
83 31 -0.186918
84 31 0.109461
85 31 0.240714
86 31 -0.151171
87 31 0.394110
88 31 0.038985
89 31 -0.058789
90 31 0.272583
91 31 0.225115
92 31 0.012959
93 31 -0.095618
94 31 -0.068080
95 31 -0.196837
96 31 -0.177145
97 31 0.250171
98 31 0.208208
99 31 -0.233024
100 31 0.285477
101 31 -0.199776
102 31 0.048676
103 31 -0.207464
104 31 -0.033919
105 31 -0.442362
106 31 -0.126408
107 31 -0.025835
108 31 -0.109923
109 31 0.146769
110 31 -0.180688
111 31 0.000271
112 31 0.059241
113 31 0.060854
114 31 -0.232324
115 31 -0.302242
116 31 -0.179537
117 31 -0.062579
118 31 -0.118831
119 31 -0.056221
120 31 0.079800
121 31 -0.054001
122 31 -0.143410
123 31 0.109367
124 31 -0.127945
125 31 -0.345609
126 31 0.102977
127 31 0.117603

0 32 0.028975
1 32 -0.257114
2 32 0.130005
3 32 0.075599
4 32 -0.223889
5 32 -0.212883
6 32 -0.183708
7 32 0.197909
8 32 -0.441691
9 32 0.142046
10 32 0.128807
11 32 -0.026594
12 32 -0.177736
13 32 -0.061136
14 32 0.072122
15 32 -0.450860
16 32 -0.595053
17 32 0.051640
18 32 -0.121241
19 32 -0.337201
20 32 0.292890
21 32 0.021344
22 32 0.206930
23 32 0.401661
24 32 0.124776
25 32 -0.058023
26 32 0.044351
27 32 -0.272207
28 32 0.216323
29 32 -0.027950
30 32 0.010500
31 32 -0.004597
32 32 -0.066378
33 32 0.062431
34 32 0.096977
35 32 0.145500
36 32 0.274299
37 32 0.358816
38 32 0.193048
39 32 -0.024949
40 32 -0.375713
41 32 -0.419447
42 32 -0.213824
43 32 -0.244964
44 32 -0.308871
45 32 0.123960
46 32 -0.314987
47 32 -0.064324
48 32 -0.058235
49 32 0.285669
50 32 -0.147133
51 32 -0.090975
52 32 -0.227139
53 32 0.045021
54 32 -0.004991
55 32 -0.001346
56 32 -0.200265
57 32 -0.479485
58 32 0.016167
59 32 0.120654
60 32 -0.271990
61 32 -0.005967
62 32 0.201443
63 32 -0.600023
64 32 -0.115290
65 32 0.120581
66 32 -0.223114
67 32 0.104086
68 32 0.205150
69 32 0.203192
70 32 -0.058282
71 32 -0.095929
72 32 -0.202774
73 32 0.236162
74 32 -0.197538
75 32 -0.223816
76 32 -0.158211
77 32 -0.064297
78 32 -0.041876
79 32 0.027389
80 32 -0.067593
81 32 -0.029554
82 32 0.152420
83 32 -0.301618
84 32 0.443126
85 32 0.074987
86 32 -0.060760
87 32 0.367039
88 32 0.107462
89 32 0.322632
90 32 0.003777
91 32 -0.205054
92 32 -0.040163
93 32 0.097151
94 32 0.546550
95 32 -0.020131
96 32 -0.294702
97 32 0.553868
98 32 0.093909
99 32 -0.162419
100 32 -0.059234
101 32 0.092770
102 32 0.183379
103 32 -0.214120
104 32 -0.060835
105 32 -0.136178
106 32 0.087929
107 32 0.314418
108 32 -0.017358
109 32 0.226198
110 32 -0.608721
111 32 0.361668
112 32 -0.045549
113 32 0.425293
114 32 -0.084168
115 32 -0.140339
116 32 -0.122288
117 32 0.108720
118 32 -0.065614
119 32 -0.127252
120 32 0.219947
121 32 0.237116
122 32 -0.100416
123 32 -0.081294
124 32 -0.390599
125 32 -0.461886
126 32 0.476177
127 32 -0.160470

0 33 0.028178
1 33 -0.318697
2 33 -0.045508
3 33 0.260870
4 33 -0.152313
5 33 -0.251917
6 33 -0.209128
7 33 0.118697
8 33 -0.495743
9 33 0.342407
10 33 0.265439
11 33 -0.240539
12 33 -0.185553
13 33 -0.041486
14 33 0.184474
15 33 -0.470471
16 33 -0.539050
17 33 0.058611
18 33 -0.209620
19 33 -0.317751
20 33 0.310291
21 33 -0.014710
22 33 0.236560
23 33 0.685889
24 33 0.190522
25 33 -0.112936
26 33 0.148917
27 33 -0.034709
28 33 0.269101
29 33 0.060490
30 33 0.112733
31 33 -0.126891
32 33 -0.133766
33 33 -0.052215
34 33 0.286278
35 33 0.125783
36 33 0.363756
37 33 0.438828
38 33 0.201240
39 33 -0.069501
40 33 -0.562867
41 33 -0.601039
42 33 -0.335338
43 33 -0.208160
44 33 -0.455202
45 33 0.149738
46 33 -0.326814
47 33 -0.099319
48 33 -0.125627
49 33 0.229787
50 33 -0.076697
51 33 -0.161134
52 33 -0.242374
53 33 -0.080050
54 33 -0.070936
55 33 -0.047700
56 33 -0.058057
57 33 -0.463495
58 33 -0.009412
59 33 0.110487
60 33 -0.199155
61 33 0.064270
62 33 0.292204
63 33 -0.603825
64 33 -0.133497
65 33 0.063613
66 33 -0.218999
67 33 0.008199
68 33 0.232576
69 33 0.329948
70 33 -0.072548
71 33 -0.087180
72 33 -0.089720
73 33 0.125084
74 33 -0.245358
75 33 -0.170862
76 33 -0.121958
77 33 -0.067409
78 33 0.082199
79 33 0.193221
80 33 0.070444
81 33 -0.122540
82 33 0.298434
83 33 -0.492137
84 33 0.443282
85 33 0.233777
86 33 -0.012789
87 33 0.554941
88 33 0.210929
89 33 0.290166
90 33 0.132855
91 33 -0.124199
92 33 -0.011913
93 33 0.177841
94 33 0.561421
95 33 -0.056182
96 33 -0.295014
97 33 0.774341
98 33 0.198426
99 33 -0.187751
100 33 0.086289
101 33 0.021425
102 33 0.215745
103 33 -0.347339
104 33 -0.080883
105 33 -0.273864
106 33 -0.033445
107 33 0.290789
108 33 -0.049686
109 33 0.332040
110 33 -0.609504
111 33 0.388889
112 33 -0.107871
113 33 0.313462
114 33 -0.116393
115 33 -0.217581
116 33 -0.303407
117 33 0.116405
118 33 -0.002939
119 33 -0.177536
120 33 0.292952
121 33 0.205531
122 33 -0.165851
123 33 0.013011
124 33 -0.474877
125 33 -0.679957
126 33 0.593833
127 33 -0.134268

0 34 -0.151294
1 34 -0.183890
2 34 -0.313672
3 34 0.058850
4 34 0.029338
5 34 -0.114686
6 34 0.064370
7 34 -0.042330
8 34 0.127163
9 34 0.331763
10 34 0.102398
11 34 -0.071497
12 34 -0.148168
13 34 -0.082641
14 34 0.015768
15 34 -0.060208
16 34 -0.016073
17 34 -0.143750
18 34 0.027626
19 34 -0.087571
20 34 0.039157
21 34 0.044484
22 34 -0.055983
23 34 0.468346
24 34 -0.144219
25 34 0.015365
26 34 -0.130868
27 34 0.024133
28 34 0.229862
29 34 -0.084346
30 34 0.195647
31 34 0.028857
32 34 -0.147966
33 34 0.196578
34 34 0.053771
35 34 -0.142596
36 34 0.457649
37 34 0.325253
38 34 0.039701
39 34 -0.335727
40 34 -0.306123
41 34 -0.238624
42 34 -0.234952
43 34 -0.000948
44 34 -0.236989
45 34 0.287598
46 34 0.076107
47 34 0.044404
48 34 -0.081336
49 34 -0.034425
50 34 -0.168098
51 34 -0.233383
52 34 -0.124506
53 34 -0.169176
54 34 0.006004
55 34 0.109412
56 34 0.209055
57 34 -0.330662
58 34 -0.100260
59 34 0.189825
60 34 -0.339167
61 34 0.114026
62 34 -0.100678
63 34 -0.219728
64 34 -0.042857
65 34 0.090170
66 34 -0.158771
67 34 -0.002347
68 34 0.132062
69 34 0.189090
70 34 0.036848
71 34 -0.204789
72 34 -0.224336
73 34 0.104703
74 34 0.189914
75 34 -0.113861
76 34 0.058427
77 34 -0.135481
78 34 0.098253
79 34 -0.219331
80 34 -0.050856
81 34 -0.130411
82 34 0.289478
83 34 -0.146357
84 34 0.291431
85 34 0.072503
86 34 -0.246524
87 34 0.448072
88 34 0.156864
89 34 -0.033407
90 34 -0.126959
91 34 -0.009678
92 34 0.062934
93 34 -0.099752
94 34 0.190894
95 34 -0.110807
96 34 -0.250715
97 34 0.408695
98 34 0.237926
99 34 -0.152180
100 34 0.170884
101 34 -0.167882
102 34 0.153330
103 34 -0.188231
104 34 -0.004145
105 34 -0.494363
106 34 -0.151103
107 34 0.180010
108 34 -0.110941
109 34 0.077240
110 34 -0.021778
111 34 0.208837
112 34 0.057482
113 34 0.040332
114 34 0.111389
115 34 -0.262819
116 34 -0.139567
117 34 0.087394
118 34 -0.205218
119 34 -0.040833
120 34 0.059103
121 34 0.021364
122 34 -0.142839
123 34 0.174387
124 34 -0.274149
125 34 -0.286501
126 34 0.327727
127 34 0.007010

0 35 -0.212862
1 35 -0.106583
2 35 -0.335980
3 35 -0.042592
4 35 0.081356
5 35 -0.165610
6 35 0.038780
7 35 -0.031954
8 35 0.114034
9 35 0.230107
10 35 0.070436
11 35 -0.082342
12 35 -0.126903
13 35 0.008255
14 35 0.090277
15 35 0.021959
16 35 0.118562
17 35 -0.049082
18 35 0.032219
19 35 -0.158071
20 35 -0.021309
21 35 0.113937
22 35 -0.101816
23 35 0.356712
24 35 -0.126301
25 35 -0.002875
26 35 -0.145760
27 35 0.182335
28 35 0.218728
29 35 -0.047474
30 35 0.204340
31 35 0.028369
32 35 -0.067286
33 35 0.119745
34 35 0.019088
35 35 -0.127317
36 35 0.407761
37 35 0.279404
38 35 0.033388
39 35 -0.204160
40 35 -0.282445
41 35 -0.109772
42 35 -0.179187
43 35 -0.025890
44 35 -0.113372
45 35 0.239213
46 35 0.118157
47 35 -0.017453
48 35 -0.054186
49 35 -0.053519
50 35 -0.102795
51 35 -0.174861
52 35 -0.064840
53 35 -0.179790
54 35 0.022058
55 35 0.032820
56 35 0.253618
57 35 -0.206336
58 35 -0.164420
59 35 0.111665
60 35 -0.205885
61 35 0.137286
62 35 -0.084009
63 35 -0.160774
64 35 -0.041635
65 35 0.095162
66 35 -0.156337
67 35 -0.015634
68 35 0.000042
69 35 0.027913
70 35 0.074067
71 35 -0.149254
72 35 -0.121461
73 35 0.101016
74 35 0.176551
75 35 -0.042813
76 35 0.030523
77 35 -0.108833
78 35 0.107537
79 35 -0.254114
80 35 -0.068602
81 35 -0.056338
82 35 0.305751
83 35 -0.081279
84 35 0.214270
85 35 0.062855
86 35 -0.150220
87 35 0.329225
88 35 0.114309
89 35 -0.039353
90 35 -0.042238
91 35 0.014440
92 35 0.091186
93 35 0.010303
94 35 0.146342
95 35 -0.196926
96 35 -0.192040
97 35 0.265205
98 35 0.130285
99 35 -0.145273
100 35 0.045347
101 35 -0.154110
102 35 0.179365
103 35 -0.171399
104 35 0.096140
105 35 -0.255140
106 35 -0.135664
107 35 0.195889
108 35 -0.136458
109 35 0.078779
110 35 0.005259
111 35 0.184027
112 35 0.019905
113 35 0.096435
114 35 0.018229
115 35 -0.125994
116 35 0.005711
117 35 0.070055
118 35 -0.166280
119 35 -0.108100
120 35 -0.025999
121 35 -0.105796
122 35 -0.111180
123 35 0.157542
124 35 -0.175473
125 35 -0.245351
126 35 0.330298
127 35 0.049907

0 36 -0.158486
1 36 -0.232793
2 36 -0.793982
3 36 0.081996
4 36 -0.501044
5 36 0.454258
6 36 -0.263789
7 36 -0.579220
8 36 -0.050478
9 36 -0.024884
10 36 0.076628
11 36 -0.903873
12 36 0.270261
13 36 0.399761
14 36 0.400555
15 36 0.041415
16 36 0.056861
17 36 0.180682
18 36 -0.630878
19 36 0.676367
20 36 0.499939
21 36 0.217963
22 36 -0.733766
23 36 0.383267
24 36 -0.202846
25 36 -0.158111
26 36 0.038134
27 36 0.366000
28 36 0.296004
29 36 -0.023679
30 36 0.012848
31 36 -0.637945
32 36 -0.451140
33 36 -0.250491
34 36 0.225481
35 36 -0.062476
36 36 0.042496
37 36 -0.073509
38 36 -0.743508
39 36 0.056171
40 36 -0.192950
41 36 0.384976
42 36 -0.155342
43 36 -0.062856
44 36 -0.194766
45 36 0.237750
46 36 -0.236705
47 36 -0.650850
48 36 -0.092047
49 36 0.311416
50 36 0.087871
51 36 0.474252
52 36 -0.335069
53 36 -0.761416
54 36 0.011228
55 36 0.329054
56 36 0.033046
57 36 0.376260
58 36 0.140124
59 36 0.377374
60 36 0.835814
61 36 -0.214014
62 36 0.231148
63 36 0.383272
64 36 -0.071103
65 36 -0.564990
66 36 0.766070
67 36 -0.204531
68 36 0.034927
69 36 0.026318
70 36 0.150853
71 36 0.220577
72 36 -0.085697
73 36 -0.424013
74 36 -0.284928
75 36 -0.195109
76 36 0.185588
77 36 0.206886
78 36 0.424859
79 36 0.806854
80 36 0.118828
81 36 -0.056143
82 36 -0.159610
83 36 -0.036008
84 36 -0.204791
85 36 -0.059351
86 36 0.009648
87 36 0.274445
88 36 0.384883
89 36 -0.358834
90 36 0.434754
91 36 0.240716
92 36 0.092172
93 36 -0.190729
94 36 -0.303274
95 36 -0.241282
96 36 -0.223677
97 36 0.153407
98 36 0.410778
99 36 -0.326063
100 36 0.608168
101 36 0.372846
102 36 -0.224278
103 36 0.517183
104 36 0.229566
105 36 -0.810852
106 36 0.315458
107 36 -0.118170
108 36 -0.414579
109 36 0.009708
110 36 0.237944
111 36 -0.109980
112 36 -0.015289
113 36 0.274342
114 36 -0.255603
115 36 -0.588393
116 36 -0.172319
117 36 -0.261414
118 36 0.066404
119 36 0.336634
120 36 0.489066
121 36 -0.121724
122 36 -0.104944
123 36 -0.073176
124 36 0.162541
125 36 0.162401
126 36 -0.026798
127 36 0.162666

0 37 -0.090698
1 37 -0.243238
2 37 -0.656671
3 37 0.127558
4 37 -0.429160
5 37 0.489230
6 37 -0.230293
7 37 -0.340339
8 37 -0.155834
9 37 -0.145641
10 37 0.056778
11 37 -0.805416
12 37 0.185708
13 37 0.388604
14 37 0.256023
15 37 0.026525
16 37 -0.014842
17 37 0.219881
18 37 -0.620383
19 37 0.565552
20 37 0.555774
21 37 0.179472
22 37 -0.659054
23 37 0.360925
24 37 -0.187218
25 37 -0.117580
26 37 0.026217
27 37 0.193830
28 37 0.263015
29 37 0.091288
30 37 -0.098292
31 37 -0.580828
32 37 -0.396794
33 37 -0.286384
34 37 0.248402
35 37 -0.011991
36 37 -0.034718
37 37 -0.151582
38 37 -0.522501
39 37 -0.023616
40 37 -0.161669
41 37 0.407876
42 37 -0.027661
43 37 -0.097678
44 37 -0.153223
45 37 0.227248
46 37 -0.202530
47 37 -0.602231
48 37 -0.105467
49 37 0.350178
50 37 0.080285
51 37 0.494291
52 37 -0.294645
53 37 -0.645322
54 37 -0.051766
55 37 0.288992
56 37 -0.171689
57 37 0.263571
58 37 0.130566
59 37 0.332606
60 37 0.740557
61 37 -0.195365
62 37 0.154408
63 37 0.315666
64 37 -0.092927
65 37 -0.545272
66 37 0.685000
67 37 -0.185333
68 37 0.045312
69 37 0.131160
70 37 0.077841
71 37 0.068941
72 37 -0.247914
73 37 -0.338813
74 37 -0.215717
75 37 -0.228359
76 37 0.181417
77 37 0.256419
78 37 0.198999
79 37 0.773957
80 37 -0.000412
81 37 -0.057470
82 37 -0.253652
83 37 -0.091296
84 37 -0.228577
85 37 -0.117958
86 37 -0.086813
87 37 0.275656
88 37 0.305789
89 37 -0.367395
90 37 0.312252
91 37 0.268712
92 37 0.010880
93 37 -0.251910
94 37 -0.305897
95 37 -0.166644
96 37 -0.183680
97 37 0.042109
98 37 0.489668
99 37 -0.258021
100 37 0.453235
101 37 0.325034
102 37 -0.257920
103 37 0.576215
104 37 0.130832
105 37 -0.706319
106 37 0.527631
107 37 -0.165592
108 37 -0.317281
109 37 0.056346
110 37 0.076346
111 37 -0.066327
112 37 -0.009153
113 37 0.404940
114 37 -0.389895
115 37 -0.596385
116 37 -0.179653
117 37 -0.304225
118 37 -0.014216
119 37 0.366237
120 37 0.449736
121 37 -0.006303
122 37 -0.069281
123 37 -0.171529
124 37 0.178805
125 37 0.168979
126 37 -0.075754
127 37 0.074953

0 38 -0.234819
1 38 -0.240637
2 38 -0.355734
3 38 0.249683
4 38 -0.356955
5 38 0.167451
6 38 -0.293072
7 38 -0.211748
8 38 -0.131796
9 38 -0.162011
10 38 -0.119222
11 38 -0.627037
12 38 -0.039688
13 38 0.417371
14 38 0.317789
15 38 -0.140116
16 38 -0.212623
17 38 0.086274
18 38 -0.404320
19 38 0.157247
20 38 0.392398
21 38 0.172323
22 38 -0.338800
23 38 0.427431
24 38 -0.109644
25 38 -0.285469
26 38 0.053381
27 38 0.051502
28 38 0.314072
29 38 0.042151
30 38 0.093415
31 38 -0.494536
32 38 -0.343983
33 38 -0.208197
34 38 0.210951
35 38 0.002038
36 38 0.206434
37 38 0.200759
38 38 -0.250262
39 38 -0.095975
40 38 -0.293167
41 38 -0.102175
42 38 -0.039598
43 38 -0.008740
44 38 -0.229862
45 38 0.136243
46 38 -0.179388
47 38 -0.567458
48 38 -0.251206
49 38 0.303492
50 38 -0.073749
51 38 0.354257
52 38 -0.352956
53 38 -0.422111
54 38 0.050665
55 38 0.459903
56 38 -0.297660
57 38 -0.124022
58 38 0.125696
59 38 0.545007
60 38 0.405477
61 38 -0.063959
62 38 0.014021
63 38 -0.085177
64 38 -0.197237
65 38 -0.296780
66 38 0.306823
67 38 -0.204657
68 38 0.195993
69 38 0.231375
70 38 0.084749
71 38 0.150340
72 38 -0.121811
73 38 -0.210604
74 38 -0.022252
75 38 -0.343421
76 38 -0.007821
77 38 0.081958
78 38 0.212205
79 38 0.678467
80 38 0.008347
81 38 -0.109434
82 38 -0.054750
83 38 -0.135611
84 38 -0.033329
85 38 0.104190
86 38 0.027522
87 38 0.410973
88 38 0.229686
89 38 -0.200158
90 38 0.459625
91 38 0.114139
92 38 0.115721
93 38 -0.295566
94 38 0.016118
95 38 -0.191740
96 38 -0.268716
97 38 0.390933
98 38 0.430934
99 38 -0.438661
100 38 0.442423
101 38 0.343548
102 38 -0.233179
103 38 0.210859
104 38 0.055322
105 38 -0.656633
106 38 0.100109
107 38 0.075315
108 38 -0.369153
109 38 0.082018
110 38 -0.053953
111 38 0.098033
112 38 0.050522
113 38 0.414755
114 38 -0.207347
115 38 -0.522730
116 38 -0.082316
117 38 -0.151575
118 38 -0.127329
119 38 0.096381
120 38 0.689476
121 38 -0.150054
122 38 -0.037674
123 38 -0.067274
124 38 -0.106095
125 38 -0.208247
126 38 0.091084
127 38 -0.047883

0 39 -0.079896
1 39 -0.286178
2 39 -0.057655
3 39 0.349464
4 39 -0.292734
5 39 0.218925
6 39 -0.315069
7 39 0.000232
8 39 -0.312307
9 39 -0.408782
10 39 -0.100242
11 39 -0.630230
12 39 -0.061579
13 39 0.435333
14 39 0.402863
15 39 -0.305461
16 39 -0.281174
17 39 0.262569
18 39 -0.333567
19 39 -0.078801
20 39 0.411238
21 39 0.116150
22 39 -0.274964
23 39 0.260716
24 39 -0.043918
25 39 -0.253434
26 39 0.222869
27 39 0.043254
28 39 0.446374
29 39 0.098589
30 39 0.073455
31 39 -0.443925
32 39 -0.264841
33 39 -0.235522
34 39 0.209192
35 39 0.251310
36 39 0.137754
37 39 0.114223
38 39 -0.139024
39 39 0.132421
40 39 -0.358586
41 39 -0.097421
42 39 -0.061026
43 39 -0.142869
44 39 -0.061507
45 39 0.006066
46 39 -0.083061
47 39 -0.581142
48 39 -0.256112
49 39 0.353434
50 39 -0.065655
51 39 0.347930
52 39 -0.303166
53 39 -0.242457
54 39 0.047696
55 39 0.323502
56 39 -0.400796
57 39 -0.122948
58 39 0.188817
59 39 0.584525
60 39 0.392416
61 39 0.014648
62 39 0.049345
63 39 -0.061062
64 39 -0.114576
65 39 -0.223434
66 39 0.311269
67 39 -0.102179
68 39 0.236745
69 39 0.262686
70 39 0.093334
71 39 0.262339
72 39 -0.045340
73 39 -0.195783
74 39 -0.048352
75 39 -0.275625
76 39 -0.023301
77 39 0.117799
78 39 0.136160
79 39 0.701536
80 39 -0.017542
81 39 -0.045609
82 39 -0.099180
83 39 -0.208064
84 39 -0.098360
85 39 0.218112
86 39 0.149197
87 39 0.286480
88 39 0.012484
89 39 -0.149631
90 39 0.588971
91 39 0.151732
92 39 -0.005138
93 39 -0.249007
94 39 0.137763
95 39 -0.095821
96 39 -0.137200
97 39 0.378904
98 39 0.234750
99 39 -0.512978
100 39 0.410840
101 39 0.325629
102 39 -0.163955
103 39 -0.002325
104 39 -0.104491
105 39 -0.537103
106 39 0.215455
107 39 0.115253
108 39 -0.345809
109 39 0.217269
110 39 -0.327181
111 39 -0.030837
112 39 0.032672
113 39 0.469216
114 39 -0.333547
115 39 -0.320539
116 39 -0.173969
117 39 -0.189044
118 39 -0.007834
119 39 -0.016257
120 39 0.734214
121 39 -0.147428
122 39 -0.047459
123 39 -0.244752
124 39 -0.133192
125 39 -0.224806
126 39 0.015924
127 39 -0.108299

0 40 -0.138956
1 40 -0.283919
2 40 -0.083722
3 40 0.347848
4 40 -0.104912
5 40 -0.189754
6 40 -0.109390
7 40 0.083869
8 40 -0.262330
9 40 0.256825
10 40 0.009551
11 40 -0.376106
12 40 -0.213541
13 40 -0.067395
14 40 0.111599
15 40 -0.265656
16 40 -0.702491
17 40 -0.203022
18 40 -0.166167
19 40 -0.248828
20 40 0.096117
21 40 0.049358
22 40 0.286965
23 40 0.749654
24 40 -0.030780
25 40 -0.171784
26 40 -0.030666
27 40 -0.207696
28 40 0.401387
29 40 0.062826
30 40 0.282537
31 40 -0.126099
32 40 -0.109816
33 40 0.054144
34 40 0.387010
35 40 0.026935
36 40 0.461125
37 40 0.585382
38 40 0.207454
39 40 -0.287617
40 40 -0.488766
41 40 -0.775039
42 40 -0.237581
43 40 -0.026648
44 40 -0.606605
45 40 0.241645
46 40 -0.163816
47 40 -0.153712
48 40 -0.225084
49 40 0.265119
50 40 -0.232205
51 40 -0.179890
52 40 -0.297210
53 40 0.020798
54 40 0.078620
55 40 0.128406
56 40 -0.169456
57 40 -0.609684
58 40 0.022681
59 40 0.321788
60 40 -0.248943
61 40 0.057260
62 40 0.098237
63 40 -0.593484
64 40 -0.120810
65 40 0.066477
66 40 -0.265847
67 40 -0.107503
68 40 0.293623
69 40 0.572437
70 40 -0.080718
71 40 -0.127132
72 40 -0.170800
73 40 0.260473
74 40 0.012451
75 40 -0.218913
76 40 -0.268656
77 40 -0.026280
78 40 0.147005
79 40 0.210521
80 40 0.075843
81 40 -0.124724
82 40 0.337867
83 40 -0.374875
84 40 0.481970
85 40 0.153643
86 40 -0.022663
87 40 0.664085
88 40 0.242399
89 40 0.154687
90 40 0.163647
91 40 -0.068712
92 40 -0.018254
93 40 -0.070544
94 40 0.498615
95 40 -0.173899
96 40 -0.453497
97 40 0.775148
98 40 0.252829
99 40 -0.267061
100 40 0.287441
101 40 -0.037777
102 40 -0.038598
103 40 -0.289882
104 40 -0.168436
105 40 -0.502604
106 40 -0.194923
107 40 0.212323
108 40 -0.138410
109 40 0.133188
110 40 -0.450500
111 40 0.328066
112 40 0.061587
113 40 0.256888
114 40 0.100310
115 40 -0.517982
116 40 -0.161643
117 40 0.138344
118 40 -0.306740
119 40 -0.148200
120 40 0.493005
121 40 0.183656
122 40 0.010323
123 40 0.111366
124 40 -0.506274
125 40 -0.638670
126 40 0.400535
127 40 -0.183429

0 41 -0.186860
1 41 -0.178730
2 41 0.141344
3 41 0.411249
4 41 -0.121769
5 41 -0.252245
6 41 -0.201416
7 41 0.185801
8 41 -0.378936
9 41 0.049290
10 41 0.015473
11 41 -0.405536
12 41 -0.150994
13 41 -0.032501
14 41 0.263205
15 41 -0.304971
16 41 -0.729878
17 41 0.010088
18 41 -0.119805
19 41 -0.512348
20 41 0.041910
21 41 0.085058
22 41 0.342141
23 41 0.600375
24 41 0.049100
25 41 -0.116108
26 41 0.002279
27 41 -0.057349
28 41 0.456228
29 41 0.256619
30 41 0.293377
31 41 -0.151224
32 41 -0.015603
33 41 -0.058800
34 41 0.529199
35 41 0.111492
36 41 0.398086
37 41 0.602144
38 41 0.344750
39 41 -0.067170
40 41 -0.454686
41 41 -0.692091
42 41 -0.064381
43 41 -0.210967
44 41 -0.455323
45 41 0.118626
46 41 -0.164714
47 41 -0.161468
48 41 -0.190936
49 41 0.321922
50 41 -0.174777
51 41 -0.103350
52 41 -0.360444
53 41 0.112991
54 41 0.098582
55 41 -0.041044
56 41 -0.282226
57 41 -0.530560
58 41 -0.007157
59 41 0.222812
60 41 -0.132781
61 41 0.156742
62 41 0.150207
63 41 -0.565872
64 41 -0.003401
65 41 -0.006827
66 41 -0.271906
67 41 -0.121624
68 41 0.203360
69 41 0.518150
70 41 -0.082627
71 41 -0.099352
72 41 -0.094467
73 41 0.239713
74 41 -0.119165
75 41 0.055119
76 41 -0.281249
77 41 -0.017595
78 41 0.205095
79 41 0.252011
80 41 0.177439
81 41 -0.008828
82 41 0.392586
83 41 -0.365323
84 41 0.462302
85 41 0.231865
86 41 0.053422
87 41 0.494269
88 41 0.076282
89 41 0.159821
90 41 0.352195
91 41 0.009294
92 41 -0.106318
93 41 0.130357
94 41 0.560846
95 41 -0.170940
96 41 -0.308415
97 41 0.778615
98 41 0.107827
99 41 -0.322118
100 41 0.205049
101 41 -0.077311
102 41 0.007156
103 41 -0.366855
104 41 -0.218233
105 41 -0.258300
106 41 -0.055588
107 41 0.207809
108 41 -0.195095
109 41 0.157063
110 41 -0.642470
111 41 0.222225
112 41 -0.034748
113 41 0.399842
114 41 -0.064961
115 41 -0.280171
116 41 -0.050606
117 41 0.133444
118 41 -0.246278
119 41 -0.380280
120 41 0.501260
121 41 0.189204
122 41 0.035547
123 41 0.010041
124 41 -0.470665
125 41 -0.740013
126 41 0.274278
127 41 -0.289111

0 42 -0.069301
1 42 -0.163848
2 42 -0.580976
3 42 0.226370
4 42 -0.068171
5 42 0.052837
6 42 -0.087713
7 42 -0.279206
8 42 -0.040562
9 42 0.386453
10 42 0.294285
11 42 -0.574227
12 42 -0.058009
13 42 0.079496
14 42 0.220144
15 42 0.010601
16 42 -0.041486
17 42 0.010200
18 42 -0.270508
19 42 0.001727
20 42 0.218012
21 42 -0.017987
22 42 -0.063323
23 42 0.678604
24 42 0.012898
25 42 -0.166631
26 42 0.107404
27 42 0.244670
28 42 0.300324
29 42 0.003466
30 42 0.258989
31 42 -0.144350
32 42 -0.293719
33 42 -0.144440
34 42 0.233071
35 42 -0.257381
36 42 0.290613
37 42 0.301246
38 42 -0.270265
39 42 -0.253669
40 42 -0.344432
41 42 -0.186978
42 42 -0.301316
43 42 -0.103445
44 42 -0.400935
45 42 0.447051
46 42 -0.089569
47 42 -0.255429
48 42 -0.130600
49 42 0.024341
50 42 -0.084850
51 42 -0.113540
52 42 -0.053945
53 42 -0.426610
54 42 -0.171060
55 42 0.167054
56 42 0.181796
57 42 -0.199892
58 42 0.155153
59 42 0.271595
60 42 0.043247
61 42 0.113050
62 42 0.186016
63 42 -0.125192
64 42 -0.107168
65 42 -0.092606
66 42 -0.008626
67 42 -0.196885
68 42 0.283046
69 42 0.377215
70 42 0.088059
71 42 -0.102479
72 42 -0.093173
73 42 -0.114787
74 42 -0.054273
75 42 -0.131659
76 42 0.124317
77 42 0.140596
78 42 0.227941
79 42 0.361021
80 42 0.075251
81 42 -0.130134
82 42 0.223032
83 42 -0.289788
84 42 0.185307
85 42 0.098004
86 42 -0.160800
87 42 0.587019
88 42 0.231243
89 42 -0.045279
90 42 0.147553
91 42 0.105540
92 42 0.184498
93 42 -0.185744
94 42 0.115261
95 42 -0.176697
96 42 -0.274818
97 42 0.338615
98 42 0.320957
99 42 -0.271544
100 42 0.420780
101 42 0.021770
102 42 -0.007979
103 42 -0.007678
104 42 0.017705
105 42 -0.744117
106 42 -0.158613
107 42 0.061861
108 42 -0.162491
109 42 0.138448
110 42 -0.050401
111 42 0.228628
112 42 0.036611
113 42 0.078852
114 42 -0.006839
115 42 -0.511329
116 42 -0.329531
117 42 0.029506
118 42 -0.021939
119 42 0.166033
120 42 0.205679
121 42 0.127301
122 42 -0.240376
123 42 0.083934
124 42 -0.207021
125 42 -0.433961
126 42 0.233093
127 42 0.077793

0 43 -0.092924
1 43 -0.085559
2 43 -0.408926
3 43 0.199741
4 43 -0.128368
5 43 0.141066
6 43 -0.105512
7 43 -0.292948
8 43 -0.141930
9 43 0.218487
10 43 0.245465
11 43 -0.525992
12 43 0.000470
13 43 0.071396
14 43 0.198010
15 43 0.029052
16 43 -0.122696
17 43 0.195368
18 43 -0.255249
19 43 -0.044016
20 43 0.285278
21 43 0.071627
22 43 0.013981
23 43 0.585885
24 43 0.014103
25 43 -0.080220
26 43 0.055703
27 43 0.223091
28 43 0.298944
29 43 0.173379
30 43 0.259360
31 43 -0.187191
32 43 -0.309966
33 43 -0.226822
34 43 0.313648
35 43 -0.330088
36 43 0.126051
37 43 0.245903
38 43 -0.154188
39 43 -0.208244
40 43 -0.168456
41 43 -0.007676
42 43 -0.068662
43 43 -0.244027
44 43 -0.333239
45 43 0.344276
46 43 -0.128528
47 43 -0.199073
48 43 -0.072943
49 43 0.090556
50 43 -0.167773
51 43 -0.032304
52 43 -0.113908
53 43 -0.366402
54 43 -0.188680
55 43 0.026247
56 43 0.053428
57 43 -0.198163
58 43 0.166676
59 43 0.259846
60 43 0.070761
61 43 0.113912
62 43 0.074633
63 43 -0.101631
64 43 -0.035475
65 43 -0.231319
66 43 -0.064660
67 43 -0.168444
68 43 0.311328
69 43 0.378580
70 43 0.087514
71 43 -0.239952
72 43 -0.199374
73 43 -0.061557
74 43 -0.055318
75 43 0.027012
76 43 0.155422
77 43 0.157590
78 43 0.166850
79 43 0.434476
80 43 0.020622
81 43 -0.074289
82 43 0.108866
83 43 -0.249228
84 43 0.100138
85 43 0.015714
86 43 -0.336462
87 43 0.532524
88 43 0.104532
89 43 -0.104454
90 43 0.081078
91 43 0.165796
92 43 0.157532
93 43 -0.217844
94 43 0.065812
95 43 -0.137153
96 43 -0.230589
97 43 0.155364
98 43 0.278017
99 43 -0.304462
100 43 0.292817
101 43 -0.003478
102 43 -0.037743
103 43 0.140508
104 43 -0.051990
105 43 -0.662784
106 43 0.022542
107 43 -0.143568
108 43 -0.134397
109 43 0.058646
110 43 -0.146229
111 43 0.174659
112 43 -0.006906
113 43 0.241246
114 43 -0.128111
115 43 -0.450405
116 43 -0.196880
117 43 0.011859
118 43 -0.102413
119 43 0.134777
120 43 0.229945
121 43 0.263232
122 43 -0.135378
123 43 0.012435
124 43 -0.117969
125 43 -0.305699
126 43 0.073551
127 43 -0.065656

0 44 0.057984
1 44 -0.185202
2 44 -0.103057
3 44 0.098549
4 44 -0.251674
5 44 -0.116818
6 44 -0.265438
7 44 0.128825
8 44 -0.464661
9 44 -0.063580
10 44 -0.072105
11 44 -0.362807
12 44 -0.165810
13 44 0.027009
14 44 0.139727
15 44 -0.336460
16 44 -0.566735
17 44 0.127556
18 44 -0.267983
19 44 -0.181787
20 44 0.356946
21 44 0.134489
22 44 0.241053
23 44 0.503267
24 44 0.054378
25 44 -0.067407
26 44 0.148243
27 44 -0.139497
28 44 0.238550
29 44 0.139649
30 44 -0.036134
31 44 -0.087460
32 44 -0.079925
33 44 -0.046634
34 44 0.281233
35 44 -0.058047
36 44 0.067517
37 44 0.158635
38 44 0.169302
39 44 -0.029933
40 44 -0.441148
41 44 -0.389951
42 44 -0.159995
43 44 -0.118098
44 44 -0.216904
45 44 0.169893
46 44 -0.195927
47 44 -0.276089
48 44 -0.100130
49 44 0.312661
50 44 -0.095475
51 44 0.162395
52 44 -0.177209
53 44 0.034176
54 44 -0.127667
55 44 0.105138
56 44 -0.388915
57 44 -0.560701
58 44 0.141144
59 44 0.188722
60 44 -0.114613
61 44 -0.079999
62 44 0.204877
63 44 -0.642905
64 44 -0.214210
65 44 0.048485
66 44 -0.170036
67 44 0.002226
68 44 0.215020
69 44 0.325251
70 44 0.010039
71 44 -0.019401
72 44 -0.179112
73 44 0.156416
74 44 -0.161164
75 44 -0.363661
76 44 -0.098556
77 44 0.026566
78 44 -0.104018
79 44 0.284171
80 44 -0.060079
81 44 0.095323
82 44 0.002246
83 44 -0.422791
84 44 0.243521
85 44 0.164853
86 44 0.026462
87 44 0.499455
88 44 0.103841
89 44 0.208457
90 44 0.093809
91 44 -0.177469
92 44 0.195254
93 44 -0.058175
94 44 0.484782
95 44 -0.048780
96 44 -0.243481
97 44 0.381793
98 44 0.059058
99 44 -0.210430
100 44 -0.034749
101 44 0.164615
102 44 0.024828
103 44 0.034454
104 44 -0.009089
105 44 -0.275432
106 44 0.095973
107 44 0.223019
108 44 -0.052149
109 44 0.178925
110 44 -0.567136
111 44 0.355739
112 44 -0.129568
113 44 0.635623
114 44 -0.130838
115 44 -0.270315
116 44 -0.020517
117 44 0.080698
118 44 -0.146429
119 44 -0.043943
120 44 0.468097
121 44 0.241889
122 44 0.056245
123 44 -0.127069
124 44 -0.221398
125 44 -0.449179
126 44 0.389066
127 44 -0.298416

0 45 0.067910
1 45 -0.162622
2 45 -0.292965
3 45 0.191435
4 45 -0.155258
5 45 -0.156009
6 45 -0.233415
7 45 0.054743
8 45 -0.524634
9 45 0.153983
10 45 0.057118
11 45 -0.483356
12 45 -0.166893
13 45 0.040775
14 45 0.234086
15 45 -0.378014
16 45 -0.586934
17 45 0.090050
18 45 -0.304409
19 45 -0.086940
20 45 0.280254
21 45 0.025854
22 45 0.271530
23 45 0.756626
24 45 0.098671
25 45 -0.016294
26 45 0.249249
27 45 0.041350
28 45 0.204820
29 45 0.206054
30 45 0.037128
31 45 -0.188422
32 45 -0.119864
33 45 -0.054104
34 45 0.382064
35 45 -0.023505
36 45 0.138047
37 45 0.177639
38 45 0.091196
39 45 0.022720
40 45 -0.577770
41 45 -0.527788
42 45 -0.266323
43 45 -0.111689
44 45 -0.284922
45 45 0.221116
46 45 -0.246119
47 45 -0.314819
48 45 -0.090596
49 45 0.253863
50 45 -0.075756
51 45 0.006507
52 45 -0.119480
53 45 -0.079033
54 45 -0.223023
55 45 0.100666
56 45 -0.200764
57 45 -0.548738
58 45 0.072255
59 45 0.193476
60 45 -0.072115
61 45 -0.012166
62 45 0.258940
63 45 -0.673116
64 45 -0.185901
65 45 0.015381
66 45 -0.176899
67 45 -0.057917
68 45 0.281926
69 45 0.409336
70 45 -0.016773
71 45 0.065608
72 45 -0.131950
73 45 0.085206
74 45 -0.175179
75 45 -0.362066
76 45 -0.042035
77 45 0.008012
78 45 -0.038237
79 45 0.487425
80 45 0.088560
81 45 -0.018593
82 45 0.125574
83 45 -0.529913
84 45 0.241033
85 45 0.231960
86 45 0.080795
87 45 0.654601
88 45 0.198149
89 45 0.195254
90 45 0.191485
91 45 -0.131661
92 45 0.240480
93 45 -0.048385
94 45 0.479927
95 45 -0.077663
96 45 -0.238266
97 45 0.544438
98 45 0.123860
99 45 -0.209048
100 45 0.115128
101 45 0.048151
102 45 0.089972
103 45 -0.032037
104 45 -0.009325
105 45 -0.335076
106 45 -0.019875
107 45 0.193606
108 45 -0.102504
109 45 0.257278
110 45 -0.527787
111 45 0.342640
112 45 -0.147583
113 45 0.447552
114 45 -0.140915
115 45 -0.307383
116 45 -0.197699
117 45 0.131797
118 45 -0.017328
119 45 -0.080822
120 45 0.468398
121 45 0.191772
122 45 -0.008607
123 45 -0.040290
124 45 -0.251231
125 45 -0.550917
126 45 0.411345
127 45 -0.210423

0 46 -0.063021
1 46 -0.181912
2 46 -0.381520
3 46 0.140505
4 46 -0.073938
5 46 -0.056260
6 46 -0.061471
7 46 -0.076589
8 46 -0.099910
9 46 0.313847
10 46 0.069367
11 46 -0.315311
12 46 -0.131676
13 46 -0.022384
14 46 0.097392
15 46 -0.155801
16 46 -0.370333
17 46 -0.142416
18 46 -0.156194
19 46 0.008137
20 46 0.184970
21 46 0.058472
22 46 0.117318
23 46 0.672396
24 46 -0.138510
25 46 -0.043774
26 46 0.003242
27 46 -0.093246
28 46 0.273303
29 46 0.087733
30 46 0.141153
31 46 -0.119960
32 46 -0.279814
33 46 0.059801
34 46 0.344312
35 46 -0.225335
36 46 0.257045
37 46 0.255874
38 46 0.047647
39 46 -0.287047
40 46 -0.284220
41 46 -0.370102
42 46 -0.185232
43 46 0.010302
44 46 -0.399535
45 46 0.318020
46 46 -0.003709
47 46 -0.137568
48 46 -0.159728
49 46 0.123133
50 46 -0.203857
51 46 -0.087865
52 46 -0.148293
53 46 -0.144147
54 46 -0.122477
55 46 0.131555
56 46 -0.059926
57 46 -0.559685
58 46 0.078269
59 46 0.188916
60 46 -0.235578
61 46 -0.021802
62 46 -0.061738
63 46 -0.339746
64 46 -0.118036
65 46 0.000045
66 46 -0.194056
67 46 -0.020357
68 46 0.241427
69 46 0.441016
70 46 0.034101
71 46 -0.232494
72 46 -0.300157
73 46 0.183911
74 46 0.141286
75 46 -0.273026
76 46 0.070114
77 46 -0.061647
78 46 0.005477
79 46 0.282158
80 46 -0.006670
81 46 -0.100633
82 46 0.095943
83 46 -0.302503
84 46 0.275680
85 46 -0.039996
86 46 -0.247761
87 46 0.666443
88 46 0.282128
89 46 0.033788
90 46 -0.110908
91 46 -0.007890
92 46 0.143354
93 46 -0.204660
94 46 0.282385
95 46 -0.084669
96 46 -0.305994
97 46 0.382397
98 46 0.283424
99 46 -0.241621
100 46 0.230644
101 46 -0.039348
102 46 -0.037234
103 46 0.027866
104 46 -0.050616
105 46 -0.646224
106 46 -0.054800
107 46 0.044270
108 46 -0.126647
109 46 0.053736
110 46 -0.176853
111 46 0.287943
112 46 0.017623
113 46 0.119337
114 46 0.071987
115 46 -0.511504
116 46 -0.170171
117 46 0.078467
118 46 -0.164829
119 46 0.101022
120 46 0.385574
121 46 0.175395
122 46 -0.021694
123 46 0.039327
124 46 -0.280541
125 46 -0.346342
126 46 0.241934
127 46 -0.147896

0 47 -0.215933
1 47 -0.140243
2 47 -0.270337
3 47 0.103487
4 47 0.021688
5 47 -0.122445
6 47 -0.071188
7 47 -0.105154
8 47 -0.146701
9 47 0.186928
10 47 0.051651
11 47 -0.325756
12 47 -0.114932
13 47 0.028128
14 47 0.159338
15 47 -0.076262
16 47 -0.187026
17 47 0.001721
18 47 -0.114201
19 47 -0.189472
20 47 0.108640
21 47 0.122261
22 47 0.088420
23 47 0.529519
24 47 -0.068601
25 47 -0.041300
26 47 -0.005801
27 47 0.068585
28 47 0.282718
29 47 0.154370
30 47 0.181841
31 47 -0.072671
32 47 -0.180765
33 47 -0.003314
34 47 0.316993
35 47 -0.170686
36 47 0.272841
37 47 0.289802
38 47 0.134317
39 47 -0.167449
40 47 -0.275962
41 47 -0.229737
42 47 -0.105566
43 47 -0.052963
44 47 -0.264114
45 47 0.239781
46 47 0.047582
47 47 -0.124927
48 47 -0.120938
49 47 0.079714
50 47 -0.115603
51 47 -0.098144
52 47 -0.132231
53 47 -0.132830
54 47 -0.057674
55 47 -0.028238
56 47 0.016426
57 47 -0.354400
58 47 -0.020144
59 47 0.168879
60 47 -0.112017
61 47 0.105839
62 47 -0.026095
63 47 -0.271410
64 47 -0.064856
65 47 -0.032351
66 47 -0.239183
67 47 -0.030310
68 47 0.092162
69 47 0.244388
70 47 0.052970
71 47 -0.177588
72 47 -0.177032
73 47 0.142348
74 47 0.079469
75 47 -0.015996
76 47 0.013276
77 47 -0.030179
78 47 0.059002
79 47 0.163091
80 47 -0.000442
81 47 -0.002000
82 47 0.206691
83 47 -0.258694
84 47 0.279116
85 47 0.067098
86 47 -0.221665
87 47 0.502985
88 47 0.134012
89 47 0.017603
90 47 0.030867
91 47 -0.000873
92 47 0.130015
93 47 -0.067420
94 47 0.292109
95 47 -0.189313
96 47 -0.217339
97 47 0.349304
98 47 0.165108
99 47 -0.245759
100 47 0.125389
101 47 -0.076418
102 47 0.060809
103 47 -0.100829
104 47 -0.030093
105 47 -0.401025
106 47 -0.054859
107 47 0.036716
108 47 -0.145156
109 47 0.046328
110 47 -0.228518
111 47 0.243790
112 47 -0.067171
113 47 0.192637
114 47 -0.028998
115 47 -0.269754
116 47 -0.068206
117 47 0.048208
118 47 -0.159616
119 47 -0.086612
120 47 0.277461
121 47 0.093835
122 47 -0.032968
123 47 0.056983
124 47 -0.188043
125 47 -0.381274
126 47 0.243679
127 47 -0.124865

0 48 -0.134046
1 48 -0.397517
2 48 -0.541199
3 48 0.309923
4 48 0.108112
5 48 0.511511
6 48 -0.248237
7 48 -0.476760
8 48 0.056286
9 48 0.147322
10 48 0.598116
11 48 -0.769747
12 48 0.102285
13 48 0.400212
14 48 0.081673
15 48 -0.037920
16 48 0.592536
17 48 0.067740
18 48 -0.435969
19 48 0.245897
20 48 0.394809
21 48 -0.130644
22 48 -0.774316
23 48 0.317838
24 48 0.021032
25 48 -0.278162
26 48 0.095869
27 48 0.566033
28 48 0.264060
29 48 -0.162935
30 48 0.031034
31 48 -0.691889
32 48 -0.036077
33 48 -0.318163
34 48 -0.124089
35 48 -0.038531
36 48 0.227276
37 48 -0.107189
38 48 -0.540486
39 48 -0.024792
40 48 -0.430823
41 48 0.273310
42 48 -0.314639
43 48 0.023356
44 48 -0.084751
45 48 0.158917
46 48 -0.517476
47 48 -0.490658
48 48 -0.203945
49 48 -0.217606
50 48 0.454758
51 48 0.068690
52 48 -0.276634
53 48 -0.698378
54 48 0.074316
55 48 -0.161315
56 48 0.178889
57 48 0.546195
58 48 0.036312
59 48 0.141253
60 48 0.440304
61 48 0.158474
62 48 0.087166
63 48 0.134749
64 48 0.163878
65 48 -0.317628
66 48 0.545263
67 48 -0.055284
68 48 0.184024
69 48 -0.123873
70 48 -0.014933
71 48 -0.040147
72 48 0.144548
73 48 -0.431930
74 48 -0.376480
75 48 0.076670
76 48 0.006829
77 48 -0.155812
78 48 0.421764
79 48 0.305390
80 48 0.325803
81 48 -0.190346
82 48 -0.096354
83 48 -0.201654
84 48 -0.267416
85 48 0.452558
86 48 0.055278
87 48 0.122915
88 48 0.252828
89 48 -0.270571
90 48 0.656948
91 48 0.099737
92 48 -0.380153
93 48 0.210981
94 48 -0.580818
95 48 -0.201006
96 48 -0.199846
97 48 0.358880
98 48 0.636385
99 48 -0.384148
100 48 0.586251
101 48 -0.158525
102 48 -0.094383
103 48 -0.112605
104 48 0.191639
105 48 -0.451273
106 48 0.140873
107 48 0.030023
108 48 -0.306417
109 48 0.284571
110 48 0.079916
111 48 -0.201235
112 48 -0.039812
113 48 0.084549
114 48 -0.482061
115 48 -0.188849
116 48 -0.304227
117 48 -0.287869
118 48 0.054388
119 48 0.063059
120 48 0.023669
121 48 -0.570835
122 48 -0.319197
123 48 0.437019
124 48 0.084966
125 48 0.052338
126 48 0.135698
127 48 0.415777

0 49 -0.051692
1 49 -0.315477
2 49 -0.423371
3 49 0.303721
4 49 0.111012
5 49 0.572751
6 49 -0.154643
7 49 -0.326155
8 49 -0.061897
9 49 0.005712
10 49 0.501082
11 49 -0.588707
12 49 0.148954
13 49 0.401215
14 49 -0.026163
15 49 -0.047644
16 49 0.476582
17 49 0.111811
18 49 -0.432192
19 49 0.271222
20 49 0.355396
21 49 -0.141367
22 49 -0.669477
23 49 0.248632
24 49 0.018753
25 49 -0.089724
26 49 -0.013656
27 49 0.300948
28 49 0.226726
29 49 -0.133325
30 49 -0.115926
31 49 -0.653377
32 49 -0.034812
33 49 -0.360735
34 49 -0.145239
35 49 -0.019041
36 49 0.118396
37 49 -0.211867
38 49 -0.358720
39 49 -0.039286
40 49 -0.316831
41 49 0.365404
42 49 -0.156506
43 49 -0.085598
44 49 -0.036938
45 49 0.160511
46 49 -0.574965
47 49 -0.298834
48 49 -0.085390
49 49 -0.104231
50 49 0.287899
51 49 -0.003712
52 49 -0.291939
53 49 -0.613197
54 49 -0.060400
55 49 -0.239677
56 49 0.059772
57 49 0.420556
58 49 0.047201
59 49 0.142909
60 49 0.409321
61 49 0.195196
62 49 0.053672
63 49 0.070912
64 49 0.148345
65 49 -0.398011
66 49 0.554904
67 49 -0.027426
68 49 0.223324
69 49 0.011477
70 49 -0.053791
71 49 -0.155618
72 49 -0.061431
73 49 -0.319893
74 49 -0.338497
75 49 0.096024
76 49 0.064067
77 49 -0.036637
78 49 0.309560
79 49 0.286608
80 49 0.174492
81 49 -0.116127
82 49 -0.160835
83 49 -0.214805
84 49 -0.257034
85 49 0.336638
86 49 -0.158666
87 49 0.177142
88 49 0.136646
89 49 -0.187027
90 49 0.414450
91 49 0.101162
92 49 -0.325175
93 49 0.062583
94 49 -0.601572
95 49 -0.045750
96 49 -0.206793
97 49 0.210830
98 49 0.633312
99 49 -0.190290
100 49 0.457254
101 49 -0.207853
102 49 -0.021841
103 49 0.042407
104 49 0.102458
105 49 -0.428378
106 49 0.399478
107 49 -0.057684
108 49 -0.235552
109 49 0.161775
110 49 -0.004631
111 49 -0.194878
112 49 -0.129086
113 49 0.145932
114 49 -0.589855
115 49 -0.105477
116 49 -0.217330
117 49 -0.331284
118 49 0.022203
119 49 0.254455
120 49 0.014286
121 49 -0.278931
122 49 -0.247907
123 49 0.386711
124 49 0.088263
125 49 0.141825
126 49 -0.006692
127 49 0.333805

0 50 -0.023901
1 50 -0.016355
2 50 -0.126099
3 50 -0.171167
4 50 0.195703
5 50 -0.067974
6 50 0.170109
7 50 -0.139169
8 50 -0.145446
9 50 0.119948
10 50 0.167782
11 50 0.103862
12 50 -0.080703
13 50 0.260368
14 50 -0.023234
15 50 -0.122509
16 50 0.109954
17 50 0.061166
18 50 0.025457
19 50 0.058174
20 50 -0.183826
21 50 -0.231789
22 50 -0.134928
23 50 0.290451
24 50 0.155864
25 50 0.109777
26 50 -0.180721
27 50 0.004846
28 50 0.033381
29 50 -0.179457
30 50 -0.081838
31 50 -0.003817
32 50 0.067043
33 50 0.128221
34 50 -0.356178
35 50 0.111613
36 50 0.252925
37 50 0.036658
38 50 0.086322
39 50 -0.108985
40 50 -0.246939
41 50 -0.000378
42 50 -0.155133
43 50 -0.134122
44 50 0.006797
45 50 0.056000
46 50 -0.069717
47 50 0.202721
48 50 0.143999
49 50 -0.233028
50 50 -0.029470
51 50 -0.377638
52 50 -0.021065
53 50 -0.309216
54 50 -0.370272
55 50 -0.102421
56 50 0.270755
57 50 -0.067637
58 50 -0.170676
59 50 0.097407
60 50 -0.196745
61 50 0.264032
62 50 0.013351
63 50 -0.256083
64 50 0.067843
65 50 0.120609
66 50 -0.109416
67 50 -0.016647
68 50 0.190081
69 50 -0.296705
70 50 0.297244
71 50 -0.096093
72 50 -0.255635
73 50 -0.109775
74 50 0.092203
75 50 0.046925
76 50 0.004614
77 50 -0.299763
78 50 0.157501
79 50 -0.141755
80 50 -0.152840
81 50 -0.120580
82 50 0.136047
83 50 -0.082374
84 50 0.050305
85 50 0.299030
86 50 -0.270985
87 50 0.337851
88 50 -0.134086
89 50 0.143541
90 50 0.076333
91 50 -0.095866
92 50 0.048586
93 50 -0.058258
94 50 -0.182732
95 50 0.019522
96 50 -0.268944
97 50 0.168600
98 50 0.048511
99 50 -0.178796
100 50 -0.028962
101 50 -0.147940
102 50 0.447272
103 50 -0.266339
104 50 0.109499
105 50 -0.047920
106 50 0.034111
107 50 0.179655
108 50 -0.333513
109 50 0.171104
110 50 -0.112256
111 50 0.129059
112 50 -0.021788
113 50 0.081484
114 50 -0.318313
115 50 0.074436
116 50 -0.135441
117 50 -0.001649
118 50 0.056236
119 50 0.188578
120 50 -0.072387
121 50 -0.074588
122 50 -0.106468
123 50 0.204572
124 50 -0.178584
125 50 0.062821
126 50 0.163257
127 50 0.309408

0 51 0.074151
1 51 0.039763
2 51 -0.084860
3 51 -0.219773
4 51 0.132895
5 51 -0.100016
6 51 0.130486
7 51 -0.044658
8 51 -0.172476
9 51 0.075288
10 51 0.199525
11 51 0.238113
12 51 -0.045284
13 51 0.197679
14 51 0.023911
15 51 -0.122599
16 51 -0.009243
17 51 0.107715
18 51 0.101592
19 51 0.092678
20 51 -0.147035
21 51 -0.258314
22 51 -0.044452
23 51 0.187981
24 51 0.127232
25 51 0.148884
26 51 -0.200374
27 51 -0.045741
28 51 0.000741
29 51 -0.212441
30 51 -0.161970
31 51 0.042118
32 51 0.124916
33 51 0.154587
34 51 -0.394508
35 51 0.120647
36 51 0.166222
37 51 0.003595
38 51 0.064315
39 51 -0.038517
40 51 -0.192169
41 51 0.061554
42 51 -0.137442
43 51 -0.188909
44 51 0.040286
45 51 0.047666
46 51 -0.031610
47 51 0.262401
48 51 0.172850
49 51 -0.104589
50 51 -0.002130
51 51 -0.323885
52 51 -0.001040
53 51 -0.244948
54 51 -0.424242
55 51 -0.130080
56 51 0.265791
57 51 -0.086876
58 51 -0.161090
59 51 0.018326
60 51 -0.244923
61 51 0.242049
62 51 0.043916
63 51 -0.270533
64 51 0.046848
65 51 0.172775
66 51 -0.038120
67 51 0.042515
68 51 0.154271
69 51 -0.388096
70 51 0.238269
71 51 -0.065410
72 51 -0.306474
73 51 -0.093410
74 51 0.004558
75 51 0.058797
76 51 0.050809
77 51 -0.212545
78 51 0.067801
79 51 -0.146957
80 51 -0.168830
81 51 -0.055643
82 51 0.105194
83 51 -0.041210
84 51 0.008291
85 51 0.227228
86 51 -0.301309
87 51 0.246646
88 51 -0.156666
89 51 0.237996
90 51 -0.063242
91 51 -0.063698
92 51 0.093413
93 51 -0.057425
94 51 -0.105612
95 51 0.124940
96 51 -0.249051
97 51 0.105209
98 51 -0.012129
99 51 -0.118744
100 51 -0.106144
101 51 -0.074167
102 51 0.458900
103 51 -0.278389
104 51 0.131555
105 51 -0.011001
106 51 0.156308
107 51 0.208582
108 51 -0.319250
109 51 0.150016
110 51 -0.226690
111 51 0.130457
112 51 0.008982
113 51 0.118113
114 51 -0.291997
115 51 0.159313
116 51 -0.061850
117 51 0.007975
118 51 0.110976
119 51 0.280677
120 51 -0.071696
121 51 0.034861
122 51 -0.110837
123 51 0.103116
124 51 -0.203874
125 51 0.103794
126 51 0.078474
127 51 0.232919

0 52 -0.072164
1 52 -0.158316
2 52 0.035179
3 52 -0.071281
4 52 0.007032
5 52 -0.109406
6 52 0.048407
7 52 -0.010463
8 52 -0.146237
9 52 0.291903
10 52 0.431605
11 52 0.267119
12 52 -0.156770
13 52 0.024487
14 52 -0.111894
15 52 -0.442780
16 52 -0.256273
17 52 -0.054743
18 52 0.087349
19 52 -0.202714
20 52 -0.094212
21 52 -0.134108
22 52 0.003834
23 52 0.279823
24 52 0.077739
25 52 0.013514
26 52 -0.151646
27 52 -0.106420
28 52 0.117836
29 52 -0.140159
30 52 -0.008083
31 52 0.038213
32 52 -0.115946
33 52 0.234064
34 52 -0.332267
35 52 0.247600
36 52 0.401558
37 52 0.375880
38 52 0.144201
39 52 -0.266280
40 52 -0.102487
41 52 -0.278061
42 52 -0.191338
43 52 -0.262767
44 52 -0.122948
45 52 0.062275
46 52 -0.230286
47 52 0.117241
48 52 0.100314
49 52 -0.047765
50 52 -0.094252
51 52 -0.201291
52 52 -0.126903
53 52 -0.086958
54 52 -0.003454
55 52 -0.112214
56 52 0.031341
57 52 -0.119339
58 52 -0.233681
59 52 0.126253
60 52 -0.381160
61 52 0.155295
62 52 -0.075919
63 52 -0.298781
64 52 0.031490
65 52 0.170441
66 52 -0.179291
67 52 0.030211
68 52 0.255276
69 52 -0.031319
70 52 -0.072294
71 52 -0.176532
72 52 -0.219244
73 52 0.074158
74 52 0.031065
75 52 0.037690
76 52 -0.074877
77 52 -0.260546
78 52 0.196552
79 52 -0.351271
80 52 -0.208694
81 52 -0.233765
82 52 0.272550
83 52 -0.136036
84 52 0.302488
85 52 0.174226
86 52 -0.164607
87 52 0.277532
88 52 -0.048861
89 52 0.178687
90 52 0.056637
91 52 -0.159129
92 52 -0.261186
93 52 0.115397
94 52 -0.039870
95 52 0.020154
96 52 -0.243066
97 52 0.532463
98 52 0.242188
99 52 -0.224015
100 52 0.003270
101 52 -0.098289
102 52 0.393787
103 52 -0.336125
104 52 0.040397
105 52 -0.023567
106 52 0.100836
107 52 0.260448
108 52 -0.320085
109 52 0.217463
110 52 -0.313998
111 52 0.201247
112 52 0.070854
113 52 0.207402
114 52 -0.130702
115 52 -0.030874
116 52 -0.089691
117 52 0.083946
118 52 -0.082429
119 52 -0.095204
120 52 -0.209608
121 52 0.107127
122 52 -0.119888
123 52 0.154050
124 52 -0.421517
125 52 -0.228786
126 52 0.330441
127 52 0.136216

0 53 -0.207992
1 53 -0.113152
2 53 0.081084
3 53 -0.055395
4 53 0.009900
5 53 -0.163113
6 53 -0.056269
7 53 0.094203
8 53 -0.075265
9 53 0.215642
10 53 0.367340
11 53 0.177426
12 53 -0.135231
13 53 0.023680
14 53 0.045999
15 53 -0.388518
16 53 -0.159875
17 53 -0.011000
18 53 0.045430
19 53 -0.394420
20 53 -0.056364
21 53 0.015207
22 53 0.015615
23 53 0.230250
24 53 0.086656
25 53 -0.069901
26 53 -0.192766
27 53 -0.013094
28 53 0.228284
29 53 -0.020382
30 53 0.028740
31 53 0.013824
32 53 -0.053040
33 53 0.058705
34 53 -0.210008
35 53 0.192419
36 53 0.432901
37 53 0.392498
38 53 0.198197
39 53 -0.152339
40 53 -0.185675
41 53 -0.258363
42 53 -0.158084
43 53 -0.248779
44 53 -0.099590
45 53 0.025339
46 53 -0.153802
47 53 0.066446
48 53 -0.002829
49 53 -0.042626
50 53 -0.013534
51 53 -0.124886
52 53 -0.137753
53 53 0.033639
54 53 0.085261
55 53 -0.185280
56 53 0.034409
57 53 -0.111685
58 53 -0.244243
59 53 0.060230
60 53 -0.244294
61 53 0.178229
62 53 -0.080179
63 53 -0.317132
64 53 0.008768
65 53 0.153598
66 53 -0.174028
67 53 0.032871
68 53 0.181127
69 53 -0.044206
70 53 0.004980
71 53 -0.109958
72 53 -0.048431
73 53 0.113101
74 53 -0.018398
75 53 0.127697
76 53 -0.091691
77 53 -0.210605
78 53 0.268089
79 53 -0.311280
80 53 -0.123421
81 53 -0.144568
82 53 0.295041
83 53 -0.121155
84 53 0.292379
85 53 0.189065
86 53 -0.022131
87 53 0.234365
88 53 -0.110845
89 53 0.165445
90 53 0.165933
91 53 -0.132569
92 53 -0.269633
93 53 0.205952
94 53 0.042297
95 53 -0.044535
96 53 -0.225444
97 53 0.506905
98 53 0.087474
99 53 -0.237635
100 53 -0.100734
101 53 -0.062492
102 53 0.298512
103 53 -0.369762
104 53 0.068619
105 53 0.150511
106 53 0.086825
107 53 0.324926
108 53 -0.223357
109 53 0.216036
110 53 -0.409847
111 53 0.124062
112 53 -0.001220
113 53 0.237260
114 53 -0.182452
115 53 0.074909
116 53 0.050552
117 53 0.064801
118 53 -0.105194
119 53 -0.209942
120 53 -0.180517
121 53 0.028851
122 53 -0.079377
123 53 0.083783
124 53 -0.403943
125 53 -0.344461
126 53 0.358637
127 53 0.087564

0 54 -0.032923
1 54 -0.038082
2 54 -0.377750
3 54 0.097059
4 54 0.090765
5 54 0.097746
6 54 0.020983
7 54 -0.056665
8 54 0.077537
9 54 0.259521
10 54 0.432514
11 54 -0.186415
12 54 -0.014016
13 54 0.168262
14 54 0.065844
15 54 -0.088694
16 54 0.250717
17 54 0.101806
18 54 -0.115198
19 54 -0.108542
20 54 0.109100
21 54 -0.218597
22 54 -0.167272
23 54 0.298360
24 54 0.083852
25 54 -0.131758
26 54 0.038134
27 54 0.308171
28 54 0.113585
29 54 -0.064401
30 54 0.078581
31 54 -0.003762
32 54 -0.116369
33 54 -0.106054
34 54 -0.209287
35 54 -0.172617
36 54 0.289168
37 54 0.189225
38 54 -0.088440
39 54 -0.235650
40 54 -0.292137
41 54 0.019476
42 54 -0.228808
43 54 -0.247714
44 54 -0.051669
45 54 0.230417
46 54 -0.066781
47 54 -0.063845
48 54 0.005458
49 54 -0.264393
50 54 0.040587
51 54 -0.160747
52 54 0.137640
53 54 -0.360955
54 54 -0.208739
55 54 -0.065871
56 54 0.311470
57 54 0.048640
58 54 -0.066190
59 54 0.147744
60 54 -0.083160
61 54 0.285344
62 54 -0.036953
63 54 -0.292489
64 54 0.066346
65 54 0.090644
66 54 -0.058959
67 54 -0.108381
68 54 0.291467
69 54 0.039298
70 54 0.131197
71 54 -0.216234
72 54 0.038826
73 54 -0.177632
74 54 -0.018952
75 54 -0.082635
76 54 0.084379
77 54 -0.132634
78 54 0.156812
79 54 -0.049062
80 54 -0.021506
81 54 -0.251240
82 54 0.136767
83 54 -0.096961
84 54 0.009769
85 54 0.288823
86 54 -0.142982
87 54 0.375434
88 54 0.066542
89 54 -0.023471
90 54 0.094287
91 54 -0.010772
92 54 -0.032399
93 54 0.013970
94 54 -0.237012
95 54 -0.056424
96 54 -0.078246
97 54 0.276954
98 54 0.199156
99 54 -0.260486
100 54 0.080647
101 54 -0.207234
102 54 0.238738
103 54 -0.257785
104 54 0.080748
105 54 -0.130311
106 54 -0.098471
107 54 0.204641
108 54 -0.200034
109 54 0.301567
110 54 -0.172902
111 54 0.076961
112 54 0.107350
113 54 0.149804
114 54 -0.191109
115 54 -0.109004
116 54 -0.154808
117 54 0.003388
118 54 0.020379
119 54 -0.010255
120 54 -0.177194
121 54 -0.114185
122 54 -0.234731
123 54 0.198152
124 54 -0.197723
125 54 -0.208630
126 54 0.282078
127 54 0.301176

0 55 -0.161839
1 55 -0.041961
2 55 -0.218919
3 55 0.041205
4 55 0.050209
5 55 0.163046
6 55 0.098542
7 55 -0.091801
8 55 0.022608
9 55 0.104666
10 55 0.382246
11 55 -0.046172
12 55 -0.045909
13 55 0.149514
14 55 0.042161
15 55 -0.077889
16 55 0.198648
17 55 0.173264
18 55 -0.008010
19 55 -0.178078
20 55 0.054773
21 55 -0.155676
22 55 -0.085491
23 55 0.248007
24 55 0.070828
25 55 -0.027511
26 55 0.010168
27 55 0.285796
28 55 0.236287
29 55 -0.013632
30 55 0.109519
31 55 -0.033619
32 55 -0.156771
33 55 -0.125683
34 55 -0.250338
35 55 -0.199360
36 55 0.275657
37 55 0.129555
38 55 -0.058213
39 55 -0.148812
40 55 -0.169774
41 55 0.119863
42 55 -0.131647
43 55 -0.247552
44 55 0.002475
45 55 0.197346
46 55 -0.033121
47 55 0.012277
48 55 0.008277
49 55 -0.283847
50 55 -0.010414
51 55 -0.115742
52 55 0.117389
53 55 -0.245214
54 55 -0.171753
55 55 -0.105082
56 55 0.232985
57 55 0.039501
58 55 -0.072943
59 55 0.177574
60 55 -0.082372
61 55 0.241265
62 55 -0.109914
63 55 -0.174016
64 55 0.084381
65 55 0.011285
66 55 -0.145966
67 55 -0.086765
68 55 0.364114
69 55 0.021780
70 55 0.298295
71 55 -0.213550
72 55 0.026276
73 55 -0.118295
74 55 -0.001153
75 55 0.000974
76 55 0.122310
77 55 -0.103378
78 55 0.297684
79 55 -0.049197
80 55 -0.098242
81 55 -0.181179
82 55 -0.017703
83 55 -0.069234
84 55 0.025057
85 55 0.293991
86 55 -0.219946
87 55 0.384804
88 55 -0.096144
89 55 -0.027008
90 55 0.120462
91 55 -0.071774
92 55 -0.072079
93 55 -0.140647
94 55 -0.274176
95 55 -0.080523
96 55 -0.070664
97 55 0.112753
98 55 0.163485
99 55 -0.245081
100 55 0.007525
101 55 -0.208428
102 55 0.229415
103 55 -0.136161
104 55 0.132183
105 55 -0.075648
106 55 0.002547
107 55 0.130481
108 55 -0.103886
109 55 0.260711
110 55 -0.184206
111 55 -0.054594
112 55 0.046709
113 55 0.149198
114 55 -0.238831
115 55 0.004344
116 55 -0.070559
117 55 0.032481
118 55 0.037058
119 55 0.048156
120 55 -0.185461
121 55 -0.013351
122 55 -0.122472
123 55 0.153134
124 55 -0.172775
125 55 -0.126999
126 55 0.186960
127 55 0.251018

0 56 -0.015939
1 56 -0.148192
2 56 0.179909
3 56 -0.098923
4 56 -0.085091
5 56 -0.160865
6 56 -0.049727
7 56 0.136379
8 56 -0.206772
9 56 0.205982
10 56 0.290257
11 56 0.320755
12 56 -0.117535
13 56 -0.042581
14 56 0.015003
15 56 -0.448987
16 56 -0.317033
17 56 -0.014662
18 56 0.091130
19 56 -0.272676
20 56 0.047759
21 56 -0.083151
22 56 0.094622
23 56 0.190273
24 56 0.075196
25 56 -0.023461
26 56 -0.085479
27 56 -0.225703
28 56 0.091736
29 56 -0.061808
30 56 -0.073261
31 56 0.086166
32 56 -0.108823
33 56 0.142718
34 56 -0.310782
35 56 0.280805
36 56 0.349116
37 56 0.344569
38 56 0.108945
39 56 -0.119372
40 56 -0.080027
41 56 -0.194641
42 56 -0.161955
43 56 -0.267839
44 56 -0.138419
45 56 0.071519
46 56 -0.204339
47 56 0.138030
48 56 0.106909
49 56 -0.015832
50 56 -0.104362
51 56 -0.147715
52 56 -0.114606
53 56 -0.025377
54 56 -0.000396
55 56 -0.142357
56 56 -0.038766
57 56 -0.178018
58 56 -0.128861
59 56 0.023127
60 56 -0.374492
61 56 0.055948
62 56 -0.041917
63 56 -0.315838
64 56 -0.026819
65 56 0.114297
66 56 -0.196910
67 56 0.108486
68 56 0.201677
69 56 -0.082883
70 56 -0.027318
71 56 -0.125705
72 56 -0.191570
73 56 0.194026
74 56 -0.006540
75 56 -0.023203
76 56 -0.072418
77 56 -0.168908
78 56 0.042407
79 56 -0.290762
80 56 -0.203062
81 56 -0.158955
82 56 0.139749
83 56 -0.013755
84 56 0.312590
85 56 0.060348
86 56 -0.138474
87 56 0.205320
88 56 -0.045580
89 56 0.259319
90 56 -0.070993
91 56 -0.159267
92 56 -0.223078
93 56 0.042140
94 56 0.131323
95 56 0.071258
96 56 -0.197686
97 56 0.350993
98 56 0.142314
99 56 -0.166435
100 56 -0.114462
101 56 0.034030
102 56 0.355007
103 56 -0.235814
104 56 0.021292
105 56 0.029088
106 56 0.127279
107 56 0.306387
108 56 -0.181165
109 56 0.176613
110 56 -0.423167
111 56 0.180862
112 56 0.072913
113 56 0.201583
114 56 -0.109944
115 56 0.035566
116 56 -0.033197
117 56 0.068224
118 56 -0.018014
119 56 -0.031640
120 56 -0.137725
121 56 0.200268
122 56 -0.116126
123 56 -0.034726
124 56 -0.412780
125 56 -0.197849
126 56 0.307776
127 56 0.061043

0 57 0.033357
1 57 -0.185552
2 57 0.024322
3 57 0.066132
4 57 -0.016961
5 57 -0.189792
6 57 -0.087061
7 57 0.133046
8 57 -0.320604
9 57 0.406888
10 57 0.416800
11 57 0.105864
12 57 -0.116879
13 57 -0.033919
14 57 0.120316
15 57 -0.493684
16 57 -0.200589
17 57 0.009657
18 57 -0.101748
19 57 -0.279376
20 57 0.203173
21 57 -0.107367
22 57 0.008209
23 57 0.417268
24 57 0.191639
25 57 -0.106262
26 57 0.000987
27 57 -0.046885
28 57 0.130705
29 57 -0.029793
30 57 -0.001072
31 57 -0.046378
32 57 -0.150750
33 57 0.034374
34 57 -0.035699
35 57 0.223456
36 57 0.367680
37 57 0.337258
38 57 0.182721
39 57 -0.164277
40 57 -0.377402
41 57 -0.362828
42 57 -0.310920
43 57 -0.276279
44 57 -0.280305
45 57 0.086241
46 57 -0.298798
47 57 0.072848
48 57 -0.019610
49 57 0.011396
50 57 -0.008316
51 57 -0.257669
52 57 -0.151998
53 57 -0.138499
54 57 -0.109820
55 57 -0.194795
56 57 0.145606
57 57 -0.205714
58 57 -0.118780
59 57 -0.011358
60 57 -0.269389
61 57 0.144351
62 57 0.080249
63 57 -0.425788
64 57 -0.025237
65 57 0.183314
66 57 -0.151885
67 57 0.021125
68 57 0.145359
69 57 0.059015
70 57 -0.050536
71 57 -0.200758
72 57 -0.118332
73 57 0.062719
74 57 -0.113373
75 57 -0.086205
76 57 -0.100110
77 57 -0.233404
78 57 0.099853
79 57 -0.095493
80 57 0.004486
81 57 -0.199700
82 57 0.275589
83 57 -0.294542
84 57 0.321810
85 57 0.128354
86 57 -0.154804
87 57 0.323681
88 57 0.130424
89 57 0.263053
90 57 0.015800
91 57 -0.015396
92 57 -0.144943
93 57 0.237122
94 57 0.223721
95 57 0.069902
96 57 -0.223238
97 57 0.583267
98 57 0.198959
99 57 -0.158796
100 57 0.011992
101 57 -0.069370
102 57 0.314065
103 57 -0.454563
104 57 -0.101803
105 57 -0.056284
106 57 0.101209
107 57 0.242531
108 57 -0.217865
109 57 0.324324
110 57 -0.530292
111 57 0.306710
112 57 0.078563
113 57 0.119038
114 57 -0.186275
115 57 -0.083945
116 57 -0.254575
117 57 0.018600
118 57 0.055266
119 57 -0.153665
120 57 -0.014448
121 57 0.055854
122 57 -0.280191
123 57 -0.041344
124 57 -0.487520
125 57 -0.422889
126 57 0.498021
127 57 0.059788

0 58 -0.053495
1 58 -0.101876
2 58 -0.116016
3 58 -0.036952
4 58 -0.010875
5 58 -0.039708
6 58 0.001876
7 58 -0.018752
8 58 0.013843
9 58 0.266980
10 58 0.383458
11 58 0.144259
12 58 -0.091524
13 58 0.041644
14 58 -0.014131
15 58 -0.342053
16 58 -0.037056
17 58 0.021322
18 58 0.041101
19 58 -0.173089
20 58 0.028189
21 58 -0.128703
22 58 -0.088002
23 58 0.285821
24 58 0.030159
25 58 -0.001511
26 58 -0.025621
27 58 0.030287
28 58 0.105537
29 58 -0.049158
30 58 0.018287
31 58 -0.025422
32 58 -0.187101
33 58 0.123847
34 58 -0.242151
35 58 0.082071
36 58 0.365236
37 58 0.232641
38 58 0.049697
39 58 -0.207842
40 58 -0.149334
41 58 -0.104490
42 58 -0.160005
43 58 -0.272072
44 58 -0.061315
45 58 0.137862
46 58 -0.093151
47 58 0.103328
48 58 0.042887
49 58 -0.153684
50 58 -0.067814
51 58 -0.186839
52 58 0.002499
53 58 -0.111570
54 58 -0.092834
55 58 -0.070588
56 58 0.097750
57 58 -0.116163
58 58 -0.149296
59 58 0.085845
60 58 -0.333284
61 58 0.115950
62 58 -0.108289
63 58 -0.234898
64 58 0.032696
65 58 0.117641
66 58 -0.169921
67 58 0.052171
68 58 0.273581
69 58 0.057010
70 58 0.065187
71 58 -0.239288
72 58 -0.188026
73 58 0.024348
74 58 0.046408
75 58 -0.014783
76 58 0.053203
77 58 -0.224941
78 58 0.133532
79 58 -0.253240
80 58 -0.139001
81 58 -0.221616
82 58 0.151516
83 58 -0.121779
84 58 0.176008
85 58 0.152915
86 58 -0.214249
87 58 0.326288
88 58 0.004008
89 58 0.049229
90 58 -0.006852
91 58 -0.088871
92 58 -0.160518
93 58 0.038936
94 58 -0.051264
95 58 0.027957
96 58 -0.107860
97 58 0.440389
98 58 0.198715
99 58 -0.222448
100 58 0.029132
101 58 -0.118551
102 58 0.322935
103 58 -0.233738
104 58 0.067066
105 58 -0.138377
106 58 0.058209
107 58 0.259182
108 58 -0.205307
109 58 0.212100
110 58 -0.199216
111 58 0.129861
112 58 0.039924
113 58 0.109631
114 58 -0.087568
115 58 -0.038167
116 58 -0.108104
117 58 0.055465
118 58 -0.008425
119 58 -0.058510
120 58 -0.174709
121 58 0.034352
122 58 -0.170245
123 58 0.116254
124 58 -0.336837
125 58 -0.203506
126 58 0.288511
127 58 0.111187

0 59 -0.197244
1 59 -0.028342
2 59 -0.104306
3 59 -0.163695
4 59 0.063417
5 59 -0.094122
6 59 -0.004652
7 59 -0.030374
8 59 0.066933
9 59 0.146323
10 59 0.291559
11 59 0.148110
12 59 -0.124701
13 59 0.079017
14 59 0.002243
15 59 -0.247885
16 59 0.081024
17 59 0.083125
18 59 0.081522
19 59 -0.236840
20 59 -0.066701
21 59 0.007622
22 59 -0.079594
23 59 0.167534
24 59 0.045484
25 59 0.003484
26 59 -0.102342
27 59 0.133847
28 59 0.157529
29 59 -0.019047
30 59 0.028659
31 59 0.007729
32 59 -0.091452
33 59 0.048360
34 59 -0.279791
35 59 0.034099
36 59 0.330175
37 59 0.203925
38 59 0.068909
39 59 -0.109229
40 59 -0.104365
41 59 -0.044141
42 59 -0.096569
43 59 -0.206616
44 59 0.017679
45 59 0.093433
46 59 0.019416
47 59 0.025496
48 59 0.090777
49 59 -0.160965
50 59 -0.022804
51 59 -0.098288
52 59 0.023946
53 59 -0.056858
54 59 -0.006639
55 59 -0.097507
56 59 0.119723
57 59 -0.024697
58 59 -0.226396
59 59 0.058529
60 59 -0.249020
61 59 0.136789
62 59 -0.149372
63 59 -0.210534
64 59 0.011533
65 59 0.115197
66 59 -0.195938
67 59 0.083635
68 59 0.190747
69 59 -0.120123
70 59 0.105561
71 59 -0.110006
72 59 -0.042057
73 59 0.031784
74 59 0.080981
75 59 0.091709
76 59 0.057980
77 59 -0.176908
78 59 0.184329
79 59 -0.294898
80 59 -0.169196
81 59 -0.133094
82 59 0.197298
83 59 -0.065422
84 59 0.111919
85 59 0.169880
86 59 -0.093560
87 59 0.195387
88 59 -0.062352
89 59 0.047024
90 59 0.112625
91 59 -0.113853
92 59 -0.141685
93 59 0.047342
94 59 -0.106382
95 59 -0.064579
96 59 -0.142337
97 59 0.265995
98 59 0.039776
99 59 -0.211838
100 59 -0.134135
101 59 -0.065402
102 59 0.314321
103 59 -0.169676
104 59 0.192823
105 59 0.115997
106 59 0.071909
107 59 0.253597
108 59 -0.163564
109 59 0.160985
110 59 -0.164447
111 59 0.065514
112 59 -0.047576
113 59 0.202402
114 59 -0.160115
115 59 0.131795
116 59 0.070584
117 59 0.088208
118 59 -0.091767
119 59 -0.100827
120 59 -0.280231
121 59 -0.036528
122 59 -0.066547
123 59 0.141025
124 59 -0.194903
125 59 -0.152318
126 59 0.217645
127 59 0.126684

0 60 -0.153513
1 60 0.084219
2 60 -0.433255
3 60 -0.205956
4 60 -0.171371
5 60 -0.349558
6 60 0.006707
7 60 -0.109343
8 60 -0.111519
9 60 -0.035339
10 60 -0.316361
11 60 -0.624782
12 60 0.267221
13 60 -0.078304
14 60 0.091370
15 60 0.021447
16 60 0.199996
17 60 0.036021
18 60 -0.388403
19 60 0.474660
20 60 0.596112
21 60 -0.178650
22 60 -0.383753
23 60 0.053792
24 60 -0.129570
25 60 0.095615
26 60 0.059523
27 60 0.281691
28 60 -0.127305
29 60 -0.062479
30 60 -0.162277
31 60 -0.067652
32 60 0.002069
33 60 -0.063687
34 60 0.135173
35 60 0.162941
36 60 -0.135530
37 60 -0.067844
38 60 -0.406712
39 60 0.097249
40 60 -0.259033
41 60 0.310665
42 60 -0.361540
43 60 0.175980
44 60 -0.209615
45 60 -0.026350
46 60 -0.073124
47 60 -0.776911
48 60 -0.033155
49 60 0.267908
50 60 0.362877
51 60 0.043270
52 60 -0.094688
53 60 -0.700612
54 60 -0.129116
55 60 0.252593
56 60 -0.013274
57 60 0.226009
58 60 0.056222
59 60 -0.000455
60 60 0.007531
61 60 -0.265308
62 60 -0.011316
63 60 -0.081951
64 60 -0.047400
65 60 0.028043
66 60 0.202836
67 60 0.000537
68 60 -0.278864
69 60 -0.416087
70 60 0.173640
71 60 0.250353
72 60 -0.183711
73 60 -0.010104
74 60 -0.238753
75 60 -0.155055
76 60 -0.048132
77 60 0.146696
78 60 0.034646
79 60 0.497890
80 60 0.189651
81 60 0.147760
82 60 -0.010275
83 60 -0.228177
84 60 -0.194804
85 60 -0.126773
86 60 0.402167
87 60 -0.076137
88 60 0.560316
89 60 -0.425640
90 60 0.103764
91 60 0.240766
92 60 0.270307
93 60 -0.159452
94 60 -0.112110
95 60 0.018971
96 60 -0.140508
97 60 -0.228756
98 60 0.060324
99 60 -0.249343
100 60 0.206593
101 60 0.278631
102 60 -0.382761
103 60 0.201748
104 60 0.489880
105 60 -0.070746
106 60 -0.033007
107 60 0.268757
108 60 0.111355
109 60 0.059384
110 60 0.276458
111 60 0.114125
112 60 -0.065320
113 60 0.179179
114 60 -0.145269
115 60 -0.267868
116 60 -0.045802
117 60 -0.201235
118 60 0.165945
119 60 0.046097
120 60 -0.063889
121 60 -0.400467
122 60 -0.116374
123 60 0.034235
124 60 0.401041
125 60 0.325673
126 60 -0.290321
127 60 0.353578

0 61 0.234188
1 61 0.038479
2 61 -0.145474
3 61 -0.375681
4 61 0.288665
5 61 0.095445
6 61 0.311734
7 61 -0.277277
8 61 -0.232407
9 61 0.185820
10 61 -0.007262
11 61 -0.615531
12 61 0.215281
13 61 0.125577
14 61 -0.285280
15 61 -0.100714
16 61 0.258341
17 61 0.108642
18 61 -0.150632
19 61 0.011565
20 61 -0.007360
21 61 -0.403620
22 61 -0.095886
23 61 0.168077
24 61 0.240864
25 61 0.262857
26 61 -0.038665
27 61 -0.151078
28 61 0.242905
29 61 -0.186588
30 61 0.006408
31 61 -0.163123
32 61 0.276205
33 61 0.009053
34 61 -0.317444
35 61 0.062225
36 61 0.018671
37 61 -0.067797
38 61 -0.090903
39 61 -0.150523
40 61 0.086608
41 61 0.099304
42 61 -0.262942
43 61 -0.180674
44 61 -0.162983
45 61 -0.271859
46 61 -0.028818
47 61 -0.112289
48 61 0.015987
49 61 0.129125
50 61 0.019128
51 61 -0.149111
52 61 0.176880
53 61 -0.164145
54 61 -0.135753
55 61 0.076548
56 61 -0.075108
57 61 0.399252
58 61 -0.015799
59 61 0.244196
60 61 0.052066
61 61 0.155252
62 61 0.006528
63 61 0.097478
64 61 -0.128014
65 61 0.029320
66 61 0.205166
67 61 0.113516
68 61 0.192075
69 61 0.399646
70 61 0.120246
71 61 -0.371174
72 61 -0.179569
73 61 0.071499
74 61 -0.137905
75 61 0.127529
76 61 -0.055374
77 61 0.294096
78 61 0.074561
79 61 0.223522
80 61 -0.055613
81 61 0.008936
82 61 0.108943
83 61 -0.529821
84 61 -0.102153
85 61 0.117329
86 61 0.051441
87 61 -0.182326
88 61 0.203195
89 61 -0.328226
90 61 0.133070
91 61 0.079743
92 61 -0.053530
93 61 -0.254152
94 61 -0.330608
95 61 0.016982
96 61 0.049335
97 61 0.018146
98 61 0.268209
99 61 -0.234594
100 61 0.056630
101 61 -0.317022
102 61 -0.310769
103 61 -0.089154
104 61 0.253799
105 61 -0.121031
106 61 0.402581
107 61 -0.098910
108 61 -0.249461
109 61 -0.000163
110 61 -0.167081
111 61 -0.052786
112 61 -0.247843
113 61 0.048740
114 61 -0.265506
115 61 -0.517051
116 61 -0.165971
117 61 -0.363008
118 61 0.154087
119 61 0.408455
120 61 -0.245437
121 61 -0.123094
122 61 0.214521
123 61 0.215498
124 61 0.170063
125 61 -0.020135
126 61 -0.465518
127 61 0.395004
