col row val
0 0 -0.413846
1 0 -0.006938
2 0 -0.305753
3 0 0.156696
4 0 0.523691
5 0 -0.221136
6 0 0.039966
7 0 0.197616
8 0 -1.068061
9 0 -0.327640
10 0 0.250475
11 0 -0.012974
12 0 -0.300347
13 0 -0.028042
14 0 0.189486
15 0 -0.162867
16 0 -0.145338
17 0 0.022896
18 0 -0.220190
19 0 -0.311235
20 0 0.320167
21 0 -0.250297
22 0 0.209308
23 0 0.117758
24 0 0.316101
25 0 -0.285455
26 0 0.410035
27 0 0.130733
28 0 0.944157
29 0 -0.103037
30 0 -0.271882
31 0 0.105349
32 0 0.030272
33 0 -0.572741
34 0 -0.054548
35 0 0.163040
36 0 -0.017522
37 0 0.045447
38 0 -0.161140
39 0 0.074794
40 0 0.068946
41 0 0.177474
42 0 0.368219
43 0 0.041674
44 0 0.013991
45 0 -0.050575
46 0 -0.024919
47 0 -0.171733
48 0 -0.290007
49 0 0.245547
50 0 0.088438
51 0 -0.438165
52 0 0.095770
53 0 -0.257134
54 0 0.357767
55 0 -0.170045
56 0 0.206927
57 0 -0.420596
58 0 -0.269442
59 0 0.163821
60 0 0.005588
61 0 0.300411
62 0 0.115738
63 0 0.244219
64 0 0.152940
65 0 -0.001394
66 0 -0.157220
67 0 0.012562
68 0 0.329661
69 0 0.613581
70 0 -0.167446
71 0 0.428270
72 0 0.395925
73 0 -0.330081
74 0 0.145519
75 0 -0.331302
76 0 -0.326054
77 0 0.007916
78 0 0.089506
79 0 0.113090
80 0 -0.009425
81 0 0.103476
82 0 -0.593115
83 0 0.477030
84 0 0.373502
85 0 0.301722
86 0 0.249972
87 0 -0.013415
88 0 -0.061346
89 0 -0.212917
90 0 -0.077622
91 0 -0.244694
92 0 0.303136
93 0 -0.085304
94 0 0.278760
95 0 0.638022
96 0 0.486339
97 0 -0.263471
98 0 0.004384
99 0 0.270746
100 0 -0.124269
101 0 -0.184260
102 0 0.116759
103 0 -0.199226
104 0 0.117948
105 0 0.099877
106 0 -0.382979
107 0 -0.224096
108 0 -0.006063
109 0 -0.470314
110 0 -0.290466
111 0 -0.180308
112 0 -0.388852
113 0 -0.163063
114 0 -0.075191
115 0 -0.249789
116 0 0.127177
117 0 -0.309602
118 0 0.425383
119 0 0.705127
120 0 0.367874
121 0 -0.012687
122 0 0.216622
123 0 -0.332249
124 0 -0.246012
125 0 -0.473712
126 0 -0.446282
127 0 -0.182442

0 1 -0.474161
1 1 -0.096989
2 1 -0.409488
3 1 -0.218806
4 1 0.458969
5 1 -0.187529
6 1 -0.011341
7 1 -0.097870
8 1 -0.720028
9 1 -0.095145
10 1 0.135107
11 1 -0.350654
12 1 -0.130594
13 1 -0.275206
14 1 -0.033647
15 1 0.095658
16 1 -0.239343
17 1 -0.232782
18 1 -0.245846
19 1 -0.584896
20 1 0.359352
21 1 -0.125733
22 1 0.186272
23 1 0.073791
24 1 0.174823
25 1 -0.203356
26 1 0.186112
27 1 0.033534
28 1 0.416677
29 1 -0.017609
30 1 0.002161
31 1 0.197727
32 1 -0.162711
33 1 -0.506555
34 1 -0.200316
35 1 0.194242
36 1 0.088839
37 1 -0.027928
38 1 0.101253
39 1 -0.072150
40 1 0.333897
41 1 0.284762
42 1 0.302344
43 1 -0.052595
44 1 0.132689
45 1 -0.236992
46 1 -0.064884
47 1 -0.133811
48 1 -0.396082
49 1 0.096581
50 1 0.212508
51 1 -0.425601
52 1 0.033421
53 1 0.118184
54 1 0.387100
55 1 -0.322282
56 1 0.283961
57 1 -0.196739
58 1 -0.118451
59 1 0.270657
60 1 0.081613
61 1 0.111358
62 1 0.321386
63 1 0.214196
64 1 0.027084
65 1 -0.354606
66 1 -0.252708
67 1 0.077763
68 1 0.187694
69 1 0.391971
70 1 -0.091443
71 1 0.069539
72 1 0.264733
73 1 -0.044846
74 1 -0.023780
75 1 -0.585368
76 1 -0.025998
77 1 0.155291
78 1 0.184156
79 1 0.212676
80 1 0.008017
81 1 -0.147357
82 1 -0.496080
83 1 0.291957
84 1 0.534344
85 1 0.045978
86 1 0.301317
87 1 -0.167863
88 1 -0.108681
89 1 -0.496011
90 1 -0.190613
91 1 -0.317982
92 1 0.018523
93 1 0.094468
94 1 0.088389
95 1 0.468332
96 1 0.008429
97 1 0.077356
98 1 0.186703
99 1 0.043876
100 1 -0.146246
101 1 0.113498
102 1 0.077155
103 1 -0.062433
104 1 -0.027165
105 1 -0.146441
106 1 -0.474411
107 1 0.162739
108 1 -0.087004
109 1 -0.133444
110 1 -0.025304
111 1 -0.064904
112 1 -0.397789
113 1 -0.021023
114 1 -0.022577
115 1 0.056549
116 1 0.322549
117 1 0.097726
118 1 0.358359
119 1 0.872571
120 1 0.138429
121 1 -0.024225
122 1 0.092424
123 1 -0.124610
124 1 -0.025102
125 1 -0.397028
126 1 -0.360124
127 1 -0.203781

0 2 -0.472350
1 2 0.043537
2 2 -0.371114
3 2 -0.137120
4 2 0.281210
5 2 -0.147337
6 2 -0.022357
7 2 -0.035145
8 2 -0.578732
9 2 -0.066484
10 2 0.217927
11 2 -0.417749
12 2 -0.424199
13 2 -0.180330
14 2 0.152217
15 2 -0.004186
16 2 -0.099019
17 2 -0.020236
18 2 -0.266189
19 2 -0.555008
20 2 0.243412
21 2 -0.163430
22 2 0.181569
23 2 0.016153
24 2 0.335655
25 2 -0.245995
26 2 0.447796
27 2 0.156106
28 2 0.320207
29 2 -0.241980
30 2 0.210787
31 2 -0.145346
32 2 0.204725
33 2 -0.433657
34 2 -0.179689
35 2 -0.044398
36 2 -0.141548
37 2 -0.107994
38 2 0.134036
39 2 -0.244554
40 2 -0.003529
41 2 0.128390
42 2 0.259981
43 2 -0.165242
44 2 0.126930
45 2 -0.116642
46 2 0.032546
47 2 -0.288803
48 2 -0.327385
49 2 0.052071
50 2 0.235862
51 2 -0.437715
52 2 -0.129180
53 2 -0.082602
54 2 0.112833
55 2 -0.203018
56 2 0.357960
57 2 -0.120839
58 2 -0.279888
59 2 0.331085
60 2 0.207450
61 2 0.231570
62 2 0.396033
63 2 0.179239
64 2 -0.236430
65 2 -0.328979
66 2 -0.408794
67 2 -0.094437
68 2 0.227819
69 2 0.158790
70 2 -0.164416
71 2 0.242965
72 2 0.118034
73 2 -0.166907
74 2 -0.077619
75 2 -0.491690
76 2 -0.130913
77 2 0.245947
78 2 0.034162
79 2 0.224780
80 2 -0.027566
81 2 -0.094819
82 2 -0.475651
83 2 0.303224
84 2 0.106460
85 2 -0.016796
86 2 0.645568
87 2 -0.296167
88 2 0.054115
89 2 -0.489454
90 2 0.126963
91 2 -0.397790
92 2 -0.057765
93 2 0.198231
94 2 0.027783
95 2 0.348649
96 2 -0.073034
97 2 0.098029
98 2 -0.052290
99 2 0.051160
100 2 -0.097333
101 2 0.012473
102 2 -0.076057
103 2 -0.228117
104 2 0.316178
105 2 -0.047507
106 2 -0.143998
107 2 -0.155471
108 2 -0.135681
109 2 -0.185970
110 2 -0.061726
111 2 -0.057109
112 2 -0.190278
113 2 0.054402
114 2 0.069431
115 2 0.276182
116 2 -0.057556
117 2 -0.276933
118 2 0.105329
119 2 0.445617
120 2 0.169787
121 2 -0.071217
122 2 0.260811
123 2 0.002321
124 2 -0.049121
125 2 -0.293565
126 2 -0.424761
127 2 -0.049963

0 3 -0.609955
1 3 -0.187306
2 3 -0.214932
3 3 -0.257774
4 3 0.228449
5 3 -0.247918
6 3 -0.264070
7 3 -0.495214
8 3 -0.522008
9 3 0.150040
10 3 0.101112
11 3 -0.756518
12 3 -0.400946
13 3 -0.400254
14 3 -0.252231
15 3 0.010069
16 3 -0.205990
17 3 -0.256772
18 3 -0.300328
19 3 -0.737151
20 3 0.250921
21 3 0.063574
22 3 0.258666
23 3 -0.022114
24 3 0.515303
25 3 -0.454184
26 3 0.324948
27 3 0.113001
28 3 0.191499
29 3 -0.354632
30 3 0.167469
31 3 -0.195117
32 3 0.161263
33 3 -0.487186
34 3 -0.367826
35 3 0.017916
36 3 -0.139793
37 3 -0.111619
38 3 0.239266
39 3 -0.156102
40 3 0.170243
41 3 0.525401
42 3 0.102612
43 3 -0.087121
44 3 0.273631
45 3 -0.354948
46 3 -0.004080
47 3 -0.031440
48 3 -0.348270
49 3 -0.082919
50 3 0.337622
51 3 -0.313877
52 3 -0.048808
53 3 0.065408
54 3 0.121737
55 3 -0.086203
56 3 0.368477
57 3 0.079000
58 3 -0.333746
59 3 0.469190
60 3 0.543651
61 3 0.235137
62 3 0.615469
63 3 0.087319
64 3 -0.221403
65 3 -0.686784
66 3 -0.504797
67 3 -0.038126
68 3 0.268115
69 3 0.012558
70 3 -0.022436
71 3 0.085221
72 3 -0.024330
73 3 -0.117178
74 3 0.004049
75 3 -0.535153
76 3 0.196893
77 3 0.197986
78 3 0.380792
79 3 0.488344
80 3 -0.007962
81 3 -0.093672
82 3 -0.409904
83 3 0.308739
84 3 0.184042
85 3 -0.225323
86 3 0.562759
87 3 -0.468864
88 3 0.055640
89 3 -0.524422
90 3 -0.092314
91 3 -0.372845
92 3 -0.242703
93 3 0.375085
94 3 -0.154807
95 3 0.144716
96 3 -0.267502
97 3 0.386316
98 3 0.044287
99 3 0.021080
100 3 -0.144430
101 3 0.025216
102 3 -0.114449
103 3 -0.021888
104 3 0.400481
105 3 -0.089732
106 3 -0.177750
107 3 0.155153
108 3 -0.413116
109 3 -0.089956
110 3 -0.210199
111 3 -0.072908
112 3 -0.073473
113 3 0.100339
114 3 0.078366
115 3 0.326623
116 3 -0.307086
117 3 0.043967
118 3 0.231603
119 3 0.434550
120 3 0.166551
121 3 -0.199175
122 3 0.170864
123 3 -0.060554
124 3 -0.175521
125 3 -0.496373
126 3 -0.342431
127 3 0.146388

0 4 -0.322657
1 4 0.097004
2 4 -0.364486
3 4 0.115851
4 4 -0.239560
5 4 -0.041717
6 4 0.075623
7 4 -0.093541
8 4 -0.339040
9 4 -0.112603
10 4 0.064244
11 4 -0.501324
12 4 -0.178838
13 4 -0.085429
14 4 -0.039556
15 4 0.064671
16 4 0.076972
17 4 0.007580
18 4 -0.069827
19 4 -0.502269
20 4 0.109726
21 4 -0.098154
22 4 0.234419
23 4 -0.004766
24 4 0.379424
25 4 -0.249542
26 4 0.439903
27 4 0.121808
28 4 -0.075114
29 4 -0.319856
30 4 0.229058
31 4 -0.281382
32 4 0.331440
33 4 -0.038789
34 4 -0.223250
35 4 -0.131786
36 4 -0.277688
37 4 -0.083385
38 4 -0.175607
39 4 0.034568
40 4 -0.152584
41 4 -0.044319
42 4 0.182847
43 4 -0.211686
44 4 0.235369
45 4 -0.088058
46 4 0.154128
47 4 -0.294693
48 4 -0.007559
49 4 0.089864
50 4 0.187175
51 4 -0.434994
52 4 -0.181315
53 4 -0.217693
54 4 -0.225619
55 4 0.044112
56 4 0.141715
57 4 0.096874
58 4 -0.235485
59 4 0.205042
60 4 0.331859
61 4 0.185855
62 4 0.193093
63 4 -0.110417
64 4 -0.349799
65 4 0.032365
66 4 -0.325334
67 4 -0.187027
68 4 0.085533
69 4 0.136812
70 4 0.179407
71 4 0.240544
72 4 -0.161637
73 4 -0.370852
74 4 -0.158042
75 4 -0.467553
76 4 -0.006705
77 4 0.306531
78 4 -0.190339
79 4 0.220623
80 4 -0.094515
81 4 -0.164924
82 4 -0.193575
83 4 -0.121144
84 4 -0.196804
85 4 -0.121281
86 4 0.529176
87 4 -0.374186
88 4 -0.012443
89 4 -0.389018
90 4 0.256012
91 4 -0.062541
92 4 0.010628
93 4 0.090386
94 4 -0.164945
95 4 0.002279
96 4 -0.458636
97 4 0.259274
98 4 -0.278382
99 4 -0.086981
100 4 0.214212
101 4 0.158871
102 4 -0.071283
103 4 -0.180155
104 4 0.582041
105 4 -0.065164
106 4 0.018843
107 4 -0.104583
108 4 -0.088974
109 4 -0.221275
110 4 -0.143976
111 4 0.059512
112 4 0.145348
113 4 0.276514
114 4 0.101331
115 4 0.268652
116 4 -0.329480
117 4 -0.290897
118 4 0.116748
119 4 0.081627
120 4 -0.145255
121 4 -0.118275
122 4 0.420811
123 4 -0.125792
124 4 -0.031260
125 4 -0.091533
126 4 -0.158590
127 4 0.256194

0 5 -0.469866
1 5 -0.174085
2 5 -0.100737
3 5 -0.055014
4 5 -0.188916
5 5 -0.095832
6 5 0.112007
7 5 -0.509765
8 5 -0.268523
9 5 -0.013064
10 5 -0.052629
11 5 -0.788737
12 5 -0.348172
13 5 -0.174203
14 5 -0.337586
15 5 -0.019218
16 5 -0.214630
17 5 -0.022530
18 5 0.106787
19 5 -0.653141
20 5 0.104451
21 5 0.124864
22 5 0.302862
23 5 -0.169223
24 5 0.694003
25 5 -0.250718
26 5 0.324570
27 5 0.164531
28 5 -0.035131
29 5 -0.552889
30 5 0.239152
31 5 -0.325289
32 5 0.347135
33 5 -0.359535
34 5 -0.157974
35 5 -0.110455
36 5 -0.322399
37 5 -0.086770
38 5 0.125252
39 5 0.127880
40 5 -0.041563
41 5 0.152098
42 5 -0.069717
43 5 -0.111085
44 5 0.201323
45 5 -0.258996
46 5 0.282136
47 5 -0.138049
48 5 0.199701
49 5 -0.062767
50 5 0.265738
51 5 -0.222783
52 5 -0.041772
53 5 -0.190489
54 5 -0.049917
55 5 0.093804
56 5 0.240208
57 5 -0.018370
58 5 -0.210998
59 5 0.540810
60 5 0.651543
61 5 0.130093
62 5 0.276051
63 5 -0.174184
64 5 -0.258153
65 5 -0.262756
66 5 -0.233636
67 5 -0.060204
68 5 0.090012
69 5 0.019059
70 5 0.197331
71 5 0.225820
72 5 -0.056506
73 5 -0.198720
74 5 0.156602
75 5 -0.474360
76 5 -0.056127
77 5 0.243244
78 5 0.162636
79 5 0.257361
80 5 0.043867
81 5 -0.074259
82 5 -0.154770
83 5 -0.077014
84 5 -0.138232
85 5 -0.148248
86 5 0.571777
87 5 -0.464695
88 5 -0.054530
89 5 -0.269337
90 5 0.066717
91 5 -0.002305
92 5 -0.062852
93 5 0.010552
94 5 -0.403557
95 5 -0.067433
96 5 -0.423846
97 5 0.372933
98 5 -0.407219
99 5 -0.036953
100 5 0.182464
101 5 0.100703
102 5 -0.117975
103 5 0.070692
104 5 0.618030
105 5 0.090715
106 5 -0.151716
107 5 0.029761
108 5 -0.279295
109 5 -0.122664
110 5 -0.128585
111 5 0.103815
112 5 0.176481
113 5 0.117033
114 5 0.262311
115 5 0.121816
116 5 -0.623221
117 5 -0.174060
118 5 0.303994
119 5 0.143909
120 5 -0.080217
121 5 -0.245725
122 5 0.458620
123 5 -0.279620
124 5 -0.275864
125 5 -0.269561
126 5 0.003195
127 5 0.308889

0 6 -0.226662
1 6 0.025132
2 6 -0.122619
3 6 0.250666
4 6 0.142491
5 6 0.082257
6 6 0.216424
7 6 0.232051
8 6 -0.595829
9 6 -0.372667
10 6 -0.016167
11 6 -0.179264
12 6 0.088368
13 6 -0.001273
14 6 -0.018932
15 6 -0.236193
16 6 -0.276728
17 6 -0.046975
18 6 0.069121
19 6 -0.065680
20 6 -0.048464
21 6 -0.060018
22 6 0.132286
23 6 0.064973
24 6 0.285652
25 6 -0.141161
26 6 0.486943
27 6 -0.065724
28 6 0.679627
29 6 -0.272025
30 6 -0.208575
31 6 -0.030292
32 6 0.019689
33 6 -0.143388
34 6 0.038832
35 6 0.058346
36 6 -0.184080
37 6 -0.083075
38 6 -0.416866
39 6 0.185212
40 6 -0.279247
41 6 0.133518
42 6 0.230548
43 6 0.019561
44 6 -0.074785
45 6 -0.162359
46 6 0.081353
47 6 -0.298928
48 6 -0.038477
49 6 -0.000995
50 6 -0.089428
51 6 -0.399339
52 6 0.068496
53 6 -0.286279
54 6 0.299600
55 6 -0.020011
56 6 0.077161
57 6 -0.422753
58 6 -0.107578
59 6 0.392541
60 6 0.026425
61 6 0.127935
62 6 -0.028233
63 6 0.141570
64 6 -0.039674
65 6 0.190745
66 6 -0.182388
67 6 0.038417
68 6 0.381773
69 6 0.451371
70 6 -0.059789
71 6 0.286120
72 6 0.215647
73 6 -0.419131
74 6 0.187219
75 6 -0.320139
76 6 -0.404502
77 6 0.173268
78 6 -0.029847
79 6 -0.101288
80 6 -0.135397
81 6 0.017057
82 6 -0.386234
83 6 0.366095
84 6 0.460218
85 6 0.038629
86 6 0.194856
87 6 -0.100055
88 6 -0.173687
89 6 0.036300
90 6 -0.114492
91 6 0.155785
92 6 0.150310
93 6 -0.029609
94 6 0.195693
95 6 0.429540
96 6 0.232999
97 6 -0.302994
98 6 -0.154656
99 6 0.057980
100 6 0.107717
101 6 0.260522
102 6 0.059342
103 6 -0.051209
104 6 0.225809
105 6 0.232745
106 6 -0.226776
107 6 -0.338713
108 6 -0.030838
109 6 -0.495274
110 6 -0.407989
111 6 0.018007
112 6 -0.486473
113 6 -0.126145
114 6 0.016520
115 6 -0.230079
116 6 -0.094470
117 6 -0.523043
118 6 0.260753
119 6 0.474812
120 6 0.329160
121 6 0.007544
122 6 0.244704
123 6 -0.313614
124 6 -0.292437
125 6 -0.368351
126 6 -0.054669
127 6 -0.100213

0 7 -0.243387
1 7 -0.027611
2 7 -0.255711
3 7 0.041426
4 7 -0.032277
5 7 0.179760
6 7 0.254084
7 7 -0.057619
8 7 -0.169588
9 7 -0.183617
10 7 -0.074755
11 7 -0.210831
12 7 -0.050438
13 7 -0.144551
14 7 -0.131386
15 7 -0.176713
16 7 -0.331642
17 7 -0.121363
18 7 0.143172
19 7 -0.168881
20 7 0.044950
21 7 0.078074
22 7 0.118854
23 7 -0.097984
24 7 0.298620
25 7 -0.017800
26 7 0.078099
27 7 0.045508
28 7 0.174269
29 7 -0.187823
30 7 -0.050086
31 7 0.101061
32 7 0.038419
33 7 -0.116278
34 7 0.080004
35 7 0.211090
36 7 -0.122730
37 7 -0.102959
38 7 -0.000688
39 7 0.073378
40 7 0.177277
41 7 0.219988
42 7 -0.068364
43 7 -0.088989
44 7 0.059042
45 7 -0.155467
46 7 0.123167
47 7 -0.129188
48 7 0.146877
49 7 0.042103
50 7 0.097481
51 7 -0.363298
52 7 0.032091
53 7 0.021076
54 7 0.325044
55 7 -0.066686
56 7 0.110712
57 7 -0.178203
58 7 0.117512
59 7 0.295921
60 7 0.141548
61 7 -0.179668
62 7 0.074815
63 7 -0.186369
64 7 -0.168498
65 7 -0.077205
66 7 0.111286
67 7 0.004096
68 7 0.173705
69 7 0.198492
70 7 0.010072
71 7 0.055260
72 7 0.177617
73 7 0.083958
74 7 -0.154915
75 7 -0.303332
76 7 -0.256459
77 7 0.132132
78 7 0.023388
79 7 -0.158609
80 7 0.009999
81 7 -0.110095
82 7 -0.069579
83 7 -0.113999
84 7 0.133275
85 7 0.002048
86 7 -0.029559
87 7 -0.184217
88 7 -0.074247
89 7 -0.142447
90 7 -0.118632
91 7 0.221212
92 7 0.045960
93 7 0.019017
94 7 -0.012744
95 7 0.055960
96 7 -0.109871
97 7 -0.069468
98 7 0.030742
99 7 -0.074322
100 7 0.009562
101 7 0.208574
102 7 0.178285
103 7 0.069188
104 7 0.049107
105 7 0.086235
106 7 -0.402126
107 7 -0.051541
108 7 0.029843
109 7 -0.046720
110 7 -0.056257
111 7 0.042001
112 7 -0.206826
113 7 0.151027
114 7 0.145666
115 7 -0.121800
116 7 -0.011380
117 7 -0.151998
118 7 0.339336
119 7 0.572934
120 7 -0.081480
121 7 -0.051089
122 7 0.007158
123 7 -0.153533
124 7 -0.041013
125 7 -0.115356
126 7 -0.017835
127 7 -0.115759

0 8 -0.697954
1 8 -0.269256
2 8 -0.043884
3 8 -0.091427
4 8 0.031740
5 8 -0.029643
6 8 0.040783
7 8 -0.429848
8 8 -0.769790
9 8 -0.023862
10 8 0.129590
11 8 -0.778860
12 8 -0.263276
13 8 -0.346853
14 8 -0.371522
15 8 0.173044
16 8 -0.277165
17 8 -0.067001
18 8 -0.259770
19 8 -0.772629
20 8 0.331430
21 8 0.276606
22 8 0.173128
23 8 -0.394496
24 8 0.638356
25 8 -0.481308
26 8 0.207591
27 8 0.166593
28 8 0.128341
29 8 -0.371018
30 8 0.158554
31 8 -0.130405
32 8 0.098675
33 8 -0.453142
34 8 -0.109890
35 8 0.094990
36 8 -0.217627
37 8 -0.052579
38 8 0.221646
39 8 0.033917
40 8 0.153291
41 8 0.228091
42 8 0.125977
43 8 -0.160881
44 8 0.511269
45 8 -0.248883
46 8 0.016278
47 8 -0.122011
48 8 0.034825
49 8 -0.106358
50 8 0.371087
51 8 -0.187551
52 8 -0.061989
53 8 0.070818
54 8 -0.035959
55 8 -0.044579
56 8 0.369320
57 8 0.191515
58 8 -0.131799
59 8 0.315494
60 8 0.615941
61 8 0.071973
62 8 0.633532
63 8 -0.069509
64 8 -0.231186
65 8 -0.404499
66 8 -0.298786
67 8 0.028008
68 8 0.053503
69 8 -0.008554
70 8 0.319957
71 8 0.081501
72 8 -0.341138
73 8 -0.107560
74 8 0.253738
75 8 -0.426137
76 8 0.287978
77 8 0.048512
78 8 0.385920
79 8 0.271433
80 8 -0.017441
81 8 -0.189936
82 8 -0.086563
83 8 -0.119733
84 8 -0.006786
85 8 -0.090368
86 8 0.549259
87 8 -0.389097
88 8 -0.035366
89 8 -0.279010
90 8 -0.125774
91 8 -0.274906
92 8 0.084139
93 8 0.035843
94 8 -0.263188
95 8 -0.139781
96 8 -0.509617
97 8 0.447584
98 8 -0.316825
99 8 0.124040
100 8 -0.094943
101 8 0.161263
102 8 0.074913
103 8 0.021250
104 8 0.680861
105 8 -0.016175
106 8 -0.267021
107 8 0.139908
108 8 -0.275993
109 8 0.138290
110 8 -0.177796
111 8 -0.087255
112 8 -0.111019
113 8 -0.125840
114 8 0.166101
115 8 0.183862
116 8 -0.289411
117 8 0.128548
118 8 0.318110
119 8 0.390524
120 8 -0.138782
121 8 -0.215614
122 8 0.001871
123 8 -0.236242
124 8 -0.174408
125 8 -0.242690
126 8 0.016980
127 8 0.114399

0 9 -0.672104
1 9 -0.370365
2 9 -0.054999
3 9 0.019269
4 9 0.031754
5 9 -0.019797
6 9 0.322684
7 9 -0.467853
8 9 -0.697872
9 9 -0.061458
10 9 0.082870
11 9 -0.679968
12 9 -0.267754
13 9 -0.382605
14 9 -0.496301
15 9 0.087103
16 9 -0.323636
17 9 0.046759
18 9 -0.149939
19 9 -0.765558
20 9 0.327527
21 9 0.256763
22 9 0.223150
23 9 -0.422552
24 9 0.841729
25 9 -0.341163
26 9 0.217787
27 9 0.219719
28 9 0.234136
29 9 -0.466005
30 9 0.166564
31 9 -0.187037
32 9 0.148956
33 9 -0.574231
34 9 0.093334
35 9 0.145970
36 9 -0.288877
37 9 -0.085413
38 9 0.281944
39 9 0.092222
40 9 -0.014343
41 9 0.152967
42 9 0.017394
43 9 -0.161939
44 9 0.256142
45 9 -0.221300
46 9 0.098858
47 9 -0.234346
48 9 0.250501
49 9 -0.110533
50 9 0.263333
51 9 -0.122609
52 9 -0.113082
53 9 -0.071393
54 9 0.082353
55 9 -0.104932
56 9 0.421006
57 9 0.181719
58 9 -0.184968
59 9 0.454710
60 9 0.573450
61 9 0.015900
62 9 0.508263
63 9 -0.080854
64 9 -0.032537
65 9 -0.373125
66 9 -0.328614
67 9 0.115078
68 9 0.084040
69 9 0.153107
70 9 0.392827
71 9 0.159305
72 9 -0.252523
73 9 -0.155787
74 9 0.505836
75 9 -0.268869
76 9 -0.021982
77 9 0.197692
78 9 0.303684
79 9 0.213260
80 9 0.149433
81 9 -0.347284
82 9 -0.034429
83 9 -0.176904
84 9 -0.046324
85 9 -0.100971
86 9 0.449557
87 9 -0.339812
88 9 -0.110911
89 9 -0.115336
90 9 -0.153788
91 9 -0.076039
92 9 0.124442
93 9 -0.181777
94 9 -0.424953
95 9 -0.159775
96 9 -0.377852
97 9 0.420587
98 9 -0.418805
99 9 0.051287
100 9 0.015653
101 9 0.147847
102 9 -0.001730
103 9 -0.027118
104 9 0.520137
105 9 0.072719
106 9 -0.277354
107 9 -0.055246
108 9 -0.263095
109 9 0.082040
110 9 -0.179698
111 9 -0.029004
112 9 -0.239587
113 9 -0.105830
114 9 0.123894
115 9 0.001696
116 9 -0.258069
117 9 -0.012011
118 9 0.455847
119 9 0.392207
120 9 -0.009561
121 9 -0.309418
122 9 -0.118355
123 9 -0.329565
124 9 -0.256393
125 9 -0.263399
126 9 0.169178
127 9 0.095096

0 10 -0.065212
1 10 0.186772
2 10 -0.259174
3 10 0.009052
4 10 -0.120608
5 10 0.003453
6 10 0.051025
7 10 0.144613
8 10 0.053880
9 10 -0.142029
10 10 0.064316
11 10 -0.079542
12 10 0.027890
13 10 0.025548
14 10 0.144990
15 10 0.118388
16 10 0.019693
17 10 0.026402
18 10 -0.131891
19 10 -0.156262
20 10 0.005223
21 10 -0.028949
22 10 0.109356
23 10 -0.007378
24 10 0.117854
25 10 -0.049822
26 10 0.117199
27 10 0.032079
28 10 -0.287086
29 10 -0.013396
30 10 0.167929
31 10 0.101517
32 10 0.066048
33 10 0.145276
34 10 -0.012053
35 10 -0.053519
36 10 -0.023596
37 10 -0.010442
38 10 -0.015730
39 10 -0.025710
40 10 -0.190729
41 10 -0.226590
42 10 0.217857
43 10 -0.217169
44 10 0.067722
45 10 0.102504
46 10 -0.113294
47 10 -0.076101
48 10 -0.048808
49 10 0.035223
50 10 0.039137
51 10 -0.254868
52 10 -0.163756
53 10 -0.064484
54 10 -0.151157
55 10 -0.013752
56 10 0.170138
57 10 0.093598
58 10 0.083551
59 10 0.000819
60 10 -0.052926
61 10 -0.014294
62 10 0.105439
63 10 -0.075701
64 10 -0.280682
65 10 0.159415
66 10 -0.324547
67 10 -0.152835
68 10 -0.031965
69 10 0.018867
70 10 0.020599
71 10 -0.157300
72 10 -0.156254
73 10 -0.194577
74 10 -0.202658
75 10 -0.314247
76 10 -0.050502
77 10 0.224370
78 10 -0.169480
79 10 -0.085450
80 10 -0.004681
81 10 -0.113200
82 10 -0.089695
83 10 -0.152896
84 10 -0.217786
85 10 0.013596
86 10 0.116869
87 10 -0.136063
88 10 0.032297
89 10 -0.258281
90 10 0.189856
91 10 -0.013588
92 10 0.129481
93 10 0.041019
94 10 -0.031074
95 10 -0.164540
96 10 -0.355504
97 10 0.149643
98 10 -0.036084
99 10 -0.060714
100 10 0.097755
101 10 0.114935
102 10 -0.063722
103 10 -0.129434
104 10 0.304852
105 10 -0.007845
106 10 0.061601
107 10 -0.096130
108 10 0.215720
109 10 0.152352
110 10 0.064161
111 10 0.123464
112 10 0.108596
113 10 0.152324
114 10 -0.107137
115 10 0.195119
116 10 0.160054
117 10 -0.141596
118 10 -0.004495
119 10 0.063160
120 10 -0.283056
121 10 -0.002948
122 10 0.049844
123 10 0.177958
124 10 0.252745
125 10 0.170352
126 10 -0.154385
127 10 0.029401

0 11 -0.051588
1 11 0.179538
2 11 -0.190222
3 11 -0.072911
4 11 -0.087428
5 11 -0.035286
6 11 0.061692
7 11 0.067525
8 11 0.029165
9 11 -0.092381
10 11 0.088343
11 11 -0.181619
12 11 0.041513
13 11 0.021201
14 11 0.121789
15 11 0.148336
16 11 -0.001529
17 11 0.057652
18 11 -0.170804
19 11 -0.253706
20 11 0.029972
21 11 -0.010670
22 11 0.113181
23 11 -0.018455
24 11 0.166376
25 11 -0.067542
26 11 0.193435
27 11 0.083242
28 11 -0.290626
29 11 -0.097161
30 11 0.212281
31 11 -0.006113
32 11 0.158355
33 11 0.044852
34 11 -0.097926
35 11 -0.016581
36 11 -0.095354
37 11 -0.000047
38 11 0.023411
39 11 0.034035
40 11 -0.301365
41 11 -0.339070
42 11 0.297946
43 11 -0.146741
44 11 0.069854
45 11 0.045367
46 11 -0.043053
47 11 -0.150418
48 11 -0.051047
49 11 0.041212
50 11 0.070086
51 11 -0.237463
52 11 -0.152572
53 11 -0.110929
54 11 -0.199099
55 11 -0.015796
56 11 0.263814
57 11 0.082045
58 11 0.027005
59 11 0.173159
60 11 0.014788
61 11 0.031536
62 11 0.129550
63 11 0.036004
64 11 -0.280443
65 11 0.112632
66 11 -0.399319
67 11 -0.139973
68 11 -0.010639
69 11 0.041975
70 11 -0.023343
71 11 -0.089103
72 11 -0.153580
73 11 -0.307915
74 11 -0.124196
75 11 -0.375934
76 11 -0.031853
77 11 0.278398
78 11 -0.121066
79 11 -0.067864
80 11 0.028511
81 11 -0.068603
82 11 -0.184648
83 11 -0.115755
84 11 -0.148401
85 11 -0.016366
86 11 0.223108
87 11 -0.068317
88 11 0.031882
89 11 -0.261508
90 11 0.182374
91 11 -0.058039
92 11 0.144281
93 11 0.067376
94 11 -0.054919
95 11 -0.119358
96 11 -0.318280
97 11 0.248627
98 11 -0.115375
99 11 -0.073428
100 11 0.162064
101 11 0.175552
102 11 -0.229240
103 11 -0.083977
104 11 0.420188
105 11 0.030623
106 11 0.094129
107 11 -0.131280
108 11 0.192314
109 11 0.164966
110 11 0.072531
111 11 0.193339
112 11 0.134873
113 11 0.123376
114 11 -0.140185
115 11 0.229572
116 11 0.053516
117 11 -0.178312
118 11 0.012166
119 11 0.163746
120 11 -0.247228
121 11 -0.080102
122 11 0.152089
123 11 0.143553
124 11 0.141708
125 11 0.097848
126 11 -0.070765
127 11 0.066212

0 12 -0.129920
1 12 0.227709
2 12 -0.318176
3 12 -0.355646
4 12 0.252373
5 12 -0.083263
6 12 -0.096828
7 12 0.042004
8 12 -0.545804
9 12 -0.119729
10 12 -0.041851
11 12 -0.463277
12 12 -0.317708
13 12 -0.121478
14 12 0.097778
15 12 -0.200144
16 12 -0.273595
17 12 -0.187127
18 12 -0.226004
19 12 -0.266633
20 12 0.076327
21 12 0.136781
22 12 0.090616
23 12 0.183989
24 12 0.231967
25 12 -0.305920
26 12 0.196444
27 12 0.063865
28 12 0.507478
29 12 -0.181569
30 12 -0.126537
31 12 -0.024384
32 12 0.225231
33 12 -0.258712
34 12 -0.131322
35 12 0.131010
36 12 -0.119829
37 12 -0.045615
38 12 0.009489
39 12 -0.133901
40 12 0.049505
41 12 0.151752
42 12 0.132778
43 12 0.092370
44 12 0.120993
45 12 -0.112899
46 12 -0.082598
47 12 -0.056176
48 12 -0.302348
49 12 0.134898
50 12 0.076168
51 12 -0.413774
52 12 -0.095126
53 12 0.038162
54 12 0.076408
55 12 0.189560
56 12 0.367266
57 12 -0.178318
58 12 -0.068020
59 12 0.364410
60 12 0.160285
61 12 -0.050215
62 12 0.225108
63 12 0.068344
64 12 -0.277716
65 12 -0.370990
66 12 -0.196541
67 12 -0.172284
68 12 0.239123
69 12 0.231223
70 12 -0.347076
71 12 0.041965
72 12 0.102932
73 12 -0.304563
74 12 -0.113069
75 12 -0.413410
76 12 0.014001
77 12 0.260238
78 12 -0.025851
79 12 -0.322988
80 12 -0.094195
81 12 0.121687
82 12 -0.602995
83 12 0.284885
84 12 0.264187
85 12 0.011907
86 12 0.091021
87 12 -0.166754
88 12 0.004752
89 12 -0.285213
90 12 -0.031472
91 12 -0.125475
92 12 0.154950
93 12 0.463566
94 12 0.302173
95 12 0.404122
96 12 0.182536
97 12 -0.127653
98 12 0.137559
99 12 -0.050021
100 12 -0.122799
101 12 0.150867
102 12 -0.057445
103 12 0.114380
104 12 0.275501
105 12 0.117236
106 12 -0.198033
107 12 -0.076750
108 12 0.029415
109 12 -0.162516
110 12 -0.200445
111 12 -0.145195
112 12 -0.121617
113 12 -0.023863
114 12 -0.062788
115 12 0.040074
116 12 -0.372290
117 12 -0.244549
118 12 0.184814
119 12 0.784739
120 12 0.156071
121 12 0.110945
122 12 0.220715
123 12 0.066486
124 12 -0.112217
125 12 -0.197795
126 12 -0.566097
127 12 -0.294827

0 13 -0.328257
1 13 0.183492
2 13 -0.393391
3 13 -0.420057
4 13 0.296748
5 13 -0.166835
6 13 -0.207709
7 13 -0.097151
8 13 -0.403032
9 13 0.056697
10 13 -0.079057
11 13 -0.590129
12 13 -0.027301
13 13 -0.197665
14 13 -0.053369
15 13 0.041657
16 13 -0.335269
17 13 -0.321986
18 13 -0.218914
19 13 -0.509418
20 13 0.289388
21 13 0.024848
22 13 0.026952
23 13 0.128063
24 13 0.161178
25 13 -0.304293
26 13 0.109934
27 13 -0.050852
28 13 0.080342
29 13 -0.097837
30 13 -0.013869
31 13 0.070417
32 13 0.079517
33 13 -0.282242
34 13 -0.172808
35 13 0.176875
36 13 0.047508
37 13 -0.152856
38 13 0.041700
39 13 -0.153191
40 13 0.264945
41 13 0.172712
42 13 0.270194
43 13 0.034502
44 13 0.208173
45 13 -0.243040
46 13 -0.117635
47 13 0.002171
48 13 -0.364452
49 13 -0.035483
50 13 0.167883
51 13 -0.448294
52 13 0.015400
53 13 0.221039
54 13 0.160646
55 13 0.053564
56 13 0.406881
57 13 -0.025989
58 13 0.032249
59 13 0.379623
60 13 0.249661
61 13 -0.033037
62 13 0.291929
63 13 0.161056
64 13 -0.316318
65 13 -0.397510
66 13 -0.251201
67 13 -0.065355
68 13 0.190986
69 13 0.133268
70 13 -0.215599
71 13 -0.162563
72 13 -0.005209
73 13 -0.103773
74 13 -0.193474
75 13 -0.591253
76 13 0.222036
77 13 0.316669
78 13 0.092547
79 13 -0.145337
80 13 -0.069593
81 13 0.109346
82 13 -0.501243
83 13 0.227867
84 13 0.464367
85 13 -0.103337
86 13 0.133330
87 13 -0.227929
88 13 -0.085515
89 13 -0.448672
90 13 -0.090606
91 13 -0.260714
92 13 0.004945
93 13 0.394097
94 13 0.271400
95 13 0.285132
96 13 -0.077474
97 13 0.109287
98 13 0.274519
99 13 -0.060990
100 13 -0.150897
101 13 0.366045
102 13 0.054401
103 13 0.193120
104 13 0.234342
105 13 -0.056368
106 13 -0.364464
107 13 0.189029
108 13 0.028218
109 13 0.129066
110 13 -0.120672
111 13 -0.072702
112 13 -0.098933
113 13 0.012455
114 13 0.011248
115 13 0.183057
116 13 -0.132539
117 13 0.058265
118 13 0.242502
119 13 0.872877
120 13 -0.036782
121 13 0.082765
122 13 0.133587
123 13 0.106974
124 13 -0.037463
125 13 -0.256303
126 13 -0.461802
127 13 -0.166280

0 14 -0.349730
1 14 0.089595
2 14 -0.276932
3 14 -0.396234
4 14 -0.015968
5 14 -0.177355
6 14 -0.253848
7 14 -0.206049
8 14 -0.415399
9 14 0.078020
10 14 0.038188
11 14 -0.774666
12 14 -0.275480
13 14 -0.177588
14 14 0.093446
15 14 -0.018020
16 14 -0.199099
17 14 -0.180316
18 14 -0.277550
19 14 -0.522632
20 14 0.079153
21 14 0.033641
22 14 0.083293
23 14 0.145924
24 14 0.386811
25 14 -0.432142
26 14 0.310878
27 14 0.106913
28 14 0.086064
29 14 -0.327529
30 14 0.151421
31 14 -0.147258
32 14 0.343196
33 14 -0.211531
34 14 -0.307013
35 14 -0.034545
36 14 -0.165856
37 14 -0.089720
38 14 0.148101
39 14 -0.235858
40 14 0.039776
41 14 0.060093
42 14 0.156583
43 14 0.043536
44 14 0.156842
45 14 -0.110025
46 14 0.100087
47 14 -0.018876
48 14 -0.332835
49 14 -0.066423
50 14 0.217076
51 14 -0.307657
52 14 -0.162972
53 14 0.044958
54 14 -0.051226
55 14 0.194797
56 14 0.376670
57 14 0.016749
58 14 -0.127798
59 14 0.551502
60 14 0.434655
61 14 0.172827
62 14 0.459176
63 14 0.121786
64 14 -0.427220
65 14 -0.334460
66 14 -0.344788
67 14 -0.132671
68 14 0.137770
69 14 -0.088827
70 14 -0.228724
71 14 -0.023374
72 14 -0.087362
73 14 -0.240971
74 14 -0.127483
75 14 -0.632919
76 14 0.181076
77 14 0.284771
78 14 0.053814
79 14 -0.031144
80 14 -0.131194
81 14 0.239151
82 14 -0.509539
83 14 0.201471
84 14 0.098797
85 14 -0.101587
86 14 0.506775
87 14 -0.395959
88 14 0.058494
89 14 -0.523602
90 14 0.185607
91 14 -0.261433
92 14 -0.059616
93 14 0.392085
94 14 0.040068
95 14 0.206265
96 14 -0.249645
97 14 0.238726
98 14 -0.039412
99 14 0.004202
100 14 -0.105292
101 14 0.247965
102 14 -0.149834
103 14 0.099498
104 14 0.640099
105 14 0.029034
106 14 -0.121838
107 14 0.022575
108 14 -0.072023
109 14 0.019883
110 14 -0.136484
111 14 -0.032512
112 14 0.100488
113 14 0.040553
114 14 0.066758
115 14 0.328679
116 14 -0.582738
117 14 -0.093290
118 14 -0.001609
119 14 0.590311
120 14 -0.088692
121 14 -0.044955
122 14 0.422622
123 14 0.165154
124 14 -0.196394
125 14 -0.170096
126 14 -0.535010
127 14 -0.057972

0 15 -0.428422
1 15 -0.099610
2 15 -0.150575
3 15 -0.446079
4 15 0.065507
5 15 -0.316534
6 15 -0.371929
7 15 -0.406496
8 15 -0.500077
9 15 0.119269
10 15 0.023642
11 15 -0.960867
12 15 -0.239252
13 15 -0.162632
14 15 -0.099201
15 15 0.056640
16 15 -0.327930
17 15 -0.322148
18 15 -0.169231
19 15 -0.563323
20 15 0.084949
21 15 0.216967
22 15 0.108714
23 15 0.053549
24 15 0.325044
25 15 -0.454931
26 15 0.281516
27 15 0.109447
28 15 0.084955
29 15 -0.413263
30 15 0.069773
31 15 -0.138064
32 15 0.290004
33 15 -0.211000
34 15 -0.372190
35 15 -0.032322
36 15 -0.147746
37 15 -0.079762
38 15 0.095420
39 15 -0.205175
40 15 0.153847
41 15 0.222812
42 15 0.131854
43 15 0.063772
44 15 0.274968
45 15 -0.197036
46 15 0.110006
47 15 0.064387
48 15 -0.337136
49 15 -0.157348
50 15 0.248046
51 15 -0.209012
52 15 -0.096833
53 15 0.107425
54 15 -0.049447
55 15 0.230635
56 15 0.369149
57 15 0.058150
58 15 -0.135290
59 15 0.639301
60 15 0.538607
61 15 0.147766
62 15 0.579730
63 15 -0.008893
64 15 -0.434555
65 15 -0.435773
66 15 -0.323216
67 15 -0.087102
68 15 0.112881
69 15 -0.121165
70 15 -0.088605
71 15 0.000698
72 15 -0.137162
73 15 -0.167867
74 15 -0.076825
75 15 -0.581197
76 15 0.317712
77 15 0.129897
78 15 0.217714
79 15 -0.002421
80 15 -0.118330
81 15 0.161367
82 15 -0.424694
83 15 0.243988
84 15 0.162187
85 15 -0.170906
86 15 0.446224
87 15 -0.376912
88 15 0.058000
89 15 -0.411388
90 15 0.197039
91 15 -0.258765
92 15 -0.075386
93 15 0.395187
94 15 0.037308
95 15 0.176428
96 15 -0.278127
97 15 0.366485
98 15 -0.037174
99 15 0.052169
100 15 -0.069839
101 15 0.210059
102 15 -0.028993
103 15 0.221243
104 15 0.702708
105 15 0.002471
106 15 -0.318237
107 15 0.243328
108 15 -0.234156
109 15 -0.046129
110 15 -0.224803
111 15 -0.098769
112 15 0.095522
113 15 -0.046722
114 15 0.117999
115 15 0.293376
116 15 -0.739873
117 15 0.017855
118 15 0.096176
119 15 0.638698
120 15 -0.107244
121 15 -0.076034
122 15 0.433778
123 15 0.027131
124 15 -0.253103
125 15 -0.347358
126 15 -0.492980
127 15 0.088345

0 16 -0.267262
1 16 0.152478
2 16 -0.267159
3 16 -0.041506
4 16 -0.234808
5 16 -0.053661
6 16 -0.098138
7 16 -0.119068
8 16 -0.188213
9 16 -0.150825
10 16 -0.027194
11 16 -0.660644
12 16 -0.029782
13 16 0.000846
14 16 -0.072121
15 16 0.060108
16 16 0.068475
17 16 -0.059641
18 16 0.028513
19 16 -0.345752
20 16 0.024227
21 16 0.142770
22 16 0.153714
23 16 0.038567
24 16 0.419760
25 16 -0.192951
26 16 0.106361
27 16 0.145881
28 16 -0.126364
29 16 -0.410031
30 16 0.265799
31 16 -0.216700
32 16 0.400609
33 16 0.077891
34 16 -0.243114
35 16 -0.113572
36 16 -0.242232
37 16 -0.107179
38 16 0.004748
39 16 0.094616
40 16 -0.086420
41 16 -0.097645
42 16 0.165039
43 16 -0.032603
44 16 0.341052
45 16 0.026385
46 16 0.171757
47 16 -0.059089
48 16 0.034437
49 16 0.024701
50 16 0.120627
51 16 -0.228156
52 16 -0.143776
53 16 -0.075540
54 16 -0.362989
55 16 0.273308
56 16 0.131335
57 16 0.095935
58 16 -0.071215
59 16 0.199334
60 16 0.439099
61 16 0.027076
62 16 0.205647
63 16 -0.169687
64 16 -0.528726
65 16 -0.008068
66 16 -0.240609
67 16 -0.151086
68 16 -0.024549
69 16 -0.007151
70 16 0.088381
71 16 0.008314
72 16 -0.176202
73 16 -0.343850
74 16 -0.197425
75 16 -0.334018
76 16 0.168340
77 16 0.254622
78 16 -0.160890
79 16 -0.205075
80 16 -0.179475
81 16 0.059096
82 16 -0.061317
83 16 -0.233246
84 16 -0.177100
85 16 -0.102166
86 16 0.302860
87 16 -0.247455
88 16 -0.071402
89 16 -0.472221
90 16 0.219961
91 16 0.023979
92 16 0.169449
93 16 0.158565
94 16 -0.092812
95 16 -0.046277
96 16 -0.417642
97 16 0.147289
98 16 -0.296371
99 16 -0.083583
100 16 0.238765
101 16 0.270633
102 16 -0.031803
103 16 0.180340
104 16 0.618209
105 16 0.046113
106 16 0.004039
107 16 0.181121
108 16 -0.066091
109 16 -0.127108
110 16 0.005312
111 16 0.107446
112 16 0.346366
113 16 0.193032
114 16 0.122028
115 16 0.241281
116 16 -0.737862
117 16 -0.097799
118 16 0.040139
119 16 0.054860
120 16 -0.394713
121 16 -0.061741
122 16 0.448172
123 16 -0.167484
124 16 -0.080767
125 16 0.012112
126 16 -0.214350
127 16 0.228708

0 17 -0.298625
1 17 0.040520
2 17 -0.164873
3 17 -0.143408
4 17 -0.224402
5 17 -0.063219
6 17 0.025366
7 17 -0.297935
8 17 -0.054430
9 17 -0.087605
10 17 -0.015849
11 17 -0.710934
12 17 -0.154469
13 17 0.015996
14 17 -0.109042
15 17 0.010849
16 17 -0.113245
17 17 -0.017290
18 17 0.237044
19 17 -0.332453
20 17 0.050631
21 17 0.258025
22 17 0.195425
23 17 -0.042544
24 17 0.470779
25 17 -0.121201
26 17 0.060771
27 17 0.105634
28 17 -0.101058
29 17 -0.514806
30 17 0.271361
31 17 -0.194383
32 17 0.408884
33 17 0.005163
34 17 -0.200860
35 17 -0.140734
36 17 -0.292558
37 17 -0.075498
38 17 0.168588
39 17 0.098444
40 17 -0.034298
41 17 -0.049329
42 17 0.024222
43 17 0.053336
44 17 0.323991
45 17 0.080226
46 17 0.286187
47 17 -0.075172
48 17 0.163090
49 17 0.060307
50 17 0.109117
51 17 -0.173829
52 17 -0.024628
53 17 -0.033282
54 17 -0.304882
55 17 0.260637
56 17 0.093635
57 17 -0.035408
58 17 -0.048051
59 17 0.406592
60 17 0.558747
61 17 -0.081470
62 17 0.201082
63 17 -0.240728
64 17 -0.448926
65 17 -0.160559
66 17 -0.113500
67 17 -0.121281
68 17 -0.081708
69 17 0.014197
70 17 0.107789
71 17 0.129891
72 17 -0.106944
73 17 -0.209340
74 17 -0.046487
75 17 -0.223822
76 17 0.087442
77 17 0.264582
78 17 -0.040411
79 17 -0.241645
80 17 -0.048692
81 17 0.059333
82 17 0.000058
83 17 -0.125849
84 17 -0.074486
85 17 -0.083896
86 17 0.303888
87 17 -0.247914
88 17 -0.154944
89 17 -0.299250
90 17 0.221954
91 17 0.021693
92 17 0.074766
93 17 0.094489
94 17 -0.117524
95 17 0.044039
96 17 -0.377996
97 17 0.138567
98 17 -0.341108
99 17 -0.106670
100 17 0.326153
101 17 0.247238
102 17 -0.070631
103 17 0.380529
104 17 0.654692
105 17 0.183251
106 17 -0.116825
107 17 0.221932
108 17 -0.133899
109 17 -0.043531
110 17 0.011866
111 17 0.089538
112 17 0.315554
113 17 0.129584
114 17 0.161177
115 17 0.164999
116 17 -0.888109
117 17 -0.052300
118 17 -0.028730
119 17 0.138569
120 17 -0.247789
121 17 -0.088300
122 17 0.437604
123 17 -0.270868
124 17 -0.181787
125 17 -0.026608
126 17 -0.061279
127 17 0.261261

0 18 -0.198525
1 18 0.187833
2 18 -0.107299
3 18 -0.072385
4 18 -0.139740
5 18 0.176220
6 18 -0.013551
7 18 0.040570
8 18 0.130637
9 18 -0.261832
10 18 -0.052128
11 18 -0.437014
12 18 -0.111910
13 18 -0.013930
14 18 -0.045706
15 18 -0.297199
16 18 -0.202287
17 18 -0.037121
18 18 0.107771
19 18 0.018564
20 18 -0.081288
21 18 0.269812
22 18 0.098069
23 18 0.004887
24 18 0.153251
25 18 -0.182237
26 18 0.049207
27 18 -0.044947
28 18 0.044455
29 18 -0.311000
30 18 -0.058732
31 18 -0.147194
32 18 0.226951
33 18 0.179535
34 18 0.059144
35 18 0.003509
36 18 -0.295756
37 18 -0.059487
38 18 -0.080745
39 18 0.119975
40 18 -0.022557
41 18 -0.055118
42 18 -0.024922
43 18 0.134117
44 18 0.000655
45 18 -0.154986
46 18 0.025411
47 18 -0.061217
48 18 0.133033
49 18 0.021945
50 18 -0.088578
51 18 -0.317719
52 18 -0.004172
53 18 0.035269
54 18 -0.012128
55 18 0.261851
56 18 0.201827
57 18 -0.288891
58 18 0.067889
59 18 0.303582
60 18 0.273067
61 18 -0.226155
62 18 -0.095433
63 18 -0.162709
64 18 -0.437699
65 18 0.091346
66 18 0.004072
67 18 -0.163718
68 18 0.185977
69 18 0.106946
70 18 -0.131554
71 18 -0.101333
72 18 0.037584
73 18 -0.242285
74 18 -0.250224
75 18 -0.270494
76 18 0.043441
77 18 0.178434
78 18 -0.108854
79 18 -0.471521
80 18 -0.155596
81 18 0.067151
82 18 -0.159464
83 18 -0.158456
84 18 0.126257
85 18 -0.022056
86 18 -0.100412
87 18 -0.019195
88 18 -0.225854
89 18 -0.091224
90 18 -0.038955
91 18 0.300025
92 18 0.102224
93 18 0.215753
94 18 0.064109
95 18 0.061631
96 18 -0.211779
97 18 -0.261950
98 18 -0.222200
99 18 -0.231999
100 18 0.150776
101 18 0.267846
102 18 0.022811
103 18 0.332346
104 18 0.245546
105 18 0.214268
106 18 -0.163775
107 18 -0.009903
108 18 -0.006411
109 18 -0.191016
110 18 0.122913
111 18 0.039572
112 18 0.140709
113 18 0.204477
114 18 0.041140
115 18 0.111763
116 18 -0.518329
117 18 -0.157543
118 18 0.108404
119 18 0.299355
120 18 -0.123452
121 18 0.123846
122 18 0.342788
123 18 -0.113601
124 18 -0.048477
125 18 -0.062266
126 18 -0.054806
127 18 0.178191

0 19 -0.218051
1 19 0.143834
2 19 -0.201249
3 19 -0.082233
4 19 -0.091497
5 19 0.168400
6 19 0.138043
7 19 -0.052581
8 19 0.078160
9 19 -0.251827
10 19 -0.044646
11 19 -0.472867
12 19 -0.084394
13 19 -0.006292
14 19 -0.028878
15 19 -0.178857
16 19 -0.312612
17 19 -0.083325
18 19 0.139420
19 19 -0.098830
20 19 -0.048313
21 19 0.304198
22 19 0.080660
23 19 -0.115465
24 19 0.249696
25 19 -0.135399
26 19 -0.063912
27 19 0.008367
28 19 -0.055190
29 19 -0.237111
30 19 0.004547
31 19 0.011861
32 19 0.160977
33 19 0.050040
34 19 0.027540
35 19 0.132581
36 19 -0.246890
37 19 -0.080168
38 19 -0.000339
39 19 0.090624
40 19 0.128966
41 19 -0.004460
42 19 -0.110159
43 19 0.031366
44 19 0.091411
45 19 -0.070651
46 19 0.100519
47 19 -0.039159
48 19 0.183691
49 19 0.045984
50 19 0.081214
51 19 -0.257024
52 19 0.008122
53 19 0.138636
54 19 -0.012397
55 19 0.208298
56 19 0.045766
57 19 -0.268143
58 19 0.175033
59 19 0.298394
60 19 0.235225
61 19 -0.284455
62 19 -0.026320
63 19 -0.140949
64 19 -0.381493
65 19 0.013236
66 19 0.053498
67 19 -0.085028
68 19 0.020643
69 19 0.125253
70 19 -0.079513
71 19 -0.028489
72 19 0.071470
73 19 -0.075391
74 19 -0.211435
75 19 -0.316991
76 19 -0.021380
77 19 0.217816
78 19 -0.068027
79 19 -0.421669
80 19 -0.070687
81 19 0.097554
82 19 -0.047732
83 19 -0.272506
84 19 0.124632
85 19 -0.099951
86 19 -0.026547
87 19 -0.109771
88 19 -0.227349
89 19 -0.152931
90 19 -0.003662
91 19 0.206506
92 19 0.131257
93 19 0.152575
94 19 0.028683
95 19 0.012600
96 19 -0.321027
97 19 -0.157030
98 19 -0.105384
99 19 -0.099763
100 19 0.080755
101 19 0.246282
102 19 0.026087
103 19 0.316531
104 19 0.229900
105 19 0.135617
106 19 -0.282330
107 19 0.019558
108 19 0.106164
109 19 -0.046405
110 19 0.060575
111 19 0.130792
112 19 0.098440
113 19 0.126022
114 19 0.118210
115 19 -0.001786
116 19 -0.376222
117 19 -0.102362
118 19 0.240895
119 19 0.412854
120 19 -0.201673
121 19 0.111148
122 19 0.203360
123 19 -0.082476
124 19 -0.038479
125 19 -0.013461
126 19 -0.021952
127 19 0.042002

0 20 -0.420024
1 20 -0.079088
2 20 -0.104647
3 20 -0.222782
4 20 -0.112970
5 20 -0.134068
6 20 -0.120322
7 20 -0.353169
8 20 -0.448955
9 20 -0.063547
10 20 0.037747
11 20 -0.843817
12 20 -0.110055
13 20 -0.041215
14 20 -0.147195
15 20 0.172517
16 20 -0.231983
17 20 -0.166081
18 20 -0.041788
19 20 -0.537220
20 20 0.089862
21 20 0.348899
22 20 0.095723
23 20 -0.133656
24 20 0.409206
25 20 -0.327020
26 20 0.162239
27 20 0.185398
28 20 -0.053798
29 20 -0.441641
30 20 0.160634
31 20 -0.113550
32 20 0.270981
33 20 -0.110521
34 20 -0.263850
35 20 -0.022573
36 20 -0.214727
37 20 -0.028006
38 20 0.113306
39 20 0.006610
40 20 0.079389
41 20 0.031844
42 20 0.132136
43 20 -0.005937
44 20 0.504677
45 20 -0.022934
46 20 0.171371
47 20 0.019491
48 20 -0.005327
49 20 -0.013499
50 20 0.264202
51 20 -0.110320
52 20 -0.081995
53 20 0.069455
54 20 -0.254404
55 20 0.237620
56 20 0.200665
57 20 0.078267
58 20 -0.021632
59 20 0.425555
60 20 0.509042
61 20 0.046436
62 20 0.460023
63 20 -0.137401
64 20 -0.421795
65 20 -0.207061
66 20 -0.241423
67 20 -0.061079
68 20 -0.066143
69 20 -0.097614
70 20 0.141631
71 20 0.068893
72 20 -0.242091
73 20 -0.142960
74 20 0.014503
75 20 -0.401067
76 20 0.305303
77 20 0.083536
78 20 0.107677
79 20 -0.098313
80 20 -0.089751
81 20 0.096643
82 20 -0.089548
83 20 -0.106050
84 20 -0.059579
85 20 -0.135147
86 20 0.438391
87 20 -0.291154
88 20 -0.041969
89 20 -0.312308
90 20 0.192593
91 20 -0.194803
92 20 0.131468
93 20 0.159631
94 20 -0.101183
95 20 -0.033322
96 20 -0.488292
97 20 0.355490
98 20 -0.278454
99 20 0.010574
100 20 0.105920
101 20 0.222003
102 20 0.009726
103 20 0.228096
104 20 0.795430
105 20 0.048245
106 20 -0.247430
107 20 0.206200
108 20 -0.163954
109 20 0.015521
110 20 -0.138582
111 20 -0.032824
112 20 0.148915
113 20 -0.029193
114 20 0.187448
115 20 0.264958
116 20 -0.725397
117 20 -0.007151
118 20 0.107322
119 20 0.336216
120 20 -0.312315
121 20 -0.089400
122 20 0.348407
123 20 -0.119346
124 20 -0.193470
125 20 -0.141038
126 20 -0.180725
127 20 0.162878

0 21 -0.390422
1 21 0.035115
2 21 -0.118431
3 21 -0.120247
4 21 -0.150605
5 21 -0.041458
6 21 0.100731
7 21 -0.334086
8 21 -0.262794
9 21 -0.130233
10 21 -0.119825
11 21 -0.767570
12 21 -0.344795
13 21 -0.041306
14 21 -0.213867
15 21 0.006714
16 21 -0.326063
17 21 0.010610
18 21 0.164878
19 21 -0.426017
20 21 0.184891
21 21 0.326807
22 21 0.064836
23 21 -0.143296
24 21 0.557302
25 21 -0.254945
26 21 0.114210
27 21 0.182782
28 21 -0.020816
29 21 -0.381780
30 21 0.180967
31 21 -0.189875
32 21 0.393592
33 21 -0.235553
34 21 0.074126
35 21 0.070259
36 21 -0.216598
37 21 -0.004508
38 21 0.189764
39 21 0.103682
40 21 0.065724
41 21 -0.057663
42 21 -0.067533
43 21 0.017039
44 21 0.292425
45 21 -0.004735
46 21 0.168041
47 21 0.075711
48 21 0.233806
49 21 0.070167
50 21 0.115806
51 21 -0.195632
52 21 -0.004082
53 21 -0.027357
54 21 -0.000207
55 21 0.281271
56 21 0.322273
57 21 -0.001449
58 21 0.013454
59 21 0.349238
60 21 0.599996
61 21 -0.107745
62 21 0.216181
63 21 -0.282517
64 21 -0.326081
65 21 -0.196204
66 21 -0.090429
67 21 -0.008320
68 21 -0.083264
69 21 0.019789
70 21 0.129184
71 21 0.043726
72 21 -0.196427
73 21 -0.090129
74 21 0.120316
75 21 -0.236266
76 21 0.053895
77 21 0.230850
78 21 0.033422
79 21 -0.219979
80 21 0.021126
81 21 -0.017698
82 21 0.008968
83 21 -0.287670
84 21 -0.200804
85 21 -0.058889
86 21 0.245898
87 21 -0.250341
88 21 -0.075544
89 21 -0.212727
90 21 0.116486
91 21 -0.095551
92 21 0.160067
93 21 0.032465
94 21 -0.225418
95 21 -0.127409
96 21 -0.425873
97 21 0.144532
98 21 -0.315680
99 21 -0.086565
100 21 0.191273
101 21 0.102878
102 21 -0.004572
103 21 0.235432
104 21 0.634311
105 21 0.178827
106 21 -0.326163
107 21 0.123628
108 21 -0.147023
109 21 0.079504
110 21 -0.033130
111 21 -0.090969
112 21 0.179605
113 21 0.057309
114 21 0.220949
115 21 0.125524
116 21 -0.771499
117 21 -0.001167
118 21 0.295316
119 21 0.284051
120 21 -0.274115
121 21 -0.124110
122 21 0.283208
123 21 -0.244956
124 21 -0.154479
125 21 -0.054592
126 21 -0.107999
127 21 0.161762

0 22 -0.181044
1 22 0.189204
2 22 -0.242413
3 22 -0.099315
4 22 -0.113828
5 22 -0.070122
6 22 -0.107761
7 22 0.009299
8 22 -0.019254
9 22 -0.182159
10 22 0.027493
11 22 -0.477349
12 22 0.076506
13 22 0.062703
14 22 -0.004087
15 22 0.105825
16 22 -0.030358
17 22 -0.071151
18 22 -0.112053
19 22 -0.233429
20 22 -0.038321
21 22 0.231171
22 22 0.107374
23 22 0.013761
24 22 0.286713
25 22 -0.139117
26 22 0.052790
27 22 0.121148
28 22 -0.249848
29 22 -0.177076
30 22 0.234323
31 22 0.008080
32 22 0.169389
33 22 0.147120
34 22 -0.140581
35 22 -0.087742
36 22 -0.124118
37 22 -0.046274
38 22 0.028508
39 22 0.077505
40 22 -0.143031
41 22 -0.238259
42 22 0.164808
43 22 -0.059143
44 22 0.205190
45 22 0.059392
46 22 -0.019256
47 22 0.010546
48 22 0.034282
49 22 0.005923
50 22 0.087271
51 22 -0.129671
52 22 -0.122311
53 22 -0.020405
54 22 -0.322933
55 22 0.149244
56 22 0.111407
57 22 0.041055
58 22 0.091452
59 22 0.186559
60 22 0.168707
61 22 -0.024901
62 22 0.132065
63 22 -0.077109
64 22 -0.449049
65 22 0.087321
66 22 -0.326348
67 22 -0.131149
68 22 -0.115052
69 22 -0.032680
70 22 -0.011147
71 22 -0.167505
72 22 -0.127411
73 22 -0.299828
74 22 -0.196451
75 22 -0.335488
76 22 0.080613
77 22 0.240566
78 22 -0.151943
79 22 -0.281404
80 22 -0.087241
81 22 0.055879
82 22 -0.044987
83 22 -0.248261
84 22 -0.118017
85 22 -0.120126
86 22 0.153036
87 22 -0.159429
88 22 -0.079851
89 22 -0.390927
90 22 0.229643
91 22 0.042247
92 22 0.248911
93 22 0.171232
94 22 -0.041426
95 22 -0.128167
96 22 -0.399742
97 22 0.086659
98 22 -0.178879
99 22 -0.010005
100 22 0.178282
101 22 0.234930
102 22 -0.087920
103 22 0.140802
104 22 0.481467
105 22 0.047316
106 22 -0.052063
107 22 0.052972
108 22 0.127377
109 22 0.009603
110 22 0.077416
111 22 0.202697
112 22 0.226106
113 22 0.096463
114 22 -0.043938
115 22 0.212302
116 22 -0.404095
117 22 -0.093991
118 22 0.042024
119 22 0.115570
120 22 -0.383371
121 22 -0.020415
122 22 0.225739
123 22 0.010691
124 22 0.050307
125 22 0.124360
126 22 -0.224657
127 22 0.157641

0 23 -0.161260
1 23 0.146615
2 23 -0.225330
3 23 -0.196357
4 23 -0.077690
5 23 -0.051748
6 23 -0.020803
7 23 -0.046336
8 23 -0.006581
9 23 -0.093134
10 23 0.082725
11 23 -0.542302
12 23 0.008814
13 23 0.035741
14 23 0.067875
15 23 0.105564
16 23 -0.102274
17 23 0.000615
18 23 -0.159995
19 23 -0.291769
20 23 -0.003321
21 23 0.169134
22 23 0.140561
23 23 -0.030696
24 23 0.333577
25 23 -0.165305
26 23 0.058083
27 23 0.103698
28 23 -0.212184
29 23 -0.365233
30 23 0.322274
31 23 -0.040285
32 23 0.235207
33 23 0.022938
34 23 -0.193505
35 23 -0.061207
36 23 -0.194554
37 23 -0.076012
38 23 0.189926
39 23 0.033719
40 23 -0.192655
41 23 -0.301181
42 23 0.228551
43 23 0.020046
44 23 0.178094
45 23 0.100532
46 23 0.061377
47 23 -0.124559
48 23 0.039389
49 23 -0.008656
50 23 0.112060
51 23 -0.137939
52 23 -0.071559
53 23 -0.016498
54 23 -0.353138
55 23 0.111664
56 23 0.227013
57 23 -0.007541
58 23 0.003848
59 23 0.375086
60 23 0.254481
61 23 -0.073086
62 23 0.190573
63 23 0.028390
64 23 -0.445965
65 23 -0.047875
66 23 -0.355394
67 23 -0.120716
68 23 -0.113323
69 23 0.041375
70 23 -0.087625
71 23 -0.102917
72 23 -0.091014
73 23 -0.372333
74 23 -0.048432
75 23 -0.372798
76 23 0.023383
77 23 0.315468
78 23 -0.069412
79 23 -0.295561
80 23 -0.024531
81 23 0.152599
82 23 -0.175187
83 23 -0.111200
84 23 0.038375
85 23 -0.072835
86 23 0.295948
87 23 -0.071630
88 23 -0.112413
89 23 -0.361143
90 23 0.190037
91 23 -0.020145
92 23 0.207662
93 23 0.101069
94 23 -0.046059
95 23 -0.008393
96 23 -0.354371
97 23 0.132727
98 23 -0.231600
99 23 -0.031341
100 23 0.203717
101 23 0.329890
102 23 -0.252166
103 23 0.241685
104 23 0.605409
105 23 0.131648
106 23 -0.000155
107 23 -0.020191
108 23 0.145826
109 23 0.081500
110 23 0.104972
111 23 0.292779
112 23 0.234065
113 23 0.050079
114 23 -0.044378
115 23 0.213272
116 23 -0.431955
117 23 -0.074426
118 23 -0.012740
119 23 0.302477
120 23 -0.280488
121 23 -0.070565
122 23 0.313171
123 23 0.034550
124 23 -0.092864
125 23 0.092377
126 23 -0.045215
127 23 0.136053

0 24 -0.280505
1 24 -0.002422
2 24 0.226844
3 24 0.379123
4 24 -0.199210
5 24 0.156653
6 24 0.155374
7 24 0.133578
8 24 -0.725616
9 24 -0.260515
10 24 0.023456
11 24 0.158772
12 24 0.030992
13 24 0.126216
14 24 -0.241767
15 24 -0.576332
16 24 0.098886
17 24 0.050619
18 24 0.122730
19 24 0.132286
20 24 -0.596057
21 24 -0.122984
22 24 0.046715
23 24 0.093914
24 24 0.228072
25 24 -0.147543
26 24 0.303328
27 24 0.172927
28 24 1.056547
29 24 -0.294856
30 24 -0.963189
31 24 -0.365534
32 24 0.093260
33 24 -0.056062
34 24 0.116911
35 24 0.130642
36 24 -0.141363
37 24 0.045461
38 24 -0.796576
39 24 0.279202
40 24 -0.197816
41 24 0.530846
42 24 0.055985
43 24 -0.136976
44 24 -0.207967
45 24 -0.209285
46 24 0.020673
47 24 0.025948
48 24 0.181096
49 24 0.175318
50 24 0.197063
51 24 -0.063163
52 24 0.169093
53 24 -0.663018
54 24 0.325266
55 24 0.162725
56 24 0.264995
57 24 -0.353937
58 24 -0.216819
59 24 0.016537
60 24 0.028669
61 24 0.025841
62 24 -0.456400
63 24 -0.050100
64 24 0.253793
65 24 0.594066
66 24 0.277189
67 24 -0.206481
68 24 0.259899
69 24 0.454195
70 24 0.227444
71 24 0.413837
72 24 0.393985
73 24 -0.418342
74 24 -0.215688
75 24 -0.446786
76 24 -0.267648
77 24 -0.510321
78 24 0.216297
79 24 0.183102
80 24 0.049736
81 24 0.069678
82 24 -0.343756
83 24 0.163008
84 24 0.028156
85 24 0.412608
86 24 -0.342203
87 24 0.123419
88 24 0.156235
89 24 0.416281
90 24 -0.611105
91 24 0.562191
92 24 0.330409
93 24 0.300211
94 24 0.003428
95 24 0.399829
96 24 0.552909
97 24 -0.095796
98 24 -0.420387
99 24 -0.043317
100 24 0.050310
101 24 -0.139020
102 24 0.135487
103 24 -0.031087
104 24 -0.533621
105 24 0.022558
106 24 -0.232974
107 24 -0.127301
108 24 0.032015
109 24 -0.729663
110 24 -0.194777
111 24 -0.041850
112 24 -0.132836
113 24 0.014763
114 24 -0.260220
115 24 -0.476967
116 24 -0.170736
117 24 -0.506715
118 24 0.398851
119 24 0.311213
120 24 0.392378
121 24 -0.011810
122 24 0.462668
123 24 -0.612460
124 24 -0.318795
125 24 -0.354170
126 24 0.295325
127 24 -0.213321

0 25 -0.338158
1 25 -0.156938
2 25 0.118746
3 25 0.161292
4 25 -0.051635
5 25 0.209016
6 25 0.157514
7 25 -0.173886
8 25 -0.579595
9 25 -0.307213
10 25 0.058160
11 25 -0.197055
12 25 -0.005484
13 25 -0.256112
14 25 -0.263453
15 25 -0.272971
16 25 0.058314
17 25 -0.091958
18 25 0.003462
19 25 -0.138586
20 25 -0.220963
21 25 0.153111
22 25 0.182633
23 25 0.089982
24 25 0.131582
25 25 -0.230646
26 25 0.124906
27 25 0.234399
28 25 0.758021
29 25 -0.219049
30 25 -0.559644
31 25 -0.238933
32 25 -0.087027
33 25 -0.209693
34 25 0.052004
35 25 0.289713
36 25 -0.160517
37 25 -0.016359
38 25 -0.450276
39 25 0.229101
40 25 -0.069992
41 25 0.709225
42 25 0.044656
43 25 -0.209487
44 25 0.003413
45 25 -0.428402
46 25 -0.036657
47 25 -0.041329
48 25 0.251840
49 25 0.028890
50 25 0.323589
51 25 -0.075769
52 25 0.182699
53 25 -0.234063
54 25 0.217180
55 25 0.011904
56 25 0.203424
57 25 -0.140624
58 25 -0.125966
59 25 0.014826
60 25 0.222578
61 25 -0.071961
62 25 -0.066740
63 25 -0.082736
64 25 0.116286
65 25 0.171313
66 25 0.230373
67 25 -0.190283
68 25 0.140929
69 25 0.361941
70 25 0.199120
71 25 0.088018
72 25 0.333554
73 25 -0.404977
74 25 -0.230845
75 25 -0.577091
76 25 -0.062659
77 25 -0.431735
78 25 0.301807
79 25 0.254700
80 25 0.127056
81 25 -0.012707
82 25 -0.255964
83 25 -0.089061
84 25 -0.007857
85 25 0.245427
86 25 -0.184315
87 25 0.043162
88 25 0.100756
89 25 0.103663
90 25 -0.696546
91 25 0.625365
92 25 0.264063
93 25 0.372784
94 25 -0.293023
95 25 0.170894
96 25 0.218657
97 25 -0.071437
98 25 -0.288476
99 25 -0.079500
100 25 -0.080309
101 25 0.092908
102 25 0.113127
103 25 0.018604
104 25 -0.521303
105 25 -0.030491
106 25 -0.442513
107 25 0.161712
108 25 -0.082260
109 25 -0.443115
110 25 0.072681
111 25 0.053642
112 25 -0.136323
113 25 0.133068
114 25 -0.287739
115 25 -0.215642
116 25 -0.044280
117 25 -0.312418
118 25 0.440518
119 25 0.421982
120 25 0.178868
121 25 -0.178091
122 25 0.309659
123 25 -0.398513
124 25 -0.148532
125 25 -0.290034
126 25 0.299301
127 25 -0.166274

0 26 -0.326328
1 26 -0.059380
2 26 -0.145966
3 26 0.098065
4 26 -0.115615
5 26 0.208660
6 26 0.178523
7 26 0.161434
8 26 -0.551155
9 26 -0.016518
10 26 0.076619
11 26 -0.086355
12 26 -0.088501
13 26 -0.107958
14 26 -0.162792
15 26 -0.437417
16 26 -0.139592
17 26 0.056323
18 26 -0.027802
19 26 -0.239054
20 26 -0.289483
21 26 -0.347075
22 26 0.235699
23 26 -0.040323
24 26 0.282497
25 26 -0.373296
26 26 0.443633
27 26 0.054972
28 26 0.491112
29 26 -0.336741
30 26 -0.400509
31 26 -0.200831
32 26 0.085957
33 26 0.050891
34 26 -0.150259
35 26 -0.030004
36 26 -0.203104
37 26 -0.003565
38 26 -0.490685
39 26 0.172103
40 26 -0.048906
41 26 0.062423
42 26 0.110613
43 26 -0.074644
44 26 -0.130898
45 26 -0.112804
46 26 0.209620
47 26 -0.358422
48 26 0.078688
49 26 0.277214
50 26 0.179331
51 26 -0.303126
52 26 -0.026857
53 26 -0.321293
54 26 0.391681
55 26 -0.118394
56 26 0.267584
57 26 -0.262559
58 26 -0.349013
59 26 0.468924
60 26 -0.003581
61 26 0.021214
62 26 -0.160885
63 26 0.100646
64 26 0.227594
65 26 0.160235
66 26 -0.029614
67 26 -0.164861
68 26 0.224488
69 26 0.435624
70 26 0.063274
71 26 0.480775
72 26 0.277010
73 26 -0.306321
74 26 -0.120851
75 26 -0.681149
76 26 -0.200543
77 26 0.161722
78 26 0.131995
79 26 0.229961
80 26 0.097852
81 26 -0.131744
82 26 -0.447484
83 26 0.341406
84 26 0.382671
85 26 0.155617
86 26 0.280440
87 26 -0.127146
88 26 -0.117926
89 26 0.205172
90 26 -0.196587
91 26 0.161723
92 26 0.006516
93 26 -0.005448
94 26 0.065593
95 26 0.409332
96 26 0.065413
97 26 0.233399
98 26 -0.287124
99 26 -0.152236
100 26 0.057502
101 26 0.203478
102 26 -0.068834
103 26 -0.223354
104 26 0.100748
105 26 0.089667
106 26 -0.242349
107 26 -0.404497
108 26 0.066551
109 26 -0.395860
110 26 -0.079827
111 26 0.000731
112 26 -0.358584
113 26 0.203730
114 26 0.024857
115 26 -0.241473
116 26 0.001852
117 26 -0.465757
118 26 0.285685
119 26 0.683149
120 26 0.436525
121 26 0.061886
122 26 0.366973
123 26 -0.351438
124 26 -0.347976
125 26 -0.312081
126 26 0.172781
127 26 -0.097393

0 27 -0.390278
1 27 -0.384365
2 27 0.007056
3 27 -0.117643
4 27 -0.055154
5 27 0.256173
6 27 0.018890
7 27 -0.349693
8 27 -0.328922
9 27 -0.107476
10 27 0.032987
11 27 -0.585486
12 27 -0.317061
13 27 -0.379582
14 27 -0.278197
15 27 -0.276006
16 27 -0.354202
17 27 -0.154318
18 27 0.040062
19 27 -0.315986
20 27 -0.109159
21 27 0.250574
22 27 0.292186
23 27 -0.035733
24 27 0.430130
25 27 -0.309662
26 27 0.320762
27 27 -0.049438
28 27 0.420893
29 27 -0.413571
30 27 -0.037484
31 27 -0.085609
32 27 0.077188
33 27 -0.294142
34 27 -0.161403
35 27 0.110926
36 27 -0.331403
37 27 0.061812
38 27 0.030606
39 27 0.164751
40 27 0.074923
41 27 0.478253
42 27 -0.146754
43 27 0.055899
44 27 -0.033537
45 27 -0.423379
46 27 0.074408
47 27 -0.199990
48 27 0.121014
49 27 -0.019605
50 27 0.235416
51 27 -0.207082
52 27 0.158516
53 27 0.003704
54 27 0.486602
55 27 -0.049064
56 27 0.234997
57 27 -0.202403
58 27 -0.310202
59 27 0.538866
60 27 0.411948
61 27 0.050051
62 27 0.254036
63 27 -0.036850
64 27 0.115958
65 27 -0.433136
66 27 0.063635
67 27 -0.044686
68 27 0.452243
69 27 0.129636
70 27 -0.016855
71 27 0.020995
72 27 0.207827
73 27 -0.212248
74 27 0.039905
75 27 -0.604773
76 27 -0.057724
77 27 -0.030864
78 27 0.444054
79 27 0.198582
80 27 0.076803
81 27 0.112564
82 27 -0.219001
83 27 0.262119
84 27 0.446949
85 27 0.066782
86 27 0.329385
87 27 -0.269709
88 27 -0.188217
89 27 0.022242
90 27 -0.322587
91 27 0.271049
92 27 -0.198633
93 27 0.109254
94 27 -0.289262
95 27 0.250109
96 27 -0.071730
97 27 0.108444
98 27 -0.229965
99 27 -0.153844
100 27 -0.165578
101 27 0.193226
102 27 -0.033551
103 27 0.105115
104 27 0.023264
105 27 0.130890
106 27 -0.437254
107 27 -0.098436
108 27 -0.182608
109 27 -0.048052
110 27 -0.008840
111 27 0.027281
112 27 -0.348250
113 27 0.136157
114 27 0.010568
115 27 0.085413
116 27 -0.299421
117 27 -0.059244
118 27 0.236037
119 27 0.647851
120 27 0.330687
121 27 -0.088680
122 27 0.231928
123 27 -0.225051
124 27 -0.276259
125 27 -0.438963
126 27 0.224535
127 27 -0.040208

0 28 -0.193873
1 28 -0.090253
2 28 -0.101680
3 28 0.007959
4 28 -0.153633
5 28 0.338135
6 28 0.468482
7 28 0.395747
8 28 -0.365058
9 28 -0.124646
10 28 -0.101103
11 28 -0.343609
12 28 0.196890
13 28 -0.124508
14 28 -0.282328
15 28 -0.391778
16 28 -0.542841
17 28 0.169527
18 28 0.267398
19 28 -0.182638
20 28 -0.436798
21 28 -0.349752
22 28 0.202772
23 28 -0.053982
24 28 0.288296
25 28 -0.228835
26 28 0.553582
27 28 -0.098078
28 28 0.206004
29 28 -0.612327
30 28 -0.427640
31 28 -0.149407
32 28 -0.237969
33 28 0.226181
34 28 -0.096055
35 28 0.074092
36 28 -0.029610
37 28 0.107319
38 28 -0.531449
39 28 0.250135
40 28 -0.046190
41 28 -0.333543
42 28 0.111835
43 28 0.054840
44 28 0.032090
45 28 0.084808
46 28 0.500968
47 28 -0.518102
48 28 0.344334
49 28 0.237441
50 28 0.004296
51 28 -0.228229
52 28 -0.100802
53 28 -0.405431
54 28 0.391968
55 28 -0.327631
56 28 0.049638
57 28 -0.703452
58 28 -0.294482
59 28 0.977851
60 28 -0.029788
61 28 -0.168481
62 28 -0.584589
63 28 0.035820
64 28 0.133270
65 28 0.418423
66 28 0.119142
67 28 0.162289
68 28 0.181337
69 28 0.527924
70 28 0.079206
71 28 0.654965
72 28 0.392404
73 28 -0.273452
74 28 0.024608
75 28 -0.634191
76 28 -0.210065
77 28 0.410653
78 28 0.137343
79 28 0.188652
80 28 0.038607
81 28 -0.083012
82 28 -0.257690
83 28 0.241407
84 28 0.827361
85 28 0.274090
86 28 0.185178
87 28 -0.207955
88 28 -0.464906
89 28 0.683880
90 28 -0.142816
91 28 0.122724
92 28 -0.129474
93 28 -0.411032
94 28 0.109841
95 28 0.549129
96 28 -0.356996
97 28 0.498717
98 28 -0.484299
99 28 -0.245752
100 28 0.194214
101 28 0.606434
102 28 -0.135205
103 28 0.001852
104 28 0.349865
105 28 0.289072
106 28 -0.308425
107 28 -0.356364
108 28 0.030104
109 28 -0.420018
110 28 -0.319932
111 28 -0.102980
112 28 -0.561659
113 28 -0.189010
114 28 0.106137
115 28 -0.452200
116 28 0.068994
117 28 -0.591497
118 28 0.315155
119 28 0.742577
120 28 0.468606
121 28 0.238005
122 28 0.421454
123 28 -0.561125
124 28 -0.506204
125 28 -0.184139
126 28 0.482246
127 28 0.146286

0 29 -0.129378
1 29 -0.317966
2 29 0.165129
3 29 -0.208914
4 29 0.039301
5 29 0.377801
6 29 0.369920
7 29 0.190007
8 29 -0.138009
9 29 -0.040034
10 29 -0.172314
11 29 -0.442503
12 29 -0.087116
13 29 -0.150085
14 29 -0.297848
15 29 -0.229644
16 29 -0.756305
17 29 0.121447
18 29 0.385783
19 29 -0.056806
20 29 -0.403411
21 29 0.173111
22 29 0.158743
23 29 0.051312
24 29 0.534504
25 29 -0.183957
26 29 0.255282
27 29 0.008483
28 29 0.140655
29 29 -0.596292
30 29 -0.125612
31 29 -0.102302
32 29 -0.164172
33 29 0.046295
34 29 0.042509
35 29 0.186024
36 29 -0.075154
37 29 0.166906
38 29 0.127661
39 29 0.052155
40 29 0.045664
41 29 -0.273408
42 29 -0.307310
43 29 0.092085
44 29 -0.026711
45 29 0.001853
46 29 0.450369
47 29 -0.433168
48 29 0.582996
49 29 0.144695
50 29 0.032900
51 29 -0.180758
52 29 0.142469
53 29 -0.195945
54 29 0.631947
55 29 -0.281233
56 29 0.147052
57 29 -0.599052
58 29 -0.276637
59 29 1.037685
60 29 0.143970
61 29 -0.276482
62 29 -0.383955
63 29 -0.203526
64 29 0.092460
65 29 -0.066161
66 29 0.499437
67 29 0.248990
68 29 0.123079
69 29 0.317823
70 29 -0.069462
71 29 0.352790
72 29 0.432309
73 29 0.206556
74 29 0.128298
75 29 -0.277518
76 29 -0.422313
77 29 0.182014
78 29 0.448836
79 29 -0.089170
80 29 0.215562
81 29 0.210996
82 29 -0.000802
83 29 0.078769
84 29 0.808272
85 29 0.364934
86 29 -0.014874
87 29 -0.143713
88 29 -0.399261
89 29 0.535836
90 29 -0.115201
91 29 0.320403
92 29 -0.309448
93 29 -0.416857
94 29 -0.049987
95 29 0.298756
96 29 -0.189356
97 29 0.356364
98 29 -0.487860
99 29 -0.228618
100 29 0.155473
101 29 0.439576
102 29 -0.184369
103 29 0.204263
104 29 0.015904
105 29 0.242960
106 29 -0.680954
107 29 -0.337393
108 29 0.009855
109 29 -0.020837
110 29 -0.016394
111 29 -0.014027
112 29 -0.647422
113 29 -0.254405
114 29 0.133769
115 29 -0.348479
116 29 -0.165093
117 29 -0.338661
118 29 0.262097
119 29 0.829942
120 29 0.342283
121 29 0.115252
122 29 0.260752
123 29 -0.402463
124 29 -0.472188
125 29 -0.223502
126 29 0.556498
127 29 0.103858

0 30 -0.054940
1 30 0.031622
2 30 0.369935
3 30 0.220026
4 30 -0.112454
5 30 0.221176
6 30 0.229296
7 30 0.218845
8 30 -0.364891
9 30 -0.168368
10 30 -0.143311
11 30 -0.001532
12 30 0.423428
13 30 0.083987
14 30 -0.154863
15 30 -0.412748
16 30 -0.372663
17 30 0.114199
18 30 0.362300
19 30 0.270255
20 30 -0.576025
21 30 -0.256475
22 30 -0.115126
23 30 0.168873
24 30 0.001208
25 30 -0.089254
26 30 0.209105
27 30 -0.043576
28 30 0.616634
29 30 -0.481943
30 30 -0.698343
31 30 -0.268804
32 30 -0.248984
33 30 0.225419
34 30 0.312448
35 30 0.103046
36 30 -0.083371
37 30 -0.017700
38 30 -0.687785
39 30 0.244910
40 30 -0.302937
41 30 0.152312
42 30 0.201399
43 30 0.056865
44 30 -0.228434
45 30 -0.042838
46 30 0.200381
47 30 -0.255080
48 30 0.212628
49 30 -0.099470
50 30 -0.123196
51 30 -0.002989
52 30 0.039383
53 30 -0.642848
54 30 0.475031
55 30 0.018307
56 30 0.095758
57 30 -0.772462
58 30 -0.127485
59 30 0.535383
60 30 -0.129789
61 30 -0.238319
62 30 -0.687720
63 30 -0.055034
64 30 0.185033
65 30 0.734638
66 30 0.311758
67 30 0.156572
68 30 0.278729
69 30 0.402441
70 30 0.073170
71 30 0.265343
72 30 0.398820
73 30 -0.372112
74 30 -0.017353
75 30 -0.250008
76 30 -0.348250
77 30 -0.188748
78 30 0.137724
79 30 0.004766
80 30 -0.152733
81 30 0.006249
82 30 -0.367803
83 30 0.108267
84 30 0.652615
85 30 0.258468
86 30 -0.205861
87 30 0.216161
88 30 -0.104535
89 30 0.626853
90 30 -0.417402
91 30 0.428388
92 30 0.082699
93 30 -0.039511
94 30 0.133656
95 30 0.440202
96 30 0.220803
97 30 0.007354
98 30 -0.353599
99 30 -0.110613
100 30 0.226117
101 30 0.428823
102 30 0.055988
103 30 0.193264
104 30 -0.345469
105 30 0.274924
106 30 -0.252446
107 30 -0.085162
108 30 0.022199
109 30 -0.639939
110 30 -0.224777
111 30 0.063090
112 30 -0.313998
113 30 -0.306463
114 30 -0.111366
115 30 -0.572709
116 30 0.012027
117 30 -0.583249
118 30 0.370561
119 30 0.395367
120 30 0.307166
121 30 0.177653
122 30 0.319087
123 30 -0.557813
124 30 -0.319207
125 30 -0.224947
126 30 0.463429
127 30 -0.071742

0 31 -0.156491
1 31 -0.072547
2 31 0.382353
3 31 0.138562
4 31 -0.091353
5 31 0.384817
6 31 0.288023
7 31 0.006151
8 31 -0.190379
9 31 -0.219471
10 31 -0.040046
11 31 -0.034208
12 31 0.074207
13 31 -0.055277
14 31 -0.180292
15 31 -0.285195
16 31 -0.498717
17 31 0.020073
18 31 0.269513
19 31 0.247208
20 31 -0.494651
21 31 0.111175
22 31 0.053483
23 31 -0.013966
24 31 0.231336
25 31 -0.252412
26 31 -0.010784
27 31 0.151226
28 31 0.282754
29 31 -0.533594
30 31 -0.487653
31 31 -0.215867
32 31 -0.149520
33 31 0.123433
34 31 0.401720
35 31 0.235813
36 31 -0.251685
37 31 -0.078434
38 31 -0.154286
39 31 0.080357
40 31 -0.156014
41 31 0.247120
42 31 -0.144920
43 31 -0.060464
44 31 -0.150740
45 31 -0.052529
46 31 0.218162
47 31 -0.290481
48 31 0.581493
49 31 -0.132647
50 31 0.001592
51 31 -0.010124
52 31 -0.001661
53 31 -0.388284
54 31 0.560204
55 31 -0.068550
56 31 0.205049
57 31 -0.443363
58 31 -0.033930
59 31 0.549229
60 31 -0.000342
61 31 -0.476286
62 31 -0.346027
63 31 -0.323631
64 31 0.115650
65 31 0.295321
66 31 0.485958
67 31 0.045426
68 31 0.092961
69 31 0.086665
70 31 -0.016576
71 31 0.058956
72 31 0.343739
73 31 0.024607
74 31 -0.180872
75 31 -0.184471
76 31 -0.421893
77 31 -0.301768
78 31 0.259529
79 31 -0.156024
80 31 0.144996
81 31 0.050060
82 31 -0.184873
83 31 -0.184723
84 31 0.468510
85 31 0.325535
86 31 -0.205965
87 31 0.139772
88 31 -0.054455
89 31 0.343358
90 31 -0.473380
91 31 0.752644
92 31 -0.105337
93 31 -0.001102
94 31 -0.145170
95 31 0.044594
96 31 0.065928
97 31 0.076746
98 31 -0.478017
99 31 -0.203814
100 31 0.117551
101 31 0.296872
102 31 -0.003225
103 31 0.123411
104 31 -0.483736
105 31 0.199811
106 31 -0.578908
107 31 -0.127943
108 31 0.163093
109 31 -0.291607
110 31 0.215166
111 31 0.258874
112 31 -0.265575
113 31 -0.086463
114 31 -0.145024
115 31 -0.490733
116 31 -0.037879
117 31 -0.368150
118 31 0.405924
119 31 0.608818
120 31 0.128159
121 31 0.035404
122 31 0.206413
123 31 -0.428430
124 31 -0.236605
125 31 -0.112530
126 31 0.556023
127 31 -0.067100

0 32 -0.358835
1 32 -0.294997
2 32 0.035688
3 32 -0.067627
4 32 0.149717
5 32 0.523362
6 32 0.355858
7 32 -0.026049
8 32 -0.510774
9 32 -0.367946
10 32 0.068796
11 32 -0.606875
12 32 -0.133565
13 32 -0.412974
14 32 -0.126543
15 32 0.109228
16 32 -0.622281
17 32 0.108408
18 32 0.124579
19 32 -0.342034
20 32 0.095667
21 32 0.353830
22 32 0.062161
23 32 -0.278368
24 32 0.581030
25 32 -0.332921
26 32 0.084706
27 32 -0.025733
28 32 0.160686
29 32 -0.555341
30 32 0.068198
31 32 0.038469
32 32 -0.102196
33 32 -0.234255
34 32 0.204583
35 32 0.341534
36 32 -0.334917
37 32 0.049613
38 32 0.386842
39 32 0.114473
40 32 0.063322
41 32 -0.083607
42 32 -0.115246
43 32 -0.042710
44 32 0.333775
45 32 -0.061557
46 32 0.334268
47 32 -0.342326
48 32 0.457877
49 32 0.076494
50 32 0.102802
51 32 -0.245278
52 32 0.102470
53 32 0.015398
54 32 0.466532
55 32 -0.362192
56 32 0.210068
57 32 -0.337574
58 32 -0.138888
59 32 0.506623
60 32 0.355569
61 32 -0.295106
62 32 0.146929
63 32 -0.063378
64 32 -0.077797
65 32 -0.338276
66 32 0.253304
67 32 0.194691
68 32 0.197794
69 32 0.246829
70 32 0.120153
71 32 0.089975
72 32 0.014690
73 32 0.140619
74 32 0.320250
75 32 -0.334315
76 32 -0.066704
77 32 0.047392
78 32 0.439289
79 32 -0.136766
80 32 0.220479
81 32 0.085138
82 32 0.065547
83 32 -0.130597
84 32 0.540522
85 32 0.242869
86 32 0.257705
87 32 -0.020570
88 32 -0.268127
89 32 0.131183
90 32 -0.229476
91 32 -0.151596
92 32 -0.173547
93 32 -0.424070
94 32 -0.206260
95 32 0.205237
96 32 -0.415244
97 32 0.196629
98 32 -0.462348
99 32 -0.132100
100 32 0.029457
101 32 0.418664
102 32 0.052910
103 32 0.216954
104 32 0.173618
105 32 0.287837
106 32 -0.679681
107 32 -0.139868
108 32 -0.034035
109 32 0.241019
110 32 -0.009124
111 32 -0.073386
112 32 -0.616581
113 32 -0.200484
114 32 0.144815
115 32 -0.144075
116 32 0.019015
117 32 -0.089438
118 32 0.343725
119 32 0.725555
120 32 0.190703
121 32 -0.016586
122 32 -0.016297
123 32 -0.288577
124 32 -0.287703
125 32 -0.149242
126 32 0.553646
127 32 -0.082286

0 33 -0.197370
1 33 -0.323344
2 33 0.232345
3 33 0.025142
4 33 0.131862
5 33 0.377341
6 33 0.551099
7 33 0.120839
8 33 -0.529869
9 33 -0.175728
10 33 -0.007490
11 33 -0.367019
12 33 -0.057816
13 33 -0.312115
14 33 -0.322492
15 33 -0.067516
16 33 -0.713210
17 33 0.094820
18 33 0.325179
19 33 -0.121741
20 33 -0.248217
21 33 0.123538
22 33 -0.070272
23 33 -0.225829
24 33 0.704895
25 33 -0.244619
26 33 0.142525
27 33 0.072840
28 33 0.440912
29 33 -0.756193
30 33 -0.219959
31 33 -0.199299
32 33 -0.046041
33 33 -0.255829
34 33 0.443876
35 33 0.370986
36 33 -0.235471
37 33 -0.013789
38 33 0.217296
39 33 0.089462
40 33 -0.069635
41 33 -0.168585
42 33 -0.205413
43 33 0.053447
44 33 -0.013567
45 33 0.046639
46 33 0.360337
47 33 -0.473921
48 33 0.610789
49 33 -0.038438
50 33 -0.065866
51 33 -0.045049
52 33 0.043261
53 33 -0.315771
54 33 0.721606
55 33 -0.362045
56 33 0.423333
57 33 -0.505241
58 33 -0.197883
59 33 0.807515
60 33 0.163741
61 33 -0.410244
62 33 -0.175307
63 33 -0.134370
64 33 0.174033
65 33 -0.012188
66 33 0.353691
67 33 0.272508
68 33 0.187557
69 33 0.252532
70 33 0.088242
71 33 0.219893
72 33 0.097431
73 33 0.194795
74 33 0.298342
75 33 -0.073741
76 33 -0.404864
77 33 -0.039320
78 33 0.402689
79 33 -0.141747
80 33 0.254748
81 33 0.002266
82 33 0.071614
83 33 -0.133261
84 33 0.661531
85 33 0.424329
86 33 -0.029574
87 33 0.044169
88 33 -0.259590
89 33 0.382305
90 33 -0.382966
91 33 0.193186
92 33 -0.168913
93 33 -0.457300
94 33 -0.201699
95 33 0.233769
96 33 -0.102136
97 33 0.311078
98 33 -0.546295
99 33 -0.253375
100 33 0.180458
101 33 0.455552
102 33 -0.071710
103 33 0.159773
104 33 -0.112018
105 33 0.249599
106 33 -0.684532
107 33 -0.246970
108 33 -0.070781
109 33 0.074524
110 33 0.007760
111 33 -0.105624
112 33 -0.768618
113 33 -0.283751
114 33 -0.073232
115 33 -0.386112
116 33 -0.111447
117 33 -0.349292
118 33 0.386914
119 33 0.769596
120 33 0.282324
121 33 -0.033641
122 33 -0.002266
123 33 -0.523870
124 33 -0.375671
125 33 -0.289833
126 33 0.681607
127 33 -0.061384

0 34 0.025495
1 34 0.039094
2 34 -0.022396
3 34 -0.061903
4 34 -0.060368
5 34 0.163086
6 34 0.339704
7 34 0.176085
8 34 0.096854
9 34 -0.209951
10 34 -0.017352
11 34 -0.152251
12 34 0.284242
13 34 0.053170
14 34 -0.027027
15 34 -0.013991
16 34 -0.261395
17 34 0.114074
18 34 0.091593
19 34 -0.125775
20 34 -0.108625
21 34 -0.112737
22 34 -0.009374
23 34 0.033200
24 34 0.048238
25 34 -0.022316
26 34 0.130087
27 34 -0.094738
28 34 -0.153446
29 34 -0.194177
30 34 -0.049106
31 34 0.074041
32 34 -0.208908
33 34 0.204870
34 34 -0.026913
35 34 0.064524
36 34 -0.115130
37 34 0.038442
38 34 -0.285519
39 34 0.142316
40 34 -0.202784
41 34 -0.256690
42 34 0.148925
43 34 0.011442
44 34 -0.098762
45 34 0.055448
46 34 0.083085
47 34 -0.246548
48 34 0.042593
49 34 0.057281
50 34 -0.119351
51 34 -0.098403
52 34 -0.197461
53 34 -0.117173
54 34 0.013493
55 34 -0.079189
56 34 0.010361
57 34 -0.338779
58 34 0.091689
59 34 0.345229
60 34 -0.197388
61 34 -0.317999
62 34 -0.220504
63 34 0.052027
64 34 -0.070135
65 34 0.384514
66 34 -0.182866
67 34 0.049866
68 34 0.099100
69 34 0.241800
70 34 -0.081889
71 34 0.087353
72 34 0.137405
73 34 -0.343367
74 34 -0.068213
75 34 -0.356372
76 34 -0.096390
77 34 0.316893
78 34 -0.094676
79 34 -0.096947
80 34 -0.053282
81 34 -0.151487
82 34 -0.289611
83 34 -0.032731
84 34 0.294580
85 34 0.100358
86 34 0.102983
87 34 0.101930
88 34 -0.148331
89 34 0.215217
90 34 -0.062589
91 34 0.063021
92 34 0.017801
93 34 -0.140604
94 34 0.013139
95 34 0.164147
96 34 -0.298304
97 34 0.239848
98 34 -0.167483
99 34 -0.051106
100 34 0.210533
101 34 0.326932
102 34 -0.174941
103 34 0.020347
104 34 0.097000
105 34 0.246539
106 34 0.003982
107 34 -0.182644
108 34 0.228972
109 34 -0.044713
110 34 -0.022655
111 34 0.117823
112 34 -0.251861
113 34 -0.111896
114 34 -0.172058
115 34 -0.012431
116 34 0.344304
117 34 -0.278424
118 34 0.113403
119 34 0.333670
120 34 0.020654
121 34 0.140009
122 34 0.141948
123 34 -0.027691
124 34 0.066984
125 34 -0.003914
126 34 0.160315
127 34 0.011344

0 35 0.095063
1 35 -0.090136
2 35 0.079844
3 35 -0.224840
4 35 0.040118
5 35 0.106608
6 35 0.232678
7 35 0.208678
8 35 0.133714
9 35 -0.046538
10 35 -0.012990
11 35 -0.236150
12 35 0.225469
13 35 0.121503
14 35 -0.085092
15 35 0.077756
16 35 -0.330219
17 35 0.102841
18 35 -0.001777
19 35 -0.246882
20 35 -0.196134
21 35 -0.055905
22 35 0.068911
23 35 0.098663
24 35 0.047075
25 35 -0.121443
26 35 0.257789
27 35 -0.014730
28 35 -0.325610
29 35 -0.203084
30 35 -0.019054
31 35 0.096869
32 35 -0.275741
33 35 0.146641
34 35 -0.136872
35 35 -0.020579
36 35 0.001683
37 35 0.114528
38 35 -0.228300
39 35 0.202345
40 35 -0.170989
41 35 -0.436113
42 35 0.105245
43 35 0.085781
44 35 -0.130780
45 35 0.040982
46 35 0.091835
47 35 -0.262502
48 35 0.090438
49 35 0.047344
50 35 0.038138
51 35 -0.013167
52 35 -0.117860
53 35 -0.071069
54 35 -0.010978
55 35 -0.150014
56 35 0.067857
57 35 -0.368138
58 35 0.013524
59 35 0.562197
60 35 -0.209489
61 35 -0.182989
62 35 -0.324616
63 35 0.085947
64 35 -0.066616
65 35 0.234150
66 35 -0.203794
67 35 0.022562
68 35 0.095224
69 35 0.244667
70 35 -0.144210
71 35 0.065517
72 35 0.236538
73 35 -0.366028
74 35 0.009835
75 35 -0.552403
76 35 -0.110636
77 35 0.347305
78 35 0.073006
79 35 -0.042827
80 35 0.091547
81 35 -0.018447
82 35 -0.416615
83 35 0.008638
84 35 0.464997
85 35 0.112309
86 35 0.157113
87 35 0.119029
88 35 -0.217945
89 35 0.304163
90 35 0.022828
91 35 0.051240
92 35 0.034290
93 35 -0.244464
94 35 0.024988
95 35 0.131853
96 35 -0.359658
97 35 0.363173
98 35 -0.236912
99 35 -0.050438
100 35 0.144900
101 35 0.345838
102 35 -0.366834
103 35 0.038376
104 35 0.201616
105 35 0.212708
106 35 -0.179688
107 35 -0.295130
108 35 0.251120
109 35 -0.020151
110 35 0.100902
111 35 0.209968
112 35 -0.353371
113 35 -0.132750
114 35 -0.094744
115 35 -0.073226
116 35 0.304594
117 35 -0.210712
118 35 0.118716
119 35 0.472271
120 35 0.107731
121 35 0.191964
122 35 0.253752
123 35 -0.003609
124 35 0.005331
125 35 -0.010782
126 35 0.246145
127 35 0.123490

0 36 -0.451140
1 36 -0.470286
2 36 -0.173705
3 36 0.840775
4 36 0.077061
5 36 0.207696
6 36 0.221077
7 36 0.220990
8 36 -1.159779
9 36 -0.529277
10 36 0.403448
11 36 0.148278
12 36 0.007911
13 36 -0.007693
14 36 -0.548848
15 36 -0.378461
16 36 0.164226
17 36 -0.122772
18 36 -0.200990
19 36 -0.006078
20 36 -0.274763
21 36 -0.285519
22 36 0.108875
23 36 -0.028266
24 36 0.783177
25 36 -0.407044
26 36 -0.044736
27 36 0.085454
28 36 0.950738
29 36 -0.202500
30 36 -0.811574
31 36 -0.036820
32 36 0.523582
33 36 -0.043647
34 36 0.081243
35 36 0.293758
36 36 -0.269276
37 36 -0.178484
38 36 -0.409456
39 36 0.436954
40 36 -0.016530
41 36 0.602909
42 36 -0.247241
43 36 -0.272985
44 36 -0.123938
45 36 -0.118245
46 36 -0.049943
47 36 0.108860
48 36 0.067982
49 36 0.145365
50 36 0.251747
51 36 0.049534
52 36 0.193529
53 36 -0.558933
54 36 0.469451
55 36 -0.404541
56 36 0.371703
57 36 -0.024948
58 36 -0.299372
59 36 -0.189154
60 36 0.000173
61 36 -0.241274
62 36 0.054870
63 36 -0.162936
64 36 0.361423
65 36 0.490869
66 36 0.402526
67 36 -0.059022
68 36 0.016573
69 36 0.335398
70 36 0.523040
71 36 0.247103
72 36 -0.038986
73 36 -0.291491
74 36 -0.122884
75 36 -0.361031
76 36 -0.119960
77 36 -0.634024
78 36 0.417799
79 36 0.485078
80 36 0.104940
81 36 -0.228440
82 36 0.008684
83 36 -0.209076
84 36 0.107571
85 36 0.444315
86 36 -0.037646
87 36 -0.009104
88 36 0.265216
89 36 -0.176288
90 36 -0.545674
91 36 0.560649
92 36 0.508100
93 36 0.122727
94 36 -0.373167
95 36 0.239781
96 36 0.371984
97 36 0.061802
98 36 -0.487180
99 36 0.278965
100 36 -0.044336
101 36 -0.314874
102 36 0.258692
103 36 -0.216458
104 36 -0.594633
105 36 -0.225750
106 36 -0.296892
107 36 -0.112287
108 36 0.211443
109 36 -0.312483
110 36 0.077085
111 36 -0.233173
112 36 -0.389897
113 36 0.098608
114 36 -0.287345
115 36 -0.615276
116 36 0.276182
117 36 0.019570
118 36 0.100328
119 36 0.323152
120 36 0.291495
121 36 -0.372519
122 36 0.059037
123 36 -0.835900
124 36 -0.313573
125 36 -0.258709
126 36 0.310840
127 36 -0.238221

0 37 -0.510366
1 37 -0.523522
2 37 -0.250568
3 37 0.654875
4 37 0.255599
5 37 0.357191
6 37 0.165604
7 37 0.040111
8 37 -1.137856
9 37 -0.563566
10 37 0.487780
11 37 -0.051526
12 37 0.037960
13 37 -0.255124
14 37 -0.556911
15 37 -0.128140
16 37 0.156890
17 37 -0.277416
18 37 -0.343968
19 37 -0.357017
20 37 0.025634
21 37 -0.041555
22 37 0.219163
23 37 -0.090264
24 37 0.739249
25 37 -0.332606
26 37 0.045044
27 37 0.166010
28 37 0.789419
29 37 -0.120739
30 37 -0.511845
31 37 0.050784
32 37 0.299455
33 37 -0.178956
34 37 -0.040364
35 37 0.386235
36 37 -0.143384
37 37 -0.126205
38 37 -0.365740
39 37 0.371077
40 37 0.131048
41 37 0.722162
42 37 -0.120057
43 37 -0.451182
44 37 0.186605
45 37 -0.384742
46 37 -0.156425
47 37 -0.050720
48 37 0.065967
49 37 0.081703
50 37 0.348861
51 37 0.016358
52 37 0.140532
53 37 -0.257001
54 37 0.386182
55 37 -0.507556
56 37 0.205671
57 37 0.120417
58 37 -0.259861
59 37 -0.168439
60 37 0.241752
61 37 -0.214392
62 37 0.371946
63 37 -0.074066
64 37 0.170681
65 37 0.171266
66 37 0.329343
67 37 -0.040700
68 37 0.059992
69 37 0.283409
70 37 0.606657
71 37 0.128172
72 37 -0.055326
73 37 -0.217889
74 37 -0.024016
75 37 -0.487374
76 37 0.045184
77 37 -0.607840
78 37 0.554731
79 37 0.492773
80 37 0.281420
81 37 -0.323626
82 37 -0.110596
83 37 -0.333544
84 37 0.047475
85 37 0.267298
86 37 0.130329
87 37 -0.037523
88 37 0.213641
89 37 -0.379387
90 37 -0.590883
91 37 0.556089
92 37 0.408043
93 37 0.073283
94 37 -0.471702
95 37 0.207403
96 37 0.183984
97 37 0.071302
98 37 -0.471634
99 37 0.267432
100 37 -0.179662
101 37 -0.100252
102 37 0.197814
103 37 -0.253639
104 37 -0.451876
105 37 -0.273015
106 37 -0.370563
107 37 0.099328
108 37 0.104585
109 37 -0.087144
110 37 0.091728
111 37 -0.204433
112 37 -0.528952
113 37 0.104493
114 37 -0.311622
115 37 -0.387204
116 37 0.332523
117 37 0.090825
118 37 0.194954
119 37 0.425200
120 37 0.180945
121 37 -0.467647
122 37 0.162707
123 37 -0.714068
124 37 -0.274714
125 37 -0.145803
126 37 0.318973
127 37 -0.142751

0 38 -0.555636
1 38 -0.540141
2 38 -0.264361
3 38 0.678112
4 38 0.219002
5 38 0.357304
6 38 0.129600
7 38 0.158506
8 38 -1.151920
9 38 -0.299644
10 38 0.421863
11 38 0.090542
12 38 -0.081715
13 38 -0.150387
14 38 -0.542144
15 38 -0.400112
16 38 0.144770
17 38 -0.050597
18 38 -0.225033
19 38 -0.121004
20 38 -0.004488
21 38 -0.342800
22 38 0.138364
23 38 -0.222685
24 38 0.782409
25 38 -0.312032
26 38 -0.102984
27 38 0.079182
28 38 0.977793
29 38 -0.147519
30 38 -0.641728
31 38 -0.053082
32 38 0.640803
33 38 -0.034504
34 38 -0.105110
35 38 0.163825
36 38 -0.304343
37 38 -0.167512
38 38 -0.183115
39 38 0.422900
40 38 0.104510
41 38 0.509211
42 38 -0.266874
43 38 -0.309590
44 38 0.087395
45 38 -0.059758
46 38 -0.016346
47 38 -0.036446
48 38 0.042808
49 38 0.310115
50 38 0.254047
51 38 -0.112315
52 38 0.199947
53 38 -0.356364
54 38 0.483868
55 38 -0.524292
56 38 0.276121
57 38 0.061153
58 38 -0.456192
59 38 -0.084610
60 38 0.003092
61 38 -0.267705
62 38 0.381886
63 38 -0.010743
64 38 0.412255
65 38 0.107322
66 38 0.269737
67 38 -0.077701
68 38 0.108473
69 38 0.349755
70 38 0.495458
71 38 0.470765
72 38 -0.150704
73 38 -0.073367
74 38 -0.055174
75 38 -0.218233
76 38 -0.023713
77 38 -0.297551
78 38 0.342135
79 38 0.406820
80 38 0.218526
81 38 -0.447110
82 38 0.073984
83 38 0.000765
84 38 0.296213
85 38 0.337722
86 38 0.113459
87 38 -0.099890
88 38 0.166573
89 38 -0.207897
90 38 -0.357891
91 38 0.346403
92 38 0.327734
93 38 -0.145443
94 38 -0.157792
95 38 0.332227
96 38 0.271133
97 38 0.127060
98 38 -0.345840
99 38 0.266380
100 38 -0.044794
101 38 -0.290693
102 38 0.315854
103 38 -0.317040
104 38 -0.373261
105 38 -0.247548
106 38 -0.183690
107 38 -0.264219
108 38 0.054008
109 38 -0.228499
110 38 0.003572
111 38 -0.238999
112 38 -0.362352
113 38 0.231385
114 38 -0.055633
115 38 -0.477851
116 38 0.321164
117 38 -0.007332
118 38 0.073252
119 38 0.294335
120 38 0.323041
121 38 -0.288971
122 38 -0.091989
123 38 -0.733483
124 38 -0.292625
125 38 -0.237565
126 38 0.141117
127 38 -0.220018

0 39 -0.551885
1 39 -0.776876
2 39 -0.117764
3 39 0.543314
4 39 0.182027
5 39 0.434457
6 39 0.058284
7 39 -0.145596
8 39 -1.254931
9 39 -0.243207
10 39 0.506476
11 39 -0.273030
12 39 -0.202492
13 39 -0.370939
14 39 -0.727236
15 39 -0.348953
16 39 0.049403
17 39 -0.205593
18 39 -0.230864
19 39 -0.415534
20 39 0.014714
21 39 0.122961
22 39 0.165289
23 39 -0.217452
24 39 0.949952
25 39 -0.252509
26 39 0.074136
27 39 0.148791
28 39 1.107395
29 39 -0.370146
30 39 -0.580386
31 39 -0.139163
32 39 0.465029
33 39 -0.249035
34 39 -0.272616
35 39 0.204766
36 39 -0.360227
37 39 -0.137904
38 39 -0.084798
39 39 0.308502
40 39 0.288767
41 39 0.800012
42 39 -0.367018
43 39 -0.251310
44 39 0.154788
45 39 -0.394234
46 39 -0.118550
47 39 -0.068495
48 39 0.120594
49 39 0.156484
50 39 0.396770
51 39 0.088688
52 39 0.149856
53 39 -0.223194
54 39 0.371406
55 39 -0.557527
56 39 0.104966
57 39 0.058904
58 39 -0.541688
59 39 0.110720
60 39 0.360535
61 39 -0.143368
62 39 0.574643
63 39 -0.022777
64 39 0.300326
65 39 -0.318928
66 39 0.128757
67 39 -0.062842
68 39 0.238514
69 39 0.226645
70 39 0.599026
71 39 0.421581
72 39 -0.115175
73 39 -0.186411
74 39 0.155466
75 39 -0.377764
76 39 0.131084
77 39 -0.366466
78 39 0.604019
79 39 0.480481
80 39 0.366864
81 39 -0.374309
82 39 -0.092518
83 39 0.028333
84 39 0.307877
85 39 0.216103
86 39 0.250398
87 39 -0.201461
88 39 -0.003699
89 39 -0.145078
90 39 -0.523507
91 39 0.540527
92 39 0.191148
93 39 -0.028575
94 39 -0.354741
95 39 0.326616
96 39 0.243946
97 39 0.234030
98 39 -0.430694
99 39 0.178093
100 39 -0.203180
101 39 -0.182234
102 39 0.109436
103 39 -0.237507
104 39 -0.344212
105 39 -0.232860
106 39 -0.205019
107 39 -0.073071
108 39 -0.196458
109 39 -0.214725
110 39 -0.104626
111 39 -0.209250
112 39 -0.492256
113 39 0.182803
114 39 -0.201879
115 39 -0.321805
116 39 0.008751
117 39 0.078232
118 39 0.224205
119 39 0.276603
120 39 0.382821
121 39 -0.372088
122 39 -0.041191
123 39 -0.763209
124 39 -0.399915
125 39 -0.328108
126 39 0.312834
127 39 -0.166575

0 40 -0.256009
1 40 -0.282275
2 40 -0.139250
3 40 0.278352
4 40 -0.129935
5 40 0.400192
6 40 0.557691
7 40 0.371237
8 40 -0.795288
9 40 -0.089971
10 40 0.092356
11 40 0.013660
12 40 0.098502
13 40 -0.199962
14 40 -0.403644
15 40 -0.227996
16 40 -0.450834
17 40 0.198126
18 40 0.240952
19 40 -0.083239
20 40 -0.272239
21 40 -0.523713
22 40 -0.027034
23 40 -0.308596
24 40 0.549303
25 40 -0.276296
26 40 0.070893
27 40 -0.003460
28 40 0.604181
29 40 -0.368536
30 40 -0.542913
31 40 -0.119183
32 40 0.085169
33 40 0.025583
34 40 0.218930
35 40 0.172421
36 40 -0.310501
37 40 -0.110310
38 40 -0.224674
39 40 0.281627
40 40 -0.017066
41 40 -0.035146
42 40 -0.116953
43 40 -0.042391
44 40 0.030429
45 40 0.235078
46 40 0.365734
47 40 -0.413111
48 40 0.316070
49 40 0.222550
50 40 0.007673
51 40 -0.262856
52 40 0.025912
53 40 -0.558409
54 40 0.753889
55 40 -0.424956
56 40 0.288908
57 40 -0.356443
58 40 -0.277968
59 40 0.651752
60 40 -0.179851
61 40 -0.400777
62 40 -0.200934
63 40 -0.148419
64 40 0.520131
65 40 0.280956
66 40 0.280795
67 40 0.124820
68 40 0.080364
69 40 0.351889
70 40 0.252807
71 40 0.528571
72 40 0.057881
73 40 0.063119
74 40 0.032129
75 40 -0.177935
76 40 -0.348186
77 40 0.158089
78 40 0.240825
79 40 0.177124
80 40 0.043704
81 40 -0.363919
82 40 0.091317
83 40 0.156393
84 40 0.698181
85 40 0.370283
86 40 0.069697
87 40 -0.023014
88 40 -0.064105
89 40 0.277678
90 40 -0.255926
91 40 0.127579
92 40 -0.039900
93 40 -0.369742
94 40 0.000911
95 40 0.377801
96 40 -0.012317
97 40 0.440893
98 40 -0.335300
99 40 -0.028215
100 40 0.143044
101 40 0.292734
102 40 0.208482
103 40 -0.140861
104 40 -0.051197
105 40 0.158760
106 40 -0.501324
107 40 -0.411235
108 40 0.166851
109 40 -0.131541
110 40 -0.096069
111 40 -0.117651
112 40 -0.501174
113 40 -0.066997
114 40 0.007629
115 40 -0.567958
116 40 0.190765
117 40 -0.406989
118 40 0.227772
119 40 0.744094
120 40 0.424819
121 40 -0.022174
122 40 -0.002951
123 40 -0.630145
124 40 -0.353986
125 40 -0.203827
126 40 0.461995
127 40 -0.147943

0 41 -0.151597
1 41 -0.458755
2 41 0.124851
3 41 0.079412
4 41 0.041680
5 41 0.302164
6 41 0.544885
7 41 0.287600
8 41 -0.619968
9 41 -0.026141
10 41 0.027482
11 41 -0.099696
12 41 -0.098931
13 41 -0.322741
14 41 -0.532456
15 41 -0.123301
16 41 -0.636515
17 41 0.170418
18 41 0.261139
19 41 -0.103513
20 41 -0.272631
21 41 -0.233539
22 41 0.078014
23 41 -0.264455
24 41 0.705910
25 41 -0.291618
26 41 0.018843
27 41 0.090464
28 41 0.469984
29 41 -0.514278
30 41 -0.380437
31 41 -0.127631
32 41 0.075437
33 41 -0.155628
34 41 0.314882
35 41 0.335773
36 41 -0.309499
37 41 -0.024067
38 41 0.152629
39 41 0.183368
40 41 -0.067047
41 41 -0.023917
42 41 -0.310716
43 41 -0.025258
44 41 -0.020674
45 41 0.126570
46 41 0.311182
47 41 -0.471366
48 41 0.516395
49 41 0.047252
50 41 0.034413
51 41 -0.225716
52 41 0.146249
53 41 -0.433316
54 41 0.830428
55 41 -0.487146
56 41 0.457658
57 41 -0.287598
58 41 -0.283444
59 41 0.817916
60 41 -0.061507
61 41 -0.469541
62 41 -0.082377
63 41 -0.244885
64 41 0.519383
65 41 0.019751
66 41 0.402855
67 41 0.144219
68 41 0.116609
69 41 0.238450
70 41 0.128963
71 41 0.345646
72 41 0.048107
73 41 0.155479
74 41 0.142684
75 41 -0.053664
76 41 -0.493513
77 41 0.037300
78 41 0.425783
79 41 0.084523
80 41 0.253169
81 41 -0.201767
82 41 0.198893
83 41 0.072061
84 41 0.729924
85 41 0.452178
86 41 -0.011396
87 41 -0.068777
88 41 -0.116843
89 41 0.253731
90 41 -0.376105
91 41 0.336198
92 41 -0.119395
93 41 -0.449735
94 41 -0.129785
95 41 0.159797
96 41 0.021346
97 41 0.499335
98 41 -0.364679
99 41 -0.083582
100 41 0.082310
101 41 0.294471
102 41 0.085765
103 41 -0.071572
104 41 -0.204143
105 41 0.115707
106 41 -0.691293
107 41 -0.389630
108 41 0.044957
109 41 0.134340
110 41 0.035608
111 41 -0.087412
112 41 -0.564058
113 41 -0.065815
114 41 -0.043700
115 41 -0.501259
116 41 0.040850
117 41 -0.299260
118 41 0.292892
119 41 0.829194
120 41 0.396219
121 41 -0.079490
122 41 -0.035440
123 41 -0.559828
124 41 -0.310421
125 41 -0.337659
126 41 0.562137
127 41 -0.062435

0 42 -0.144607
1 42 -0.179693
2 42 0.071365
3 42 0.577663
4 42 -0.049705
5 42 0.230172
6 42 0.453333
7 42 0.355900
8 42 -0.887847
9 42 -0.289627
10 42 0.146094
11 42 0.207375
12 42 0.316241
13 42 0.058711
14 42 -0.402167
15 42 -0.252297
16 42 -0.336438
17 42 0.042359
18 42 0.186787
19 42 0.156200
20 42 -0.405532
21 42 -0.498785
22 42 -0.082487
23 42 -0.082742
24 42 0.579777
25 42 -0.325532
26 42 -0.037717
27 42 0.056804
28 42 0.759539
29 42 -0.427091
30 42 -0.839069
31 42 -0.160632
32 42 0.113952
33 42 0.019027
34 42 0.398744
35 42 0.276610
36 42 -0.245107
37 42 -0.227099
38 42 -0.478468
39 42 0.334020
40 42 -0.199798
41 42 0.357651
42 42 -0.023793
43 42 -0.061408
44 42 -0.204845
45 42 0.198603
46 42 0.192012
47 42 -0.149481
48 42 0.223116
49 42 0.011742
50 42 0.006568
51 42 0.004426
52 42 0.058943
53 42 -0.826266
54 42 0.670454
55 42 -0.250770
56 42 0.363996
57 42 -0.418058
58 42 -0.133647
59 42 0.278971
60 42 -0.119178
61 42 -0.300637
62 42 -0.324007
63 42 -0.118666
64 42 0.499456
65 42 0.768449
66 42 0.337168
67 42 0.141526
68 42 0.007708
69 42 0.337923
70 42 0.398697
71 42 0.229431
72 42 0.035891
73 42 -0.178127
74 42 0.009938
75 42 -0.112458
76 42 -0.423759
77 42 -0.374885
78 42 0.329103
79 42 0.242072
80 42 -0.054072
81 42 -0.188250
82 42 -0.018287
83 42 -0.091967
84 42 0.368401
85 42 0.438917
86 42 -0.164727
87 42 0.250048
88 42 0.206510
89 42 0.100999
90 42 -0.536482
91 42 0.399652
92 42 0.306605
93 42 -0.029614
94 42 -0.100269
95 42 0.291812
96 42 0.310696
97 42 0.142442
98 42 -0.361433
99 42 0.172436
100 42 0.107011
101 42 0.145980
102 42 0.275068
103 42 -0.067575
104 42 -0.479758
105 42 0.167625
106 42 -0.392400
107 42 -0.157201
108 42 0.257686
109 42 -0.296384
110 42 0.034505
111 42 -0.026207
112 42 -0.370789
113 42 -0.138730
114 42 -0.312004
115 42 -0.750149
116 42 0.114426
117 42 -0.312592
118 42 0.250778
119 42 0.513578
120 42 0.366536
121 42 -0.140317
122 42 0.068280
123 42 -0.818344
124 42 -0.371845
125 42 -0.216824
126 42 0.445660
127 42 -0.241421

0 43 -0.209660
1 43 -0.383866
2 43 0.082578
3 43 0.462343
4 43 0.105789
5 43 0.200486
6 43 0.424626
7 43 0.311687
8 43 -0.874861
9 43 -0.309087
10 43 0.287486
11 43 0.170279
12 43 0.152042
13 43 -0.150592
14 43 -0.456014
15 43 -0.112402
16 43 -0.475551
17 43 -0.064294
18 43 0.039913
19 43 0.014152
20 43 -0.307377
21 43 -0.312280
22 43 0.072435
23 43 -0.233377
24 43 0.676232
25 43 -0.503669
26 43 -0.147484
27 43 0.146848
28 43 0.538601
29 43 -0.412299
30 43 -0.663845
31 43 -0.040393
32 43 0.089868
33 43 -0.069260
34 43 0.355805
35 43 0.402136
36 43 -0.250754
37 43 -0.190010
38 43 -0.182855
39 43 0.260488
40 43 -0.163816
41 43 0.409489
42 43 -0.146535
43 43 -0.185859
44 43 -0.077663
45 43 0.143152
46 43 0.119591
47 43 -0.303131
48 43 0.423739
49 43 -0.088027
50 43 0.144033
51 43 -0.000189
52 43 0.115278
53 43 -0.570899
54 43 0.652989
55 43 -0.436728
56 43 0.401333
57 43 -0.197072
58 43 -0.074987
59 43 0.357747
60 43 -0.068928
61 43 -0.500855
62 43 -0.052486
63 43 -0.221802
64 43 0.471115
65 43 0.417428
66 43 0.344349
67 43 0.067883
68 43 -0.188393
69 43 0.180213
70 43 0.373094
71 43 0.103070
72 43 -0.039920
73 43 -0.016487
74 43 -0.020864
75 43 -0.136453
76 43 -0.385279
77 43 -0.405922
78 43 0.529579
79 43 0.207818
80 43 0.177299
81 43 -0.259813
82 43 0.030707
83 43 -0.176617
84 43 0.373639
85 43 0.442582
86 43 -0.047030
87 43 0.178507
88 43 0.161165
89 43 -0.039691
90 43 -0.636634
91 43 0.508722
92 43 0.224815
93 43 -0.146198
94 43 -0.162293
95 43 0.021735
96 43 0.146765
97 43 0.330145
98 43 -0.369648
99 43 0.164111
100 43 -0.037420
101 43 0.141175
102 43 0.230904
103 43 -0.154884
104 43 -0.513399
105 43 0.063948
106 43 -0.610566
107 43 -0.081245
108 43 0.293344
109 43 0.035788
110 43 0.212162
111 43 0.053427
112 43 -0.438751
113 43 -0.035853
114 43 -0.215319
115 43 -0.709634
116 43 0.227233
117 43 -0.191823
118 43 0.293094
119 43 0.740575
120 43 0.290712
121 43 -0.178728
122 43 -0.067821
123 43 -0.678064
124 43 -0.257740
125 43 -0.151328
126 43 0.528658
127 43 -0.147071

0 44 -0.392904
1 44 -0.664241
2 44 -0.042766
3 44 0.239740
4 44 0.082260
5 44 0.665929
6 44 0.424701
7 44 -0.023275
8 44 -1.052492
9 44 -0.290076
10 44 0.301035
11 44 -0.264357
12 44 -0.084180
13 44 -0.611890
14 44 -0.541487
15 44 -0.034295
16 44 -0.377632
17 44 -0.045534
18 44 -0.034437
19 44 -0.442215
20 44 0.130528
21 44 0.140903
22 44 0.102356
23 44 -0.433934
24 44 0.840202
25 44 -0.288632
26 44 0.062862
27 44 0.091394
28 44 0.720967
29 44 -0.532809
30 44 -0.320996
31 44 -0.035465
32 44 0.127539
33 44 -0.156077
34 44 0.097209
35 44 0.308349
36 44 -0.419044
37 44 -0.145370
38 44 0.138208
39 44 0.228624
40 44 0.168236
41 44 0.364716
42 44 -0.169047
43 44 -0.172045
44 44 0.440691
45 44 -0.192106
46 44 0.073282
47 44 -0.423046
48 44 0.239714
49 44 -0.027624
50 44 0.201685
51 44 -0.160985
52 44 -0.117338
53 44 -0.193225
54 44 0.436952
55 44 -0.635507
56 44 0.080199
57 44 0.071433
58 44 -0.373235
59 44 0.382272
60 44 0.294799
61 44 -0.312977
62 44 0.526676
63 44 -0.032497
64 44 0.252748
65 44 -0.260395
66 44 0.073448
67 44 0.142490
68 44 0.247747
69 44 0.176749
70 44 0.504234
71 44 0.325907
72 44 -0.224334
73 44 0.034068
74 44 0.446413
75 44 -0.171149
76 44 -0.019188
77 44 -0.001044
78 44 0.434198
79 44 0.187388
80 44 0.437520
81 44 -0.463046
82 44 0.077989
83 44 -0.162179
84 44 0.488569
85 44 0.155100
86 44 0.275608
87 44 -0.141004
88 44 -0.137111
89 44 0.080627
90 44 -0.360687
91 44 0.200459
92 44 -0.006319
93 44 -0.291981
94 44 -0.313468
95 44 0.135884
96 44 -0.162266
97 44 0.343503
98 44 -0.533112
99 44 -0.031741
100 44 -0.109498
101 44 0.192836
102 44 0.246514
103 44 -0.132458
104 44 -0.006567
105 44 0.081285
106 44 -0.272085
107 44 -0.137562
108 44 -0.132803
109 44 0.184503
110 44 -0.095933
111 44 -0.148248
112 44 -0.601432
113 44 0.025132
114 44 -0.214518
115 44 -0.320878
116 44 0.068011
117 44 -0.114970
118 44 0.389093
119 44 0.555727
120 44 0.270362
121 44 -0.184595
122 44 -0.236291
123 44 -0.531961
124 44 -0.393647
125 44 -0.212093
126 44 0.585220
127 44 -0.150596

0 45 -0.207832
1 45 -0.639913
2 45 0.074545
3 45 0.389752
4 45 0.136235
5 45 0.426913
6 45 0.633485
7 45 0.202511
8 45 -1.052081
9 45 -0.136783
10 45 0.246011
11 45 -0.029034
12 45 0.133489
13 45 -0.426428
14 45 -0.593129
15 45 -0.056536
16 45 -0.500240
17 45 -0.055629
18 45 0.126435
19 45 -0.239788
20 45 -0.058055
21 45 -0.183138
22 45 -0.004390
23 45 -0.378012
24 45 0.975271
25 45 -0.340609
26 45 0.010577
27 45 0.084478
28 45 0.863122
29 45 -0.660173
30 45 -0.582029
31 45 -0.113536
32 45 0.261498
33 45 -0.250852
34 45 0.245594
35 45 0.375434
36 45 -0.366883
37 45 -0.224024
38 45 0.040227
39 45 0.323089
40 45 -0.050706
41 45 0.258697
42 45 -0.218832
43 45 -0.017303
44 45 0.036390
45 45 0.036600
46 45 0.199523
47 45 -0.460458
48 45 0.329169
49 45 -0.064927
50 45 0.062247
51 45 -0.067959
52 45 0.016983
53 45 -0.453062
54 45 0.617788
55 45 -0.611977
56 45 0.275233
57 45 -0.137764
58 45 -0.337230
59 45 0.568465
60 45 0.063855
61 45 -0.332133
62 45 0.216944
63 45 -0.014333
64 45 0.546957
65 45 0.107449
66 45 0.201415
67 45 0.202214
68 45 0.176717
69 45 0.247743
70 45 0.483802
71 45 0.411962
72 45 -0.242881
73 45 -0.018678
74 45 0.404238
75 45 0.043024
76 45 -0.341117
77 45 -0.063175
78 45 0.392165
79 45 0.215235
80 45 0.288465
81 45 -0.423754
82 45 0.167052
83 45 -0.141123
84 45 0.682224
85 45 0.287332
86 45 0.056538
87 45 0.063919
88 45 -0.070821
89 45 0.183699
90 45 -0.466437
91 45 0.289824
92 45 0.167979
93 45 -0.346187
94 45 -0.212765
95 45 0.229882
96 45 0.087568
97 45 0.335284
98 45 -0.424313
99 45 0.029432
100 45 -0.031648
101 45 0.249923
102 45 0.183566
103 45 -0.114116
104 45 -0.163179
105 45 0.124296
106 45 -0.433466
107 45 -0.223023
108 45 0.012705
109 45 0.043499
110 45 -0.048040
111 45 -0.159928
112 45 -0.665195
113 45 -0.043728
114 45 -0.323947
115 45 -0.614808
116 45 0.049938
117 45 -0.222716
118 45 0.337017
119 45 0.646827
120 45 0.368324
121 45 -0.224768
122 45 -0.248750
123 45 -0.771900
124 45 -0.479445
125 45 -0.289036
126 45 0.643726
127 45 -0.184950

0 46 -0.017938
1 46 -0.060153
2 46 -0.157109
3 46 0.289897
4 46 -0.026402
5 46 0.219120
6 46 0.532555
7 46 0.426889
8 46 -0.381590
9 46 -0.201065
10 46 0.123864
11 46 0.255901
12 46 0.229762
13 46 0.033466
14 46 -0.162373
15 46 -0.014821
16 46 -0.278039
17 46 0.136934
18 46 0.102882
19 46 -0.023877
20 46 -0.141877
21 46 -0.541418
22 46 -0.148995
23 46 -0.206853
24 46 0.307945
25 46 -0.166040
26 46 -0.096999
27 46 0.008737
28 46 0.166340
29 46 -0.099563
30 46 -0.358094
31 46 0.050257
32 46 0.040926
33 46 0.075574
34 46 0.383846
35 46 0.191216
36 46 -0.186537
37 46 -0.119643
38 46 -0.197148
39 46 0.114898
40 46 -0.156626
41 46 -0.014123
42 46 0.059510
43 46 -0.036633
44 46 -0.054145
45 46 0.419907
46 46 0.091864
47 46 -0.289444
48 46 0.098337
49 46 0.042124
50 46 -0.151584
51 46 -0.206398
52 46 -0.104361
53 46 -0.391910
54 46 0.406412
55 46 -0.287806
56 46 0.297452
57 46 -0.194163
58 46 0.030332
59 46 0.250353
60 46 -0.397084
61 46 -0.528498
62 46 -0.139622
63 46 -0.131671
64 46 0.334785
65 46 0.489961
66 46 0.031463
67 46 0.081722
68 46 0.023893
69 46 0.162918
70 46 0.103489
71 46 0.167976
72 46 -0.061992
73 46 0.000823
74 46 -0.102470
75 46 -0.069286
76 46 -0.244232
77 46 0.088616
78 46 0.076705
79 46 0.082746
80 46 -0.102463
81 46 -0.334677
82 46 -0.010371
83 46 -0.046799
84 46 0.333362
85 46 0.285722
86 46 -0.007630
87 46 0.173433
88 46 0.122665
89 46 -0.065906
90 46 -0.251993
91 46 0.046688
92 46 0.047048
93 46 -0.176478
94 46 0.026780
95 46 0.104153
96 46 -0.043116
97 46 0.271280
98 46 -0.074616
99 46 0.106681
100 46 0.110063
101 46 0.080670
102 46 0.107898
103 46 -0.181032
104 46 -0.203981
105 46 0.137743
106 46 -0.233711
107 46 -0.286873
108 46 0.323998
109 46 0.091807
110 46 0.076710
111 46 -0.047841
112 46 -0.340556
113 46 -0.005410
114 46 -0.149958
115 46 -0.284318
116 46 0.510792
117 46 -0.290146
118 46 -0.050651
119 46 0.537684
120 46 0.194677
121 46 0.007572
122 46 -0.137958
123 46 -0.234642
124 46 0.017027
125 46 -0.032143
126 46 0.197724
127 46 -0.176688

0 47 0.039241
1 47 -0.136903
2 47 -0.007195
3 47 0.041669
4 47 -0.020940
5 47 0.218987
6 47 0.461755
7 47 0.427074
8 47 -0.226707
9 47 -0.056176
10 47 0.016760
11 47 0.203376
12 47 0.020560
13 47 -0.006700
14 47 -0.302739
15 47 -0.037362
16 47 -0.337750
17 47 0.255592
18 47 0.138063
19 47 -0.055070
20 47 -0.279079
21 47 -0.404180
22 47 -0.044034
23 47 -0.110326
24 47 0.243100
25 47 -0.137214
26 47 -0.074826
27 47 0.091334
28 47 0.099570
29 47 -0.137693
30 47 -0.339957
31 47 0.021284
32 47 0.061591
33 47 0.115197
34 47 0.313268
35 47 0.155735
36 47 -0.149035
37 47 -0.006671
38 47 -0.087247
39 47 0.081097
40 47 -0.136941
41 47 -0.168165
42 47 -0.116974
43 47 -0.037425
44 47 -0.056477
45 47 0.334618
46 47 0.114169
47 47 -0.319858
48 47 0.155277
49 47 0.164780
50 47 -0.070169
51 47 -0.235692
52 47 -0.093696
53 47 -0.317178
54 47 0.427100
55 47 -0.260854
56 47 0.376819
57 47 -0.155398
58 47 -0.065348
59 47 0.406252
60 47 -0.387505
61 47 -0.562767
62 47 -0.223863
63 47 -0.182878
64 47 0.379041
65 47 0.365373
66 47 0.161076
67 47 0.013184
68 47 0.059444
69 47 0.186865
70 47 -0.003755
71 47 0.232224
72 47 0.059810
73 47 0.074559
74 47 -0.175769
75 47 -0.116669
76 47 -0.284128
77 47 0.119854
78 47 0.114059
79 47 0.026925
80 47 0.089772
81 47 -0.216071
82 47 -0.089475
83 47 0.018556
84 47 0.426372
85 47 0.314157
86 47 -0.044316
87 47 0.137808
88 47 0.040527
89 47 0.099494
90 47 -0.228384
91 47 0.143048
92 47 -0.054033
93 47 -0.233234
94 47 0.000009
95 47 0.058931
96 47 -0.048597
97 47 0.491263
98 47 -0.166248
99 47 -0.030524
100 47 0.123916
101 47 0.092223
102 47 -0.027641
103 47 -0.140584
104 47 -0.274620
105 47 0.055453
106 47 -0.269566
107 47 -0.387096
108 47 0.260436
109 47 0.168150
110 47 0.172865
111 47 -0.018777
112 47 -0.269815
113 47 0.091785
114 47 -0.080069
115 47 -0.210267
116 47 0.378208
117 47 -0.288443
118 47 -0.024060
119 47 0.599673
120 47 0.169459
121 47 0.150160
122 47 0.026588
123 47 -0.147435
124 47 -0.004529
125 47 -0.123936
126 47 0.252610
127 47 -0.048417

0 48 -0.164002
1 48 0.075528
2 48 0.470969
3 48 -0.078589
4 48 -0.018990
5 48 0.306330
6 48 0.083142
7 48 -0.190835
8 48 -0.023357
9 48 -0.253256
10 48 -0.119804
11 48 -0.229577
12 48 -0.123444
13 48 0.056479
14 48 -0.068611
15 48 -0.481187
16 48 -0.208700
17 48 0.104821
18 48 0.169658
19 48 0.237190
20 48 -0.521518
21 48 0.371628
22 48 0.027845
23 48 0.139588
24 48 -0.113962
25 48 -0.141255
26 48 -0.021339
27 48 0.267031
28 48 0.408578
29 48 -0.259714
30 48 -0.555595
31 48 -0.348703
32 48 -0.029993
33 48 0.036673
34 48 0.405926
35 48 0.039776
36 48 -0.303582
37 48 -0.004385
38 48 -0.366112
39 48 0.159929
40 48 -0.299129
41 48 0.376326
42 48 -0.020809
43 48 0.069330
44 48 -0.027705
45 48 -0.207631
46 48 -0.023695
47 48 -0.093853
48 48 0.383936
49 48 -0.183212
50 48 0.160967
51 48 0.016573
52 48 0.052874
53 48 -0.281417
54 48 -0.033049
55 48 0.285793
56 48 0.301511
57 48 -0.426028
58 48 0.022699
59 48 0.140869
60 48 0.177049
61 48 -0.260781
62 48 -0.393272
63 48 -0.207708
64 48 -0.162489
65 48 0.279573
66 48 0.396959
67 48 -0.141410
68 48 0.193424
69 48 0.026438
70 48 -0.155908
71 48 -0.059930
72 48 0.544016
73 48 -0.363562
74 48 -0.303930
75 48 -0.242215
76 48 -0.069646
77 48 -0.523666
78 48 0.185314
79 48 -0.199746
80 48 0.044438
81 48 0.171027
82 48 -0.366818
83 48 -0.271869
84 48 0.126031
85 48 0.150700
86 48 -0.301502
87 48 0.217925
88 48 0.024709
89 48 0.429812
90 48 -0.442253
91 48 0.747004
92 48 0.173469
93 48 0.508811
94 48 -0.195480
95 48 0.017404
96 48 0.113307
97 48 -0.227681
98 48 -0.499244
99 48 -0.106767
100 48 0.041179
101 48 0.056833
102 48 -0.041831
103 48 0.415785
104 48 -0.440601
105 48 0.234697
106 48 -0.397168
107 48 0.029847
108 48 0.073687
109 48 -0.540425
110 48 0.254407
111 48 0.254922
112 48 0.191048
113 48 -0.129261
114 48 -0.223384
115 48 -0.325620
116 48 -0.410088
117 48 -0.328715
118 48 0.365908
119 48 0.248887
120 48 0.042831
121 48 0.103233
122 48 0.335635
123 48 -0.239670
124 48 -0.102373
125 48 -0.100927
126 48 0.320196
127 48 0.068953

0 49 -0.213353
1 49 0.117645
2 49 0.214788
3 49 -0.207843
4 49 0.159174
5 49 0.351718
6 49 0.065611
7 49 -0.158149
8 49 -0.026079
9 49 -0.314435
10 49 -0.138063
11 49 -0.431559
12 49 -0.012150
13 49 -0.101084
14 49 -0.057885
15 49 -0.240108
16 49 -0.260592
17 49 0.001101
18 49 0.073586
19 49 0.090533
20 49 -0.130498
21 49 0.330287
22 49 0.057262
23 49 0.064801
24 49 -0.185744
25 49 -0.332883
26 49 -0.104251
27 49 0.126670
28 49 0.210972
29 49 -0.219878
30 49 -0.359618
31 49 -0.120531
32 49 -0.095486
33 49 -0.070181
34 49 0.285121
35 49 0.233484
36 49 -0.298384
37 49 -0.127731
38 49 -0.258764
39 49 0.093969
40 49 -0.148339
41 49 0.405495
42 49 0.065301
43 49 -0.040578
44 49 0.132484
45 49 -0.350197
46 49 -0.045264
47 49 -0.143859
48 49 0.205126
49 49 -0.153483
50 49 0.129301
51 49 -0.232182
52 49 0.152973
53 49 0.027313
54 49 0.040804
55 49 0.220640
56 49 0.211382
57 49 -0.358148
58 49 0.070484
59 49 0.110255
60 49 0.249786
61 49 -0.303483
62 49 -0.085070
63 49 -0.138710
64 49 -0.183940
65 49 0.008765
66 49 0.342561
67 49 -0.180345
68 49 0.190353
69 49 0.103357
70 49 -0.233446
71 49 -0.197439
72 49 0.319644
73 49 -0.280028
74 49 -0.274891
75 49 -0.298844
76 49 0.082386
77 49 -0.300419
78 49 0.179454
79 49 -0.203868
80 49 0.001006
81 49 0.153133
82 49 -0.353849
83 49 -0.208444
84 49 0.304688
85 49 0.065332
86 49 -0.156350
87 49 0.216700
88 49 -0.095060
89 49 0.101470
90 49 -0.438522
91 49 0.489024
92 49 0.092931
93 49 0.507306
94 49 -0.183506
95 49 0.027469
96 49 0.001579
97 49 -0.236456
98 49 -0.262650
99 49 -0.038755
100 49 -0.038655
101 49 0.197590
102 49 0.046452
103 49 0.314062
104 49 -0.244869
105 49 0.205552
106 49 -0.428153
107 49 0.212063
108 49 0.107739
109 49 -0.294872
110 49 0.163042
111 49 0.197711
112 49 0.040747
113 49 -0.076565
114 49 -0.259933
115 49 -0.142762
116 49 -0.184572
117 49 -0.215878
118 49 0.402010
119 49 0.435945
120 49 0.007901
121 49 0.053774
122 49 0.220492
123 49 -0.112601
124 49 -0.076175
125 49 -0.141752
126 49 0.220230
127 49 0.081559

0 50 -0.185072
1 50 0.011412
2 50 -0.090947
3 50 -0.242503
4 50 -0.016297
5 50 0.364292
6 50 0.129047
7 50 0.021287
8 50 0.095409
9 50 -0.259456
10 50 0.032080
11 50 -0.469236
12 50 -0.102238
13 50 -0.056100
14 50 0.114087
15 50 -0.206006
16 50 -0.317290
17 50 0.071888
18 50 -0.017268
19 50 -0.109121
20 50 -0.128951
21 50 0.102014
22 50 0.153028
23 50 -0.062600
24 50 0.135107
25 50 -0.259432
26 50 -0.026960
27 50 -0.053698
28 50 0.016012
29 50 -0.382219
30 50 0.010175
31 50 0.027085
32 50 0.030398
33 50 0.138980
34 50 0.051713
35 50 0.019931
36 50 -0.278309
37 50 0.009895
38 50 0.116469
39 50 0.039916
40 50 0.048470
41 50 -0.072679
42 50 0.012502
43 50 0.101302
44 50 0.108510
45 50 0.049792
46 50 0.096404
47 50 -0.131577
48 50 0.114597
49 50 0.029725
50 50 0.056775
51 50 -0.282057
52 50 0.006932
53 50 0.199285
54 50 0.075960
55 50 0.155927
56 50 0.240856
57 50 -0.428776
58 50 -0.004128
59 50 0.380783
60 50 0.188052
61 50 -0.270880
62 50 -0.039495
63 50 0.007713
64 50 -0.304918
65 50 -0.118012
66 50 0.018323
67 50 -0.070201
68 50 0.157711
69 50 0.066071
70 50 -0.243187
71 50 -0.073334
72 50 0.127266
73 50 -0.156480
74 50 -0.030888
75 50 -0.405952
76 50 -0.004886
77 50 0.186289
78 50 0.105724
79 50 -0.325234
80 50 -0.073734
81 50 0.267975
82 50 -0.231537
83 50 -0.027776
84 50 0.328278
85 50 0.140492
86 50 0.148907
87 50 -0.095786
88 50 -0.285202
89 50 0.002991
90 50 -0.031025
91 50 0.109114
92 50 -0.142534
93 50 -0.020023
94 50 0.030425
95 50 0.231048
96 50 -0.302489
97 50 -0.172479
98 50 -0.283762
99 50 -0.147699
100 50 -0.071154
101 50 0.301123
102 50 -0.094337
103 50 0.335435
104 50 0.218062
105 50 0.274874
106 50 -0.232809
107 50 -0.189239
108 50 0.117909
109 50 0.029445
110 50 0.144184
111 50 0.095185
112 50 -0.065687
113 50 0.024035
114 50 0.076790
115 50 0.073424
116 50 -0.217346
117 50 -0.134173
118 50 0.044357
119 50 0.488043
120 50 0.059015
121 50 0.187305
122 50 0.233987
123 50 0.055882
124 50 -0.182776
125 50 -0.020538
126 50 0.091035
127 50 0.009572

0 51 -0.179485
1 51 -0.042429
2 51 -0.053979
3 51 -0.271912
4 51 0.046909
5 51 0.309207
6 51 0.170980
7 51 -0.073399
8 51 0.138165
9 51 -0.236900
10 51 0.078296
11 51 -0.459731
12 51 -0.033221
13 51 -0.018492
14 51 0.068523
15 51 -0.166794
16 51 -0.364848
17 51 0.075478
18 51 0.130764
19 51 -0.076911
20 51 -0.052244
21 51 0.238700
22 51 0.116742
23 51 -0.123244
24 51 0.151561
25 51 -0.137157
26 51 -0.096896
27 51 -0.097768
28 51 0.022748
29 51 -0.357450
30 51 0.047952
31 51 0.031999
32 51 0.073806
33 51 0.132170
34 51 0.066251
35 51 0.034171
36 51 -0.254735
37 51 -0.005624
38 51 0.219285
39 51 -0.019320
40 51 0.061539
41 51 -0.023834
42 51 -0.008346
43 51 0.136037
44 51 0.170240
45 51 0.007045
46 51 0.132465
47 51 -0.136765
48 51 0.127983
49 51 0.089562
50 51 0.061952
51 51 -0.281883
52 51 0.092598
53 51 0.233227
54 51 0.042594
55 51 0.126073
56 51 0.166550
57 51 -0.438827
58 51 0.000482
59 51 0.359632
60 51 0.253587
61 51 -0.271392
62 51 -0.001236
63 51 -0.027560
64 51 -0.295745
65 51 -0.194272
66 51 0.115778
67 51 -0.025321
68 51 0.144240
69 51 0.037682
70 51 -0.149048
71 51 0.007798
72 51 0.064796
73 51 0.020023
74 51 -0.009925
75 51 -0.283644
76 51 0.067259
77 51 0.146995
78 51 0.137803
79 51 -0.393380
80 51 0.015550
81 51 0.238701
82 51 -0.080335
83 51 0.004971
84 51 0.320993
85 51 0.135837
86 51 0.109713
87 51 -0.021327
88 51 -0.313229
89 51 -0.000737
90 51 0.016389
91 51 0.039224
92 51 -0.196219
93 51 -0.041195
94 51 0.033179
95 51 0.241722
96 51 -0.259925
97 51 -0.144760
98 51 -0.318108
99 51 -0.148826
100 51 0.011622
101 51 0.239188
102 51 -0.061985
103 51 0.422810
104 51 0.176494
105 51 0.277912
106 51 -0.236722
107 51 -0.029108
108 51 0.030361
109 51 0.121239
110 51 0.137919
111 51 0.017683
112 51 -0.047446
113 51 -0.020809
114 51 0.125880
115 51 0.086762
116 51 -0.249993
117 51 -0.075567
118 51 0.001069
119 51 0.436013
120 51 0.055877
121 51 0.143007
122 51 0.124729
123 51 -0.020502
124 51 -0.195601
125 51 -0.083416
126 51 0.139449
127 51 0.082318

0 52 -0.183607
1 52 -0.046572
2 52 0.038692
3 52 -0.262641
4 52 0.180195
5 52 0.471428
6 52 0.268908
7 52 0.168262
8 52 0.137622
9 52 -0.294595
10 52 0.065439
11 52 -0.617212
12 52 0.112553
13 52 -0.010936
14 52 0.091632
15 52 -0.135863
16 52 -0.496623
17 52 0.227202
18 52 0.213644
19 52 0.017941
20 52 -0.207551
21 52 0.299099
22 52 0.185608
23 52 -0.082234
24 52 0.195297
25 52 -0.190151
26 52 0.099900
27 52 -0.053086
28 52 -0.056140
29 52 -0.679003
30 52 0.096274
31 52 -0.055905
32 52 -0.139633
33 52 0.183155
34 52 -0.045508
35 52 -0.008746
36 52 -0.179770
37 52 0.202868
38 52 0.075546
39 52 0.034933
40 52 -0.020279
41 52 -0.358749
42 52 -0.061451
43 52 0.188716
44 52 0.169920
45 52 0.199971
46 52 0.437683
47 52 -0.363710
48 52 0.424881
49 52 0.197862
50 52 0.003651
51 52 -0.116052
52 52 0.052583
53 52 0.116583
54 52 0.028390
55 52 -0.115383
56 52 0.015440
57 52 -0.765676
58 52 -0.141532
59 52 0.702778
60 52 0.208303
61 52 -0.287698
62 52 -0.387971
63 52 0.032052
64 52 -0.319866
65 52 -0.075501
66 52 0.140055
67 52 0.170941
68 52 0.042327
69 52 0.265090
70 52 -0.110593
71 52 0.258704
72 52 0.388784
73 52 0.045818
74 52 0.126556
75 52 -0.312964
76 52 -0.118516
77 52 0.270979
78 52 0.176589
79 52 -0.281084
80 52 0.046302
81 52 0.198082
82 52 -0.048526
83 52 -0.071246
84 52 0.670747
85 52 0.282683
86 52 0.191189
87 52 0.012518
88 52 -0.528318
89 52 0.330980
90 52 0.043012
91 52 0.023965
92 52 -0.256620
93 52 -0.323222
94 52 0.123643
95 52 0.440295
96 52 -0.473986
97 52 -0.041451
98 52 -0.625818
99 52 -0.246523
100 52 0.200451
101 52 0.403121
102 52 -0.332589
103 52 0.479328
104 52 0.271944
105 52 0.333580
106 52 -0.349884
107 52 -0.131684
108 52 0.062255
109 52 -0.165532
110 52 0.100214
111 52 0.157683
112 52 -0.403283
113 52 -0.301351
114 52 0.129247
115 52 -0.094132
116 52 -0.186339
117 52 -0.290193
118 52 -0.024747
119 52 0.561463
120 52 0.181196
121 52 0.241480
122 52 0.316604
123 52 -0.204799
124 52 -0.341793
125 52 0.060955
126 52 0.430270
127 52 0.180528

0 53 -0.200750
1 53 -0.161920
2 53 0.208980
3 53 -0.252660
4 53 0.339793
5 53 0.492366
6 53 0.317796
7 53 0.135617
8 53 0.207581
9 53 -0.249403
10 53 0.050600
11 53 -0.447960
12 53 0.079889
13 53 0.046495
14 53 0.121959
15 53 -0.093202
16 53 -0.570134
17 53 0.252920
18 53 0.355681
19 53 0.144392
20 53 -0.279789
21 53 0.462294
22 53 0.196874
23 53 -0.048554
24 53 0.221947
25 53 -0.039144
26 53 0.154431
27 53 -0.025497
28 53 0.067886
29 53 -0.675056
30 53 0.087653
31 53 -0.068786
32 53 -0.146895
33 53 0.103219
34 53 0.065743
35 53 -0.005042
36 53 -0.073431
37 53 0.287812
38 53 0.244638
39 53 -0.062158
40 53 -0.122847
41 53 -0.307637
42 53 -0.149279
43 53 0.215679
44 53 0.124482
45 53 0.178280
46 53 0.439825
47 53 -0.434902
48 53 0.485470
49 53 0.186048
50 53 -0.034499
51 53 -0.064929
52 53 0.088395
53 53 0.119922
54 53 0.194856
55 53 -0.188764
56 53 -0.000369
57 53 -0.705906
58 53 -0.241156
59 53 0.794942
60 53 0.150559
61 53 -0.281364
62 53 -0.389376
63 53 -0.031731
64 53 -0.251372
65 53 -0.186935
66 53 0.244011
67 53 0.268556
68 53 0.126681
69 53 0.217513
70 53 -0.085512
71 53 0.280279
72 53 0.482352
73 53 0.285708
74 53 0.223787
75 53 -0.144987
76 53 -0.215604
77 53 0.193440
78 53 0.327731
79 53 -0.306641
80 53 0.153735
81 53 0.303106
82 53 -0.004751
83 53 0.115539
84 53 0.775507
85 53 0.423186
86 53 0.097718
87 53 0.008170
88 53 -0.484831
89 53 0.476630
90 53 0.040563
91 53 0.099114
92 53 -0.413348
93 53 -0.407540
94 53 0.082856
95 53 0.449962
96 53 -0.283188
97 53 0.020233
98 53 -0.687945
99 53 -0.369214
100 53 0.232925
101 53 0.394024
102 53 -0.403193
103 53 0.500198
104 53 0.093496
105 53 0.327517
106 53 -0.393767
107 53 -0.138642
108 53 -0.043895
109 53 -0.041663
110 53 0.151199
111 53 0.082603
112 53 -0.543941
113 53 -0.352022
114 53 0.171900
115 53 -0.175366
116 53 -0.103870
117 53 -0.243094
118 53 -0.174842
119 53 0.593638
120 53 0.241139
121 53 0.154427
122 53 0.213289
123 53 -0.246937
124 53 -0.388938
125 53 -0.034423
126 53 0.532897
127 53 0.111784

0 54 -0.093079
1 54 0.008703
2 54 0.458617
3 54 -0.172983
4 54 0.214142
5 54 0.421036
6 54 0.227428
7 54 0.070236
8 54 0.193073
9 54 -0.395640
10 54 -0.004229
11 54 -0.298506
12 54 0.168541
13 54 0.126375
14 54 0.067180
15 54 -0.323400
16 54 -0.482179
17 54 0.051896
18 54 0.252782
19 54 0.404830
20 54 -0.538297
21 54 0.439245
22 54 0.042340
23 54 0.090362
24 54 -0.093133
25 54 -0.060985
26 54 0.113512
27 54 0.120414
28 54 0.204497
29 54 -0.529503
30 54 -0.305356
31 54 -0.252814
32 54 -0.155661
33 54 0.165670
34 54 0.315154
35 54 0.036038
36 54 -0.172750
37 54 0.113890
38 54 -0.162278
39 54 0.040709
40 54 -0.296688
41 54 -0.026159
42 54 -0.066147
43 54 0.198857
44 54 -0.072971
45 54 -0.066100
46 54 0.218008
47 54 -0.252768
48 54 0.399350
49 54 -0.207745
50 54 -0.105661
51 54 0.021921
52 54 -0.077080
53 54 -0.134960
54 54 0.203713
55 54 0.044307
56 54 0.175585
57 54 -0.766432
58 54 -0.041080
59 54 0.649664
60 54 -0.013298
61 54 -0.318800
62 54 -0.552599
63 54 -0.168479
64 54 -0.265672
65 54 0.224310
66 54 0.233959
67 54 0.181246
68 54 0.352679
69 54 0.091581
70 54 -0.166109
71 54 -0.076955
72 54 0.539053
73 54 -0.047626
74 54 -0.037114
75 54 -0.127113
76 54 -0.107664
77 54 -0.256949
78 54 0.236551
79 54 -0.401449
80 54 -0.020224
81 54 0.170856
82 54 -0.309193
83 54 -0.174066
84 54 0.630185
85 54 0.302464
86 54 -0.182726
87 54 0.222870
88 54 -0.371263
89 54 0.557198
90 54 -0.358048
91 54 0.524774
92 54 -0.088437
93 54 0.042689
94 54 0.027427
95 54 0.270535
96 54 -0.093677
97 54 -0.184661
98 54 -0.695157
99 54 -0.374155
100 54 0.111860
101 54 0.288963
102 54 -0.242606
103 54 0.457785
104 54 -0.262786
105 54 0.259974
106 54 -0.327927
107 54 -0.026547
108 54 0.080212
109 54 -0.469967
110 54 0.267323
111 54 0.265729
112 54 -0.335872
113 54 -0.327678
114 54 -0.114259
115 54 -0.310009
116 54 -0.115404
117 54 -0.303643
118 54 0.115663
119 54 0.420593
120 54 0.009726
121 54 0.279596
122 54 0.292333
123 54 -0.280494
124 54 -0.167069
125 54 -0.120557
126 54 0.507865
127 54 0.120034

0 55 -0.123581
1 55 -0.039059
2 55 0.420688
3 55 -0.110583
4 55 0.260933
5 55 0.531031
6 55 0.304851
7 55 0.024295
8 55 0.134739
9 55 -0.422673
10 55 -0.022659
11 55 -0.291378
12 55 0.110204
13 55 0.094119
14 55 0.047355
15 55 -0.248734
16 55 -0.562047
17 55 0.042540
18 55 0.290838
19 55 0.325037
20 55 -0.484742
21 55 0.519750
22 55 0.084131
23 55 0.034245
24 55 0.062582
25 55 -0.201786
26 55 0.041521
27 55 0.095610
28 55 0.142236
29 55 -0.518840
30 55 -0.268462
31 55 -0.090818
32 55 -0.172046
33 55 0.082118
34 55 0.259696
35 55 0.146789
36 55 -0.236527
37 55 0.025996
38 55 -0.047444
39 55 0.036273
40 55 -0.202318
41 55 0.026417
42 55 -0.181188
43 55 0.149877
44 55 -0.065202
45 55 -0.084403
46 55 0.251525
47 55 -0.259481
48 55 0.463248
49 55 -0.130916
50 55 -0.024921
51 55 0.008555
52 55 -0.084293
53 55 -0.006411
54 55 0.267836
55 55 -0.018078
56 55 0.081398
57 55 -0.647191
58 55 0.014353
59 55 0.591093
60 55 0.026946
61 55 -0.403752
62 55 -0.382702
63 55 -0.195500
64 55 -0.212250
65 55 0.059924
66 55 0.305180
67 55 0.168649
68 55 0.231848
69 55 0.058335
70 55 -0.204183
71 55 -0.078209
72 55 0.551474
73 55 0.024538
74 55 -0.123562
75 55 -0.175883
76 55 -0.213490
77 55 -0.206351
78 55 0.322583
79 55 -0.378289
80 55 0.069189
81 55 0.267995
82 55 -0.307963
83 55 -0.209763
84 55 0.634841
85 55 0.288617
86 55 -0.140667
87 55 0.184228
88 55 -0.312780
89 55 0.448872
90 55 -0.365684
91 55 0.590708
92 55 -0.083378
93 55 0.050914
94 55 -0.102045
95 55 0.183381
96 55 -0.072220
97 55 -0.114752
98 55 -0.570682
99 55 -0.254734
100 55 0.024020
101 55 0.284983
102 55 -0.222845
103 55 0.387887
104 55 -0.314222
105 55 0.285031
106 55 -0.469571
107 55 -0.064037
108 55 0.219043
109 55 -0.341041
110 55 0.341077
111 55 0.328430
112 55 -0.357549
113 55 -0.276986
114 55 -0.110503
115 55 -0.370671
116 55 -0.048581
117 55 -0.245248
118 55 0.183382
119 55 0.534230
120 55 0.004165
121 55 0.206035
122 55 0.236226
123 55 -0.245063
124 55 -0.182130
125 55 -0.098250
126 55 0.515828
127 55 0.032789

0 56 -0.195464
1 56 -0.078976
2 56 0.050120
3 56 -0.275462
4 56 0.260315
5 56 0.467353
6 56 0.294627
7 56 0.034789
8 56 -0.085703
9 56 -0.279866
10 56 0.118062
11 56 -0.575166
12 56 0.025970
13 56 -0.102179
14 56 0.119743
15 56 0.108065
16 56 -0.566108
17 56 0.277143
18 56 0.230458
19 56 -0.077356
20 56 -0.002013
21 56 0.435708
22 56 0.054944
23 56 -0.141897
24 56 0.335460
25 56 -0.159404
26 56 0.002743
27 56 -0.022716
28 56 0.071759
29 56 -0.528972
30 56 0.200090
31 56 -0.002384
32 56 -0.063769
33 56 -0.013645
34 56 0.105777
35 56 0.134253
36 56 -0.188656
37 56 0.178653
38 56 0.357767
39 56 -0.050496
40 56 0.051812
41 56 -0.270751
42 56 -0.063863
43 56 0.108737
44 56 0.362972
45 56 0.164391
46 56 0.394922
47 56 -0.279751
48 56 0.384716
49 56 0.243304
50 56 0.066192
51 56 -0.209390
52 56 0.102874
53 56 0.165701
54 56 0.167891
55 56 -0.140792
56 56 0.078881
57 56 -0.568443
58 56 -0.124832
59 56 0.533578
60 56 0.264337
61 56 -0.328619
62 56 -0.148749
63 56 -0.003919
64 56 -0.272755
65 56 -0.294514
66 56 0.206024
67 56 0.192758
68 56 0.053663
69 56 0.177827
70 56 -0.042067
71 56 0.203117
72 56 0.164224
73 56 0.293290
74 56 0.141900
75 56 -0.198797
76 56 0.003915
77 56 0.163253
78 56 0.286822
79 56 -0.375457
80 56 0.133926
81 56 0.273432
82 56 0.067033
83 56 -0.016896
84 56 0.578286
85 56 0.338485
86 56 0.225701
87 56 0.014522
88 56 -0.386950
89 56 0.151488
90 56 0.030620
91 56 -0.215509
92 56 -0.316103
93 56 -0.318753
94 56 0.029130
95 56 0.391674
96 56 -0.397974
97 56 0.036601
98 56 -0.550064
99 56 -0.242104
100 56 0.155471
101 56 0.330237
102 56 -0.246601
103 56 0.490321
104 56 0.216597
105 56 0.266412
106 56 -0.426727
107 56 -0.053024
108 56 0.001714
109 56 0.134546
110 56 0.086027
111 56 0.001212
112 56 -0.412986
113 56 -0.289990
114 56 0.169061
115 56 0.023463
116 56 -0.073352
117 56 -0.144754
118 56 -0.004715
119 56 0.608143
120 56 0.065653
121 56 0.162063
122 56 0.133887
123 56 -0.154518
124 56 -0.266263
125 56 0.011832
126 56 0.441986
127 56 0.020277

0 57 -0.214690
1 57 -0.163541
2 57 0.265535
3 57 -0.199514
4 57 0.294712
5 57 0.479294
6 57 0.342496
7 57 0.106061
8 57 -0.035623
9 57 -0.301162
10 57 -0.065928
11 57 -0.467826
12 57 -0.086464
13 57 -0.071518
14 57 -0.029552
15 57 -0.132240
16 57 -0.787083
17 57 0.235742
18 57 0.421702
19 57 0.095892
20 57 -0.263352
21 57 0.466285
22 57 -0.027256
23 57 -0.031568
24 57 0.420852
25 57 -0.070441
26 57 0.216719
27 57 0.000695
28 57 0.263903
29 57 -0.709550
30 57 -0.033730
31 57 -0.145959
32 57 -0.074677
33 57 -0.093337
34 57 0.381704
35 57 0.214609
36 57 -0.099345
37 57 0.187108
38 57 0.304666
39 57 -0.032557
40 57 -0.088605
41 57 -0.308168
42 57 -0.286653
43 57 0.184956
44 57 -0.000364
45 57 0.059651
46 57 0.436717
47 57 -0.375998
48 57 0.598535
49 57 0.138506
50 57 -0.082076
51 57 -0.091874
52 57 0.062242
53 57 -0.005528
54 57 0.551726
55 57 -0.222368
56 57 0.178415
57 57 -0.709179
58 57 -0.171842
59 57 0.844342
60 57 0.251841
61 57 -0.317414
62 57 -0.410324
63 57 -0.134357
64 57 -0.178927
65 57 -0.160172
66 57 0.412001
67 57 0.353354
68 57 0.191071
69 57 0.244160
70 57 -0.056826
71 57 0.162463
72 57 0.414252
73 57 0.384287
74 57 0.290072
75 57 -0.096995
76 57 -0.316084
77 57 0.084148
78 57 0.398379
79 57 -0.379980
80 57 0.225433
81 57 0.331234
82 57 -0.008680
83 57 -0.037506
84 57 0.683078
85 57 0.486321
86 57 -0.012980
87 57 0.016009
88 57 -0.403543
89 57 0.533959
90 57 -0.152038
91 57 0.088220
92 57 -0.401565
93 57 -0.458297
94 57 -0.040902
95 57 0.381046
96 57 -0.248213
97 57 0.050400
98 57 -0.711891
99 57 -0.415768
100 57 0.174340
101 57 0.405562
102 57 -0.302950
103 57 0.449601
104 57 -0.031594
105 57 0.358683
106 57 -0.562490
107 57 -0.157709
108 57 -0.063847
109 57 0.023916
110 57 0.093152
111 57 -0.069702
112 57 -0.599980
113 57 -0.364886
114 57 0.154459
115 57 -0.301264
116 57 -0.163331
117 57 -0.300258
118 57 0.107666
119 57 0.698052
120 57 0.188580
121 57 0.113763
122 57 0.172039
123 57 -0.325009
124 57 -0.432009
125 57 -0.121693
126 57 0.548323
127 57 0.052962

0 58 -0.094655
1 58 0.108301
2 58 0.144765
3 58 -0.244726
4 58 0.135604
5 58 0.383425
6 58 0.224328
7 58 0.083594
8 58 0.254670
9 58 -0.369668
10 58 -0.008246
11 58 -0.510566
12 58 0.075518
13 58 0.001665
14 58 0.109118
15 58 -0.127875
16 58 -0.484351
17 58 0.137484
18 58 0.235903
19 58 0.073373
20 58 -0.203126
21 58 0.358232
22 58 0.111753
23 58 -0.021663
24 58 0.118600
25 58 -0.136656
26 58 0.036605
27 58 -0.089381
28 58 -0.118947
29 58 -0.564856
30 58 0.074900
31 58 -0.023366
32 58 -0.125043
33 58 0.192280
34 58 0.052794
35 58 0.016282
36 58 -0.233356
37 58 0.131393
38 58 0.002369
39 58 0.059701
40 58 -0.142452
41 58 -0.265201
42 58 -0.092121
43 58 0.136658
44 58 0.023147
45 58 0.063436
46 58 0.294315
47 58 -0.227510
48 58 0.327931
49 58 0.062040
50 58 -0.074760
51 58 -0.050460
52 58 0.007771
53 58 0.100892
54 58 0.056379
55 58 -0.005548
56 58 -0.028574
57 58 -0.649857
58 58 0.021165
59 58 0.542396
60 58 0.088374
61 58 -0.342740
62 58 -0.317280
63 58 -0.025247
64 58 -0.327797
65 58 0.072033
66 58 0.130904
67 58 0.118975
68 58 0.117200
69 58 0.198242
70 58 -0.165787
71 58 0.041411
72 58 0.334098
73 58 -0.080242
74 58 -0.006892
75 58 -0.280549
76 58 -0.141175
77 58 0.180692
78 58 0.062984
79 58 -0.344021
80 58 0.022900
81 58 0.166899
82 58 -0.143065
83 58 -0.187829
84 58 0.545931
85 58 0.132125
86 58 0.064416
87 58 0.074123
88 58 -0.402080
89 58 0.267992
90 58 -0.055045
91 58 0.095552
92 58 -0.136108
93 58 -0.176267
94 58 0.070894
95 58 0.294614
96 58 -0.421927
97 58 -0.058191
98 58 -0.464351
99 58 -0.200701
100 58 0.206990
101 58 0.356301
102 58 -0.217590
103 58 0.392081
104 58 0.110801
105 58 0.308300
106 58 -0.278814
107 58 -0.095532
108 58 0.158760
109 58 -0.169209
110 58 0.094082
111 58 0.229124
112 58 -0.243183
113 58 -0.288248
114 58 -0.031023
115 58 -0.118762
116 58 -0.126918
117 58 -0.273025
118 58 0.048563
119 58 0.456467
120 58 0.010350
121 58 0.256907
122 58 0.325775
123 58 -0.086868
124 58 -0.212442
125 58 0.045028
126 58 0.340049
127 58 0.117698

0 59 -0.094547
1 59 -0.060278
2 59 0.131858
3 59 -0.362916
4 59 0.226315
5 59 0.342036
6 59 0.222924
7 59 0.147615
8 59 0.232645
9 59 -0.213035
10 59 0.057594
11 59 -0.508985
12 59 0.140779
13 59 0.074078
14 59 0.143481
15 59 -0.008200
16 59 -0.478475
17 59 0.187761
18 59 0.086866
19 59 -0.005126
20 59 -0.223318
21 59 0.340170
22 59 0.170836
23 59 -0.026207
24 59 0.096857
25 59 -0.131760
26 59 0.133649
27 59 -0.023940
28 59 -0.143375
29 59 -0.542894
30 59 0.137342
31 59 0.035060
32 59 -0.223386
33 59 0.177871
34 59 -0.028158
35 59 -0.071761
36 59 -0.066624
37 59 0.260660
38 59 0.117965
39 59 -0.003610
40 59 -0.108876
41 59 -0.428860
42 59 -0.026933
43 59 0.203356
44 59 0.064354
45 59 0.167417
46 59 0.297777
47 59 -0.328354
48 59 0.308408
49 59 0.127323
50 59 0.029116
51 59 -0.045910
52 59 0.057384
53 59 0.115076
54 59 0.045130
55 59 -0.137504
56 59 0.048931
57 59 -0.645911
58 59 -0.115829
59 59 0.731296
60 59 0.035124
61 59 -0.226544
62 59 -0.393516
63 59 0.060815
64 59 -0.247694
65 59 -0.093167
66 59 0.034041
67 59 0.166844
68 59 0.059497
69 59 0.210350
70 59 -0.138949
71 59 0.089364
72 59 0.414806
73 59 -0.010131
74 59 0.193647
75 59 -0.354788
76 59 -0.165444
77 59 0.224042
78 59 0.226755
79 59 -0.273400
80 59 0.116740
81 59 0.247041
82 59 -0.177409
83 59 0.009664
84 59 0.677551
85 59 0.262624
86 59 0.194905
87 59 0.065230
88 59 -0.452159
89 59 0.327427
90 59 0.058620
91 59 0.008762
92 59 -0.244700
93 59 -0.305130
94 59 0.099810
95 59 0.353435
96 59 -0.408055
97 59 0.075855
98 59 -0.568585
99 59 -0.212329
100 59 0.188032
101 59 0.369824
102 59 -0.430066
103 59 0.419097
104 59 0.230318
105 59 0.302618
106 59 -0.355732
107 59 -0.204961
108 59 0.155565
109 59 -0.042935
110 59 0.188635
111 59 0.234612
112 59 -0.395911
113 59 -0.326238
114 59 0.026227
115 59 -0.101020
116 59 -0.010802
117 59 -0.198854
118 59 -0.067815
119 59 0.615925
120 59 0.164324
121 59 0.195515
122 59 0.280744
123 59 -0.065988
124 59 -0.269883
125 59 0.055152
126 59 0.442492
127 59 0.133650

0 60 -0.151551
1 60 -0.551593
2 60 0.165271
3 60 0.961192
4 60 -0.495085
5 60 -0.145760
6 60 -0.243071
7 60 0.337763
8 60 -0.091810
9 60 -0.425750
10 60 0.507663
11 60 0.480075
12 60 0.103947
13 60 0.069618
14 60 -0.588255
15 60 -0.295215
16 60 1.001140
17 60 -0.045857
18 60 -0.198464
19 60 -0.564687
20 60 0.170231
21 60 0.314528
22 60 -0.313622
23 60 0.001070
24 60 0.457570
25 60 0.499757
26 60 -0.066527
27 60 0.491188
28 60 0.146422
29 60 0.485693
30 60 -0.302563
31 60 -0.357639
32 60 0.802151
33 60 -0.190018
34 60 0.150695
35 60 0.066023
36 60 0.289452
37 60 0.286150
38 60 0.114284
39 60 0.305260
40 60 -0.633607
41 60 0.287056
42 60 -0.371709
43 60 -0.133485
44 60 -0.041030
45 60 -0.131421
46 60 -0.527603
47 60 0.700308
48 60 -0.198423
49 60 0.205826
50 60 0.223405
51 60 0.987998
52 60 0.818300
53 60 0.628022
54 60 -0.769664
55 60 -0.047119
56 60 0.039519
57 60 0.083780
58 60 0.213859
59 60 -0.606967
60 60 0.307981
61 60 0.092648
62 60 -0.087151
63 60 -0.092133
64 60 -0.005990
65 60 0.336614
66 60 0.461631
67 60 -0.354748
68 60 0.004229
69 60 -0.106735
70 60 -0.213205
71 60 0.738093
72 60 0.411379
73 60 -0.311054
74 60 0.022699
75 60 -0.275953
76 60 0.577577
77 60 -0.442769
78 60 -0.056337
79 60 0.387320
80 60 0.387847
81 60 0.005251
82 60 -0.164912
83 60 -0.294531
84 60 -0.415656
85 60 -0.134420
86 60 0.029205
87 60 -0.144977
88 60 0.557618
89 60 0.251792
90 60 -0.418639
91 60 0.367173
92 60 0.144453
93 60 0.697428
94 60 -0.148510
95 60 0.047872
96 60 -0.113384
97 60 -0.304829
98 60 -0.636657
99 60 0.305124
100 60 -0.236487
101 60 -0.673264
102 60 -0.188283
103 60 -0.116008
104 60 -0.096100
105 60 -0.357745
106 60 0.123760
107 60 0.695974
108 60 -0.559952
109 60 -0.530205
110 60 -0.109585
111 60 -0.722754
112 60 0.518194
113 60 0.100615
114 60 -0.066882
115 60 0.437281
116 60 -0.032358
117 60 -0.045340
118 60 -0.065715
119 60 -0.759062
120 60 -0.008297
121 60 -0.663635
122 60 0.828949
123 60 -0.637857
124 60 0.230912
125 60 -0.188628
126 60 -0.189363
127 60 0.126791

0 61 -0.044745
1 61 -0.146578
2 61 -0.437914
3 61 0.510037
4 61 -0.062034
5 61 0.026340
6 61 -0.144413
7 61 -0.100144
8 61 -0.463374
9 61 -0.071061
10 61 0.184134
11 61 -0.160718
12 61 0.159709
13 61 0.033141
14 61 -0.286856
15 61 0.202457
16 61 0.369958
17 61 -0.271246
18 61 -0.172065
19 61 -0.688326
20 61 0.506835
21 61 -0.115657
22 61 -0.289021
23 61 0.548680
24 61 0.355029
25 61 -0.023586
26 61 -0.095294
27 61 0.161935
28 61 0.121084
29 61 0.212181
30 61 -0.174662
31 61 -0.110412
32 61 -0.132620
33 61 -0.653517
34 61 -0.230245
35 61 0.005580
36 61 0.238099
37 61 0.083618
38 61 -0.087159
39 61 0.036902
40 61 0.323728
41 61 0.051443
42 61 -0.049499
43 61 0.012365
44 61 -0.047663
45 61 -0.160547
46 61 -0.409291
47 61 0.467178
48 61 -0.379226
49 61 0.219755
50 61 0.160314
51 61 0.734819
52 61 0.191293
53 61 0.318665
54 61 -0.270639
55 61 -0.404632
56 61 -0.188804
57 61 -0.194233
58 61 -0.124318
59 61 -0.251665
60 61 0.161599
61 61 0.056276
62 61 0.065413
63 61 0.093669
64 61 0.140405
65 61 0.234009
66 61 0.218841
67 61 0.271582
68 61 -0.080432
69 61 0.301798
70 61 0.050220
71 61 0.321333
72 61 0.144951
73 61 -0.378095
74 61 0.183943
75 61 -0.405050
76 61 0.364659
77 61 -0.011814
78 61 -0.222920
79 61 0.589462
80 61 0.143624
81 61 0.084509
82 61 -0.358658
83 61 -0.326061
84 61 0.178730
85 61 -0.287701
86 61 -0.061834
87 61 -0.134186
88 61 0.112305
89 61 -0.176584
90 61 -0.154690
91 61 0.351551
92 61 0.263511
93 61 0.457374
94 61 -0.211527
95 61 0.398219
96 61 -0.043155
97 61 -0.396579
98 61 0.018700
99 61 0.259768
100 61 -0.380030
101 61 0.163929
102 61 -0.302692
103 61 0.053489
104 61 -0.021044
105 61 -0.352474
106 61 -0.256692
107 61 0.289419
108 61 -0.320073
109 61 -0.184002
110 61 0.192417
111 61 -0.280364
112 61 0.154234
113 61 0.113795
114 61 -0.316340
115 61 0.203889
116 61 0.096869
117 61 0.254117
118 61 0.041474
119 61 0.021013
120 61 -0.154079
121 61 -0.707663
122 61 0.622301
123 61 -0.303252
124 61 -0.223671
125 61 0.142382
126 61 0.046324
127 61 0.031308
