col row val
0 0 -0.243812
1 0 -0.149821
2 0 -0.055553
3 0 -0.151189
4 0 -0.054408
5 0 0.381424
6 0 0.309836
7 0 0.211406
8 0 -0.255067
9 0 -0.168742
10 0 -0.079945
11 0 -0.672786
12 0 0.005599
13 0 -0.121706
14 0 -0.170407
15 0 -0.350100
16 0 -0.587062
17 0 0.118587
18 0 0.244810
19 0 -0.284429
20 0 -0.310876
21 0 0.038473
22 0 0.311403
23 0 0.022716
24 0 0.345965
25 0 -0.286438
26 0 0.546058
27 0 -0.048024
28 0 0.005712
29 0 -0.660198
30 0 -0.179574
31 0 -0.180800
32 0 -0.097159
33 0 0.120965
34 0 -0.208391
35 0 0.064495
36 0 -0.066052
37 0 0.147541
38 0 -0.218433
39 0 0.164863
40 0 0.042319
41 0 -0.352130
42 0 -0.018764
43 0 0.084731
44 0 0.117604
45 0 -0.001712
46 0 0.543871
47 0 -0.423644
48 0 0.448169
49 0 0.241028
50 0 0.158211
51 0 -0.270323
52 0 -0.040306
53 0 -0.151223
54 0 0.245771
55 0 -0.225475
56 0 0.031369
57 0 -0.695008
58 0 -0.298365
59 0 0.953184
60 0 0.251250
61 0 0.017431
62 0 -0.417853
63 0 -0.025094
64 0 -0.146583
65 0 0.036939
66 0 0.164044
67 0 0.129145
68 0 0.146934
69 0 0.430367
70 0 0.049209
71 0 0.512697
72 0 0.421003
73 0 -0.130154
74 0 0.161059
75 0 -0.703061
76 0 -0.137174
77 0 0.377021
78 0 0.246799
79 0 0.013697
80 0 0.107549
81 0 0.159051
82 0 -0.243184
83 0 0.087457
84 0 0.661156
85 0 0.210311
86 0 0.276681
87 0 -0.285676
88 0 -0.527404
89 0 0.547031
90 0 0.066728
91 0 0.109380
92 0 -0.182860
93 0 -0.415432
94 0 0.074788
95 0 0.468002
96 0 -0.536986
97 0 0.343142
98 0 -0.595828
99 0 -0.301008
100 0 0.091714
101 0 0.542668
102 0 -0.235747
103 0 0.140998
104 0 0.486546
105 0 0.322741
106 0 -0.478323
107 0 -0.305541
108 0 -0.019771
109 0 -0.340375
110 0 -0.216155
111 0 -0.054840
112 0 -0.500964
113 0 -0.167940
114 0 0.254581
115 0 -0.366785
116 0 -0.244900
117 0 -0.448040
118 0 0.283637
119 0 0.709106
120 0 0.348575
121 0 0.187713
122 0 0.497255
123 0 -0.450264
124 0 -0.497063
125 0 -0.118371
126 0 0.430060
127 0 0.219871

0 1 -0.266524
1 1 -0.363881
2 1 0.192775
3 1 -0.205964
4 1 0.104658
5 1 0.426062
6 1 0.341184
7 1 0.057883
8 1 -0.177963
9 1 -0.138085
10 1 -0.170055
11 1 -0.642059
12 1 -0.142053
13 1 -0.175110
14 1 -0.292471
15 1 -0.268812
16 1 -0.824563
17 1 0.108463
18 1 0.471339
19 1 -0.066612
20 1 -0.331019
21 1 0.382541
22 1 0.174581
23 1 0.002112
24 1 0.655695
25 1 -0.164489
26 1 0.278326
27 1 -0.002223
28 1 0.227288
29 1 -0.724856
30 1 -0.031035
31 1 -0.149135
32 1 -0.066703
33 1 -0.070503
34 1 0.098324
35 1 0.199484
36 1 -0.141571
37 1 0.157992
38 1 0.233468
39 1 0.044366
40 1 0.061916
41 1 -0.218233
42 1 -0.377522
43 1 0.115577
44 1 0.047379
45 1 -0.052700
46 1 0.536127
47 1 -0.444373
48 1 0.697052
49 1 0.139724
50 1 0.068168
51 1 -0.144614
52 1 0.174770
53 1 -0.153392
54 1 0.639930
55 1 -0.224007
56 1 0.123746
57 1 -0.681923
58 1 -0.303419
59 1 1.076946
60 1 0.363961
61 1 -0.244716
62 1 -0.323383
63 1 -0.244648
64 1 -0.031190
65 1 -0.217911
66 1 0.569670
67 1 0.321905
68 1 0.119884
69 1 0.303307
70 1 -0.015135
71 1 0.364327
72 1 0.464988
73 1 0.329931
74 1 0.260904
75 1 -0.200700
76 1 -0.393467
77 1 0.148590
78 1 0.508258
79 1 -0.231456
80 1 0.230899
81 1 0.281468
82 1 0.073481
83 1 0.049191
84 1 0.767331
85 1 0.389688
86 1 0.015402
87 1 -0.226998
88 1 -0.472537
89 1 0.535951
90 1 -0.079469
91 1 0.311908
92 1 -0.379224
93 1 -0.454846
94 1 -0.095989
95 1 0.369617
96 1 -0.207877
97 1 0.238740
98 1 -0.626961
99 1 -0.273574
100 1 0.169830
101 1 0.458045
102 1 -0.195291
103 1 0.336586
104 1 0.081515
105 1 0.326734
106 1 -0.746041
107 1 -0.231816
108 1 -0.100045
109 1 -0.026804
110 1 -0.060077
111 1 -0.057954
112 1 -0.685889
113 1 -0.328014
114 1 0.258930
115 1 -0.348056
116 1 -0.382924
117 1 -0.334104
118 1 0.264690
119 1 0.824263
120 1 0.319676
121 1 0.057457
122 1 0.242846
123 1 -0.505255
124 1 -0.555564
125 1 -0.224042
126 1 0.588844
127 1 0.151643

0 2 -0.176166
1 2 -0.039792
2 2 0.348574
3 2 0.058919
4 2 -0.041059
5 2 0.297431
6 2 0.197432
7 2 0.120356
8 2 -0.256448
9 2 -0.169513
10 2 -0.107194
11 2 -0.194631
12 2 0.249953
13 2 0.013770
14 2 -0.124986
15 2 -0.472421
16 2 -0.407515
17 2 0.094585
18 2 0.267067
19 2 0.193429
20 2 -0.596564
21 2 -0.041661
22 2 0.024818
23 2 0.110049
24 2 -0.058852
25 2 -0.124459
26 2 0.317327
27 2 0.014638
28 2 0.535219
29 2 -0.578553
30 2 -0.638541
31 2 -0.316052
32 2 -0.264213
33 2 0.218921
34 2 0.258232
35 2 0.044408
36 2 -0.099800
37 2 0.082805
38 2 -0.607507
39 2 0.218668
40 2 -0.227455
41 2 0.084808
42 2 0.171442
43 2 0.061079
44 2 -0.186483
45 2 -0.119014
46 2 0.239217
47 2 -0.294272
48 2 0.338081
49 2 -0.101039
50 2 0.000850
51 2 -0.046979
52 2 -0.002250
53 2 -0.485219
54 2 0.398394
55 2 0.012153
56 2 0.177786
57 2 -0.770021
58 2 -0.130254
59 2 0.636750
60 2 -0.019187
61 2 -0.160920
62 2 -0.662971
63 2 -0.067368
64 2 -0.015494
65 2 0.499184
66 2 0.228141
67 2 0.094307
68 2 0.289006
69 2 0.365073
70 2 -0.022243
71 2 0.255654
72 2 0.499655
73 2 -0.342947
74 2 0.046047
75 2 -0.380478
76 2 -0.289714
77 2 -0.127082
78 2 0.157435
79 2 -0.100885
80 2 -0.010196
81 2 0.056327
82 2 -0.427955
83 2 0.092280
84 2 0.620713
85 2 0.207826
86 2 -0.123584
87 2 0.133743
88 2 -0.265741
89 2 0.741071
90 2 -0.340969
91 2 0.473079
92 2 0.015660
93 2 -0.075921
94 2 0.100780
95 2 0.385603
96 2 0.037944
97 2 -0.054657
98 2 -0.551707
99 2 -0.286203
100 2 0.175609
101 2 0.473096
102 2 -0.068259
103 2 0.235160
104 2 -0.129114
105 2 0.295897
106 2 -0.353203
107 2 -0.122799
108 2 -0.037427
109 2 -0.638935
110 2 -0.162783
111 2 0.096395
112 2 -0.367202
113 2 -0.263107
114 2 -0.002132
115 2 -0.509902
116 2 -0.163784
117 2 -0.561233
118 2 0.426177
119 2 0.463210
120 2 0.280512
121 2 0.193153
122 2 0.366509
123 2 -0.487885
124 2 -0.344131
125 2 -0.181586
126 2 0.515357
127 2 0.026991

0 3 -0.226996
1 3 -0.086632
2 3 0.417721
3 3 0.089737
4 3 -0.142403
5 3 0.408015
6 3 0.215200
7 3 -0.058232
8 3 -0.155583
9 3 -0.214656
10 3 -0.157071
11 3 -0.204617
12 3 0.086109
13 3 -0.101209
14 3 -0.223741
15 3 -0.390184
16 3 -0.517657
17 3 0.035962
18 3 0.376016
19 3 0.249814
20 3 -0.531042
21 3 0.231769
22 3 0.039372
23 3 0.069433
24 3 0.216333
25 3 -0.164838
26 3 0.111777
27 3 0.134824
28 3 0.405918
29 3 -0.615857
30 3 -0.482345
31 3 -0.323443
32 3 -0.158355
33 3 0.094117
34 3 0.345346
35 3 0.203698
36 3 -0.341201
37 3 -0.011903
38 3 -0.241564
39 3 0.143055
40 3 -0.152490
41 3 0.267884
42 3 -0.135942
43 3 -0.026201
44 3 -0.135325
45 3 -0.168760
46 3 0.302051
47 3 -0.264120
48 3 0.599624
49 3 -0.144208
50 3 0.028730
51 3 -0.032901
52 3 0.071093
53 3 -0.461390
54 3 0.579859
55 3 0.013559
56 3 0.152842
57 3 -0.555096
58 3 -0.094161
59 3 0.632541
60 3 0.086125
61 3 -0.359699
62 3 -0.436638
63 3 -0.307061
64 3 0.033771
65 3 0.314116
66 3 0.537824
67 3 0.085905
68 3 0.197858
69 3 0.178450
70 3 -0.032279
71 3 0.129454
72 3 0.470596
73 3 -0.047566
74 3 -0.124653
75 3 -0.211576
76 3 -0.389073
77 3 -0.305394
78 3 0.243392
79 3 -0.188295
80 3 0.067637
81 3 0.103303
82 3 -0.161032
83 3 -0.133616
84 3 0.548555
85 3 0.270734
86 3 -0.192983
87 3 0.035204
88 3 -0.138520
89 3 0.452869
90 3 -0.448162
91 3 0.761562
92 3 -0.092986
93 3 0.045515
94 3 -0.103060
95 3 0.138648
96 3 0.066068
97 3 -0.056814
98 3 -0.573117
99 3 -0.240978
100 3 0.175733
101 3 0.374628
102 3 0.024003
103 3 0.248051
104 3 -0.388112
105 3 0.232156
106 3 -0.603499
107 3 -0.045850
108 3 0.015603
109 3 -0.437278
110 3 0.066576
111 3 0.276200
112 3 -0.290949
113 3 -0.154972
114 3 -0.057984
115 3 -0.485763
116 3 -0.241024
117 3 -0.479227
118 3 0.469410
119 3 0.529179
120 3 0.164517
121 3 0.050852
122 3 0.290306
123 3 -0.490571
124 3 -0.291713
125 3 -0.168660
126 3 0.556334
127 3 -0.044364

0 4 -0.220782
1 4 0.004984
2 4 0.267612
3 4 0.160461
4 4 -0.202624
5 4 0.108686
6 4 -0.054716
7 4 0.060148
8 4 -0.567625
9 4 -0.100939
10 4 0.018305
11 4 -0.011200
12 4 -0.169675
13 4 0.032749
14 4 -0.106442
15 4 -0.585180
16 4 0.189261
17 4 -0.021045
18 4 -0.008849
19 4 -0.032726
20 4 -0.515339
21 4 0.055026
22 4 0.075849
23 4 0.174567
24 4 0.080539
25 4 -0.059744
26 4 0.426054
27 4 0.284007
28 4 0.945454
29 4 -0.260875
30 4 -0.849075
31 4 -0.444506
32 4 -0.042024
33 4 -0.170547
34 4 0.003711
35 4 -0.028462
36 4 -0.139687
37 4 0.179753
38 4 -0.751795
39 4 0.231658
40 4 -0.219329
41 4 0.423709
42 4 0.075006
43 4 -0.048320
44 4 -0.160853
45 4 -0.265473
46 4 -0.058103
47 4 -0.035009
48 4 0.141514
49 4 0.149577
50 4 0.273479
51 4 -0.004434
52 4 0.141960
53 4 -0.500426
54 4 -0.082975
55 4 0.275787
56 4 0.236154
57 4 -0.366847
58 4 -0.200029
59 4 0.062687
60 4 0.121787
61 4 0.113064
62 4 -0.528818
63 4 0.044100
64 4 0.036714
65 4 0.297003
66 4 0.158975
67 4 -0.408029
68 4 0.383757
69 4 0.343455
70 4 -0.024963
71 4 0.411167
72 4 0.471836
73 4 -0.555230
74 4 -0.223144
75 4 -0.540923
76 4 -0.157545
77 4 -0.420124
78 4 0.145598
79 4 0.114221
80 4 0.102124
81 4 0.136832
82 4 -0.548304
83 4 0.321884
84 4 0.013980
85 4 0.355293
86 4 -0.208369
87 4 0.004133
88 4 0.109923
89 4 0.528726
90 4 -0.474579
91 4 0.572104
92 4 0.234820
93 4 0.404793
94 4 0.136548
95 4 0.385823
96 4 0.479225
97 4 -0.172359
98 4 -0.425127
99 4 -0.156364
100 4 -0.089681
101 4 -0.091680
102 4 -0.067067
103 4 0.037115
104 4 -0.273380
105 4 0.067930
106 4 -0.173915
107 4 -0.201035
108 4 -0.089679
109 4 -0.752155
110 4 -0.213894
111 4 -0.027364
112 4 -0.010621
113 4 0.062457
114 4 -0.223113
115 4 -0.254088
116 4 -0.449766
117 4 -0.591880
118 4 0.344569
119 4 0.295955
120 4 0.461977
121 4 0.018568
122 4 0.585628
123 4 -0.351674
124 4 -0.202197
125 4 -0.339747
126 4 0.082712
127 4 -0.161123

0 5 -0.281843
1 5 -0.025126
2 5 0.160583
3 5 0.051762
4 5 -0.196645
5 5 0.187795
6 5 0.048212
7 5 -0.231529
8 5 -0.424964
9 5 -0.225785
10 5 -0.081053
11 5 -0.333566
12 5 -0.037668
13 5 -0.234197
14 5 -0.159408
15 5 -0.368729
16 5 0.111194
17 5 -0.104313
18 5 0.038583
19 5 -0.140321
20 5 -0.221388
21 5 0.277681
22 5 0.050559
23 5 0.259433
24 5 0.000121
25 5 -0.146495
26 5 0.189950
27 5 0.229673
28 5 0.801869
29 5 -0.153539
30 5 -0.562332
31 5 -0.324807
32 5 -0.086380
33 5 -0.265651
34 5 -0.004281
35 5 0.173143
36 5 -0.242314
37 5 0.021321
38 5 -0.493398
39 5 0.194016
40 5 -0.097136
41 5 0.681146
42 5 0.044774
43 5 -0.058870
44 5 -0.090779
45 5 -0.472008
46 5 -0.073696
47 5 0.058532
48 5 0.153082
49 5 0.019483
50 5 0.305909
51 5 -0.078046
52 5 0.214800
53 5 -0.215303
54 5 0.058831
55 5 0.193338
56 5 0.134354
57 5 -0.154574
58 5 -0.134689
59 5 -0.005957
60 5 0.234574
61 5 0.017381
62 5 -0.192708
63 5 -0.015938
64 5 0.059748
65 5 0.087404
66 5 0.178084
67 5 -0.211012
68 5 0.270826
69 5 0.360465
70 5 0.037301
71 5 0.070548
72 5 0.421527
73 5 -0.619838
74 5 -0.289789
75 5 -0.590984
76 5 0.015433
77 5 -0.382300
78 5 0.192895
79 5 0.219095
80 5 0.007985
81 5 0.135721
82 5 -0.351855
83 5 0.026786
84 5 0.039145
85 5 0.155682
86 5 -0.198414
87 5 0.035196
88 5 0.073407
89 5 0.177947
90 5 -0.651030
91 5 0.571185
92 5 0.233311
93 5 0.618446
94 5 -0.227397
95 5 0.235456
96 5 0.285329
97 5 -0.186371
98 5 -0.195612
99 5 -0.109050
100 5 -0.088923
101 5 0.110534
102 5 0.020933
103 5 0.122768
104 5 -0.465195
105 5 0.034672
106 5 -0.368600
107 5 0.129727
108 5 -0.114110
109 5 -0.588898
110 5 -0.003753
111 5 0.069357
112 5 0.030785
113 5 0.127911
114 5 -0.324801
115 5 -0.103403
116 5 -0.252000
117 5 -0.390093
118 5 0.412337
119 5 0.318722
120 5 0.234303
121 5 -0.132886
122 5 0.388361
123 5 -0.283654
124 5 -0.148165
125 5 -0.283777
126 5 0.143725
127 5 -0.227811

0 6 -0.230864
1 6 -0.065890
2 6 -0.228057
3 6 -0.206643
4 6 -0.128248
5 6 0.198209
6 6 0.001074
7 6 -0.050020
8 6 -0.211603
9 6 0.029230
10 6 0.031895
11 6 -0.439981
12 6 -0.298733
13 6 -0.227265
14 6 0.079954
15 6 -0.321346
16 6 -0.204712
17 6 -0.005540
18 6 -0.206104
19 6 -0.382757
20 6 -0.094846
21 6 -0.099226
22 6 0.230806
23 6 0.098356
24 6 0.194660
25 6 -0.416209
26 6 0.440370
27 6 -0.011096
28 6 0.145434
29 6 -0.300493
30 6 0.011659
31 6 -0.087145
32 6 0.118649
33 6 -0.108556
34 6 -0.192198
35 6 0.010260
36 6 -0.243873
37 6 0.049613
38 6 -0.091519
39 6 0.030819
40 6 0.028376
41 6 0.048993
42 6 0.114098
43 6 0.041322
44 6 -0.094014
45 6 -0.151108
46 6 0.096344
47 6 -0.263810
48 6 -0.126924
49 6 0.103941
50 6 0.163785
51 6 -0.408871
52 6 -0.061324
53 6 0.075068
54 6 0.184349
55 6 0.057426
56 6 0.310247
57 6 -0.182977
58 6 -0.260479
59 6 0.488573
60 6 0.224790
61 6 0.100365
62 6 0.080430
63 6 0.144197
64 6 -0.129672
65 6 -0.299108
66 6 -0.240143
67 6 -0.187944
68 6 0.355415
69 6 0.199325
70 6 -0.190878
71 6 0.171851
72 6 0.148193
73 6 -0.399780
74 6 -0.037773
75 6 -0.767606
76 6 -0.028345
77 6 0.321418
78 6 0.154246
79 6 0.106987
80 6 -0.072146
81 6 0.101685
82 6 -0.514725
83 6 0.297638
84 6 0.299731
85 6 0.024601
86 6 0.421714
87 6 -0.265779
88 6 -0.098936
89 6 -0.062124
90 6 0.013339
91 6 -0.023181
92 6 -0.175919
93 6 0.171927
94 6 -0.001303
95 6 0.323681
96 6 -0.173332
97 6 0.098748
98 6 -0.109580
99 6 -0.157791
100 6 -0.173713
101 6 0.183828
102 6 -0.247426
103 6 0.000984
104 6 0.391144
105 6 0.179209
106 6 -0.166746
107 6 -0.340294
108 6 0.001176
109 6 -0.125286
110 6 -0.051157
111 6 -0.008170
112 6 -0.175903
113 6 0.254465
114 6 0.054482
115 6 0.172798
116 6 -0.136718
117 6 -0.227771
118 6 0.106192
119 6 0.636124
120 6 0.310895
121 6 0.090019
122 6 0.354732
123 6 0.035625
124 6 -0.224673
125 6 -0.148987
126 6 -0.135486
127 6 -0.077277

0 7 -0.375916
1 7 -0.322063
2 7 -0.053841
3 7 -0.228405
4 7 -0.029894
5 7 0.173648
6 7 0.016719
7 7 -0.383236
8 7 -0.176526
9 7 -0.174887
10 7 0.017463
11 7 -0.665190
12 7 -0.254390
13 7 -0.307878
14 7 -0.157487
15 7 -0.219371
16 7 -0.320025
17 7 -0.161459
18 7 0.028444
19 7 -0.393721
20 7 0.044539
21 7 0.313492
22 7 0.209624
23 7 -0.092066
24 7 0.377967
25 7 -0.316807
26 7 0.196525
27 7 -0.081071
28 7 0.282048
29 7 -0.361706
30 7 0.050048
31 7 0.040084
32 7 0.071930
33 7 -0.245822
34 7 -0.104398
35 7 0.076862
36 7 -0.363879
37 7 0.035301
38 7 0.200819
39 7 0.072088
40 7 0.097165
41 7 0.321340
42 7 -0.023226
43 7 0.097518
44 7 0.057172
45 7 -0.363749
46 7 0.020293
47 7 -0.060219
48 7 -0.005087
49 7 -0.049115
50 7 0.160169
51 7 -0.266435
52 7 0.124115
53 7 0.138078
54 7 0.216003
55 7 0.012042
56 7 0.231785
57 7 -0.157872
58 7 -0.157700
59 7 0.392889
60 7 0.449506
61 7 -0.023756
62 7 0.327750
63 7 -0.019329
64 7 -0.098788
65 7 -0.468222
66 7 -0.081602
67 7 -0.028372
68 7 0.380726
69 7 0.061151
70 7 -0.010420
71 7 -0.069311
72 7 -0.015021
73 7 -0.216200
74 7 0.145241
75 7 -0.482911
76 7 0.117590
77 7 0.034781
78 7 0.353403
79 7 0.017477
80 7 0.012105
81 7 0.065669
82 7 -0.225091
83 7 0.148563
84 7 0.294651
85 7 -0.027840
86 7 0.300118
87 7 -0.245505
88 7 -0.201541
89 7 -0.069346
90 7 -0.151365
91 7 0.052776
92 7 -0.132814
93 7 0.134823
94 7 -0.210796
95 7 0.218085
96 7 -0.177194
97 7 0.005637
98 7 -0.162647
99 7 -0.085993
100 7 -0.113117
101 7 0.183791
102 7 0.037911
103 7 0.239289
104 7 0.205134
105 7 0.217420
106 7 -0.333850
107 7 -0.023654
108 7 -0.179621
109 7 0.090834
110 7 -0.053610
111 7 -0.072936
112 7 -0.204013
113 7 0.073521
114 7 0.009324
115 7 0.168962
116 7 -0.371158
117 7 -0.002266
118 7 0.227736
119 7 0.515939
120 7 0.212789
121 7 -0.069783
122 7 0.110523
123 7 -0.121289
124 7 -0.211627
125 7 -0.321464
126 7 0.023089
127 7 0.020733

0 8 -0.262270
1 8 -0.002937
2 8 0.308383
3 8 0.090004
4 8 0.218603
5 8 0.299544
6 8 0.281661
7 8 -0.148585
8 8 -0.377875
9 8 -0.372079
10 8 0.018445
11 8 -0.239022
12 8 -0.000272
13 8 -0.013278
14 8 -0.202422
15 8 -0.287916
16 8 -0.431756
17 8 -0.007073
18 8 0.133819
19 8 0.146233
20 8 -0.337811
21 8 0.308652
22 8 0.037988
23 8 -0.016853
24 8 0.061514
25 8 -0.341063
26 8 -0.021597
27 8 0.299484
28 8 0.465998
29 8 -0.391482
30 8 -0.596648
31 8 -0.158443
32 8 -0.042567
33 8 -0.161283
34 8 0.530317
35 8 0.331923
36 8 -0.321010
37 8 -0.139725
38 8 -0.278332
39 8 0.120099
40 8 -0.202727
41 8 0.469233
42 8 -0.011058
43 8 -0.118023
44 8 0.013106
45 8 -0.203344
46 8 0.008371
47 8 -0.266874
48 8 0.408266
49 8 -0.244433
50 8 0.173839
51 8 -0.041137
52 8 -0.019269
53 8 -0.238799
54 8 0.219731
55 8 0.062316
56 8 0.364425
57 8 -0.297008
58 8 0.059436
59 8 0.259538
60 8 0.160515
61 8 -0.402059
62 8 -0.181153
63 8 -0.219628
64 8 -0.034647
65 8 0.162446
66 8 0.367815
67 8 -0.041834
68 8 0.070546
69 8 0.147838
70 8 -0.026478
71 8 -0.082570
72 8 0.391749
73 8 -0.207837
74 8 -0.163918
75 8 -0.207982
76 8 -0.261305
77 8 -0.473542
78 8 0.298991
79 8 -0.172632
80 8 0.165165
81 8 0.099902
82 8 -0.397882
83 8 -0.311853
84 8 0.256338
85 8 0.175752
86 8 -0.242784
87 8 0.275182
88 8 0.023404
89 8 0.309428
90 8 -0.577044
91 8 0.697459
92 8 0.199356
93 8 0.322160
94 8 -0.252513
95 8 -0.005098
96 8 0.165689
97 8 -0.069233
98 8 -0.405091
99 8 -0.051970
100 8 0.008636
101 8 0.180770
102 8 0.031297
103 8 0.218587
104 8 -0.461138
105 8 0.179006
106 8 -0.599907
107 8 0.056257
108 8 0.157021
109 8 -0.366986
110 8 0.197846
111 8 0.223564
112 8 -0.161573
113 8 -0.124747
114 8 -0.224516
115 8 -0.503210
116 8 -0.134097
117 8 -0.272386
118 8 0.547225
119 8 0.613111
120 8 0.042472
121 8 -0.044267
122 8 0.104891
123 8 -0.366505
124 8 -0.168307
125 8 -0.134194
126 8 0.457247
127 8 -0.019239

0 9 -0.240895
1 9 0.065501
2 9 -0.011192
3 9 -0.093589
4 9 0.359983
5 9 0.339681
6 9 0.148281
7 9 -0.103008
8 9 -0.251065
9 9 -0.393830
10 9 0.018816
11 9 -0.384368
12 9 0.050629
13 9 -0.142824
14 9 -0.151433
15 9 -0.034835
16 9 -0.331830
17 9 -0.132036
18 9 0.014335
19 9 -0.057049
20 9 0.067526
21 9 0.241916
22 9 0.060599
23 9 -0.128340
24 9 0.025751
25 9 -0.439263
26 9 -0.140219
27 9 0.085640
28 9 0.142986
29 9 -0.236949
30 9 -0.315399
31 9 0.102090
32 9 -0.053624
33 9 -0.169841
34 9 0.234595
35 9 0.478854
36 9 -0.242507
37 9 -0.181409
38 9 -0.092236
39 9 0.113227
40 9 -0.011848
41 9 0.446339
42 9 0.095562
43 9 -0.173536
44 9 0.306977
45 9 -0.285646
46 9 -0.084634
47 9 -0.227416
48 9 0.119754
49 9 -0.107905
50 9 0.130575
51 9 -0.339225
52 9 0.096137
53 9 0.155616
54 9 0.176602
55 9 0.038747
56 9 0.192711
57 9 -0.196432
58 9 0.127929
59 9 0.088487
60 9 0.249749
61 9 -0.419450
62 9 0.152700
63 9 -0.105831
64 9 -0.150637
65 9 -0.242047
66 9 0.187964
67 9 -0.150276
68 9 0.086186
69 9 0.096466
70 9 -0.187817
71 9 -0.215128
72 9 0.060508
73 9 -0.127851
74 9 -0.158585
75 9 -0.294738
76 9 0.065394
77 9 -0.144576
78 9 0.272927
79 9 -0.179498
80 9 0.108943
81 9 0.116234
82 9 -0.304784
83 9 -0.223905
84 9 0.349458
85 9 0.063335
86 9 -0.052436
87 9 0.211185
88 9 -0.119309
89 9 -0.058792
90 9 -0.475890
91 9 0.260560
92 9 0.044094
93 9 0.317248
94 9 -0.207205
95 9 0.010516
96 9 -0.047357
97 9 -0.081023
98 9 -0.100028
99 9 -0.043695
100 9 -0.127545
101 9 0.246112
102 9 0.092228
103 9 0.109630
104 9 -0.195850
105 9 0.106454
106 9 -0.459681
107 9 0.236727
108 9 0.100731
109 9 -0.024069
110 9 0.141109
111 9 0.051171
112 9 -0.178761
113 9 0.013475
114 9 -0.188532
115 9 -0.102646
116 9 0.005134
117 9 -0.085921
118 9 0.442704
119 9 0.625607
120 9 -0.013638
121 9 -0.014723
122 9 0.049753
123 9 -0.150156
124 9 -0.051997
125 9 -0.197202
126 9 0.252370
127 9 0.021993

0 10 0.172294
1 10 0.186378
2 10 -0.018851
3 10 -0.138126
4 10 -0.325669
5 10 0.079696
6 10 -0.091303
7 10 0.092371
8 10 0.231870
9 10 -0.119178
10 10 -0.090104
11 10 -0.083550
12 10 -0.194940
13 10 0.136935
14 10 0.138203
15 10 -0.328360
16 10 0.171437
17 10 -0.045412
18 10 -0.128094
19 10 -0.082591
20 10 -0.249662
21 10 0.172587
22 10 -0.108141
23 10 0.064456
24 10 -0.019259
25 10 -0.084209
26 10 -0.028586
27 10 0.152880
28 10 0.011165
29 10 -0.025423
30 10 -0.218967
31 10 -0.034132
32 10 0.180559
33 10 0.127667
34 10 0.030088
35 10 0.113327
36 10 -0.171607
37 10 0.145000
38 10 -0.085603
39 10 0.109053
40 10 -0.101608
41 10 -0.014452
42 10 0.037172
43 10 0.021785
44 10 -0.113958
45 10 -0.017149
46 10 -0.224019
47 10 0.014126
48 10 -0.005415
49 10 -0.057445
50 10 0.029633
51 10 -0.200374
52 10 0.056171
53 10 -0.002771
54 10 -0.281895
55 10 0.289750
56 10 0.235882
57 10 0.008452
58 10 -0.038268
59 10 0.020468
60 10 0.126080
61 10 -0.094704
62 10 -0.166703
63 10 -0.023197
64 10 -0.299540
65 10 0.030896
66 10 -0.187416
67 10 -0.260539
68 10 0.256816
69 10 0.081807
70 10 -0.218888
71 10 -0.103951
72 10 0.003721
73 10 -0.405355
74 10 -0.163398
75 10 -0.274092
76 10 0.097834
77 10 -0.038572
78 10 -0.022194
79 10 -0.304103
80 10 0.074850
81 10 0.046035
82 10 -0.118092
83 10 -0.149122
84 10 -0.232585
85 10 0.004114
86 10 -0.260806
87 10 0.066151
88 10 0.051596
89 10 0.151643
90 10 -0.169346
91 10 0.168395
92 10 0.179584
93 10 0.424097
94 10 0.001127
95 10 -0.046792
96 10 -0.020671
97 10 -0.111777
98 10 -0.010085
99 10 -0.100475
100 10 -0.036707
101 10 -0.079607
102 10 -0.073373
103 10 0.094545
104 10 -0.096578
105 10 0.071356
106 10 0.013985
107 10 -0.150441
108 10 0.132870
109 10 -0.144368
110 10 0.231848
111 10 -0.054286
112 10 0.442261
113 10 0.232122
114 10 -0.156666
115 10 0.168913
116 10 -0.349590
117 10 -0.108625
118 10 0.132704
119 10 0.145839
120 10 -0.035875
121 10 -0.009788
122 10 0.313695
123 10 0.036545
124 10 0.136687
125 10 -0.031148
126 10 -0.100709
127 10 0.004603

0 11 0.088127
1 11 0.265992
2 11 -0.121987
3 11 -0.140791
4 11 -0.337276
5 11 0.122862
6 11 -0.122011
7 11 0.085594
8 11 0.058044
9 11 -0.150985
10 11 -0.159456
11 11 -0.148551
12 11 -0.149377
13 11 0.059951
14 11 0.131168
15 11 -0.312657
16 11 0.121971
17 11 -0.005275
18 11 -0.130282
19 11 -0.070237
20 11 -0.114788
21 11 0.095385
22 11 -0.152577
23 11 0.177597
24 11 -0.029303
25 11 -0.169770
26 11 0.021697
27 11 0.131089
28 11 0.195559
29 11 -0.068209
30 11 -0.268676
31 11 -0.092815
32 11 0.110054
33 11 0.067231
34 11 0.016735
35 11 0.137194
36 11 -0.203673
37 11 0.055655
38 11 -0.176595
39 11 0.067898
40 11 -0.151831
41 11 0.098388
42 11 0.108041
43 11 0.026388
44 11 -0.151431
45 11 -0.129108
46 11 -0.173034
47 11 0.113057
48 11 -0.051171
49 11 -0.023256
50 11 0.002507
51 11 -0.302940
52 11 0.040737
53 11 -0.107966
54 11 -0.246183
55 11 0.333689
56 11 0.241930
57 11 0.043961
58 11 -0.031789
59 11 -0.006921
60 11 0.151658
61 11 -0.088415
62 11 -0.153989
63 11 0.024646
64 11 -0.255342
65 11 0.084571
66 11 -0.181034
67 11 -0.247355
68 11 0.209179
69 11 0.189098
70 11 -0.210670
71 11 -0.090859
72 11 -0.037533
73 11 -0.495006
74 11 -0.164537
75 11 -0.263262
76 11 0.124763
77 11 0.053001
78 11 -0.138061
79 11 -0.238309
80 11 -0.014578
81 11 0.056271
82 11 -0.181105
83 11 -0.080360
84 11 -0.196365
85 11 -0.008504
86 11 -0.210707
87 11 0.086214
88 11 0.069564
89 11 0.134914
90 11 -0.200067
91 11 0.179366
92 11 0.239380
93 11 0.520392
94 11 0.049281
95 11 -0.023573
96 11 0.022651
97 11 -0.126967
98 11 0.023638
99 11 -0.096097
100 11 0.021153
101 11 0.119061
102 11 -0.035579
103 11 0.104262
104 11 -0.025713
105 11 0.073100
106 11 0.050380
107 11 -0.149734
108 11 0.166747
109 11 -0.204842
110 11 0.068386
111 11 -0.013666
112 11 0.508109
113 11 0.223795
114 11 -0.233707
115 11 0.164287
116 11 -0.309192
117 11 -0.234732
118 11 0.231057
119 11 0.185916
120 11 -0.083945
121 11 -0.033398
122 11 0.293348
123 11 0.078627
124 11 0.051090
125 11 0.021620
126 11 -0.192323
127 11 -0.109923

0 12 -0.221397
1 12 -0.060293
2 12 -0.176621
3 12 0.084822
4 12 -0.215055
5 12 0.351826
6 12 0.493988
7 12 0.254471
8 12 -0.384059
9 12 -0.083292
10 12 -0.046834
11 12 -0.175234
12 12 0.028829
13 12 -0.189523
14 12 -0.254640
15 12 -0.294930
16 12 -0.376678
17 12 0.256012
18 12 0.199260
19 12 -0.170767
20 12 -0.212720
21 12 -0.313244
22 12 0.033386
23 12 -0.097471
24 12 0.301623
25 12 -0.145397
26 12 0.322887
27 12 -0.037333
28 12 0.236780
29 12 -0.346340
30 12 -0.285753
31 12 -0.154051
32 12 -0.048255
33 12 0.152828
34 12 0.094583
35 12 0.085237
36 12 -0.249486
37 12 0.042121
38 12 -0.297397
39 12 0.171049
40 12 -0.043783
41 12 -0.190882
42 12 0.041287
43 12 -0.041769
44 12 0.035098
45 12 0.101610
46 12 0.373355
47 12 -0.381011
48 12 0.231682
49 12 0.245768
50 12 -0.003455
51 12 -0.354178
52 12 -0.107168
53 12 -0.404224
54 12 0.468651
55 12 -0.247932
56 12 0.149547
57 12 -0.330915
58 12 -0.245083
59 12 0.614408
60 12 -0.079125
61 12 -0.252683
62 12 -0.328707
63 12 -0.097865
64 12 0.170783
65 12 0.280261
66 12 0.128163
67 12 0.074956
68 12 0.197811
69 12 0.416173
70 12 0.144339
71 12 0.517533
72 12 0.179238
73 12 -0.115794
74 12 -0.009193
75 12 -0.421001
76 12 -0.173776
77 12 0.333403
78 12 0.050130
79 12 0.167144
80 12 0.023617
81 12 -0.260820
82 12 -0.127836
83 12 0.094726
84 12 0.527105
85 12 0.203153
86 12 0.184397
87 12 -0.057139
88 12 -0.205503
89 12 0.394989
90 12 -0.066104
91 12 0.007478
92 12 -0.124829
93 12 -0.258310
94 12 -0.044085
95 12 0.341866
96 12 -0.281893
97 12 0.490185
98 12 -0.382672
99 12 -0.177916
100 12 0.250729
101 12 0.343693
102 12 0.024788
103 12 -0.121810
104 12 0.229329
105 12 0.183730
106 12 -0.257769
107 12 -0.389003
108 12 0.097036
109 12 -0.174964
110 12 -0.217186
111 12 -0.122039
112 12 -0.359610
113 12 -0.011377
114 12 0.034640
115 12 -0.273416
116 12 0.164782
117 12 -0.418082
118 12 0.244714
119 12 0.647385
120 12 0.304395
121 12 0.105445
122 12 0.213167
123 12 -0.387916
124 12 -0.299976
125 12 -0.162470
126 12 0.350529
127 12 -0.012225

0 13 -0.079221
1 13 -0.281522
2 13 0.116057
3 13 -0.031364
4 13 -0.037705
5 13 0.246628
6 13 0.543965
7 13 0.248568
8 13 -0.357165
9 13 0.014417
10 13 -0.117204
11 13 -0.209602
12 13 -0.065643
13 13 -0.255981
14 13 -0.411144
15 13 -0.208862
16 13 -0.552190
17 13 0.237285
18 13 0.357338
19 13 -0.096223
20 13 -0.285697
21 13 -0.165836
22 13 0.035566
23 13 -0.025300
24 13 0.506782
25 13 -0.124939
26 13 0.213366
27 13 0.060200
28 13 0.340834
29 13 -0.518188
30 13 -0.264112
31 13 -0.180291
32 13 -0.060747
33 13 -0.038336
34 13 0.228307
35 13 0.264998
36 13 -0.208590
37 13 0.063463
38 13 -0.004974
39 13 0.124133
40 13 -0.094108
41 13 -0.190289
42 13 -0.129392
43 13 0.010328
44 13 -0.088581
45 13 0.061085
46 13 0.352752
47 13 -0.441898
48 13 0.404187
49 13 0.089258
50 13 -0.054121
51 13 -0.239488
52 13 0.027474
53 13 -0.407984
54 13 0.647989
55 13 -0.301602
56 13 0.337284
57 13 -0.397172
58 13 -0.272921
59 13 0.842766
60 13 0.017486
61 13 -0.318237
62 13 -0.318229
63 13 -0.139336
64 13 0.284863
65 13 0.155778
66 13 0.309461
67 13 0.168074
68 13 0.220153
69 13 0.333338
70 13 0.063081
71 13 0.422571
72 13 0.164317
73 13 0.037350
74 13 0.104567
75 13 -0.187166
76 13 -0.434644
77 13 0.208002
78 13 0.275647
79 13 0.082195
80 13 0.157461
81 13 -0.134474
82 13 0.015712
83 13 0.054136
84 13 0.621161
85 13 0.367839
86 13 0.012515
87 13 -0.048599
88 13 -0.208469
89 13 0.456476
90 13 -0.234677
91 13 0.281609
92 13 -0.155237
93 13 -0.387551
94 13 -0.111825
95 13 0.227495
96 13 -0.041268
97 13 0.486201
98 13 -0.368569
99 13 -0.182202
100 13 0.231098
101 13 0.384540
102 13 -0.031487
103 13 0.003639
104 13 -0.052187
105 13 0.162258
106 13 -0.450108
107 13 -0.387921
108 13 -0.021663
109 13 -0.010733
110 13 -0.097652
111 13 -0.116777
112 13 -0.518840
113 13 -0.122233
114 13 -0.055862
115 13 -0.325724
116 13 -0.034922
117 13 -0.401321
118 13 0.309674
119 13 0.696953
120 13 0.329589
121 13 0.022193
122 13 0.154930
123 13 -0.448829
124 13 -0.318694
125 13 -0.319927
126 13 0.450314
127 13 0.023001

0 14 -0.067956
1 14 0.022099
2 14 0.099566
3 14 0.473113
4 14 -0.176252
5 14 0.220535
6 14 0.353269
7 14 0.311174
8 14 -0.652826
9 14 -0.228539
10 14 -0.033706
11 14 0.125017
12 14 0.415356
13 14 0.205122
14 14 -0.285740
15 14 -0.390793
16 14 -0.156208
17 14 0.100645
18 14 0.263107
19 14 0.184024
20 14 -0.492151
21 14 -0.459156
22 14 -0.182200
23 14 0.103147
24 14 0.223584
25 14 -0.105679
26 14 0.178690
27 14 -0.012734
28 14 0.771935
29 14 -0.371740
30 14 -0.855342
31 14 -0.216466
32 14 -0.007654
33 14 0.166790
34 14 0.285035
35 14 0.094269
36 14 -0.154951
37 14 -0.093528
38 14 -0.761504
39 14 0.330623
40 14 -0.235961
41 14 0.226284
42 14 0.169143
43 14 -0.017953
44 14 -0.219824
45 14 0.098988
46 14 0.158571
47 14 -0.092961
48 14 0.046773
49 14 0.073716
50 14 -0.099820
51 14 -0.022843
52 14 0.007589
53 14 -0.777835
54 14 0.452822
55 14 -0.008112
56 14 0.201252
57 14 -0.545483
58 14 -0.158693
59 14 0.266846
60 14 -0.186471
61 14 -0.165040
62 14 -0.573704
63 14 0.006914
64 14 0.342073
65 14 0.878010
66 14 0.155169
67 14 0.076784
68 14 0.237542
69 14 0.473929
70 14 0.276303
71 14 0.313409
72 14 0.183654
73 14 -0.386485
74 14 -0.001116
75 14 -0.256564
76 14 -0.296945
77 14 -0.223105
78 14 0.109375
79 14 0.221232
80 14 -0.179734
81 14 -0.051391
82 14 -0.253673
83 14 0.083353
84 14 0.378017
85 14 0.309619
86 14 -0.219889
87 14 0.267205
88 14 0.075841
89 14 0.440079
90 14 -0.414242
91 14 0.252124
92 14 0.244236
93 14 0.074494
94 14 -0.004976
95 14 0.492334
96 14 0.334302
97 14 0.041074
98 14 -0.307822
99 14 0.008757
100 14 0.221885
101 14 0.214335
102 14 0.171983
103 14 0.031469
104 14 -0.351954
105 14 0.176620
106 14 -0.137952
107 14 -0.153704
108 14 0.126230
109 14 -0.579536
110 14 -0.213941
111 14 -0.103397
112 14 -0.298047
113 14 -0.145476
114 14 -0.262023
115 14 -0.516227
116 14 0.067490
117 14 -0.493179
118 14 0.225297
119 14 0.319989
120 14 0.346456
121 14 0.032563
122 14 0.263421
123 14 -0.663387
124 14 -0.346481
125 14 -0.293066
126 14 0.380361
127 14 -0.207835

0 15 -0.085729
1 15 -0.083201
2 15 0.167717
3 15 0.409491
4 15 -0.103286
5 15 0.166307
6 15 0.374191
7 15 0.330697
8 15 -0.613393
9 15 -0.251671
10 15 0.054830
11 15 0.256354
12 15 0.328753
13 15 0.078421
14 15 -0.277625
15 15 -0.315834
16 15 -0.274391
17 15 0.110530
18 15 0.207280
19 15 0.173099
20 15 -0.420541
21 15 -0.374328
22 15 -0.040978
23 15 -0.011081
24 15 0.351598
25 15 -0.180410
26 15 0.010213
27 15 0.049307
28 15 0.620203
29 15 -0.350429
30 15 -0.767399
31 15 -0.181726
32 15 0.033031
33 15 0.135075
34 15 0.315628
35 15 0.253333
36 15 -0.203912
37 15 -0.107762
38 15 -0.505460
39 15 0.286050
40 15 -0.228908
41 15 0.278944
42 15 0.026102
43 15 -0.108915
44 15 -0.195002
45 15 0.133170
46 15 0.175891
47 15 -0.155177
48 15 0.265014
49 15 0.049693
50 15 -0.017537
51 15 -0.078053
52 15 0.069154
53 15 -0.682452
54 15 0.543082
55 15 -0.158235
56 15 0.247392
57 15 -0.409664
58 15 -0.072379
59 15 0.255320
60 15 -0.155141
61 15 -0.347602
62 15 -0.376486
63 15 -0.128771
64 15 0.368811
65 15 0.746695
66 15 0.282817
67 15 0.037820
68 15 0.008994
69 15 0.316460
70 15 0.328142
71 15 0.259402
72 15 0.128607
73 15 -0.142175
74 15 -0.112678
75 15 -0.186483
76 15 -0.365791
77 15 -0.315655
78 15 0.231593
79 15 0.103278
80 15 -0.034834
81 15 -0.163431
82 15 -0.084662
83 15 -0.021208
84 15 0.255949
85 15 0.423475
86 15 -0.163039
87 15 0.181052
88 15 0.173638
89 15 0.153307
90 15 -0.504439
91 15 0.444344
92 15 0.226023
93 15 0.003575
94 15 0.019139
95 15 0.240908
96 15 0.265081
97 15 0.139805
98 15 -0.302053
99 15 0.049960
100 15 0.157298
101 15 0.126515
102 15 0.211677
103 15 -0.036114
104 15 -0.498390
105 15 0.156064
106 15 -0.255957
107 15 -0.133102
108 15 0.209544
109 15 -0.324128
110 15 0.019111
111 15 0.030500
112 15 -0.245413
113 15 -0.017902
114 15 -0.221408
115 15 -0.590062
116 15 0.172744
117 15 -0.396849
118 15 0.271088
119 15 0.444686
120 15 0.276934
121 15 -0.031443
122 15 0.201893
123 15 -0.630708
124 15 -0.230527
125 15 -0.202165
126 15 0.334462
127 15 -0.207414

0 16 -0.445280
1 16 -0.080645
2 16 -0.216768
3 16 0.849854
4 16 -0.307093
5 16 0.033765
6 16 0.132496
7 16 0.097089
8 16 -0.756629
9 16 -0.364163
10 16 0.247264
11 16 0.118890
12 16 -0.013919
13 16 0.153461
14 16 -0.231157
15 16 -0.567932
16 16 0.567114
17 16 -0.149478
18 16 -0.208461
19 16 0.032452
20 16 -0.348819
21 16 -0.144115
22 16 -0.033095
23 16 0.149666
24 16 0.498654
25 16 -0.130298
26 16 0.059079
27 16 0.140110
28 16 0.939840
29 16 -0.123420
30 16 -0.729756
31 16 -0.157366
32 16 0.583155
33 16 -0.012556
34 16 -0.158723
35 16 0.100874
36 16 -0.218621
37 16 -0.005773
38 16 -0.567232
39 16 0.308619
40 16 -0.064502
41 16 0.473650
42 16 -0.030310
43 16 -0.117442
44 16 -0.351911
45 16 -0.140622
46 16 -0.184810
47 16 0.337093
48 16 -0.095346
49 16 0.306293
50 16 0.160525
51 16 0.050627
52 16 0.191519
53 16 -0.604386
54 16 0.077344
55 16 0.011126
56 16 0.228459
57 16 0.081721
58 16 -0.402173
59 16 -0.405640
60 16 0.024849
61 16 0.043840
62 16 -0.259856
63 16 -0.019009
64 16 0.254478
65 16 0.603552
66 16 0.181321
67 16 -0.225473
68 16 0.250142
69 16 0.442311
70 16 0.335592
71 16 0.416013
72 16 0.062050
73 16 -0.585176
74 16 -0.233804
75 16 -0.463547
76 16 0.054080
77 16 -0.457682
78 16 0.089651
79 16 0.440403
80 16 -0.076254
81 16 0.022652
82 16 -0.239863
83 16 0.051620
84 16 -0.105543
85 16 0.387671
86 16 -0.132186
87 16 0.048474
88 16 0.193276
89 16 0.061844
90 16 -0.565968
91 16 0.470361
92 16 0.458916
93 16 0.320374
94 16 -0.315549
95 16 0.337488
96 16 0.472388
97 16 -0.140166
98 16 -0.441881
99 16 0.071298
100 16 0.151708
101 16 -0.462679
102 16 0.068149
103 16 -0.228192
104 16 -0.411534
105 16 -0.291094
106 16 0.094854
107 16 -0.222196
108 16 0.145892
109 16 -0.636117
110 16 -0.089297
111 16 -0.256679
112 16 -0.130124
113 16 0.258754
114 16 -0.305623
115 16 -0.216791
116 16 0.081877
117 16 -0.095224
118 16 0.074868
119 16 0.038529
120 16 0.354131
121 16 -0.257765
122 16 0.283277
123 16 -0.635246
124 16 -0.260442
125 16 -0.359864
126 16 0.072469
127 16 -0.307034

0 17 -0.421908
1 17 -0.085399
2 17 -0.307428
3 17 0.795756
4 17 -0.223669
5 17 0.181081
6 17 0.143051
7 17 -0.021976
8 17 -0.662204
9 17 -0.445343
10 17 0.239459
11 17 0.042157
12 17 0.022308
13 17 -0.047634
14 17 -0.186170
15 17 -0.498916
16 17 0.567087
17 17 -0.185386
18 17 -0.207115
19 17 -0.056865
20 17 -0.169789
21 17 -0.042994
22 17 0.008663
23 17 0.156970
24 17 0.400062
25 17 -0.164616
26 17 -0.000043
27 17 0.081614
28 17 0.854955
29 17 -0.045881
30 17 -0.511061
31 17 -0.058369
32 17 0.389248
33 17 -0.031612
34 17 -0.182466
35 17 0.130537
36 17 -0.156936
37 17 -0.045042
38 17 -0.478423
39 17 0.266895
40 17 0.077728
41 17 0.609831
42 17 -0.032396
43 17 -0.231427
44 17 -0.236646
45 17 -0.277179
46 17 -0.222099
47 17 0.299838
48 17 -0.125396
49 17 0.249268
50 17 0.170269
51 17 0.022282
52 17 0.176248
53 17 -0.330228
54 17 0.133785
55 17 -0.055290
56 17 0.111040
57 17 0.122079
58 17 -0.339786
59 17 -0.531626
60 17 0.156903
61 17 0.002408
62 17 -0.006299
63 17 -0.028923
64 17 0.175609
65 17 0.385368
66 17 0.123586
67 17 -0.109484
68 17 0.201366
69 17 0.430374
70 17 0.385484
71 17 0.200831
72 17 0.116500
73 17 -0.570698
74 17 -0.221925
75 17 -0.475928
76 17 0.083995
77 17 -0.455395
78 17 0.157056
79 17 0.474112
80 17 -0.055195
81 17 -0.059564
82 17 -0.157327
83 17 -0.089368
84 17 -0.214871
85 17 0.255528
86 17 -0.057300
87 17 0.057203
88 17 0.189015
89 17 -0.176696
90 17 -0.559085
91 17 0.463189
92 17 0.383291
93 17 0.369912
94 17 -0.505881
95 17 0.275875
96 17 0.363750
97 17 -0.231858
98 17 -0.296782
99 17 0.082084
100 17 0.011986
101 17 -0.300910
102 17 0.110286
103 17 -0.217582
104 17 -0.427173
105 17 -0.265298
106 17 0.056270
107 17 -0.027819
108 17 0.101897
109 17 -0.444488
110 17 0.028929
111 17 -0.246697
112 17 -0.156086
113 17 0.275975
114 17 -0.342007
115 17 -0.122702
116 17 0.187276
117 17 -0.009992
118 17 0.076643
119 17 0.001502
120 17 0.207241
121 17 -0.388191
122 17 0.235065
123 17 -0.512139
124 17 -0.214621
125 17 -0.228327
126 17 0.013994
127 17 -0.326324

0 18 -0.363598
1 18 -0.107435
2 18 -0.325023
3 18 0.347912
4 18 -0.072888
5 18 0.233133
6 18 0.076364
7 18 0.040521
8 18 -0.300832
9 18 -0.125605
10 18 0.251640
11 18 0.103298
12 18 -0.258971
13 18 -0.151197
14 18 -0.144825
15 18 -0.328154
16 18 0.364616
17 18 0.069898
18 18 -0.204331
19 18 -0.068070
20 18 -0.003674
21 18 -0.191764
22 18 0.109246
23 18 -0.107307
24 18 0.343920
25 18 -0.141740
26 18 0.135381
27 18 0.179723
28 18 0.452603
29 18 0.086136
30 18 -0.189991
31 18 -0.006636
32 18 0.339928
33 18 -0.005420
34 18 -0.164221
35 18 0.029452
36 18 -0.140961
37 18 0.079076
38 18 -0.072870
39 18 0.108551
40 18 0.042580
41 18 0.315765
42 18 -0.072055
43 18 -0.205292
44 18 -0.152885
45 18 -0.075708
46 18 -0.137111
47 18 0.017971
48 18 -0.144946
49 18 0.350152
50 18 0.152465
51 18 -0.251471
52 18 -0.062257
53 18 -0.000830
54 18 0.123085
55 18 -0.093730
56 18 0.235487
57 18 0.216511
58 18 -0.330343
59 18 -0.228517
60 18 -0.088733
61 18 -0.039541
62 18 0.177635
63 18 0.162937
64 18 0.147267
65 18 0.022849
66 18 -0.187956
67 18 -0.189398
68 18 0.303639
69 18 0.225689
70 18 0.149781
71 18 0.255079
72 18 -0.003515
73 18 -0.230057
74 18 -0.247024
75 18 -0.371781
76 18 0.113171
77 18 0.088509
78 18 0.072532
79 18 0.320549
80 18 0.037696
81 18 -0.276938
82 18 -0.131619
83 18 0.175632
84 18 -0.112621
85 18 0.190363
86 18 0.087269
87 18 -0.018974
88 18 0.141475
89 18 -0.155217
90 18 -0.249195
91 18 0.112346
92 18 0.117535
93 18 0.058441
94 18 -0.231072
95 18 0.160239
96 18 -0.003851
97 18 0.012408
98 18 -0.062772
99 18 -0.049665
100 18 -0.045200
101 18 -0.262656
102 18 0.023565
103 18 -0.377843
104 18 -0.114499
105 18 -0.257740
106 18 0.165549
107 18 -0.355591
108 18 0.040884
109 18 -0.202817
110 18 0.144037
111 18 -0.177522
112 18 -0.053542
113 18 0.490891
114 18 -0.065454
115 18 0.249965
116 18 0.317162
117 18 -0.035774
118 18 -0.088284
119 18 0.133507
120 18 0.181903
121 18 -0.117954
122 18 0.028811
123 18 -0.094111
124 18 0.027341
125 18 -0.088762
126 18 -0.143137
127 18 -0.219263

0 19 -0.318616
1 19 -0.430631
2 19 -0.149150
3 19 0.229083
4 19 -0.036695
5 19 0.232931
6 19 0.121959
7 19 -0.230282
8 19 -0.452249
9 19 -0.243824
10 19 0.287876
11 19 -0.195309
12 19 -0.167309
13 19 -0.260176
14 19 -0.355590
15 19 -0.292714
16 19 0.272556
17 19 -0.109426
18 19 -0.192160
19 19 -0.353840
20 19 0.011073
21 19 0.291780
22 19 0.151612
23 19 -0.082844
24 19 0.587512
25 19 -0.125268
26 19 0.205883
27 19 0.130517
28 19 0.578169
29 19 -0.142252
30 19 -0.215192
31 19 -0.004746
32 19 0.121571
33 19 -0.222108
34 19 -0.251332
35 19 0.057084
36 19 -0.184317
37 19 0.054726
38 19 0.062316
39 19 0.074349
40 19 0.127290
41 19 0.573234
42 19 -0.150402
43 19 -0.122597
44 19 -0.057209
45 19 -0.347585
46 19 -0.267824
47 19 0.030759
48 19 -0.060917
49 19 0.042747
50 19 0.171144
51 19 -0.041592
52 19 -0.183689
53 19 0.144947
54 19 -0.009042
55 19 -0.151448
56 19 0.013932
57 19 0.224393
58 19 -0.326703
59 19 -0.121863
60 19 0.209216
61 19 0.062469
62 19 0.380955
63 19 0.060498
64 19 0.087921
65 19 -0.348279
66 19 -0.415693
67 19 -0.044780
68 19 0.436055
69 19 0.053088
70 19 0.306891
71 19 0.097222
72 19 -0.087309
73 19 -0.472438
74 19 0.117015
75 19 -0.410202
76 19 0.271660
77 19 -0.031524
78 19 0.301901
79 19 0.380926
80 19 0.090991
81 19 -0.177442
82 19 -0.134301
83 19 0.045870
84 19 -0.104387
85 19 0.029456
86 19 0.186909
87 19 -0.134756
88 19 -0.055073
89 19 -0.105986
90 19 -0.329720
91 19 0.319681
92 19 0.128776
93 19 0.184367
94 19 -0.507670
95 19 0.080372
96 19 -0.027285
97 19 0.108893
98 19 -0.201507
99 19 -0.012875
100 19 -0.237265
101 19 -0.215677
102 19 -0.073509
103 19 -0.288733
104 19 -0.132406
105 19 -0.198142
106 19 0.144017
107 19 -0.184438
108 19 -0.117472
109 19 -0.151402
110 19 0.015909
111 19 -0.212671
112 19 -0.231808
113 19 0.276694
114 19 -0.296410
115 19 0.273589
116 19 0.091517
117 19 0.089825
118 19 0.059158
119 19 0.014323
120 19 0.185892
121 19 -0.273962
122 19 -0.085443
123 19 -0.167058
124 19 -0.103602
125 19 -0.163501
126 19 0.001422
127 19 -0.205588

0 20 -0.163944
1 20 -0.045330
2 20 0.056935
3 20 0.421180
4 20 0.020871
5 20 0.195312
6 20 0.373374
7 20 0.111936
8 20 -0.609718
9 20 -0.429799
10 20 0.160311
11 20 0.153895
12 20 0.133723
13 20 0.013671
14 20 -0.166226
15 20 -0.320794
16 20 -0.080377
17 20 -0.024536
18 20 0.028418
19 20 0.117513
20 20 -0.395130
21 20 -0.027902
22 20 0.063760
23 20 0.005245
24 20 0.326287
25 20 -0.307246
26 20 0.039401
27 20 0.152737
28 20 0.700305
29 20 -0.229417
30 20 -0.626804
31 20 -0.038348
32 20 0.124193
33 20 -0.001947
34 20 0.266520
35 20 0.301537
36 20 -0.122818
37 20 -0.008826
38 20 -0.411604
39 20 0.159281
40 20 -0.153526
41 20 0.489865
42 20 0.018463
43 20 -0.193001
44 20 -0.133807
45 20 -0.058853
46 20 0.012767
47 20 -0.060264
48 20 0.171905
49 20 0.027589
50 20 0.128558
51 20 -0.084978
52 20 -0.011361
53 20 -0.413232
54 20 0.310262
55 20 0.012628
56 20 0.306011
57 20 -0.180733
58 20 -0.044210
59 20 -0.027590
60 20 -0.009369
61 20 -0.178050
62 20 -0.081681
63 20 -0.135294
64 20 0.180253
65 20 0.457545
66 20 0.066174
67 20 0.004881
68 20 0.024853
69 20 0.349086
70 20 0.295784
71 20 0.104582
72 20 0.186890
73 20 -0.251032
74 20 -0.085898
75 20 -0.271726
76 20 -0.262841
77 20 -0.396487
78 20 0.260749
79 20 0.060884
80 20 0.017204
81 20 -0.060809
82 20 -0.211519
83 20 -0.232128
84 20 -0.113975
85 20 0.320481
86 20 -0.274543
87 20 0.217865
88 20 0.163126
89 20 0.138784
90 20 -0.540074
91 20 0.485653
92 20 0.404391
93 20 0.182978
94 20 -0.181308
95 20 0.179125
96 20 0.299174
97 20 -0.038727
98 20 -0.222851
99 20 0.029689
100 20 0.017580
101 20 -0.024428
102 20 0.109994
103 20 -0.067559
104 20 -0.483602
105 20 0.041143
106 20 -0.286441
107 20 -0.038694
108 20 0.236105
109 20 -0.337451
110 20 0.133086
111 20 -0.017498
112 20 -0.256500
113 20 0.029136
114 20 -0.240060
115 20 -0.449513
116 20 0.153667
117 20 -0.249240
118 20 0.300049
119 20 0.484888
120 20 0.072542
121 20 -0.095879
122 20 0.139890
123 20 -0.481394
124 20 -0.175060
125 20 -0.103290
126 20 0.311414
127 20 -0.252270

0 21 -0.244610
1 21 -0.049768
2 21 -0.149530
3 21 0.201308
4 21 0.120664
5 21 0.268292
6 21 0.270845
7 21 0.015893
8 21 -0.370154
9 21 -0.432093
10 21 0.144007
11 21 0.000949
12 21 0.023343
13 21 -0.229017
14 21 -0.151886
15 21 -0.151557
16 21 0.076659
17 21 -0.057238
18 21 -0.113076
19 21 -0.064861
20 21 -0.065709
21 21 0.034529
22 21 0.150418
23 21 -0.066217
24 21 0.109324
25 21 -0.291649
26 21 -0.040749
27 21 0.084449
28 21 0.443692
29 21 -0.135565
30 21 -0.353270
31 21 0.098549
32 21 0.013586
33 21 -0.061154
34 21 0.163124
35 21 0.375200
36 21 -0.128152
37 21 0.014631
38 21 -0.264543
39 21 0.148417
40 21 -0.028633
41 21 0.557019
42 21 0.060016
43 21 -0.312978
44 21 0.141314
45 21 -0.291537
46 21 -0.095351
47 21 -0.119773
48 21 0.085210
49 21 0.058832
50 21 0.166196
51 21 -0.267460
52 21 0.022770
53 21 -0.023030
54 21 0.164653
55 21 -0.064403
56 21 0.194253
57 21 0.027230
58 21 -0.035292
59 21 -0.192800
60 21 0.107165
61 21 -0.240509
62 21 0.165927
63 21 -0.114413
64 21 0.001883
65 21 0.127158
66 21 0.035912
67 21 -0.163876
68 21 0.084053
69 21 0.313022
70 21 0.198473
71 21 -0.030298
72 21 0.089588
73 21 -0.194450
74 21 -0.165719
75 21 -0.395615
76 21 -0.002394
77 21 -0.219970
78 21 0.179795
79 21 0.099149
80 21 0.096685
81 21 -0.164082
82 21 -0.227525
83 21 -0.213047
84 21 -0.124273
85 21 0.238434
86 21 -0.155669
87 21 0.147462
88 21 0.098982
89 21 -0.023889
90 21 -0.544150
91 21 0.378397
92 21 0.262901
93 21 0.214309
94 21 -0.285001
95 21 0.084149
96 21 0.052043
97 21 -0.033175
98 21 -0.135551
99 21 -0.117960
100 21 -0.088022
101 21 0.075714
102 21 0.180827
103 21 -0.121890
104 21 -0.327300
105 21 -0.038613
106 21 -0.171108
107 21 0.087363
108 21 0.099997
109 21 -0.126304
110 21 0.154597
111 21 -0.083873
112 21 -0.214854
113 21 0.227365
114 21 -0.191016
115 21 -0.099477
116 21 0.318199
117 21 -0.132143
118 21 0.276512
119 21 0.479440
120 21 -0.012513
121 21 -0.159404
122 21 0.098943
123 21 -0.193282
124 21 -0.000855
125 21 -0.119287
126 21 0.211466
127 21 -0.135976

0 22 -0.060643
1 22 -0.067145
2 22 -0.166532
3 22 0.464702
4 22 -0.590569
5 22 -0.039716
6 22 0.116192
7 22 -0.029713
8 22 -0.088107
9 22 -0.213509
10 22 0.055388
11 22 0.099442
12 22 -0.216156
13 22 0.063416
14 22 -0.011093
15 22 -0.493167
16 22 0.569488
17 22 -0.133828
18 22 -0.165242
19 22 -0.098911
20 22 -0.375624
21 22 0.200422
22 22 -0.135763
23 22 0.268226
24 22 0.222323
25 22 0.093741
26 22 -0.024794
27 22 0.234717
28 22 0.475882
29 22 0.037322
30 22 -0.432217
31 22 -0.138240
32 22 0.427258
33 22 -0.027601
34 22 -0.156415
35 22 0.097679
36 22 -0.146099
37 22 0.216588
38 22 -0.222195
39 22 0.132477
40 22 -0.091803
41 22 0.355664
42 22 -0.073269
43 22 -0.032150
44 22 -0.334958
45 22 -0.147543
46 22 -0.385725
47 22 0.324897
48 22 -0.038813
49 22 0.063128
50 22 0.121974
51 22 -0.028890
52 22 0.121617
53 22 -0.164372
54 22 -0.345480
55 22 0.169304
56 22 0.131572
57 22 0.268590
58 22 -0.200222
59 22 -0.443234
60 22 0.085636
61 22 0.060892
62 22 -0.225432
63 22 -0.089030
64 22 0.037838
65 22 0.215353
66 22 -0.152432
67 22 -0.312571
68 22 0.239089
69 22 0.157255
70 22 0.090602
71 22 0.220100
72 22 0.031410
73 22 -0.731062
74 22 -0.207152
75 22 -0.367921
76 22 0.178480
77 22 -0.232470
78 22 -0.070507
79 22 0.201019
80 22 -0.066894
81 22 0.052158
82 22 -0.111797
83 22 -0.078457
84 22 -0.440118
85 22 0.150777
86 22 -0.152263
87 22 0.017440
88 22 0.175054
89 22 0.266470
90 22 -0.433511
91 22 0.438633
92 22 0.362341
93 22 0.575252
94 22 -0.343854
95 22 0.023467
96 22 0.180022
97 22 -0.189555
98 22 -0.190218
99 22 -0.112707
100 22 0.000844
101 22 -0.387691
102 22 -0.081018
103 22 -0.089041
104 22 -0.311554
105 22 -0.267291
106 22 0.138669
107 22 -0.138417
108 22 0.051863
109 22 -0.376597
110 22 0.133541
111 22 -0.205409
112 22 0.257769
113 22 0.407757
114 22 -0.260971
115 22 0.249593
116 22 -0.043874
117 22 0.021251
118 22 0.075590
119 22 -0.143474
120 22 0.057393
121 22 -0.210870
122 22 0.245571
123 22 -0.178263
124 22 0.022424
125 22 -0.108170
126 22 -0.005813
127 22 -0.229131

0 23 -0.130425
1 23 0.140743
2 23 -0.318767
3 23 0.654569
4 23 -0.475656
5 23 0.033933
6 23 0.161201
7 23 -0.058822
8 23 -0.281484
9 23 -0.297635
10 23 0.026454
11 23 0.051627
12 23 0.006569
13 23 0.139933
14 23 0.015763
15 23 -0.436362
16 23 0.564771
17 23 -0.153248
18 23 -0.117264
19 23 0.000625
20 23 -0.209181
21 23 0.038760
22 23 -0.145953
23 23 0.193556
24 23 0.234411
25 23 -0.022287
26 23 -0.043898
27 23 0.104085
28 23 0.559875
29 23 -0.065422
30 23 -0.375984
31 23 -0.068058
32 23 0.371565
33 23 0.023609
34 23 -0.137447
35 23 0.024191
36 23 -0.107468
37 23 0.053069
38 23 -0.341597
39 23 0.058942
40 23 -0.056948
41 23 0.359621
42 23 0.017643
43 23 -0.013512
44 23 -0.334890
45 23 -0.070330
46 23 -0.284318
47 23 0.390380
48 23 -0.200798
49 23 0.098687
50 23 0.000009
51 23 -0.105694
52 23 0.071019
53 23 -0.318686
54 23 -0.193228
55 23 0.213502
56 23 0.098037
57 23 0.182212
58 23 -0.241102
59 23 -0.503807
60 23 0.037909
61 23 0.039972
62 23 -0.213649
63 23 0.030409
64 23 0.135898
65 23 0.322456
66 23 -0.146038
67 23 -0.191731
68 23 0.211926
69 23 0.319443
70 23 0.154747
71 23 0.142874
72 23 -0.062185
73 23 -0.667756
74 23 -0.095718
75 23 -0.274635
76 23 0.093069
77 23 -0.211250
78 23 -0.165178
79 23 0.255209
80 23 -0.183964
81 23 0.054991
82 23 -0.081193
83 23 -0.049750
84 23 -0.317460
85 23 0.070527
86 23 -0.128572
87 23 0.120032
88 23 0.077559
89 23 0.136563
90 23 -0.288497
91 23 0.295312
92 23 0.379682
93 23 0.509953
94 23 -0.326503
95 23 0.140657
96 23 0.235397
97 23 -0.240820
98 23 -0.143063
99 23 0.009430
100 23 0.084385
101 23 -0.251615
102 23 0.037492
103 23 -0.114085
104 23 -0.140665
105 23 -0.253662
106 23 0.146874
107 23 -0.178411
108 23 0.171556
109 23 -0.381577
110 23 0.012787
111 23 -0.159588
112 23 0.132819
113 23 0.272199
114 23 -0.301698
115 23 0.177185
116 23 0.071432
117 23 -0.046140
118 23 0.063470
119 23 -0.120673
120 23 0.041730
121 23 -0.273165
122 23 0.172062
123 23 -0.195313
124 23 -0.095453
125 23 -0.169946
126 23 0.038616
127 23 -0.312613

0 24 -0.404231
1 24 0.012608
2 24 -0.284973
3 24 -0.022483
4 24 -0.284262
5 24 -0.132220
6 24 -0.151133
7 24 -0.313534
8 24 -0.464254
9 24 -0.055795
10 24 0.050005
11 24 -0.793564
12 24 -0.247719
13 24 -0.147728
14 24 -0.121112
15 24 0.067352
16 24 0.011819
17 24 -0.132030
18 24 -0.001988
19 24 -0.550563
20 24 0.084705
21 24 0.032656
22 24 0.173894
23 24 0.064496
24 24 0.472584
25 24 -0.373103
26 24 0.396989
27 24 0.156106
28 24 0.033819
29 24 -0.435733
30 24 0.249334
31 24 -0.352224
32 24 0.481147
33 24 -0.134424
34 24 -0.300470
35 24 -0.158458
36 24 -0.326973
37 24 -0.120873
38 24 -0.059143
39 24 0.023592
40 24 -0.048419
41 24 0.113724
42 24 0.087979
43 24 -0.141419
44 24 0.273867
45 24 -0.185815
46 24 0.180147
47 24 -0.105996
48 24 -0.087586
49 24 0.014329
50 24 0.241528
51 24 -0.330783
52 24 -0.192398
53 24 -0.144999
54 24 -0.223744
55 24 0.254217
56 24 0.219410
57 24 0.169607
58 24 -0.250252
59 24 0.298787
60 24 0.583529
61 24 0.197128
62 24 0.353392
63 24 -0.179767
64 24 -0.443188
65 24 -0.145976
66 24 -0.302845
67 24 -0.149390
68 24 0.077687
69 24 -0.035196
70 24 0.169527
71 24 0.116063
72 24 -0.252160
73 24 -0.336459
74 24 -0.097476
75 24 -0.528081
76 24 0.177520
77 24 0.249904
78 24 -0.063755
79 24 0.148434
80 24 -0.184434
81 24 0.010751
82 24 -0.279970
83 24 -0.064399
84 24 -0.231543
85 24 -0.121397
86 24 0.536515
87 24 -0.541093
88 24 0.066458
89 24 -0.514473
90 24 0.239512
91 24 -0.083516
92 24 -0.018738
93 24 0.205549
94 24 -0.227424
95 24 0.005446
96 24 -0.449159
97 24 0.323348
98 24 -0.275715
99 24 -0.105660
100 24 0.115620
101 24 0.164098
102 24 -0.074634
103 24 -0.003481
104 24 0.690407
105 24 -0.078183
106 24 0.018661
107 24 0.106063
108 24 -0.259829
109 24 -0.217358
110 24 -0.192986
111 24 -0.014856
112 24 0.299248
113 24 0.251387
114 24 0.176291
115 24 0.314814
116 24 -0.702989
117 24 -0.158975
118 24 0.102676
119 24 0.109537
120 24 -0.265334
121 24 -0.188145
122 24 0.551556
123 24 -0.137291
124 24 -0.123661
125 24 -0.149793
126 24 -0.362518
127 24 0.195921

0 25 -0.554493
1 25 -0.218899
2 25 -0.132793
3 25 -0.074444
4 25 -0.195853
5 25 -0.148432
6 25 0.035484
7 25 -0.604042
8 25 -0.430746
9 25 -0.000353
10 25 -0.090481
11 25 -0.953839
12 25 -0.454607
13 25 -0.178048
14 25 -0.394644
15 25 -0.005180
16 25 -0.284476
17 25 -0.107654
18 25 0.125006
19 25 -0.667139
20 25 0.149916
21 25 0.199367
22 25 0.263289
23 25 -0.185143
24 25 0.750358
25 25 -0.317906
26 25 0.282133
27 25 0.208271
28 25 0.035752
29 25 -0.555044
30 25 0.226946
31 25 -0.302944
32 25 0.411288
33 25 -0.403626
34 25 -0.132925
35 25 -0.078249
36 25 -0.320264
37 25 -0.107753
38 25 0.146127
39 25 0.136023
40 25 0.076746
41 25 0.226838
42 25 -0.106210
43 25 -0.064639
44 25 0.290901
45 25 -0.261130
46 25 0.289174
47 25 -0.073496
48 25 0.186554
49 25 -0.074521
50 25 0.271819
51 25 -0.243859
52 25 -0.040818
53 25 -0.159136
54 25 -0.052942
55 25 0.178486
56 25 0.311544
57 25 0.026099
58 25 -0.170182
59 25 0.534732
60 25 0.823685
61 25 0.115510
62 25 0.347745
63 25 -0.295564
64 25 -0.305962
65 25 -0.369586
66 25 -0.174216
67 25 -0.054713
68 25 0.029611
69 25 -0.013944
70 25 0.254111
71 25 0.136125
72 25 -0.134947
73 25 -0.138265
74 25 0.205259
75 25 -0.410704
76 25 -0.023457
77 25 0.187102
78 25 0.205070
79 25 0.186686
80 25 0.030954
81 25 -0.106095
82 25 -0.122304
83 25 -0.157889
84 25 -0.194773
85 25 -0.177719
86 25 0.558369
87 25 -0.520957
88 25 -0.042257
89 25 -0.323207
90 25 0.072280
91 25 -0.033083
92 25 -0.025274
93 25 0.049790
94 25 -0.402212
95 25 -0.112913
96 25 -0.440984
97 25 0.357996
98 25 -0.407023
99 25 -0.025902
100 25 0.167506
101 25 0.076630
102 25 -0.018589
103 25 0.199515
104 25 0.698109
105 25 0.071698
106 25 -0.273090
107 25 0.196706
108 25 -0.335523
109 25 -0.096735
110 25 -0.142689
111 25 0.025810
112 25 0.214870
113 25 0.081493
114 25 0.283954
115 25 0.111765
116 25 -0.865766
117 25 -0.033327
118 25 0.344495
119 25 0.221587
120 25 -0.184166
121 25 -0.293679
122 25 0.453084
123 25 -0.349621
124 25 -0.265991
125 25 -0.276718
126 25 -0.089422
127 25 0.326789

0 26 -0.340311
1 26 -0.017830
2 26 -0.238035
3 26 -0.004365
4 26 0.049306
5 26 0.075000
6 26 0.014853
7 26 0.086801
8 26 -0.487107
9 26 -0.244900
10 26 -0.014159
11 26 -0.515901
12 26 -0.234492
13 26 -0.132258
14 26 -0.024844
15 26 -0.267371
16 26 -0.255598
17 26 -0.113213
18 26 0.010241
19 26 -0.310327
20 26 0.005838
21 26 0.129482
22 26 0.208449
23 26 0.128191
24 26 0.318418
25 26 -0.262352
26 26 0.516490
27 26 -0.010521
28 26 0.516556
29 26 -0.409161
30 26 -0.065348
31 26 -0.150562
32 26 0.187995
33 26 -0.215781
34 26 -0.126796
35 26 0.007016
36 26 -0.314381
37 26 -0.075662
38 26 -0.224069
39 26 0.034020
40 26 -0.114316
41 26 0.057149
42 26 0.100738
43 26 -0.009796
44 26 -0.032018
45 26 -0.253941
46 26 0.066382
47 26 -0.285977
48 26 -0.049864
49 26 0.034328
50 26 0.026247
51 26 -0.429271
52 26 0.002984
53 26 -0.129762
54 26 0.195461
55 26 0.117007
56 26 0.185818
57 26 -0.300442
58 26 -0.179537
59 26 0.521648
60 26 0.195137
61 26 0.053810
62 26 0.095759
63 26 0.026206
64 26 -0.285693
65 26 -0.145797
66 26 -0.207299
67 26 -0.097794
68 26 0.335561
69 26 0.342317
70 26 -0.150014
71 26 0.185761
72 26 0.111791
73 26 -0.396370
74 26 0.121484
75 26 -0.467447
76 26 -0.194046
77 26 0.295720
78 26 -0.056839
79 26 -0.236360
80 26 -0.108300
81 26 0.082725
82 26 -0.577759
83 26 0.319357
84 26 0.347575
85 26 -0.051246
86 26 0.318006
87 26 -0.343567
88 26 -0.185686
89 26 -0.070397
90 26 0.069436
91 26 0.164054
92 26 0.084013
93 26 0.123072
94 26 0.184016
95 26 0.377306
96 26 0.062021
97 26 -0.179202
98 26 -0.137834
99 26 -0.108899
100 26 0.022448
101 26 0.347047
102 26 -0.018726
103 26 -0.001368
104 26 0.436825
105 26 0.210214
106 26 -0.280730
107 26 -0.268974
108 26 -0.128802
109 26 -0.315671
110 26 -0.380264
111 26 -0.039526
112 26 -0.340698
113 26 0.047335
114 26 0.129464
115 26 -0.018988
116 26 -0.437726
117 26 -0.422243
118 26 0.216737
119 26 0.546248
120 26 0.223888
121 26 0.016919
122 26 0.368210
123 26 -0.177692
124 26 -0.197273
125 26 -0.276101
126 26 -0.218099
127 26 -0.077622

0 27 -0.358914
1 27 -0.022841
2 27 -0.260294
3 27 0.001467
4 27 -0.037747
5 27 0.123998
6 27 0.159099
7 27 -0.174886
8 27 -0.230435
9 27 -0.155233
10 27 -0.133999
11 27 -0.436924
12 27 -0.159938
13 27 -0.188910
14 27 -0.169640
15 27 -0.222623
16 27 -0.372590
17 27 -0.202992
18 27 0.148333
19 27 -0.286537
20 27 0.048041
21 27 0.160437
22 27 0.164872
23 27 -0.006660
24 27 0.375667
25 27 -0.074402
26 27 0.251197
27 27 0.031410
28 27 0.293992
29 27 -0.293388
30 27 -0.005699
31 27 0.004003
32 27 0.123941
33 27 -0.212904
34 27 -0.052375
35 27 0.129366
36 27 -0.222560
37 27 -0.138852
38 27 -0.043391
39 27 0.108869
40 27 0.131967
41 27 0.278292
42 27 -0.068825
43 27 -0.009751
44 27 0.021741
45 27 -0.296246
46 27 0.170166
47 27 -0.163786
48 27 0.119375
49 27 0.012114
50 27 0.108834
51 27 -0.400434
52 27 0.067921
53 27 -0.028313
54 27 0.315950
55 27 0.032570
56 27 0.121293
57 27 -0.172368
58 27 -0.009072
59 27 0.459045
60 27 0.308307
61 27 -0.035306
62 27 0.104071
63 27 -0.131976
64 27 -0.227595
65 27 -0.189354
66 27 0.061039
67 27 -0.002060
68 27 0.221203
69 27 0.215002
70 27 -0.037587
71 27 0.097428
72 27 0.225451
73 27 -0.025868
74 27 -0.088310
75 27 -0.362759
76 27 -0.245313
77 27 0.184625
78 27 0.035273
79 27 -0.150475
80 27 0.019552
81 27 -0.071776
82 27 -0.219133
83 27 -0.009702
84 27 0.233387
85 27 -0.111133
86 27 0.096763
87 27 -0.306553
88 27 -0.121695
89 27 -0.157174
90 27 -0.119641
91 27 0.223915
92 27 0.007721
93 27 0.119990
94 27 -0.031267
95 27 0.135385
96 27 -0.081116
97 27 -0.082145
98 27 -0.037794
99 27 -0.087131
100 27 0.048109
101 27 0.292840
102 27 0.148545
103 27 0.135530
104 27 0.185256
105 27 0.113102
106 27 -0.435049
107 27 -0.046903
108 27 -0.106019
109 27 -0.165745
110 27 -0.164022
111 27 0.076942
112 27 -0.206721
113 27 0.151686
114 27 0.195255
115 27 -0.070576
116 27 -0.325825
117 27 -0.180170
118 27 0.354957
119 27 0.585374
120 27 0.027519
121 27 -0.077575
122 27 0.202593
123 27 -0.221776
124 27 -0.165973
125 27 -0.239951
126 27 -0.104347
127 27 -0.036520

0 28 -0.309174
1 28 0.038438
2 28 -0.287377
3 28 -0.162438
4 28 0.426528
5 28 -0.344984
6 28 -0.188568
7 28 0.094457
8 28 -1.040955
9 28 -0.122828
10 28 0.228158
11 28 -0.347919
12 28 -0.563393
13 28 -0.133869
14 28 0.175143
15 28 -0.187158
16 28 -0.206772
17 28 -0.123099
18 28 -0.333110
19 28 -0.479247
20 28 0.287143
21 28 -0.047806
22 28 0.181049
23 28 0.170607
24 28 0.326410
25 28 -0.266058
26 28 0.546428
27 28 0.154381
28 28 0.848039
29 28 -0.250289
30 28 -0.203509
31 28 -0.016062
32 28 0.099185
33 28 -0.653353
34 28 -0.220059
35 28 0.038677
36 28 -0.087296
37 28 0.085475
38 28 0.032457
39 28 -0.089995
40 28 0.073076
41 28 0.110017
42 28 0.251877
43 28 0.098772
44 28 0.018344
45 28 -0.071919
46 28 -0.035377
47 28 -0.200231
48 28 -0.435231
49 28 0.220848
50 28 0.121269
51 28 -0.360081
52 28 -0.042649
53 28 -0.176645
54 28 0.171410
55 28 -0.094642
56 28 0.257318
57 28 -0.373237
58 28 -0.327207
59 28 0.455297
60 28 0.074801
61 28 0.289823
62 28 0.169443
63 28 0.266932
64 28 -0.023929
65 28 -0.374094
66 28 -0.284860
67 28 -0.155226
68 28 0.400739
69 28 0.424158
70 28 -0.364998
71 28 0.407803
72 28 0.310273
73 28 -0.414913
74 28 0.102457
75 28 -0.517058
76 28 -0.176008
77 28 0.151694
78 28 0.038752
79 28 0.052073
80 28 0.053706
81 28 0.179469
82 28 -0.801485
83 28 0.672968
84 28 0.467703
85 28 0.162018
86 28 0.383661
87 28 -0.191209
88 28 -0.040717
89 28 -0.271642
90 28 0.079714
91 28 -0.360189
92 28 0.128079
93 28 0.166257
94 28 0.315704
95 28 0.671100
96 28 0.390231
97 28 -0.057406
98 28 0.028994
99 28 0.092073
100 28 -0.194318
101 28 -0.119034
102 28 -0.080950
103 28 -0.191079
104 28 0.319534
105 28 0.062127
106 28 -0.263214
107 28 -0.199014
108 28 -0.124447
109 28 -0.395155
110 28 -0.392844
111 28 -0.218076
112 28 -0.196073
113 28 -0.149752
114 28 -0.058903
115 28 -0.012788
116 28 -0.246041
117 28 -0.346157
118 28 0.296934
119 28 0.844590
120 28 0.420642
121 28 0.005960
122 28 0.418430
123 28 -0.127686
124 28 -0.189920
125 28 -0.483397
126 28 -0.672387
127 28 -0.233543

0 29 -0.409203
1 29 -0.039327
2 29 -0.374715
3 29 -0.311541
4 29 0.422410
5 29 -0.304032
6 29 -0.161868
7 29 -0.116745
8 29 -0.696610
9 29 0.009096
10 29 0.102685
11 29 -0.498568
12 29 -0.194079
13 29 -0.253097
14 29 0.017727
15 29 0.103916
16 29 -0.278281
17 29 -0.264841
18 29 -0.262651
19 29 -0.655850
20 29 0.396218
21 29 -0.076821
22 29 0.124514
23 29 0.200767
24 29 0.174185
25 29 -0.223055
26 29 0.257527
27 29 0.038860
28 29 0.346603
29 29 -0.079344
30 29 0.036150
31 29 0.099628
32 29 -0.114284
33 29 -0.563551
34 29 -0.200526
35 29 0.113255
36 29 0.013470
37 29 -0.008431
38 29 0.181204
39 29 -0.140997
40 29 0.316695
41 29 0.201916
42 29 0.336557
43 29 0.055295
44 29 0.088381
45 29 -0.195082
46 29 -0.061871
47 29 -0.098364
48 29 -0.435555
49 29 0.053422
50 29 0.192423
51 29 -0.383335
52 29 0.002486
53 29 0.047768
54 29 0.281723
55 29 -0.251286
56 29 0.273702
57 29 -0.229996
58 29 -0.155789
59 29 0.438222
60 29 0.138954
61 29 0.128026
62 29 0.243790
63 29 0.207107
64 29 -0.070272
65 29 -0.410781
66 29 -0.289050
67 29 0.032342
68 29 0.217075
69 29 0.341197
70 29 -0.190914
71 29 0.106524
72 29 0.238066
73 29 -0.107333
74 29 -0.007972
75 29 -0.612723
76 29 0.016252
77 29 0.229816
78 29 0.103598
79 29 0.168676
80 29 -0.010710
81 29 -0.037965
82 29 -0.628558
83 29 0.393309
84 29 0.645923
85 29 -0.052119
86 29 0.354254
87 29 -0.196201
88 29 -0.107857
89 29 -0.496892
90 29 -0.048822
91 29 -0.380627
92 29 -0.022588
93 29 0.206749
94 29 0.180343
95 29 0.517657
96 29 -0.003897
97 29 0.100510
98 29 0.194960
99 29 0.020834
100 29 -0.121882
101 29 0.165296
102 29 -0.022270
103 29 0.007599
104 29 0.118843
105 29 -0.102522
106 29 -0.460991
107 29 0.125405
108 29 -0.130066
109 29 -0.200164
110 29 -0.099037
111 29 -0.068641
112 29 -0.222321
113 29 -0.045394
114 29 -0.003685
115 29 0.141821
116 29 0.070333
117 29 0.051687
118 29 0.324697
119 29 0.892658
120 29 0.140426
121 29 -0.018377
122 29 0.216791
123 29 -0.080783
124 29 -0.054030
125 29 -0.404011
126 29 -0.482575
127 29 -0.160118

0 30 -0.464764
1 30 0.033168
2 30 -0.285516
3 30 -0.334965
4 30 0.096922
5 30 -0.210350
6 30 -0.222947
7 30 -0.259841
8 30 -0.532250
9 30 0.083457
10 30 0.163053
11 30 -0.685417
12 30 -0.475679
13 30 -0.300300
14 30 0.139595
15 30 -0.093227
16 30 -0.156440
17 30 -0.215447
18 30 -0.329442
19 30 -0.588248
20 30 0.131370
21 30 -0.009174
22 30 0.130021
23 30 0.130428
24 30 0.363373
25 30 -0.478310
26 30 0.547971
27 30 0.096481
28 30 0.244487
29 30 -0.384125
30 30 0.225232
31 30 -0.220541
32 30 0.303291
33 30 -0.366378
34 30 -0.301660
35 30 -0.030365
36 30 -0.203202
37 30 -0.071004
38 30 0.156055
39 30 -0.308101
40 30 0.007957
41 30 0.279379
42 30 0.199997
43 30 -0.022372
44 30 0.155494
45 30 -0.206801
46 30 0.066566
47 30 -0.177564
48 30 -0.478942
49 30 -0.015094
50 30 0.275115
51 30 -0.367470
52 30 -0.188647
53 30 0.024473
54 30 0.050635
55 30 0.021778
56 30 0.391946
57 30 0.046497
58 30 -0.323907
59 30 0.508661
60 30 0.439405
61 30 0.303244
62 30 0.573184
63 30 0.134706
64 30 -0.378619
65 30 -0.519048
66 30 -0.486205
67 30 -0.134180
68 30 0.291033
69 30 0.043162
70 30 -0.172610
71 30 0.165988
72 30 0.010108
73 30 -0.267350
74 30 -0.117903
75 30 -0.611570
76 30 0.086507
77 30 0.272406
78 30 0.126764
79 30 0.294154
80 30 -0.110777
81 30 0.021843
82 30 -0.588315
83 30 0.339782
84 30 0.159099
85 30 -0.114663
86 30 0.655691
87 30 -0.418324
88 30 0.166675
89 30 -0.533672
90 30 0.134040
91 30 -0.372699
92 30 -0.245379
93 30 0.437907
94 30 -0.024478
95 30 0.323943
96 30 -0.214343
97 30 0.291433
98 30 -0.019729
99 30 -0.013452
100 30 -0.105600
101 30 0.068680
102 30 -0.164858
103 30 -0.115192
104 30 0.536304
105 30 -0.021382
106 30 -0.079188
107 30 -0.076830
108 30 -0.261281
109 30 -0.185290
110 30 -0.197582
111 30 -0.078157
112 30 -0.036611
113 30 0.093834
114 30 0.001284
115 30 0.407723
116 30 -0.382557
117 30 -0.159504
118 30 0.024936
119 30 0.601481
120 30 0.157392
121 30 -0.120792
122 30 0.433428
123 30 0.099964
124 30 -0.226679
125 30 -0.335730
126 30 -0.558990
127 30 -0.012371

0 31 -0.569837
1 31 -0.230874
2 31 -0.141226
3 31 -0.356111
4 31 0.236069
5 31 -0.328959
6 31 -0.313573
7 31 -0.505211
8 31 -0.560561
9 31 0.172278
10 31 0.056402
11 31 -0.888302
12 31 -0.296837
13 31 -0.332615
14 31 -0.280265
15 31 0.073635
16 31 -0.279413
17 31 -0.350449
18 31 -0.292886
19 31 -0.703886
20 31 0.245027
21 31 0.172400
22 31 0.211467
23 31 -0.009935
24 31 0.419102
25 31 -0.506953
26 31 0.304155
27 31 0.087722
28 31 0.104041
29 31 -0.314627
30 31 0.111718
31 31 -0.095298
32 31 0.082872
33 31 -0.440779
34 31 -0.343098
35 31 -0.019634
36 31 -0.097802
37 31 -0.067449
38 31 0.204547
39 31 -0.176073
40 31 0.210210
41 31 0.445614
42 31 0.111392
43 31 -0.045075
44 31 0.292801
45 31 -0.373595
46 31 -0.015975
47 31 0.056310
48 31 -0.392601
49 31 -0.139075
50 31 0.306547
51 31 -0.231200
52 31 -0.052075
53 31 0.161283
54 31 0.015940
55 31 0.017398
56 31 0.378717
57 31 0.069295
58 31 -0.228881
59 31 0.515871
60 31 0.555168
61 31 0.202616
62 31 0.587813
63 31 0.038993
64 31 -0.266392
65 31 -0.657260
66 31 -0.468364
67 31 -0.022317
68 31 0.212285
69 31 -0.029975
70 31 0.018052
71 31 -0.017629
72 31 -0.095921
73 31 -0.083877
74 31 0.051024
75 31 -0.569478
76 31 0.257418
77 31 0.111446
78 31 0.377818
79 31 0.388464
80 31 -0.018462
81 31 -0.066165
82 31 -0.503281
83 31 0.285576
84 31 0.262823
85 31 -0.260160
86 31 0.488684
87 31 -0.442346
88 31 0.045803
89 31 -0.493290
90 31 0.008073
91 31 -0.323056
92 31 -0.191822
93 31 0.374140
94 31 -0.090801
95 31 0.095463
96 31 -0.331249
97 31 0.450767
98 31 0.039343
99 31 0.049952
100 31 -0.134083
101 31 0.059977
102 31 -0.054929
103 31 0.038399
104 31 0.516114
105 31 -0.117624
106 31 -0.229890
107 31 0.212291
108 31 -0.378628
109 31 -0.094719
110 31 -0.287206
111 31 -0.087296
112 31 -0.043004
113 31 -0.003588
114 31 0.049155
115 31 0.327602
116 31 -0.420539
117 31 0.167075
118 31 0.222556
119 31 0.587897
120 31 0.042790
121 31 -0.184330
122 31 0.257431
123 31 0.004569
124 31 -0.180535
125 31 -0.462798
126 31 -0.412301
127 31 0.170400

0 32 -0.301381
1 32 0.045121
2 32 -0.408270
3 32 -0.201298
4 32 0.480821
5 32 -0.040533
6 32 0.182721
7 32 -0.059694
8 32 -0.542011
9 32 -0.165073
10 32 -0.000626
11 32 -0.350032
12 32 -0.027260
13 32 -0.017591
14 32 -0.118606
15 32 0.099923
16 32 -0.397824
17 32 -0.235338
18 32 -0.182907
19 32 -0.413798
20 32 0.307871
21 32 0.005260
22 32 0.042259
23 32 -0.178890
24 32 0.205610
25 32 -0.200734
26 32 0.015553
27 32 0.100063
28 32 0.302737
29 32 -0.067344
30 32 -0.092282
31 32 0.132106
32 32 0.010010
33 32 -0.411086
34 32 0.049773
35 32 0.282063
36 32 0.106822
37 32 -0.097671
38 32 -0.032000
39 32 -0.144422
40 32 0.214597
41 32 0.206325
42 32 0.226511
43 32 -0.087682
44 32 0.308407
45 32 -0.141950
46 32 -0.162548
47 32 -0.205721
48 32 -0.151863
49 32 -0.046690
50 32 0.140734
51 32 -0.431009
52 32 -0.014577
53 32 0.150502
54 32 0.243883
55 32 -0.130786
56 32 0.434109
57 32 -0.052284
58 32 0.156119
59 32 0.210406
60 32 0.051516
61 32 -0.197393
62 32 0.312937
63 32 0.065131
64 32 -0.145579
65 32 -0.292221
66 32 -0.199219
67 32 0.068360
68 32 0.076655
69 32 0.241000
70 32 -0.136662
71 32 -0.113994
72 32 0.068443
73 32 -0.039000
74 32 0.014033
75 32 -0.219157
76 32 -0.129607
77 32 0.199725
78 32 0.070074
79 32 -0.152774
80 32 0.039008
81 32 -0.134625
82 32 -0.327159
83 32 0.059583
84 32 0.312567
85 32 -0.042392
86 32 0.047699
87 32 -0.009192
88 32 -0.062460
89 32 -0.306031
90 32 -0.132884
91 32 -0.188273
92 32 0.185778
93 32 0.161793
94 32 0.164462
95 32 0.177604
96 32 0.038862
97 32 -0.028904
98 32 0.168785
99 32 0.068086
100 32 -0.091083
101 32 0.212656
102 32 0.121062
103 32 -0.005423
104 32 0.101719
105 32 -0.037636
106 32 -0.537967
107 32 0.065504
108 32 0.095930
109 32 0.009867
110 32 -0.095278
111 32 -0.087154
112 32 -0.423922
113 32 -0.192089
114 32 0.026872
115 32 -0.046997
116 32 0.156101
117 32 -0.079478
118 32 0.371081
119 32 0.882135
120 32 -0.051995
121 32 -0.038651
122 32 -0.171655
123 32 0.020632
124 32 -0.007654
125 32 -0.191311
126 32 -0.189793
127 32 -0.175290

0 33 -0.452947
1 33 0.031000
2 33 -0.401209
3 33 -0.428943
4 33 0.513155
5 33 -0.088032
6 33 -0.106765
7 33 -0.154820
8 33 -0.520788
9 33 0.024792
10 33 -0.021967
11 33 -0.589582
12 33 0.013220
13 33 -0.165367
14 33 -0.165751
15 33 0.246409
16 33 -0.411712
17 33 -0.351374
18 33 -0.235359
19 33 -0.629378
20 33 0.367057
21 33 0.020017
22 33 0.124299
23 33 -0.127254
24 33 0.132578
25 33 -0.291590
26 33 0.031801
27 33 -0.012432
28 33 0.021530
29 33 -0.065434
30 33 -0.017375
31 33 0.249956
32 33 -0.100027
33 33 -0.416990
34 33 -0.077077
35 33 0.278183
36 33 0.154185
37 33 -0.151190
38 33 0.048212
39 33 -0.157414
40 33 0.342700
41 33 0.243925
42 33 0.344752
43 33 -0.082535
44 33 0.440866
45 33 -0.250561
46 33 -0.229207
47 33 -0.119651
48 33 -0.335128
49 33 -0.168491
50 33 0.254772
51 33 -0.473995
52 33 0.086252
53 33 0.349684
54 33 0.216812
55 33 -0.117759
56 33 0.446988
57 33 0.023791
58 33 0.118314
59 33 0.297721
60 33 0.203438
61 33 -0.097325
62 33 0.411520
63 33 0.190856
64 33 -0.277565
65 33 -0.485210
66 33 -0.201254
67 33 -0.020873
68 33 0.147670
69 33 0.113543
70 33 -0.143041
71 33 -0.292875
72 33 -0.030254
73 33 0.046516
74 33 -0.071017
75 33 -0.586933
76 33 0.200999
77 33 0.234487
78 33 0.281010
79 33 -0.008582
80 33 0.061749
81 33 0.057754
82 33 -0.462212
83 33 0.175750
84 33 0.568932
85 33 -0.049143
86 33 0.206195
87 33 -0.173591
88 33 -0.164006
89 33 -0.415303
90 33 -0.213461
91 33 -0.341427
92 33 -0.003857
93 33 0.193446
94 33 0.154234
95 33 0.207910
96 33 -0.135930
97 33 0.218109
98 33 0.282770
99 33 0.005594
100 33 -0.225726
101 33 0.376211
102 33 0.157448
103 33 0.123028
104 33 0.142875
105 33 -0.127591
106 33 -0.562892
107 33 0.285090
108 33 0.082577
109 33 0.331265
110 33 -0.112636
111 33 -0.071328
112 33 -0.328127
113 33 -0.137877
114 33 0.041731
115 33 0.110435
116 33 0.174827
117 33 0.180017
118 33 0.332919
119 33 0.997488
120 33 -0.089762
121 33 0.040781
122 33 -0.050418
123 33 0.105902
124 33 0.021527
125 33 -0.277695
126 33 -0.207063
127 33 -0.130627

0 34 -0.076977
1 34 0.236427
2 34 -0.318108
3 34 -0.298154
4 34 -0.081675
5 34 -0.157739
6 34 -0.325302
7 34 0.026404
8 34 -0.094404
9 34 0.059407
10 34 0.059206
11 34 -0.342716
12 34 -0.286248
13 34 -0.114332
14 34 0.214505
15 34 -0.124801
16 34 -0.138716
17 34 -0.226810
18 34 -0.441335
19 34 -0.270240
20 34 -0.021536
21 34 0.020129
22 34 -0.025791
23 34 0.221469
24 34 0.276984
25 34 -0.387438
26 34 0.120665
27 34 0.020091
28 34 -0.004736
29 34 -0.057513
30 34 0.062582
31 34 0.081653
32 34 0.193485
33 34 -0.085050
34 34 -0.292479
35 34 0.074423
36 34 -0.152862
37 34 0.019905
38 34 0.169572
39 34 -0.034084
40 34 -0.066433
41 34 -0.128834
42 34 0.146551
43 34 0.083082
44 34 -0.122539
45 34 0.041885
46 34 -0.267099
47 34 0.056580
48 34 -0.373520
49 34 -0.005591
50 34 0.034036
51 34 -0.168894
52 34 -0.092039
53 34 0.168981
54 34 -0.049348
55 34 0.183869
56 34 0.403903
57 34 0.146755
58 34 -0.043004
59 34 0.278122
60 34 0.059262
61 34 0.028107
62 34 0.240246
63 34 0.270910
64 34 -0.256592
65 34 -0.344578
66 34 -0.508160
67 34 -0.161619
68 34 0.119451
69 34 0.023655
70 34 -0.450613
71 34 -0.238326
72 34 -0.112528
73 34 -0.456596
74 34 -0.188786
75 34 -0.472905
76 34 0.058643
77 34 0.301415
78 34 -0.012471
79 34 -0.176806
80 34 -0.048870
81 34 0.215937
82 34 -0.410766
83 34 0.190951
84 34 0.166046
85 34 -0.116222
86 34 0.075597
87 34 -0.197283
88 34 0.073784
89 34 -0.367759
90 34 0.111279
91 34 -0.250359
92 34 0.032366
93 34 0.494653
94 34 0.159859
95 34 0.094031
96 34 -0.097155
97 34 0.042663
98 34 0.327516
99 34 -0.058244
100 34 -0.131571
101 34 0.187072
102 34 -0.240898
103 34 -0.002472
104 34 0.322258
105 34 0.035509
106 34 -0.064861
107 34 -0.257076
108 34 0.166542
109 34 0.142217
110 34 -0.008572
111 34 -0.022749
112 34 0.172798
113 34 0.236886
114 34 -0.088695
115 34 0.338153
116 34 -0.307538
117 34 -0.103142
118 34 0.068439
119 34 0.567763
120 34 0.080786
121 34 0.034159
122 34 0.135221
123 34 0.367660
124 34 0.007669
125 34 -0.013038
126 34 -0.558680
127 34 -0.192734

0 35 -0.125430
1 35 0.366247
2 35 -0.398896
3 35 -0.183841
4 35 -0.061929
5 35 -0.119314
6 35 -0.237207
7 35 0.129054
8 35 -0.086367
9 35 -0.016295
10 35 0.006191
11 35 -0.289037
12 35 -0.235330
13 35 -0.096374
14 35 0.296463
15 35 0.017729
16 35 -0.113889
17 35 -0.204360
18 35 -0.381651
19 35 -0.238632
20 35 0.074040
21 35 -0.013717
22 35 -0.038495
23 35 0.278330
24 35 0.186268
25 35 -0.368023
26 35 0.065320
27 35 -0.007694
28 35 -0.027902
29 35 0.016023
30 35 0.103499
31 35 0.042984
32 35 0.156823
33 35 -0.057058
34 35 -0.185601
35 35 0.041619
36 35 -0.107855
37 35 -0.015092
38 35 0.099529
39 35 -0.102436
40 35 -0.072389
41 35 -0.152990
42 35 0.162599
43 35 0.008903
44 35 -0.105454
45 35 0.032794
46 35 -0.311184
47 35 0.093514
48 35 -0.303048
49 35 0.041143
50 35 0.022112
51 35 -0.266624
52 35 -0.063973
53 35 0.112440
54 35 0.016463
55 35 0.182023
56 35 0.349270
57 35 0.085144
58 35 -0.041334
59 35 0.166526
60 35 -0.031917
61 35 -0.038702
62 35 0.157825
63 35 0.142563
64 35 -0.249808
65 35 -0.233427
66 35 -0.449473
67 35 -0.150982
68 35 0.075507
69 35 0.157506
70 35 -0.403504
71 35 -0.273536
72 35 -0.117791
73 35 -0.385625
74 35 -0.210747
75 35 -0.394028
76 35 0.015345
77 35 0.376044
78 35 -0.178932
79 35 -0.220447
80 35 -0.126054
81 35 0.184841
82 35 -0.394138
83 35 0.111490
84 35 0.181653
85 35 -0.098318
86 35 0.036576
87 35 -0.154966
88 35 -0.018702
89 35 -0.395700
90 35 0.117190
91 35 -0.202824
92 35 0.057803
93 35 0.416866
94 35 0.209272
95 35 0.078353
96 35 -0.109118
97 35 -0.048165
98 35 0.333625
99 35 -0.135403
100 35 -0.034148
101 35 0.265306
102 35 -0.150300
103 35 -0.063389
104 35 0.265159
105 35 -0.015165
106 35 -0.122761
107 35 -0.241579
108 35 0.219543
109 35 0.111042
110 35 0.015842
111 35 0.018980
112 35 0.111709
113 35 0.260062
114 35 -0.057177
115 35 0.329738
116 35 -0.142539
117 35 -0.118330
118 35 0.104548
119 35 0.512033
120 35 0.003369
121 35 0.067170
122 35 0.105552
123 35 0.339888
124 35 0.086045
125 35 -0.019985
126 35 -0.470628
127 35 -0.204445

0 36 -0.332422
1 36 -0.067423
2 36 -0.228120
3 36 -0.001268
4 36 -0.286283
5 36 -0.063435
6 36 0.041686
7 36 -0.325028
8 36 -0.233994
9 36 -0.136854
10 36 0.037827
11 36 -0.676186
12 36 -0.141254
13 36 0.097814
14 36 -0.149620
15 36 0.212553
16 36 -0.052251
17 36 -0.198773
18 36 0.236342
19 36 -0.422830
20 36 0.020256
21 36 0.272928
22 36 0.147450
23 36 -0.070686
24 36 0.435895
25 36 -0.093218
26 36 0.008826
27 36 0.209998
28 36 -0.178767
29 36 -0.311485
30 36 0.240703
31 36 -0.190509
32 36 0.427204
33 36 -0.040746
34 36 -0.331491
35 36 -0.030651
36 36 -0.229767
37 36 -0.060423
38 36 0.012608
39 36 0.138358
40 36 0.068336
41 36 0.007999
42 36 0.064247
43 36 -0.049319
44 36 0.480852
45 36 0.193582
46 36 0.208717
47 36 0.026754
48 36 0.132329
49 36 0.011612
50 36 0.220963
51 36 -0.039470
52 36 -0.133231
53 36 -0.055922
54 36 -0.330139
55 36 0.345423
56 36 0.114191
57 36 0.161652
58 36 0.016308
59 36 0.231249
60 36 0.407801
61 36 -0.034521
62 36 0.295487
63 36 -0.249638
64 36 -0.415995
65 36 -0.087330
66 36 -0.161715
67 36 -0.047480
68 36 -0.159939
69 36 -0.039233
70 36 0.195469
71 36 0.065343
72 36 -0.202267
73 36 -0.077715
74 36 -0.133047
75 36 -0.168114
76 36 0.208444
77 36 0.172095
78 36 -0.073041
79 36 -0.281616
80 36 -0.090649
81 36 -0.041350
82 36 0.054021
83 36 -0.288844
84 36 -0.214136
85 36 -0.082823
86 36 0.283307
87 36 -0.234866
88 36 -0.080171
89 36 -0.314004
90 36 0.285791
91 36 0.056758
92 36 0.209609
93 36 0.032578
94 36 -0.111367
95 36 -0.162552
96 36 -0.480981
97 36 0.297792
98 36 -0.299685
99 36 -0.089480
100 36 0.245206
101 36 0.205345
102 36 0.001173
103 36 0.164362
104 36 0.663845
105 36 0.024186
106 36 -0.240048
107 36 0.256254
108 36 -0.083349
109 36 0.037222
110 36 0.001669
111 36 0.125477
112 36 0.191425
113 36 0.084621
114 36 0.252549
115 36 0.192821
116 36 -0.803849
117 36 0.026326
118 36 0.138144
119 36 0.027790
120 36 -0.448534
121 36 -0.028008
122 36 0.315724
123 36 -0.232549
124 36 0.055610
125 36 -0.018214
126 36 -0.051101
127 36 0.256081

0 37 -0.427870
1 37 -0.195034
2 37 -0.211489
3 37 -0.027396
4 37 -0.202508
5 37 -0.080540
6 37 0.209899
7 37 -0.477832
8 37 -0.252315
9 37 -0.107937
10 37 -0.032747
11 37 -0.667252
12 37 -0.270116
13 37 0.108643
14 37 -0.269214
15 37 0.309137
16 37 -0.250721
17 37 -0.164305
18 37 0.363550
19 37 -0.521347
20 37 0.150239
21 37 0.340526
22 37 0.179271
23 37 -0.167728
24 37 0.555731
25 37 -0.084052
26 37 0.043616
27 37 0.226171
28 37 -0.096753
29 37 -0.327367
30 37 0.198330
31 37 -0.199406
32 37 0.410694
33 37 -0.284512
34 37 -0.316067
35 37 0.041918
36 37 -0.199630
37 37 -0.022167
38 37 0.116281
39 37 0.250717
40 37 0.109173
41 37 0.009202
42 37 -0.038820
43 37 -0.054245
44 37 0.465742
45 37 0.195684
46 37 0.235633
47 37 0.052145
48 37 0.272243
49 37 0.023398
50 37 0.246381
51 37 0.031257
52 37 -0.030590
53 37 -0.033474
54 37 -0.116776
55 37 0.240625
56 37 0.192316
57 37 0.177465
58 37 0.054492
59 37 0.378251
60 37 0.434606
61 37 -0.165568
62 37 0.334533
63 37 -0.252975
64 37 -0.254742
65 37 -0.235895
66 37 -0.156148
67 37 0.037015
68 37 -0.184915
69 37 0.046198
70 37 0.177868
71 37 0.153963
72 37 -0.150975
73 37 0.026608
74 37 0.019618
75 37 -0.080048
76 37 0.096775
77 37 0.236809
78 37 0.049482
79 37 -0.217052
80 37 0.038220
81 37 -0.043953
82 37 0.062130
83 37 -0.173479
84 37 -0.112947
85 37 -0.058950
86 37 0.305853
87 37 -0.309264
88 37 -0.107413
89 37 -0.204709
90 37 0.306215
91 37 0.021629
92 37 0.185258
93 37 -0.035661
94 37 -0.135174
95 37 -0.192212
96 37 -0.414505
97 37 0.343387
98 37 -0.274383
99 37 -0.063067
100 37 0.311171
101 37 0.251977
102 37 -0.034260
103 37 0.224411
104 37 0.675401
105 37 0.089872
106 37 -0.508006
107 37 0.265017
108 37 -0.088980
109 37 0.186600
110 37 -0.009938
111 37 0.136196
112 37 0.050833
113 37 0.064105
114 37 0.323319
115 37 0.091542
116 37 -0.809774
117 37 0.072850
118 37 0.299927
119 37 0.150215
120 37 -0.314491
121 37 -0.123522
122 37 0.132685
123 37 -0.353066
124 37 -0.001995
125 37 -0.131908
126 37 0.054680
127 37 0.228191

0 38 -0.315568
1 38 0.072917
2 38 -0.298152
3 38 0.027463
4 38 -0.125395
5 38 0.124514
6 38 0.148161
7 38 -0.107735
8 38 -0.058843
9 38 -0.237921
10 38 0.048709
11 38 -0.392088
12 38 -0.158551
13 38 0.098369
14 38 -0.206255
15 38 -0.004509
16 38 -0.247005
17 38 -0.056189
18 38 0.241265
19 38 -0.182857
20 38 0.058102
21 38 0.232721
22 38 0.018850
23 38 -0.166430
24 38 0.364968
25 38 -0.137170
26 38 -0.060144
27 38 0.102832
28 38 -0.021882
29 38 -0.171259
30 38 -0.039492
31 38 -0.166610
32 38 0.348488
33 38 -0.057455
34 38 -0.098522
35 38 0.155235
36 38 -0.219995
37 38 -0.087825
38 38 0.012909
39 38 0.188590
40 38 0.104670
41 38 0.014124
42 38 -0.054050
43 38 0.021279
44 38 0.223247
45 38 0.067006
46 38 0.028452
47 38 0.023750
48 38 0.207533
49 38 0.025542
50 38 0.066200
51 38 -0.217816
52 38 -0.085592
53 38 0.007902
54 38 -0.012270
55 38 0.220535
56 38 0.262213
57 38 -0.043574
58 38 0.157996
59 38 0.212350
60 38 0.262477
61 38 -0.304272
62 38 0.065201
63 38 -0.151757
64 38 -0.340429
65 38 0.030872
66 38 -0.069363
67 38 -0.057819
68 38 -0.079308
69 38 0.047169
70 38 -0.035883
71 38 -0.021113
72 38 -0.114218
73 38 -0.020509
74 38 -0.235227
75 38 -0.113080
76 38 0.097561
77 38 0.234999
78 38 -0.110034
79 38 -0.426783
80 38 -0.052567
81 38 -0.048077
82 38 0.009115
83 38 -0.267882
84 38 -0.012929
85 38 -0.037285
86 38 -0.034333
87 38 -0.087225
88 38 -0.139165
89 38 -0.215888
90 38 0.098066
91 38 0.135314
92 38 0.219889
93 38 0.134785
94 38 0.050996
95 38 -0.126343
96 38 -0.305073
97 38 -0.018557
98 38 -0.170379
99 38 -0.125545
100 38 0.182469
101 38 0.228975
102 38 0.059819
103 38 0.248682
104 38 0.277570
105 38 0.066446
106 38 -0.350185
107 38 0.117866
108 38 -0.002380
109 38 0.052148
110 38 0.122591
111 38 0.058896
112 38 0.076299
113 38 0.175768
114 38 0.203572
115 38 0.087559
116 38 -0.503026
117 38 0.005675
118 38 0.242648
119 38 0.201507
120 38 -0.270394
121 38 0.028588
122 38 0.060163
123 38 -0.198701
124 38 0.143955
125 38 -0.014182
126 38 -0.043910
127 38 0.144543

0 39 -0.405373
1 39 0.002041
2 39 -0.349999
3 39 0.008711
4 39 -0.079425
5 39 0.151882
6 39 0.249946
7 39 -0.220101
8 39 -0.137282
9 39 -0.236570
10 39 0.015334
11 39 -0.499276
12 39 -0.194363
13 39 0.047891
14 39 -0.259716
15 39 0.030087
16 39 -0.444502
17 39 -0.157854
18 39 0.275554
19 39 -0.278703
20 39 0.059624
21 39 0.291270
22 39 0.070221
23 39 -0.279334
24 39 0.474552
25 39 -0.138784
26 39 -0.065773
27 39 0.148124
28 39 0.028608
29 39 -0.179269
30 39 -0.037936
31 39 -0.039105
32 39 0.337264
33 39 -0.222098
34 39 -0.075659
35 39 0.264422
36 39 -0.264904
37 39 -0.133036
38 39 0.054227
39 39 0.197186
40 39 0.223247
41 39 0.105334
42 39 -0.187443
43 39 -0.030084
44 39 0.266638
45 39 -0.013018
46 39 0.111410
47 39 0.004691
48 39 0.274298
49 39 0.016981
50 39 0.214364
51 39 -0.175936
52 39 -0.005489
53 39 0.076028
54 39 0.070702
55 39 0.168588
56 39 0.195163
57 39 -0.090760
58 39 0.175607
59 39 0.386570
60 39 0.340114
61 39 -0.291813
62 39 0.090118
63 39 -0.106187
64 39 -0.277278
65 39 -0.103076
66 39 0.052885
67 39 0.050707
68 39 -0.099304
69 39 0.080887
70 39 -0.012908
71 39 0.079674
72 39 -0.013000
73 39 0.118545
74 39 -0.177919
75 39 -0.169934
76 39 -0.007503
77 39 0.247067
78 39 0.006958
79 39 -0.345208
80 39 0.033194
81 39 0.012043
82 39 0.011562
83 39 -0.286846
84 39 0.110671
85 39 -0.111442
86 39 0.021249
87 39 -0.215463
88 39 -0.226265
89 39 -0.175364
90 39 0.035259
91 39 0.119569
92 39 0.208237
93 39 0.118935
94 39 0.015653
95 39 -0.098667
96 39 -0.338621
97 39 0.023581
98 39 -0.127443
99 39 -0.042766
100 39 0.089165
101 39 0.284319
102 39 0.079204
103 39 0.305586
104 39 0.274445
105 39 0.032721
106 39 -0.517988
107 39 0.110186
108 39 0.078356
109 39 0.092049
110 39 0.007376
111 39 0.134707
112 39 0.018872
113 39 0.135484
114 39 0.315339
115 39 -0.030069
116 39 -0.527072
117 39 -0.000757
118 39 0.397634
119 39 0.436348
120 39 -0.231580
121 39 0.030885
122 39 -0.029339
123 39 -0.232168
124 39 -0.009820
125 39 -0.084624
126 39 0.042109
127 39 0.089583

0 40 -0.275147
1 40 0.140573
2 40 -0.350528
3 40 -0.374374
4 40 0.257726
5 40 -0.118565
6 40 -0.085645
7 40 -0.181001
8 40 -0.460089
9 40 -0.037762
10 40 -0.072757
11 40 -0.611552
12 40 -0.242516
13 40 -0.087617
14 40 -0.058882
15 40 -0.022159
16 40 -0.412245
17 40 -0.278377
18 40 -0.145585
19 40 -0.431724
20 40 0.216178
21 40 0.117689
22 40 0.020485
23 40 0.034045
24 40 0.281843
25 40 -0.341344
26 40 0.081260
27 40 0.044034
28 40 0.275784
29 40 -0.173776
30 40 -0.099405
31 40 -0.057040
32 40 0.282209
33 40 -0.324519
34 40 -0.148246
35 40 0.227536
36 40 0.020545
37 40 -0.135204
38 40 0.065639
39 40 -0.148550
40 40 0.216773
41 40 0.151920
42 40 0.138605
43 40 0.103402
44 40 0.227165
45 40 -0.105614
46 40 -0.093012
47 40 0.024947
48 40 -0.244785
49 40 -0.030565
50 40 0.124794
51 40 -0.313431
52 40 -0.055385
53 40 0.153496
54 40 0.207508
55 40 0.179928
56 40 0.495665
57 40 -0.041650
58 40 0.046400
59 40 0.410600
60 40 0.249913
61 40 -0.128071
62 40 0.381094
63 40 0.103357
64 40 -0.282611
65 40 -0.381816
66 40 -0.215376
67 40 -0.037490
68 40 0.098461
69 40 0.060461
70 40 -0.302974
71 40 -0.115711
72 40 -0.032695
73 40 -0.150475
74 40 -0.073574
75 40 -0.397792
76 40 0.158567
77 40 0.329569
78 40 0.083873
79 40 -0.324886
80 40 -0.059437
81 40 0.173507
82 40 -0.483426
83 40 0.200025
84 40 0.272598
85 40 -0.025362
86 40 0.084798
87 40 -0.197649
88 40 -0.036193
89 40 -0.360438
90 40 0.033118
91 40 -0.211858
92 40 0.125503
93 40 0.392413
94 40 0.208019
95 40 0.235232
96 40 0.030873
97 40 -0.020314
98 40 0.167487
99 40 -0.033666
100 40 -0.175762
101 40 0.292878
102 40 -0.006639
103 40 0.177676
104 40 0.355789
105 40 0.102437
106 40 -0.424145
107 40 0.163873
108 40 0.000079
109 40 0.119207
110 40 -0.108647
111 40 -0.149338
112 40 -0.150390
113 40 -0.096091
114 40 0.082284
115 40 0.117029
116 40 -0.354506
117 40 -0.084752
118 40 0.228845
119 40 0.774255
120 40 -0.020029
121 40 0.081600
122 40 0.062544
123 40 0.080931
124 40 -0.110716
125 40 -0.202766
126 40 -0.472584
127 40 -0.199847

0 41 -0.411107
1 41 0.071572
2 41 -0.366279
3 41 -0.413690
4 41 0.363557
5 41 -0.192042
6 41 -0.190258
7 41 -0.239544
8 41 -0.520316
9 41 0.080874
10 41 -0.086747
11 41 -0.724063
12 41 -0.050396
13 41 -0.129110
14 41 -0.224225
15 41 0.193083
16 41 -0.444846
17 41 -0.413950
18 41 -0.113964
19 41 -0.643505
20 41 0.357326
21 41 0.135734
22 41 0.033481
23 41 -0.014968
24 41 0.155671
25 41 -0.284948
26 41 0.078429
27 41 -0.013143
28 41 0.030817
29 41 -0.132058
30 41 -0.046554
31 41 0.042956
32 41 0.072869
33 41 -0.412739
34 41 -0.176893
35 41 0.276674
36 41 0.110195
37 41 -0.187242
38 41 -0.000988
39 41 -0.141508
40 41 0.378090
41 41 0.195196
42 41 0.280213
43 41 -0.006475
44 41 0.361719
45 41 -0.263118
46 41 -0.110649
47 41 -0.021748
48 41 -0.292967
49 41 -0.087144
50 41 0.261082
51 41 -0.409790
52 41 0.063696
53 41 0.251863
54 41 0.147870
55 41 0.034954
56 41 0.454120
57 41 0.004696
58 41 0.084429
59 41 0.417038
60 41 0.324752
61 41 -0.074515
62 41 0.387531
63 41 0.168170
64 41 -0.315430
65 41 -0.414370
66 41 -0.189164
67 41 -0.001672
68 41 0.148093
69 41 0.136525
70 41 -0.089102
71 41 -0.190865
72 41 -0.042358
73 41 0.031236
74 41 -0.107855
75 41 -0.557949
76 41 0.299552
77 41 0.269918
78 41 0.211139
79 41 -0.171934
80 41 -0.000516
81 41 0.089646
82 41 -0.476068
83 41 0.185343
84 41 0.509096
85 41 -0.120297
86 41 0.138773
87 41 -0.201501
88 41 -0.137798
89 41 -0.398620
90 41 -0.103473
91 41 -0.289175
92 41 0.058065
93 41 0.300667
94 41 0.276448
95 41 0.236323
96 41 -0.130843
97 41 0.197252
98 41 0.237455
99 41 -0.045629
100 41 -0.131456
101 41 0.451853
102 41 0.091297
103 41 0.268821
104 41 0.291375
105 41 -0.078158
106 41 -0.573902
107 41 0.353018
108 41 -0.003163
109 41 0.225270
110 41 -0.139426
111 41 -0.081414
112 41 -0.191860
113 41 -0.077242
114 41 0.113307
115 41 0.110544
116 41 -0.186007
117 41 0.156997
118 41 0.354951
119 41 0.937641
120 41 -0.112036
121 41 0.076847
122 41 0.079703
123 41 0.025304
124 41 -0.011111
125 41 -0.338333
126 41 -0.266808
127 41 -0.050340

0 42 -0.424009
1 42 -0.168538
2 42 -0.149474
3 42 -0.441591
4 42 0.116315
5 42 -0.252949
6 42 -0.291197
7 42 -0.453835
8 42 -0.598950
9 42 0.130449
10 42 0.057826
11 42 -0.975929
12 42 -0.262492
13 42 -0.127580
14 42 -0.107508
15 42 0.164931
16 42 -0.412868
17 42 -0.402124
18 42 -0.123005
19 42 -0.634276
20 42 0.127488
21 42 0.211730
22 42 0.118169
23 42 -0.065550
24 42 0.337813
25 42 -0.422981
26 42 0.223884
27 42 0.125509
28 42 0.046774
29 42 -0.462624
30 42 0.040374
31 42 -0.081561
32 42 0.299134
33 42 -0.326351
34 42 -0.392484
35 42 0.100496
36 42 -0.123023
37 42 -0.123988
38 42 0.087303
39 42 -0.189823
40 42 0.222909
41 42 0.233226
42 42 0.173256
43 42 0.041791
44 42 0.430702
45 42 -0.130046
46 42 0.137039
47 42 0.009880
48 42 -0.295172
49 42 -0.182859
50 42 0.352588
51 42 -0.182991
52 42 -0.038910
53 42 0.134864
54 42 -0.069403
55 42 0.201301
56 42 0.422460
57 42 0.034207
58 42 -0.077432
59 42 0.628987
60 42 0.511685
61 42 0.114733
62 42 0.679703
63 42 0.081981
64 42 -0.409199
65 42 -0.466331
66 42 -0.240472
67 42 -0.069068
68 42 0.100064
69 42 -0.132741
70 42 -0.064539
71 42 -0.034350
72 42 -0.133622
73 42 -0.056534
74 42 -0.042370
75 42 -0.548033
76 42 0.332453
77 42 0.050152
78 42 0.329521
79 42 -0.067938
80 42 -0.039257
81 42 0.213454
82 42 -0.427145
83 42 0.212287
84 42 0.202128
85 42 -0.101251
86 42 0.489488
87 42 -0.298607
88 42 0.050580
89 42 -0.335867
90 42 0.135344
91 42 -0.272569
92 42 -0.023276
93 42 0.285230
94 42 0.060206
95 42 0.156304
96 42 -0.270832
97 42 0.395360
98 42 -0.018372
99 42 0.075148
100 42 -0.125150
101 42 0.318843
102 42 0.005591
103 42 0.252188
104 42 0.743063
105 42 0.005453
106 42 -0.444144
107 42 0.282534
108 42 -0.176721
109 42 0.142109
110 42 -0.220281
111 42 -0.041753
112 42 -0.049102
113 42 -0.157400
114 42 0.172049
115 42 0.211090
116 42 -0.674461
117 42 0.040163
118 42 0.163305
119 42 0.754453
120 42 -0.161466
121 42 -0.065498
122 42 0.370558
123 42 0.053579
124 42 -0.220282
125 42 -0.365281
126 42 -0.252769
127 42 0.092717

0 43 -0.448904
1 43 -0.270206
2 43 -0.089611
3 43 -0.347231
4 43 0.095037
5 43 -0.231876
6 43 -0.174498
7 43 -0.487049
8 43 -0.477675
9 43 0.052580
10 43 0.047911
11 43 -0.823107
12 43 -0.173100
13 43 -0.027522
14 43 -0.245300
15 43 0.225543
16 43 -0.420170
17 43 -0.394144
18 43 0.011163
19 43 -0.565663
20 43 0.174709
21 43 0.365238
22 43 0.100930
23 43 -0.217682
24 43 0.231071
25 43 -0.275756
26 43 0.154245
27 43 0.151985
28 43 -0.040226
29 43 -0.355577
30 43 0.009679
31 43 -0.004728
32 43 0.164104
33 43 -0.263918
34 43 -0.318097
35 43 0.180742
36 43 -0.112752
37 43 -0.063475
38 43 0.069867
39 43 -0.065022
40 43 0.279919
41 43 0.220194
42 43 0.171776
43 43 -0.021573
44 43 0.492302
45 43 -0.125067
46 43 0.123167
47 43 0.042973
48 43 -0.154492
49 43 -0.178095
50 43 0.313996
51 43 -0.111571
52 43 -0.016391
53 43 0.177745
54 43 -0.101340
55 43 0.140362
56 43 0.313112
57 43 0.114192
58 43 0.043446
59 43 0.528495
60 43 0.460348
61 43 -0.000840
62 43 0.580180
63 43 -0.020899
64 43 -0.340469
65 43 -0.381580
66 43 -0.209245
67 43 -0.016432
68 43 0.036965
69 43 -0.071182
70 43 0.145507
71 43 -0.021786
72 43 -0.203030
73 43 0.098290
74 43 0.020276
75 43 -0.335800
76 43 0.338207
77 43 -0.008810
78 43 0.272855
79 43 -0.153870
80 43 0.061890
81 43 -0.034356
82 43 -0.203404
83 43 0.100375
84 43 0.167538
85 43 -0.161023
86 43 0.337227
87 43 -0.176028
88 43 -0.023339
89 43 -0.194260
90 43 0.166437
91 43 -0.208949
92 43 0.085957
93 43 0.165365
94 43 0.079735
95 43 -0.017844
96 43 -0.379249
97 43 0.423749
98 43 -0.100890
99 43 0.036421
100 43 0.006063
101 43 0.272168
102 43 0.106489
103 43 0.277738
104 43 0.681394
105 43 0.004189
106 43 -0.501770
107 43 0.321746
108 43 -0.185929
109 43 0.175459
110 43 -0.211873
111 43 -0.060701
112 43 -0.044880
113 43 -0.109818
114 43 0.161918
115 43 0.185194
116 43 -0.599800
117 43 0.159336
118 43 0.275203
119 43 0.605174
120 43 -0.221919
121 43 -0.019062
122 43 0.173082
123 43 -0.062868
124 43 -0.076676
125 43 -0.329901
126 43 -0.102841
127 43 0.195274

0 44 -0.294760
1 44 0.035158
2 44 -0.394762
3 44 -0.143498
4 44 0.248361
5 44 -0.060984
6 44 0.204857
7 44 -0.193814
8 44 -0.271435
9 44 -0.139643
10 44 0.023662
11 44 -0.333585
12 44 -0.037858
13 44 0.078139
14 44 -0.175559
15 44 0.158019
16 44 -0.336904
17 44 -0.283816
18 44 -0.038259
19 44 -0.365527
20 44 0.230836
21 44 0.232533
22 44 -0.001008
23 44 -0.266601
24 44 0.254492
25 44 -0.216106
26 44 -0.012610
27 44 0.169187
28 44 0.075086
29 44 -0.006944
30 44 -0.105925
31 44 -0.035946
32 44 0.189992
33 44 -0.337505
34 44 -0.038123
35 44 0.385852
36 44 0.112184
37 44 -0.121499
38 44 -0.022895
39 44 0.071482
40 44 0.217402
41 44 0.196349
42 44 0.105630
43 44 -0.087951
44 44 0.291105
45 44 -0.110786
46 44 -0.148129
47 44 -0.052303
48 44 0.001908
49 44 -0.101276
50 44 0.215457
51 44 -0.269594
52 44 -0.069137
53 44 0.180716
54 44 0.147141
55 44 0.081654
56 44 0.426875
57 44 0.160656
58 44 0.196910
59 44 0.187689
60 44 0.162085
61 44 -0.247022
62 44 0.224539
63 44 0.092017
64 44 -0.217588
65 44 -0.205448
66 44 -0.207360
67 44 0.023216
68 44 -0.120463
69 44 0.114747
70 44 -0.070882
71 44 -0.163451
72 44 -0.083157
73 44 -0.026538
74 44 -0.122078
75 44 -0.229960
76 44 0.138276
77 44 0.265033
78 44 0.074439
79 44 -0.306085
80 44 0.092876
81 44 -0.039364
82 44 -0.182489
83 44 -0.170095
84 44 0.130843
85 44 -0.075221
86 44 -0.012447
87 44 -0.009317
88 44 -0.116794
89 44 -0.302164
90 44 -0.071944
91 44 -0.047307
92 44 0.237394
93 44 0.245633
94 44 0.017280
95 44 -0.141009
96 44 -0.162992
97 44 0.161647
98 44 -0.006803
99 44 -0.050393
100 44 0.008802
101 44 0.218563
102 44 -0.024907
103 44 0.060423
104 44 0.184648
105 44 -0.061912
106 44 -0.476976
107 44 0.225991
108 44 0.077084
109 44 0.187545
110 44 0.122181
111 44 0.053732
112 44 -0.130761
113 44 -0.003930
114 44 0.031182
115 44 0.047969
116 44 -0.055472
117 44 0.069305
118 44 0.513004
119 44 0.563958
120 44 -0.290313
121 44 0.004564
122 44 -0.141593
123 44 0.009066
124 44 0.077796
125 44 -0.171559
126 44 -0.030254
127 44 -0.022210

0 45 -0.362859
1 45 -0.027124
2 45 -0.336314
3 45 -0.295002
4 45 0.339175
5 45 -0.078756
6 45 0.021030
7 45 -0.156501
8 45 -0.395628
9 45 -0.058336
10 45 0.063809
11 45 -0.491549
12 45 0.048824
13 45 0.000858
14 45 -0.102348
15 45 0.318981
16 45 -0.359909
17 45 -0.404267
18 45 -0.095944
19 45 -0.502297
20 45 0.266486
21 45 0.233707
22 45 0.027387
23 45 -0.247346
24 45 0.130649
25 45 -0.229786
26 45 -0.031721
27 45 0.083411
28 45 -0.070304
29 45 -0.076162
30 45 -0.072169
31 45 0.130558
32 45 0.074743
33 45 -0.342790
34 45 -0.135971
35 45 0.386798
36 45 0.119257
37 45 -0.110540
38 45 -0.007086
39 45 -0.034629
40 45 0.278279
41 45 0.179349
42 45 0.229815
43 45 -0.128210
44 45 0.418849
45 45 -0.147606
46 45 -0.156958
47 45 -0.090222
48 45 -0.186380
49 45 -0.190608
50 45 0.311493
51 45 -0.283137
52 45 0.044850
53 45 0.337316
54 45 0.066593
55 45 0.004711
56 45 0.397045
57 45 0.155039
58 45 0.173504
59 45 0.220686
60 45 0.162522
61 45 -0.142564
62 45 0.349458
63 45 0.223230
64 45 -0.260766
65 45 -0.350320
66 45 -0.224009
67 45 -0.013405
68 45 -0.013353
69 45 0.113971
70 45 -0.037354
71 45 -0.208431
72 45 -0.128518
73 45 0.061350
74 45 -0.109691
75 45 -0.430942
76 45 0.264064
77 45 0.157743
78 45 0.221739
79 45 -0.217061
80 45 0.127036
81 45 0.058152
82 45 -0.246165
83 45 -0.009235
84 45 0.378222
85 45 -0.061135
86 45 0.155738
87 45 0.024376
88 45 -0.189394
89 45 -0.282230
90 45 -0.122651
91 45 -0.240422
92 45 0.117353
93 45 0.182177
94 45 0.133682
95 45 -0.020817
96 45 -0.245236
97 45 0.306829
98 45 0.076746
99 45 -0.025260
100 45 -0.078021
101 45 0.333857
102 45 0.064714
103 45 0.115740
104 45 0.243324
105 45 -0.134460
106 45 -0.545075
107 45 0.317240
108 45 0.096119
109 45 0.348690
110 45 0.022545
111 45 0.065409
112 45 -0.207659
113 45 -0.063645
114 45 0.072678
115 45 0.121867
116 45 0.025205
117 45 0.182229
118 45 0.454864
119 45 0.725194
120 45 -0.236502
121 45 0.092440
122 45 -0.075065
123 45 0.065035
124 45 0.076859
125 45 -0.276131
126 45 0.092776
127 45 0.003334

0 46 -0.121733
1 46 0.212327
2 46 -0.225801
3 46 -0.314674
4 46 0.088610
5 46 -0.070176
6 46 -0.167157
7 46 0.027646
8 46 -0.060909
9 46 0.061389
10 46 0.030844
11 46 -0.383146
12 46 0.019403
13 46 0.002907
14 46 0.170694
15 46 0.122807
16 46 -0.197587
17 46 -0.222475
18 46 -0.207198
19 46 -0.245621
20 46 0.089156
21 46 0.114992
22 46 -0.050762
23 46 0.039355
24 46 0.059768
25 46 -0.230151
26 46 -0.057130
27 46 0.006901
28 46 -0.173945
29 46 -0.091134
30 46 0.036310
31 46 0.067711
32 46 0.160770
33 46 0.026891
34 46 -0.115742
35 46 0.083976
36 46 0.040422
37 46 -0.045370
38 46 0.060976
39 46 -0.144530
40 46 0.061777
41 46 -0.078404
42 46 0.199908
43 46 0.048366
44 46 0.052385
45 46 0.020422
46 46 -0.207407
47 46 0.020956
48 46 -0.219681
49 46 -0.093923
50 46 0.055088
51 46 -0.201471
52 46 -0.026135
53 46 0.206404
54 46 -0.074197
55 46 0.183245
56 46 0.368902
57 46 0.101670
58 46 0.107324
59 46 0.219903
60 46 0.085220
61 46 -0.068890
62 46 0.221458
63 46 0.152007
64 46 -0.338504
65 46 -0.110157
66 46 -0.285810
67 46 -0.120148
68 46 0.030651
69 46 -0.014841
70 46 -0.262345
71 46 -0.253247
72 46 -0.148474
73 46 -0.148689
74 46 -0.185150
75 46 -0.351200
76 46 0.163445
77 46 0.233189
78 46 -0.019581
79 46 -0.316232
80 46 -0.029361
81 46 0.171292
82 46 -0.278370
83 46 0.046526
84 46 0.174755
85 46 -0.063679
86 46 -0.008838
87 46 0.013528
88 46 -0.082576
89 46 -0.253627
90 46 0.081619
91 46 -0.212378
92 46 0.090793
93 46 0.295265
94 46 0.236173
95 46 0.013698
96 46 -0.165436
97 46 0.069458
98 46 0.147502
99 46 -0.074274
100 46 -0.035219
101 46 0.302590
102 46 -0.101202
103 46 0.169311
104 46 0.357369
105 46 0.019646
106 46 -0.190786
107 46 0.061802
108 46 0.174011
109 46 0.250832
110 46 0.085249
111 46 0.046102
112 46 0.068526
113 46 0.034349
114 46 -0.022132
115 46 0.258850
116 46 -0.229912
117 46 0.043809
118 46 0.048964
119 46 0.497627
120 46 -0.173899
121 46 0.108347
122 46 0.094451
123 46 0.249722
124 46 0.066151
125 46 -0.041162
126 46 -0.237955
127 46 -0.061272

0 47 -0.202826
1 47 0.356908
2 47 -0.284137
3 47 -0.306617
4 47 0.080568
5 47 -0.148184
6 47 -0.234320
7 47 0.028757
8 47 -0.129933
9 47 0.032506
10 47 -0.043879
11 47 -0.474168
12 47 0.007587
13 47 -0.036018
14 47 0.081252
15 47 0.132796
16 47 -0.226702
17 47 -0.293266
18 47 -0.151558
19 47 -0.323305
20 47 0.179367
21 47 0.131133
22 47 -0.112169
23 47 0.140958
24 47 0.076302
25 47 -0.281945
26 47 -0.058263
27 47 -0.012766
28 47 -0.145258
29 47 -0.050962
30 47 -0.009066
31 47 -0.046305
32 47 0.206926
33 47 -0.070519
34 47 -0.113344
35 47 0.134751
36 47 0.033758
37 47 -0.100973
38 47 -0.030283
39 47 -0.119636
40 47 0.123836
41 47 -0.084634
42 47 0.151409
43 47 0.021417
44 47 0.038508
45 47 -0.085422
46 47 -0.208919
47 47 0.077301
48 47 -0.175704
49 47 -0.023874
50 47 0.102426
51 47 -0.247082
52 47 -0.009115
53 47 0.157365
54 47 -0.017592
55 47 0.274981
56 47 0.329812
57 47 0.064701
58 47 0.135911
59 47 0.216994
60 47 0.144318
61 47 -0.111627
62 47 0.162239
63 47 0.121595
64 47 -0.351340
65 47 -0.071243
66 47 -0.277419
67 47 -0.105560
68 47 -0.010184
69 47 0.112900
70 47 -0.242048
71 47 -0.245785
72 47 -0.135358
73 47 -0.160382
74 47 -0.216843
75 47 -0.390840
76 47 0.216810
77 47 0.348703
78 47 -0.115977
79 47 -0.403050
80 47 -0.125656
81 47 0.175391
82 47 -0.331341
83 47 -0.005709
84 47 0.225572
85 47 -0.124355
86 47 -0.099304
87 47 -0.043779
88 47 -0.117960
89 47 -0.337317
90 47 0.084287
91 47 -0.186831
92 47 0.171469
93 47 0.377450
94 47 0.283412
95 47 0.064339
96 47 -0.160347
97 47 0.018066
98 47 0.233904
99 47 -0.145818
100 47 -0.012637
101 47 0.391198
102 47 -0.073198
103 47 0.190713
104 47 0.321145
105 47 -0.037392
106 47 -0.254659
107 47 0.099164
108 47 0.157528
109 47 0.120085
110 47 0.038419
111 47 0.038044
112 47 0.087550
113 47 0.083467
114 47 0.054305
115 47 0.270316
116 47 -0.297359
117 47 -0.022392
118 47 0.188190
119 47 0.582951
120 47 -0.177132
121 47 0.146879
122 47 0.184269
123 47 0.193782
124 47 0.079518
125 47 -0.091648
126 47 -0.336855
127 47 -0.083861

0 48 -0.523011
1 48 0.040863
2 48 -0.218139
3 48 0.128510
4 48 -0.038602
5 48 0.064707
6 48 0.124920
7 48 -0.158412
8 48 -0.333373
9 48 -0.106345
10 48 0.147645
11 48 -0.390947
12 48 -0.198603
13 48 -0.187746
14 48 -0.185534
15 48 0.077535
16 48 0.039206
17 48 0.152309
18 48 -0.188845
19 48 -0.510490
20 48 0.228003
21 48 -0.060914
22 48 0.177415
23 48 -0.213846
24 48 0.425498
25 48 -0.225086
26 48 0.214088
27 48 0.194184
28 48 -0.000818
29 48 -0.173614
30 48 0.238824
31 48 -0.205066
32 48 0.096099
33 48 -0.211708
34 48 0.088566
35 48 -0.040613
36 48 -0.210520
37 48 -0.105959
38 48 0.067243
39 48 -0.098601
40 48 0.000379
41 48 0.133954
42 48 0.184596
43 48 -0.290815
44 48 0.267245
45 48 -0.101702
46 48 0.002454
47 48 -0.147522
48 48 0.041837
49 48 -0.040469
50 48 0.248732
51 48 -0.375607
52 48 -0.175226
53 48 -0.116421
54 48 -0.058701
55 48 -0.051803
56 48 0.288101
57 48 0.209284
58 48 -0.132060
59 48 0.070524
60 48 0.314484
61 48 0.015738
62 48 0.273955
63 48 -0.155857
64 48 -0.289176
65 48 -0.093722
66 48 -0.331420
67 48 -0.061661
68 48 0.067985
69 48 -0.026957
70 48 0.193454
71 48 0.179692
72 48 -0.202993
73 48 -0.058455
74 48 -0.059488
75 48 -0.290647
76 48 0.036173
77 48 0.229948
78 48 0.047901
79 48 0.284926
80 48 -0.091813
81 48 -0.278149
82 48 0.014444
83 48 -0.128320
84 48 -0.274800
85 48 -0.023893
86 48 0.380286
87 48 -0.290926
88 48 0.061980
89 48 -0.320750
90 48 0.018245
91 48 -0.144141
92 48 -0.007087
93 48 0.093388
94 48 -0.246914
95 48 -0.145678
96 48 -0.397201
97 48 0.280647
98 48 -0.245376
99 48 0.060041
100 48 0.025353
101 48 0.021440
102 48 -0.042403
103 48 -0.169016
104 48 0.390799
105 48 -0.096607
106 48 -0.021886
107 48 -0.089974
108 48 -0.105210
109 48 0.042203
110 48 -0.054395
111 48 -0.020543
112 48 0.114998
113 48 0.142328
114 48 0.148453
115 48 0.267312
116 48 0.011558
117 48 -0.146727
118 48 0.167044
119 48 0.079611
120 48 -0.143378
121 48 -0.161115
122 48 0.008978
123 48 -0.140033
124 48 0.060288
125 48 -0.036589
126 48 -0.105415
127 48 0.158732

0 49 -0.560607
1 49 -0.149365
2 49 -0.105115
3 49 0.113983
4 49 0.013783
5 49 -0.001104
6 49 0.260526
7 49 -0.372602
8 49 -0.341100
9 49 -0.015239
10 49 0.086070
11 49 -0.476273
12 49 -0.288192
13 49 -0.301606
14 49 -0.410595
15 49 0.013515
16 49 -0.042913
17 49 0.184219
18 49 -0.134252
19 49 -0.629561
20 49 0.282885
21 49 0.017974
22 49 0.262100
23 49 -0.283828
24 49 0.671234
25 49 -0.237213
26 49 0.161445
27 49 0.221585
28 49 0.054460
29 49 -0.268653
30 49 0.205634
31 49 -0.294844
32 49 0.171171
33 49 -0.394777
34 49 0.057617
35 49 0.010254
36 49 -0.230172
37 49 -0.104638
38 49 0.197377
39 49 -0.001055
40 49 -0.023312
41 49 0.242318
42 49 0.021301
43 49 -0.258237
44 49 0.197257
45 49 -0.169417
46 49 0.044726
47 49 -0.136296
48 49 0.138708
49 49 -0.070471
50 49 0.258517
51 49 -0.265358
52 49 -0.123076
53 49 -0.148497
54 49 0.021632
55 49 -0.074867
56 49 0.361092
57 49 0.245579
58 49 -0.198262
59 49 0.209882
60 49 0.413199
61 49 0.000621
62 49 0.373946
63 49 -0.128771
64 49 -0.099524
65 49 -0.245516
66 49 -0.398959
67 49 0.008110
68 49 0.085428
69 49 0.033804
70 49 0.242417
71 49 0.261521
72 49 -0.166037
73 49 -0.146293
74 49 0.161805
75 49 -0.236699
76 49 -0.030227
77 49 0.279998
78 49 0.190569
79 49 0.406818
80 49 -0.001001
81 49 -0.323077
82 49 0.039036
83 49 -0.096845
84 49 -0.257477
85 49 -0.075578
86 49 0.399579
87 49 -0.316293
88 49 0.030100
89 49 -0.206348
90 49 -0.079692
91 49 -0.094462
92 49 0.011909
93 49 0.048660
94 49 -0.407408
95 49 -0.199036
96 49 -0.324866
97 49 0.390947
98 49 -0.280410
99 49 0.092390
100 49 0.054599
101 49 0.000786
102 49 -0.131655
103 49 -0.134479
104 49 0.414292
105 49 -0.026707
106 49 -0.044647
107 49 -0.074296
108 49 -0.223559
109 49 0.085690
110 49 -0.078635
111 49 -0.031146
112 49 0.045694
113 49 0.077758
114 49 0.141755
115 49 0.126009
116 49 -0.072459
117 49 -0.095043
118 49 0.320449
119 49 0.061642
120 49 -0.057076
121 49 -0.272864
122 49 -0.072372
123 49 -0.246192
124 49 -0.081789
125 49 -0.187031
126 49 0.050243
127 49 0.197011

0 50 -0.292202
1 50 -0.041950
2 50 -0.373131
3 50 0.284009
4 50 0.305317
5 50 0.044142
6 50 0.278899
7 50 0.177043
8 50 -0.695682
9 50 -0.327270
10 50 0.133558
11 50 -0.043525
12 50 0.044868
13 50 0.081180
14 50 0.047447
15 50 -0.039882
16 50 -0.110727
17 50 0.030553
18 50 -0.085880
19 50 -0.150445
20 50 0.214313
21 50 -0.225903
22 50 0.069902
23 50 0.001680
24 50 0.292642
25 50 -0.158372
26 50 0.260578
27 50 -0.025664
28 50 0.563915
29 50 -0.014585
30 50 -0.080339
31 50 0.130291
32 50 0.043808
33 50 -0.267281
34 50 0.061922
35 50 0.035235
36 50 -0.092051
37 50 -0.100062
38 50 -0.160658
39 50 0.054309
40 50 -0.081544
41 50 0.139776
42 50 0.290465
43 50 -0.024477
44 50 -0.037546
45 50 0.029096
46 50 -0.078655
47 50 -0.136749
48 50 -0.232787
49 50 0.054240
50 50 -0.109582
51 50 -0.438889
52 50 0.025714
53 50 -0.206390
54 50 0.331428
55 50 -0.183727
56 50 0.171251
57 50 -0.230755
58 50 -0.132093
59 50 0.067527
60 50 -0.125566
61 50 0.254361
62 50 0.194885
63 50 0.157083
64 50 0.141515
65 50 0.083383
66 50 -0.296491
67 50 0.172697
68 50 0.319877
69 50 0.441564
70 50 0.004556
71 50 0.196675
72 50 0.109164
73 50 -0.276734
74 50 0.266651
75 50 -0.179774
76 50 -0.317155
77 50 0.146768
78 50 -0.053781
79 50 0.125242
80 50 -0.173495
81 50 -0.081293
82 50 -0.227161
83 50 0.178075
84 50 0.262129
85 50 0.026579
86 50 0.195164
87 50 0.066322
88 50 -0.078329
89 50 -0.186935
90 50 0.086042
91 50 -0.159434
92 50 0.259911
93 50 -0.055734
94 50 0.065514
95 50 0.346424
96 50 0.196888
97 50 -0.280265
98 50 0.023447
99 50 0.258848
100 50 0.004747
101 50 -0.038771
102 50 0.147258
103 50 -0.231758
104 50 0.127304
105 50 0.061386
106 50 -0.322789
107 50 -0.330616
108 50 0.101805
109 50 -0.269062
110 50 -0.210226
111 50 -0.100736
112 50 -0.480489
113 50 -0.135278
114 50 -0.111800
115 50 -0.176335
116 50 0.225021
117 50 -0.143943
118 50 0.241050
119 50 0.429063
120 50 0.157548
121 50 -0.099156
122 50 -0.102081
123 50 -0.254183
124 50 -0.149952
125 50 -0.283996
126 50 -0.168257
127 50 -0.184666

0 51 -0.286152
1 51 -0.126520
2 51 -0.349608
3 51 0.167520
4 51 0.312724
5 51 0.015148
6 51 0.333778
7 51 0.203496
8 51 -0.552193
9 51 -0.338644
10 51 0.158656
11 51 0.080880
12 51 0.078582
13 51 -0.032570
14 51 0.066515
15 51 -0.031320
16 51 -0.146585
17 51 0.030972
18 51 -0.118964
19 51 -0.230736
20 51 0.213014
21 51 -0.245757
22 51 0.110265
23 51 -0.085393
24 51 0.290724
25 51 -0.122980
26 51 0.125708
27 51 0.042958
28 51 0.444088
29 51 0.059020
30 51 -0.043904
31 51 0.199297
32 51 -0.041216
33 51 -0.240752
34 51 -0.018602
35 51 0.210734
36 51 0.002727
37 51 -0.047569
38 51 -0.089540
39 51 0.085747
40 51 0.013181
41 51 0.179333
42 51 0.244500
43 51 -0.167017
44 51 0.021918
45 51 0.024362
46 51 -0.041493
47 51 -0.193980
48 51 -0.148699
49 51 0.064079
50 51 0.043438
51 51 -0.467312
52 51 0.039848
53 51 -0.076413
54 51 0.400777
55 51 -0.324912
56 51 0.194552
57 51 -0.122069
58 51 -0.002078
59 51 0.024547
60 51 -0.111496
61 51 0.126287
62 51 0.252074
63 51 0.087714
64 51 0.152814
65 51 0.034868
66 51 -0.231318
67 51 0.138056
68 51 0.167159
69 51 0.413124
70 51 0.092669
71 51 0.119368
72 51 0.147925
73 51 -0.102550
74 51 0.098466
75 51 -0.238067
76 51 -0.349272
77 51 0.120891
78 51 0.108387
79 51 0.085775
80 51 -0.053957
81 51 -0.244496
82 51 -0.072941
83 51 0.066886
84 51 0.088166
85 51 0.088823
86 51 0.177362
87 51 -0.010861
88 51 -0.006729
89 51 -0.349601
90 51 -0.066675
91 51 -0.062928
92 51 0.212156
93 51 -0.157071
94 51 0.072871
95 51 0.187498
96 51 0.100764
97 51 -0.146333
98 51 0.085916
99 51 0.251556
100 51 -0.021915
101 51 -0.077940
102 51 0.198764
103 51 -0.291368
104 51 -0.035723
105 51 0.002874
106 51 -0.357523
107 51 -0.238759
108 51 0.125939
109 51 -0.102869
110 51 -0.059729
111 51 -0.015875
112 51 -0.494812
113 51 -0.020139
114 51 -0.050328
115 51 -0.200140
116 51 0.409676
117 51 -0.100582
118 51 0.293051
119 51 0.502719
120 51 0.120187
121 51 -0.128985
122 51 -0.173123
123 51 -0.190487
124 51 -0.028330
125 51 -0.230226
126 51 -0.193474
127 51 -0.206220

0 52 -0.475049
1 52 -0.057898
2 52 -0.421568
3 52 0.281723
4 52 0.487791
5 52 -0.179405
6 52 0.084837
7 52 0.091471
8 52 -0.734739
9 52 -0.415370
10 52 0.305352
11 52 0.007605
12 52 -0.356208
13 52 0.041795
14 52 0.269859
15 52 -0.026377
16 52 0.101814
17 52 0.018565
18 52 -0.237343
19 52 -0.315399
20 52 0.415721
21 52 -0.257431
22 52 0.205310
23 52 0.002995
24 52 0.342282
25 52 -0.222898
26 52 0.168015
27 52 0.132455
28 52 0.576856
29 52 0.027052
30 52 -0.016919
31 52 0.212804
32 52 0.037384
33 52 -0.450289
34 52 0.007417
35 52 0.094266
36 52 0.070131
37 52 0.093164
38 52 0.105861
39 52 -0.022988
40 52 0.101998
41 52 0.050207
42 52 0.310009
43 52 -0.100488
44 52 0.027974
45 52 0.121723
46 52 -0.095845
47 52 0.000364
48 52 -0.294520
49 52 0.188604
50 52 0.007584
51 52 -0.323022
52 52 -0.011208
53 52 -0.109466
54 52 0.220407
55 52 -0.308278
56 52 0.180213
57 52 -0.304265
58 52 -0.296443
59 52 -0.101181
60 52 -0.070153
61 52 0.173325
62 52 0.172320
63 52 0.314618
64 52 0.155571
65 52 0.068625
66 52 -0.286279
67 52 0.146284
68 52 0.243479
69 52 0.571790
70 52 0.018968
71 52 0.276912
72 52 0.215639
73 52 -0.268485
74 52 0.171149
75 52 -0.246862
76 52 -0.197634
77 52 -0.009865
78 52 0.083337
79 52 0.304786
80 52 -0.034070
81 52 -0.087157
82 52 -0.239421
83 52 0.183988
84 52 0.135908
85 52 0.233575
86 52 0.219599
87 52 -0.013249
88 52 -0.125339
89 52 -0.284251
90 52 0.044556
91 52 -0.307766
92 52 0.350605
93 52 -0.224548
94 52 0.031832
95 52 0.457167
96 52 0.151608
97 52 -0.249179
98 52 0.018342
99 52 0.301414
100 52 -0.110709
101 52 -0.328066
102 52 0.165329
103 52 -0.324145
104 52 -0.009044
105 52 -0.097874
106 52 -0.301144
107 52 -0.295552
108 52 0.056426
109 52 -0.316530
110 52 0.005587
111 52 -0.221898
112 52 -0.311698
113 52 -0.075462
114 52 -0.108289
115 52 -0.025629
116 52 0.447017
117 52 -0.113997
118 52 0.218170
119 52 0.350482
120 52 0.204938
121 52 -0.095951
122 52 -0.003813
123 52 -0.263618
124 52 -0.018203
125 52 -0.297029
126 52 -0.309150
127 52 -0.124923

0 53 -0.482274
1 53 -0.079411
2 53 -0.439626
3 53 0.133241
4 53 0.472805
5 53 -0.149191
6 53 0.100486
7 53 0.103406
8 53 -0.556343
9 53 -0.318394
10 53 0.288354
11 53 -0.047346
12 53 -0.154033
13 53 -0.035608
14 53 0.197788
15 53 0.134513
16 53 0.002684
17 53 -0.090684
18 53 -0.229173
19 53 -0.442436
20 53 0.448651
21 53 -0.237480
22 53 0.160050
23 53 0.043322
24 53 0.241433
25 53 -0.124652
26 53 0.064894
27 53 0.112932
28 53 0.304343
29 53 0.083733
30 53 0.056820
31 53 0.228305
32 53 -0.174453
33 53 -0.376175
34 53 -0.016058
35 53 -0.001316
36 53 0.164420
37 53 0.048312
38 53 0.174307
39 53 -0.081053
40 53 0.245735
41 53 0.055161
42 53 0.338615
43 53 -0.205501
44 53 0.144298
45 53 0.081014
46 53 -0.088730
47 53 -0.040247
48 53 -0.269664
49 53 0.123566
50 53 0.031923
51 53 -0.313409
52 53 -0.077182
53 53 0.005574
54 53 0.247577
55 53 -0.412128
56 53 0.160669
57 53 -0.251183
58 53 -0.199553
59 53 -0.025560
60 53 -0.095208
61 53 0.077971
62 53 0.173223
63 53 0.265337
64 53 0.098821
65 53 -0.040580
66 53 -0.333854
67 53 0.215368
68 53 0.204542
69 53 0.458927
70 53 0.083777
71 53 0.118705
72 53 0.211639
73 53 -0.119619
74 53 0.091558
75 53 -0.335924
76 53 -0.087122
77 53 0.030214
78 53 0.126079
79 53 0.290422
80 53 0.028472
81 53 -0.171008
82 53 -0.239848
83 53 0.094792
84 53 0.280114
85 53 0.162650
86 53 0.179332
87 53 -0.026747
88 53 -0.141647
89 53 -0.428178
90 53 -0.009135
91 53 -0.225174
92 53 0.200129
93 53 -0.181043
94 53 -0.012299
95 53 0.356354
96 53 0.003952
97 53 -0.074266
98 53 0.036505
99 53 0.179964
100 53 -0.102280
101 53 -0.088902
102 53 0.174524
103 53 -0.299467
104 53 -0.136813
105 53 -0.210925
106 53 -0.416082
107 53 -0.088278
108 53 0.035613
109 53 -0.156754
110 53 0.192559
111 53 -0.109718
112 53 -0.326660
113 53 -0.040068
114 53 -0.104039
115 53 0.045495
116 53 0.540538
117 53 0.060852
118 53 0.182136
119 53 0.418825
120 53 0.089197
121 53 -0.118467
122 53 -0.028363
123 53 -0.218613
124 53 0.091086
125 53 -0.271689
126 53 -0.235248
127 53 -0.104311

0 54 -0.498181
1 54 0.048444
2 54 -0.270370
3 54 0.022182
4 54 0.368803
5 54 -0.043326
6 54 0.011028
7 54 0.033321
8 54 -0.187490
9 54 -0.126564
10 54 0.271536
11 54 -0.143176
12 54 -0.284465
13 54 -0.160044
14 54 -0.049928
15 54 -0.011920
16 54 0.046055
17 54 0.083008
18 54 -0.303644
19 54 -0.338410
20 54 0.260786
21 54 -0.068813
22 54 0.197555
23 54 -0.143262
24 54 0.404537
25 54 -0.192889
26 54 0.167957
27 54 0.170394
28 54 0.134669
29 54 -0.034321
30 54 0.117184
31 54 0.037671
32 54 -0.051853
33 54 -0.241145
34 54 0.039015
35 54 -0.055073
36 54 -0.031344
37 54 -0.121026
38 54 0.307295
39 54 -0.253923
40 54 0.113404
41 54 0.281026
42 54 0.183024
43 54 -0.217172
44 54 0.165321
45 54 -0.062923
46 54 -0.149883
47 54 -0.039718
48 54 -0.174049
49 54 0.023028
50 54 0.173637
51 54 -0.243365
52 54 -0.152023
53 54 0.051036
54 54 0.008373
55 54 -0.322531
56 54 0.319848
57 54 0.025417
58 54 -0.226038
59 54 0.044427
60 54 0.079507
61 54 0.048327
62 54 0.321763
63 54 0.118938
64 54 -0.174995
65 54 -0.238094
66 54 -0.460923
67 54 0.015425
68 54 0.185217
69 54 -0.058633
70 54 0.015135
71 54 0.118460
72 54 0.019225
73 54 -0.084742
74 54 -0.169581
75 54 -0.308058
76 54 0.089395
77 54 0.145304
78 54 0.251023
79 54 0.328062
80 54 -0.013507
81 54 -0.230053
82 54 -0.173464
83 54 0.141862
84 54 -0.061719
85 54 0.006578
86 54 0.273163
87 54 -0.151680
88 54 0.029928
89 54 -0.397075
90 54 -0.093279
91 54 -0.236249
92 54 -0.023828
93 54 0.189988
94 54 -0.108646
95 54 0.037836
96 54 -0.179614
97 54 0.082754
98 54 -0.020896
99 54 0.155510
100 54 -0.188210
101 54 -0.133074
102 54 -0.011111
103 54 -0.289802
104 54 0.011585
105 54 -0.138522
106 54 -0.014469
107 54 -0.108355
108 54 -0.098364
109 54 0.012469
110 54 0.157508
111 54 -0.125748
112 54 -0.047705
113 54 0.108248
114 54 -0.065504
115 54 0.296195
116 54 0.292921
117 54 -0.093951
118 54 0.016331
119 54 0.075991
120 54 0.123566
121 54 -0.074939
122 54 -0.153198
123 54 -0.024735
124 54 0.130290
125 54 -0.100365
126 54 -0.257620
127 54 0.072784

0 55 -0.598650
1 55 -0.094928
2 55 -0.200745
3 55 -0.023638
4 55 0.330845
5 55 -0.081532
6 55 -0.053689
7 55 -0.163777
8 55 -0.241983
9 55 -0.080959
10 55 0.212092
11 55 -0.292769
12 55 -0.198648
13 55 -0.294449
14 55 -0.261655
15 55 0.012487
16 55 0.021975
17 55 -0.006427
18 55 -0.369915
19 55 -0.430718
20 55 0.317355
21 55 0.106479
22 55 0.220465
23 55 -0.204302
24 55 0.512758
25 55 -0.301161
26 55 0.071878
27 55 0.107685
28 55 0.151009
29 55 -0.040524
30 55 0.104547
31 55 0.042582
32 55 -0.134690
33 55 -0.286989
34 55 -0.053979
35 55 -0.027395
36 55 -0.013733
37 55 -0.073587
38 55 0.342623
39 55 -0.199560
40 55 0.168398
41 55 0.413636
42 55 0.082382
43 55 -0.216487
44 55 0.210788
45 55 -0.230593
46 55 -0.239576
47 55 0.075745
48 55 -0.166060
49 55 -0.054427
50 55 0.198060
51 55 -0.130434
52 55 -0.130304
53 55 0.187904
54 55 0.014801
55 55 -0.273486
56 55 0.255313
57 55 0.162723
58 55 -0.211433
59 55 0.019614
60 55 0.199863
61 55 0.016069
62 55 0.433330
63 55 0.110623
64 55 -0.092753
65 55 -0.383705
66 55 -0.528824
67 55 0.079791
68 55 0.198677
69 55 -0.075835
70 55 0.123545
71 55 -0.000090
72 55 -0.103297
73 55 -0.092845
74 55 -0.031560
75 55 -0.317043
76 55 0.257771
77 55 0.154547
78 55 0.356423
79 55 0.422649
80 55 0.009656
81 55 -0.289719
82 55 -0.148549
83 55 0.104680
84 55 -0.003535
85 55 -0.126716
86 55 0.213665
87 55 -0.269607
88 55 -0.046775
89 55 -0.394968
90 55 -0.190621
91 55 -0.192461
92 55 -0.002893
93 55 0.250698
94 55 -0.215188
95 55 -0.077018
96 55 -0.316026
97 55 0.162995
98 55 -0.001756
99 55 0.132480
100 55 -0.226383
101 55 -0.112647
102 55 0.011166
103 55 -0.224732
104 55 0.050418
105 55 -0.192664
106 55 0.026308
107 55 0.008741
108 55 -0.193272
109 55 0.073917
110 55 0.041190
111 55 -0.160552
112 55 -0.068022
113 55 0.081252
114 55 -0.107603
115 55 0.325272
116 55 0.223884
117 55 0.119126
118 55 0.073754
119 55 0.101421
120 55 0.123427
121 55 -0.117826
122 55 -0.298635
123 55 -0.027741
124 55 0.105684
125 55 -0.143835
126 55 -0.230539
127 55 0.080509

0 56 -0.324574
1 56 -0.059475
2 56 -0.428563
3 56 0.060329
4 56 0.538187
5 56 -0.108436
6 56 0.325149
7 56 0.180135
8 56 -0.609322
9 56 -0.385727
10 56 0.209301
11 56 -0.014686
12 56 -0.103491
13 56 0.061007
14 56 0.226661
15 56 0.102677
16 56 -0.211431
17 56 -0.035324
18 56 -0.267656
19 56 -0.365383
20 56 0.346061
21 56 -0.270007
22 56 0.205515
23 56 -0.112329
24 56 0.212668
25 56 -0.232632
26 56 0.075108
27 56 0.074323
28 56 0.374117
29 56 0.073575
30 56 0.007021
31 56 0.249979
32 56 -0.086215
33 56 -0.465946
34 56 0.082843
35 56 0.216932
36 56 0.104467
37 56 0.057510
38 56 0.015426
39 56 -0.041003
40 56 0.111937
41 56 0.053515
42 56 0.380835
43 56 -0.121451
44 56 0.161973
45 56 0.127809
46 56 -0.158736
47 56 -0.204772
48 56 -0.198179
49 56 0.039660
50 56 0.042072
51 56 -0.458637
52 56 0.035329
53 56 0.003383
54 56 0.289491
55 56 -0.358721
56 56 0.313714
57 56 -0.253347
58 56 -0.002011
59 56 0.007956
60 56 -0.148293
61 56 0.010134
62 56 0.251266
63 56 0.082872
64 56 0.091818
65 56 0.006913
66 56 -0.314820
67 56 0.150168
68 56 0.097691
69 56 0.514998
70 56 0.021736
71 56 0.026468
72 56 0.202733
73 56 -0.125327
74 56 0.213328
75 56 -0.185028
76 56 -0.302003
77 56 0.076835
78 56 0.133937
79 56 0.106438
80 56 -0.038386
81 56 -0.212896
82 56 -0.227285
83 56 0.058817
84 56 0.243678
85 56 0.142844
86 56 0.167668
87 56 0.076472
88 56 -0.066885
89 56 -0.405658
90 56 -0.054748
91 56 -0.315335
92 56 0.278453
93 56 -0.216384
94 56 0.120472
95 56 0.290955
96 56 0.055132
97 56 -0.189222
98 56 0.126688
99 56 0.275606
100 56 -0.056731
101 56 -0.140797
102 56 0.119812
103 56 -0.258752
104 56 0.009279
105 56 -0.006657
106 56 -0.541778
107 56 -0.123982
108 56 0.126195
109 56 -0.119617
110 56 -0.005644
111 56 -0.076281
112 56 -0.520652
113 56 -0.145068
114 56 -0.028854
115 56 -0.148339
116 56 0.569708
117 56 -0.070343
118 56 0.308030
119 56 0.689913
120 56 0.106563
121 56 -0.061135
122 56 -0.152031
123 56 -0.143803
124 56 0.046734
125 56 -0.227594
126 56 -0.199072
127 56 -0.121042

0 57 -0.386758
1 57 0.015145
2 57 -0.446070
3 57 -0.168583
4 57 0.489540
5 57 -0.096293
6 57 0.113423
7 57 0.051334
8 57 -0.426924
9 57 -0.178511
10 57 0.152354
11 57 -0.256878
12 57 -0.124230
13 57 -0.132194
14 57 0.090515
15 57 0.226713
16 57 -0.204380
17 57 -0.222186
18 57 -0.272298
19 57 -0.495504
20 57 0.304209
21 57 -0.113506
22 57 0.212994
23 57 -0.077329
24 57 0.103774
25 57 -0.147647
26 57 0.048093
27 57 0.002017
28 57 0.092973
29 57 0.007085
30 57 0.124531
31 57 0.281934
32 57 -0.181855
33 57 -0.370186
34 57 -0.028783
35 57 0.150262
36 57 0.110691
37 57 -0.005540
38 57 0.123434
39 57 -0.182031
40 57 0.210734
41 57 0.172255
42 57 0.352163
43 57 -0.186530
44 57 0.301778
45 57 -0.050925
46 57 -0.219153
47 57 -0.199360
48 57 -0.314528
49 57 -0.058002
50 57 0.121249
51 57 -0.442484
52 57 0.019868
53 57 0.205104
54 57 0.220660
55 57 -0.348443
56 57 0.319522
57 57 -0.095671
58 57 -0.029630
59 57 0.109279
60 57 -0.064800
61 57 -0.046415
62 57 0.328056
63 57 0.079199
64 57 -0.121686
65 57 -0.311579
66 57 -0.284857
67 57 0.038590
68 57 0.158407
69 57 0.300699
70 57 -0.032605
71 57 -0.123070
72 57 0.092504
73 57 0.020622
74 57 -0.004567
75 57 -0.449979
76 57 -0.029993
77 57 0.158863
78 57 0.175833
79 57 0.136026
80 57 0.054714
81 57 -0.210073
82 57 -0.356546
83 57 0.102191
84 57 0.393123
85 57 0.021555
86 57 0.219462
87 57 -0.066867
88 57 -0.116776
89 57 -0.444578
90 57 -0.126498
91 57 -0.312309
92 57 0.036869
93 57 -0.018443
94 57 0.067174
95 57 0.233036
96 57 -0.140143
97 57 0.072320
98 57 0.233520
99 57 0.003564
100 57 -0.141665
101 57 0.078491
102 57 0.156229
103 57 -0.186321
104 57 -0.041519
105 57 -0.150462
106 57 -0.461140
107 57 0.067277
108 57 0.068807
109 57 0.133303
110 57 -0.006092
111 57 -0.070167
112 57 -0.452925
113 57 -0.030770
114 57 0.000981
115 57 0.111726
116 57 0.509989
117 57 0.118498
118 57 0.211637
119 57 0.761745
120 57 0.052890
121 57 -0.010070
122 57 -0.089754
123 57 0.005013
124 57 0.160713
125 57 -0.221696
126 57 -0.183203
127 57 -0.127575

0 58 -0.207369
1 58 -0.008163
2 58 -0.348487
3 58 0.021702
4 58 0.113266
5 58 -0.141719
6 58 0.004958
7 58 0.035589
8 58 -0.230478
9 58 -0.189813
10 58 0.236629
11 58 -0.109006
12 58 -0.370284
13 58 -0.129539
14 58 0.159649
15 58 -0.112366
16 58 0.067770
17 58 -0.121992
18 58 -0.347526
19 58 -0.295032
20 58 0.099200
21 58 0.052999
22 58 0.059156
23 58 0.031904
24 58 0.309706
25 58 -0.176362
26 58 0.113422
27 58 0.067867
28 58 0.247678
29 58 0.050364
30 58 0.016667
31 58 0.116343
32 58 0.079972
33 58 -0.241462
34 58 -0.203663
35 58 0.031495
36 58 -0.063645
37 58 0.199320
38 58 0.253338
39 58 -0.100097
40 58 0.051463
41 58 0.132978
42 58 0.058156
43 58 -0.089218
44 58 -0.042588
45 58 0.046658
46 58 -0.315927
47 58 0.057121
48 58 -0.329915
49 58 0.042878
50 58 0.025148
51 58 -0.150725
52 58 -0.098037
53 58 0.159298
54 58 0.003004
55 58 -0.199578
56 58 0.252738
57 58 0.081321
58 58 -0.224426
59 58 -0.019647
60 58 -0.098185
61 58 0.048232
62 58 0.237762
63 58 0.213003
64 58 -0.023009
65 58 -0.258611
66 58 -0.550071
67 58 0.059796
68 58 0.208936
69 58 0.229027
70 58 -0.095736
71 58 0.036319
72 58 -0.005361
73 58 -0.415749
74 58 -0.050639
75 58 -0.355273
76 58 0.033538
77 58 0.147315
78 58 0.068189
79 58 0.224256
80 58 -0.004422
81 58 -0.091605
82 58 -0.180609
83 58 0.151333
84 58 0.062220
85 58 -0.019055
86 58 0.090532
87 58 -0.117468
88 58 -0.022116
89 58 -0.209328
90 58 -0.036327
91 58 -0.233795
92 58 0.143350
93 58 0.284944
94 58 -0.037537
95 58 0.159102
96 58 -0.118828
97 58 -0.004876
98 58 0.171117
99 58 -0.030550
100 58 -0.241329
101 58 -0.210312
102 58 -0.017419
103 58 -0.304763
104 58 -0.050538
105 58 -0.227362
106 58 -0.012088
107 58 -0.284501
108 58 0.008103
109 58 -0.088625
110 58 0.057001
111 58 -0.200548
112 58 -0.071833
113 58 0.143033
114 58 -0.148102
115 58 0.363491
116 58 0.214886
117 58 0.018526
118 58 -0.004381
119 58 0.333914
120 58 0.107917
121 58 -0.055225
122 58 -0.056275
123 58 0.097973
124 58 0.127682
125 58 -0.125917
126 58 -0.327466
127 58 -0.215027

0 59 -0.317731
1 59 0.123751
2 59 -0.406195
3 59 0.152900
4 59 0.296325
5 59 -0.162640
6 59 0.066729
7 59 0.056644
8 59 -0.362851
9 59 -0.253051
10 59 0.195658
11 59 -0.085244
12 59 -0.291536
13 59 -0.007959
14 59 0.345734
15 59 0.059475
16 59 0.065804
17 59 -0.094207
18 59 -0.240914
19 59 -0.292544
20 59 0.348610
21 59 -0.145799
22 59 0.096259
23 59 0.141501
24 59 0.168662
25 59 -0.134616
26 59 0.019386
27 59 0.057344
28 59 0.172429
29 59 0.055460
30 59 0.162934
31 59 0.171743
32 59 -0.027279
33 59 -0.277549
34 59 0.029872
35 59 -0.014450
36 59 0.020462
37 59 0.073309
38 59 0.202636
39 59 -0.177079
40 59 0.113273
41 59 -0.059343
42 59 0.240839
43 59 -0.060562
44 59 -0.061598
45 59 0.152977
46 59 -0.193544
47 59 0.075860
48 59 -0.304752
49 59 0.055359
50 59 -0.061391
51 59 -0.288385
52 59 -0.091023
53 59 -0.039006
54 59 0.097189
55 59 -0.225228
56 59 0.146479
57 59 -0.170118
58 59 -0.210853
59 59 -0.026277
60 59 -0.139501
61 59 0.041285
62 59 0.036467
63 59 0.197428
64 59 -0.010845
65 59 -0.006245
66 59 -0.286216
67 59 0.130036
68 59 0.185962
69 59 0.408500
70 59 -0.063286
71 59 0.024966
72 59 0.126508
73 59 -0.236602
74 59 0.058183
75 59 -0.218695
76 59 -0.111417
77 59 0.129798
78 59 -0.101075
79 59 0.140197
80 59 -0.086613
81 59 -0.044228
82 59 -0.262030
83 59 0.069812
84 59 0.215401
85 59 0.038691
86 59 0.110794
87 59 0.016979
88 59 -0.194392
89 59 -0.289789
90 59 0.110593
91 59 -0.207563
92 59 0.216039
93 59 -0.040466
94 59 0.047303
95 59 0.255111
96 59 -0.010425
97 59 -0.135272
98 59 0.126209
99 59 0.072279
100 59 -0.034902
101 59 -0.066776
102 59 0.078601
103 59 -0.240162
104 59 -0.008497
105 59 -0.178461
106 59 -0.248368
107 59 -0.238546
108 59 0.161997
109 59 -0.103729
110 59 0.110745
111 59 -0.082440
112 59 -0.112686
113 59 0.027083
114 59 -0.061957
115 59 0.159448
116 59 0.361164
117 59 0.027867
118 59 0.120429
119 59 0.379960
120 59 -0.016279
121 59 -0.045165
122 59 0.008174
123 59 -0.030993
124 59 0.130207
125 59 -0.178295
126 59 -0.253410
127 59 -0.146685

0 60 0.251796
1 60 0.293866
2 60 -0.298227
3 60 0.428576
4 60 -0.153985
5 60 0.166207
6 60 -0.140708
7 60 0.454106
8 60 -0.066758
9 60 -0.133825
10 60 -0.060663
11 60 0.079877
12 60 0.030210
13 60 0.025101
14 60 -0.059901
15 60 0.295287
16 60 -0.440907
17 60 -0.044821
18 60 0.232598
19 60 -0.149033
20 60 -0.206374
21 60 -0.180062
22 60 -0.151708
23 60 0.016864
24 60 0.324531
25 60 -0.197342
26 60 -0.179582
27 60 0.046495
28 60 -0.385218
29 60 0.302539
30 60 -0.183339
31 60 0.439437
32 60 0.244280
33 60 -0.082697
34 60 0.040778
35 60 -0.003248
36 60 -0.048389
37 60 -0.103063
38 60 -0.164989
39 60 0.355975
40 60 0.035645
41 60 -0.197137
42 60 -0.305716
43 60 0.054409
44 60 0.061108
45 60 0.288143
46 60 -0.264803
47 60 -0.171259
48 60 0.099462
49 60 0.320168
50 60 0.140607
51 60 0.248916
52 60 0.125504
53 60 -0.081161
54 60 0.002751
55 60 -0.211822
56 60 -0.136371
57 60 -0.112756
58 60 0.293746
59 60 -0.307051
60 60 -0.188579
61 60 -0.217246
62 60 -0.278680
63 60 -0.259174
64 60 0.145068
65 60 0.337877
66 60 0.101716
67 60 -0.147298
68 60 -0.296897
69 60 -0.075333
70 60 -0.015668
71 60 -0.076450
72 60 0.094081
73 60 0.364265
74 60 -0.650469
75 60 -0.425246
76 60 -0.157636
77 60 -0.025448
78 60 0.097356
79 60 0.047840
80 60 0.083985
81 60 -0.000101
82 60 0.053800
83 60 -0.284060
84 60 0.174071
85 60 0.131314
86 60 -0.005288
87 60 -0.197758
88 60 0.271716
89 60 -0.370283
90 60 -0.046633
91 60 -0.114983
92 60 0.102902
93 60 0.111179
94 60 0.134586
95 60 -0.196508
96 60 -0.543034
97 60 -0.140332
98 60 0.455654
99 60 0.271989
100 60 -0.363101
101 60 0.018303
102 60 0.074325
103 60 0.098589
104 60 0.105899
105 60 -0.036363
106 60 -0.380504
107 60 -0.114994
108 60 0.322689
109 60 0.277490
110 60 0.235674
111 60 0.397234
112 60 0.124804
113 60 -0.037691
114 60 0.229771
115 60 -0.173806
116 60 0.313533
117 60 -0.097642
118 60 -0.402719
119 60 0.088646
120 60 -0.006122
121 60 0.147594
122 60 -0.024472
123 60 -0.039550
124 60 0.276816
125 60 0.381810
126 60 -0.139247
127 60 0.061857

0 61 0.123249
1 61 -0.206159
2 61 -0.370616
3 61 0.049910
4 61 -0.146356
5 61 0.438271
6 61 0.031677
7 61 0.071804
8 61 0.115232
9 61 -0.157136
10 61 0.067883
11 61 -0.090175
12 61 -0.439067
13 61 0.056790
14 61 -0.206270
15 61 0.709797
16 61 -0.245590
17 61 0.339478
18 61 0.265362
19 61 -0.295472
20 61 -0.077953
21 61 -0.047227
22 61 0.008145
23 61 -0.130169
24 61 0.344149
25 61 -0.392382
26 61 -0.152429
27 61 0.183815
28 61 -0.454252
29 61 0.190992
30 61 0.045685
31 61 0.013625
32 61 0.163963
33 61 -0.044689
34 61 -0.161604
35 61 -0.202905
36 61 -0.176426
37 61 0.292104
38 61 0.603976
39 61 0.093959
40 61 0.111691
41 61 -0.360584
42 61 -0.234811
43 61 -0.053417
44 61 0.364761
45 61 0.447009
46 61 0.381531
47 61 0.025689
48 61 0.145350
49 61 0.603448
50 61 0.221867
51 61 -0.149083
52 61 0.181778
53 61 -0.145673
54 61 0.149022
55 61 -0.146559
56 61 0.199260
57 61 0.142645
58 61 -0.022107
59 61 0.222295
60 61 -0.155852
61 61 -0.605884
62 61 -0.056135
63 61 -0.334102
64 61 0.207620
65 61 -0.214149
66 61 0.006277
67 61 0.020091
68 61 -0.144333
69 61 0.292911
70 61 -0.436123
71 61 0.347134
72 61 0.184836
73 61 0.345775
74 61 -0.171837
75 61 -0.219345
76 61 -0.126047
77 61 0.375359
78 61 0.159472
79 61 -0.015576
80 61 0.180723
81 61 0.209813
82 61 0.100853
83 61 0.132541
84 61 0.639695
85 61 0.169959
86 61 0.201928
87 61 -0.001229
88 61 0.191181
89 61 -0.175784
90 61 0.226396
91 61 -0.252670
92 61 -0.153048
93 61 -0.247798
94 61 0.157674
95 61 -0.170530
96 61 -0.410461
97 61 0.252110
98 61 0.089901
99 61 0.201414
100 61 -0.022748
101 61 0.061046
102 61 -0.290848
103 61 0.072411
104 61 0.164002
105 61 -0.272558
106 61 -0.754314
107 61 -0.323516
108 61 0.173711
109 61 0.452361
110 61 0.433730
111 61 0.376014
112 61 -0.169338
113 61 0.133393
114 61 0.610843
115 61 0.196615
116 61 0.339989
117 61 0.020386
118 61 -0.214785
119 61 0.452034
120 61 0.073092
121 61 0.177685
122 61 -0.046455
123 61 0.232220
124 61 0.072032
125 61 0.187746
126 61 0.366835
127 61 -0.173517
