col row val
0 0 -1.032742
1 0 -0.662501
2 0 0.586621
3 0 -0.222864
4 0 -0.016067
5 0 0.109969
6 0 -0.014795
7 0 -0.709995
8 0 -0.557733
9 0 -0.393740
10 0 -0.041222
11 0 0.011611
12 0 0.223532
13 0 -0.418947
14 0 -0.203547
15 0 -0.026656
16 0 -0.255587
17 0 -0.817514
18 0 -0.563029
19 0 0.437714
20 0 0.385995
21 0 -0.698877
22 0 0.057422
23 0 0.596629
24 0 -0.493831
25 0 -0.443954
26 0 -0.064603
27 0 -0.116528
28 0 0.140990
29 0 -0.714627
30 0 0.743845
31 0 -0.768262
32 0 0.336013
33 0 0.318231
34 0 -0.390574
35 0 0.163690
36 0 0.354406
37 0 1.212881
38 0 0.040004
39 0 0.184116
40 0 -0.148298
41 0 0.096150
42 0 0.010517
43 0 -0.496493
44 0 0.662237
45 0 -0.362008
46 0 0.204028
47 0 0.111250
48 0 -0.069035
49 0 -0.354457
50 0 0.118108
51 0 0.109020
52 0 0.027888
53 0 -0.249775
54 0 0.144521
55 0 -0.273838
56 0 0.010215
57 0 0.000493
58 0 -0.867655
59 0 -0.033280
60 0 -0.339543
61 0 0.386563
62 0 -0.447190
63 0 0.096972
64 0 -1.057520
65 0 0.532418
66 0 -0.318823
67 0 -0.195385
68 0 -0.580770
69 0 0.399776
70 0 0.385985
71 0 0.813222
72 0 0.397623
73 0 -0.395127
74 0 0.107619
75 0 -0.162991
76 0 0.356972
77 0 0.501943
78 0 -0.114089
79 0 0.190592
80 0 -0.758638
81 0 -0.195207
82 0 0.000775
83 0 -0.237435
84 0 0.233659
85 0 0.050287
86 0 0.228551
87 0 0.846309
88 0 0.136686
89 0 0.718317
90 0 -0.534098
91 0 -0.108713
92 0 -0.273755
93 0 -0.416103
94 0 -0.411535
95 0 0.346532
96 0 0.076391
97 0 0.376810
98 0 0.165805
99 0 -0.512667
100 0 -0.105540
101 0 -0.120425
102 0 0.600084
103 0 -0.764562
104 0 0.244222
105 0 0.338303
106 0 -0.338341
107 0 0.428637
108 0 -0.187273
109 0 0.049052
110 0 -0.897606
111 0 0.367485
112 0 -0.179249
113 0 -0.274540
114 0 -0.917504
115 0 0.110748
116 0 -0.371251
117 0 0.048705
118 0 -0.679286
119 0 0.523259
120 0 -0.529976
121 0 0.175518
122 0 0.369154
123 0 0.023876
124 0 -0.389245
125 0 -0.477832
126 0 0.471394
127 0 -0.409023

0 1 -1.031729
1 1 -0.492267
2 1 0.288029
3 1 -0.336526
4 1 0.128473
5 1 0.270845
6 1 0.170730
7 1 -0.995432
8 1 -0.396742
9 1 -0.424686
10 1 0.256191
11 1 -0.085735
12 1 0.111442
13 1 0.035007
14 1 0.197719
15 1 -0.062984
16 1 -0.150750
17 1 -0.800186
18 1 -0.486612
19 1 0.079600
20 1 0.136882
21 1 -0.649666
22 1 0.075622
23 1 0.424826
24 1 -0.139925
25 1 -0.473560
26 1 0.198965
27 1 -0.128910
28 1 -0.115614
29 1 -0.680064
30 1 0.921162
31 1 -0.777631
32 1 0.330065
33 1 0.208433
34 1 -0.180435
35 1 0.224605
36 1 0.155409
37 1 1.053384
38 1 0.208608
39 1 0.358328
40 1 0.012785
41 1 -0.103576
42 1 0.054346
43 1 -0.058295
44 1 0.796813
45 1 -0.567167
46 1 0.187282
47 1 0.232595
48 1 -0.016078
49 1 -0.206857
50 1 -0.098949
51 1 0.172484
52 1 0.118537
53 1 -0.242660
54 1 -0.113564
55 1 -0.371872
56 1 0.014829
57 1 -0.130341
58 1 -0.852811
59 1 0.196930
60 1 -0.456727
61 1 0.319258
62 1 -0.436149
63 1 0.242054
64 1 -0.964858
65 1 0.415600
66 1 -0.161251
67 1 0.031709
68 1 -0.397841
69 1 0.563499
70 1 0.253004
71 1 0.598318
72 1 0.047282
73 1 -0.549015
74 1 0.162930
75 1 -0.200327
76 1 0.540398
77 1 0.339196
78 1 0.386170
79 1 0.060225
80 1 -0.695477
81 1 -0.202939
82 1 -0.514973
83 1 -0.338436
84 1 -0.001644
85 1 0.130764
86 1 0.097506
87 1 1.026571
88 1 0.110045
89 1 0.757719
90 1 -0.356082
91 1 -0.217572
92 1 -0.504587
93 1 -0.421351
94 1 -0.720791
95 1 0.104014
96 1 -0.105735
97 1 0.309034
98 1 0.003144
99 1 -0.537594
100 1 0.025445
101 1 -0.277779
102 1 0.548127
103 1 -0.538516
104 1 0.169711
105 1 0.391924
106 1 -0.366370
107 1 0.282489
108 1 -0.276775
109 1 0.054117
110 1 -0.797891
111 1 0.237859
112 1 -0.194809
113 1 0.035773
114 1 -0.826532
115 1 0.271153
116 1 -0.353907
117 1 0.106661
118 1 -0.373919
119 1 0.606732
120 1 -0.329525
121 1 0.198162
122 1 0.143417
123 1 0.239464
124 1 -0.004012
125 1 -0.820540
126 1 0.547352
127 1 -0.154945

0 2 -0.092836
1 2 -0.035198
2 2 0.044859
3 2 -0.081244
4 2 -0.119025
5 2 -0.087066
6 2 -0.068404
7 2 -0.311709
8 2 0.056778
9 2 -0.092693
10 2 0.184948
11 2 0.093143
12 2 0.007349
13 2 0.219582
14 2 0.117765
15 2 -0.062024
16 2 0.059813
17 2 0.036802
18 2 -0.227870
19 2 0.062224
20 2 0.149551
21 2 -0.191022
22 2 -0.101797
23 2 -0.066855
24 2 -0.270048
25 2 -0.016495
26 2 -0.105938
27 2 0.133736
28 2 -0.018401
29 2 -0.146600
30 2 0.421404
31 2 -0.105445
32 2 0.126732
33 2 -0.023008
34 2 0.056187
35 2 0.252151
36 2 -0.074993
37 2 0.235341
38 2 -0.035396
39 2 -0.020981
40 2 -0.164699
41 2 0.141615
42 2 0.115946
43 2 -0.179521
44 2 0.249271
45 2 -0.151865
46 2 0.026235
47 2 0.045815
48 2 0.086573
49 2 -0.106677
50 2 -0.182018
51 2 0.109948
52 2 -0.140590
53 2 -0.024106
54 2 -0.107174
55 2 -0.261758
56 2 -0.116206
57 2 -0.053450
58 2 -0.299909
59 2 -0.262800
60 2 -0.116553
61 2 0.190862
62 2 -0.158268
63 2 -0.162100
64 2 -0.235033
65 2 0.134674
66 2 -0.059854
67 2 -0.230580
68 2 -0.107476
69 2 0.245125
70 2 -0.016976
71 2 0.219483
72 2 0.110189
73 2 -0.378218
74 2 0.142409
75 2 -0.226203
76 2 0.311870
77 2 0.254574
78 2 -0.026490
79 2 -0.025190
80 2 -0.163576
81 2 -0.064646
82 2 -0.134508
83 2 -0.044643
84 2 -0.037386
85 2 -0.035052
86 2 0.038769
87 2 0.335750
88 2 0.007168
89 2 0.304724
90 2 -0.051655
91 2 -0.409877
92 2 -0.101172
93 2 -0.097967
94 2 -0.145568
95 2 -0.005698
96 2 0.004884
97 2 0.068648
98 2 -0.031879
99 2 -0.378309
100 2 0.071893
101 2 0.041474
102 2 0.199747
103 2 -0.253892
104 2 0.050931
105 2 0.067939
106 2 -0.176847
107 2 0.076633
108 2 -0.082951
109 2 -0.172987
110 2 0.040072
111 2 0.137868
112 2 -0.052110
113 2 0.070476
114 2 -0.378348
115 2 0.298458
116 2 -0.025496
117 2 -0.053200
118 2 -0.122853
119 2 -0.038841
120 2 0.043093
121 2 -0.049110
122 2 0.138377
123 2 -0.031582
124 2 -0.118808
125 2 -0.246594
126 2 0.110096
127 2 -0.064260

0 3 -0.150939
1 3 0.190057
2 3 -0.223902
3 3 -0.125315
4 3 -0.221990
5 3 -0.010528
6 3 -0.171608
7 3 -0.490147
8 3 0.164734
9 3 -0.125899
10 3 0.388406
11 3 -0.038132
12 3 0.145263
13 3 0.354146
14 3 0.142061
15 3 -0.012915
16 3 0.319831
17 3 0.202678
18 3 0.062632
19 3 -0.154988
20 3 0.127660
21 3 -0.132883
22 3 -0.150435
23 3 -0.282942
24 3 -0.044078
25 3 -0.007366
26 3 0.198919
27 3 0.215986
28 3 -0.098999
29 3 -0.174701
30 3 0.524626
31 3 -0.010484
32 3 0.280830
33 3 0.088966
34 3 0.075010
35 3 0.383276
36 3 -0.257947
37 3 0.369795
38 3 0.150391
39 3 0.077610
40 3 -0.079779
41 3 0.035059
42 3 -0.093299
43 3 -0.033024
44 3 0.439672
45 3 -0.233290
46 3 0.393287
47 3 -0.042124
48 3 0.302441
49 3 -0.214339
50 3 -0.532771
51 3 0.140656
52 3 -0.062915
53 3 0.087759
54 3 -0.268809
55 3 -0.366926
56 3 -0.134074
57 3 -0.149761
58 3 -0.340464
59 3 -0.413076
60 3 -0.385759
61 3 0.193160
62 3 -0.058904
63 3 -0.102855
64 3 -0.259576
65 3 0.180043
66 3 0.055994
67 3 0.117432
68 3 0.062673
69 3 0.148935
70 3 -0.031638
71 3 0.308123
72 3 -0.289598
73 3 -0.328812
74 3 0.237326
75 3 -0.256880
76 3 0.410273
77 3 0.313985
78 3 0.205215
79 3 -0.089793
80 3 -0.187869
81 3 0.011546
82 3 -0.325235
83 3 -0.022781
84 3 -0.179968
85 3 -0.016109
86 3 -0.150875
87 3 0.236214
88 3 0.003542
89 3 0.465253
90 3 -0.077405
91 3 -0.448959
92 3 -0.264859
93 3 -0.081585
94 3 -0.348306
95 3 0.015135
96 3 -0.210391
97 3 0.112212
98 3 -0.074962
99 3 -0.256122
100 3 0.324220
101 3 -0.059066
102 3 0.123213
103 3 -0.335686
104 3 -0.049447
105 3 -0.004455
106 3 -0.057630
107 3 0.110161
108 3 -0.200016
109 3 -0.160172
110 3 -0.058347
111 3 0.106711
112 3 0.054742
113 3 0.137364
114 3 -0.296942
115 3 0.072857
116 3 -0.137782
117 3 0.002716
118 3 -0.163918
119 3 -0.117270
120 3 0.081082
121 3 -0.137877
122 3 -0.031542
123 3 0.082482
124 3 0.069293
125 3 -0.501714
126 3 0.111703
127 3 0.017614

0 4 -0.044111
1 4 0.532788
2 4 -0.126312
3 4 -0.137244
4 4 -0.509416
5 4 -0.212903
6 4 -0.257742
7 4 0.320678
8 4 0.315847
9 4 0.024169
10 4 0.135322
11 4 -0.027483
12 4 -0.040823
13 4 0.198595
14 4 -0.096626
15 4 -0.042008
16 4 0.408528
17 4 0.572460
18 4 0.197337
19 4 -0.232086
20 4 0.145919
21 4 -0.064698
22 4 -0.191393
23 4 -0.614713
24 4 -0.138775
25 4 0.295021
26 4 0.096467
27 4 0.452422
28 4 0.107196
29 4 0.075672
30 4 0.078833
31 4 0.166896
32 4 0.136329
33 4 0.229825
34 4 0.169918
35 4 0.260479
36 4 -0.362429
37 4 0.172191
38 4 0.029802
39 4 -0.126123
40 4 -0.243993
41 4 -0.129080
42 4 -0.233613
43 4 -0.150664
44 4 -0.120602
45 4 0.043133
46 4 0.295982
47 4 -0.330950
48 4 0.543926
49 4 -0.447221
50 4 -0.556191
51 4 -0.163025
52 4 -0.098682
53 4 0.140741
54 4 -0.089926
55 4 -0.128021
56 4 -0.237401
57 4 -0.057400
58 4 -0.382193
59 4 -0.649457
60 4 -0.109922
61 4 0.127431
62 4 0.160857
63 4 -0.322653
64 4 0.029827
65 4 -0.087835
66 4 0.162263
67 4 0.056419
68 4 0.135003
69 4 -0.149694
70 4 -0.028729
71 4 0.332419
72 4 -0.320397
73 4 -0.340313
74 4 0.171971
75 4 0.008914
76 4 0.100563
77 4 0.283402
78 4 -0.122873
79 4 0.174397
80 4 -0.200881
81 4 0.261681
82 4 -0.054388
83 4 0.504079
84 4 0.001711
85 4 -0.103994
86 4 0.089560
87 4 -0.405542
88 4 -0.022559
89 4 0.101681
90 4 -0.033236
91 4 -0.538922
92 4 -0.163052
93 4 0.055913
94 4 0.251640
95 4 -0.036189
96 4 -0.126872
97 4 -0.038203
98 4 -0.137661
99 4 -0.052313
100 4 0.593434
101 4 -0.078519
102 4 -0.364558
103 4 -0.395217
104 4 -0.002973
105 4 -0.116032
106 4 0.094463
107 4 0.343745
108 4 -0.031892
109 4 -0.533150
110 4 0.501925
111 4 0.064834
112 4 0.155317
113 4 -0.142315
114 4 -0.025158
115 4 -0.238166
116 4 -0.163081
117 4 -0.195274
118 4 0.003428
119 4 -0.485812
120 4 0.252317
121 4 -0.162480
122 4 0.262369
123 4 -0.286146
124 4 0.089384
125 4 -0.120546
126 4 -0.040182
127 4 -0.052973

0 5 0.048856
1 5 0.351179
2 5 -0.579670
3 5 -0.188277
4 5 -0.340277
5 5 0.093337
6 5 -0.367177
7 5 0.123076
8 5 0.170146
9 5 -0.007837
10 5 0.246908
11 5 -0.236515
12 5 0.251921
13 5 -0.009843
14 5 0.142368
15 5 0.219609
16 5 0.445200
17 5 0.580231
18 5 0.310774
19 5 -0.387811
20 5 0.269690
21 5 -0.006594
22 5 -0.356934
23 5 -0.648209
24 5 0.039450
25 5 0.094217
26 5 0.389220
27 5 0.668555
28 5 -0.095747
29 5 0.372157
30 5 0.602918
31 5 0.242284
32 5 0.065340
33 5 0.240778
34 5 0.487549
35 5 0.170240
36 5 -0.531452
37 5 0.355602
38 5 0.337827
39 5 -0.248093
40 5 -0.105198
41 5 -0.524051
42 5 -0.214848
43 5 0.341794
44 5 0.108225
45 5 0.043081
46 5 0.819538
47 5 -0.257332
48 5 0.362636
49 5 -0.507395
50 5 -0.823626
51 5 0.149763
52 5 -0.039073
53 5 0.113993
54 5 -0.334720
55 5 0.086215
56 5 -0.168401
57 5 -0.163108
58 5 -0.629963
59 5 -0.708079
60 5 -0.178696
61 5 0.014918
62 5 0.485128
63 5 -0.349559
64 5 -0.204547
65 5 -0.391895
66 5 0.155431
67 5 0.453070
68 5 0.401932
69 5 -0.422066
70 5 -0.253036
71 5 0.269770
72 5 -0.759970
73 5 -0.063962
74 5 -0.091046
75 5 0.159171
76 5 0.201921
77 5 0.307042
78 5 0.422683
79 5 0.388426
80 5 -0.178613
81 5 0.378210
82 5 -0.218547
83 5 0.458207
84 5 -0.042807
85 5 -0.050394
86 5 -0.144921
87 5 -0.281014
88 5 0.102176
89 5 0.402302
90 5 -0.074045
91 5 -0.626389
92 5 -0.377347
93 5 0.050587
94 5 -0.049289
95 5 -0.036220
96 5 -0.564902
97 5 0.136272
98 5 -0.271060
99 5 0.286256
100 5 0.805198
101 5 -0.319027
102 5 -0.313548
103 5 -0.331407
104 5 -0.198837
105 5 0.112296
106 5 0.262397
107 5 0.293291
108 5 -0.010955
109 5 -0.350527
110 5 0.471201
111 5 0.002262
112 5 0.537401
113 5 -0.088507
114 5 0.178776
115 5 -0.404781
116 5 -0.403076
117 5 -0.257139
118 5 -0.109800
119 5 -0.389186
120 5 0.037222
121 5 -0.215571
122 5 0.249181
123 5 -0.345413
124 5 -0.016577
125 5 -0.171709
126 5 0.102417
127 5 0.091308

0 6 0.024596
1 6 0.049963
2 6 -0.199749
3 6 -0.427496
4 6 -0.504307
5 6 0.072670
6 6 -0.369682
7 6 0.154853
8 6 0.035290
9 6 -0.181096
10 6 -0.023989
11 6 0.194822
12 6 0.178879
13 6 -0.774567
14 6 -0.508346
15 6 0.103848
16 6 0.134650
17 6 -0.392971
18 6 -0.100391
19 6 0.205359
20 6 0.739454
21 6 -0.474539
22 6 -0.202968
23 6 0.126365
24 6 -0.641827
25 6 -0.138385
26 6 0.041070
27 6 0.502320
28 6 -0.117730
29 6 -0.136124
30 6 0.299708
31 6 -0.113019
32 6 0.116749
33 6 0.493595
34 6 0.114075
35 6 0.092752
36 6 -0.110492
37 6 0.817498
38 6 0.161495
39 6 -0.175086
40 6 -0.031224
41 6 -0.101368
42 6 -0.426904
43 6 -0.266503
44 6 0.320162
45 6 0.144709
46 6 0.918837
47 6 -0.429909
48 6 -0.104619
49 6 -0.719401
50 6 -0.203542
51 6 0.180917
52 6 0.021134
53 6 0.010280
54 6 0.070128
55 6 -0.087514
56 6 0.149918
57 6 0.229153
58 6 -1.019364
59 6 -0.571015
60 6 -0.144131
61 6 0.349824
62 6 -0.053229
63 6 -0.344651
64 6 -0.634715
65 6 0.094965
66 6 -0.303197
67 6 0.284233
68 6 0.108447
69 6 -0.158099
70 6 0.166310
71 6 0.883465
72 6 -0.109828
73 6 0.223658
74 6 0.042466
75 6 0.277545
76 6 -0.099389
77 6 0.437287
78 6 -0.236446
79 6 0.251228
80 6 -0.519164
81 6 0.271601
82 6 0.076497
83 6 0.341045
84 6 0.317773
85 6 0.202573
86 6 0.030594
87 6 -0.185593
88 6 0.002264
89 6 0.474973
90 6 -0.374670
91 6 -0.206439
92 6 -0.404118
93 6 -0.041408
94 6 -0.210630
95 6 0.410092
96 6 -0.545043
97 6 0.337168
98 6 -0.182511
99 6 0.216215
100 6 0.495173
101 6 -0.298139
102 6 0.138222
103 6 -0.679249
104 6 0.083462
105 6 0.098287
106 6 -0.026873
107 6 0.677393
108 6 0.200584
109 6 0.094475
110 6 -0.285107
111 6 0.473575
112 6 0.367469
113 6 -0.472278
114 6 -0.159798
115 6 -0.758687
116 6 -0.397565
117 6 -0.063468
118 6 -0.582014
119 6 -0.356149
120 6 -0.763663
121 6 0.185947
122 6 0.779271
123 6 -0.262329
124 6 -0.467529
125 6 0.082981
126 6 -0.017471
127 6 -0.208940

0 7 0.132150
1 7 -0.176212
2 7 -0.552020
3 7 -0.431281
4 7 -0.345890
5 7 0.281522
6 7 -0.157771
7 7 -0.124763
8 7 -0.128288
9 7 -0.175349
10 7 0.168300
11 7 0.030627
12 7 0.191945
13 7 -0.475599
14 7 0.098148
15 7 0.231137
16 7 0.253493
17 7 -0.324710
18 7 -0.042645
19 7 -0.001998
20 7 0.565936
21 7 -0.275371
22 7 -0.308904
23 7 0.115520
24 7 -0.330303
25 7 -0.336353
26 7 0.142253
27 7 0.507699
28 7 -0.413413
29 7 0.141196
30 7 0.751897
31 7 -0.203056
32 7 -0.025454
33 7 0.136408
34 7 0.471554
35 7 -0.079816
36 7 -0.330752
37 7 0.686927
38 7 0.292685
39 7 -0.148949
40 7 0.105002
41 7 -0.515934
42 7 -0.119334
43 7 0.245971
44 7 0.487919
45 7 -0.072060
46 7 0.876780
47 7 -0.032125
48 7 -0.442411
49 7 -0.471082
50 7 -0.255481
51 7 0.480279
52 7 0.128189
53 7 -0.062831
54 7 -0.272607
55 7 -0.184094
56 7 0.238881
57 7 -0.044222
58 7 -1.144062
59 7 -0.362752
60 7 -0.067927
61 7 0.108372
62 7 0.164063
63 7 -0.108522
64 7 -0.501058
65 7 -0.123281
66 7 -0.237678
67 7 0.251883
68 7 0.280861
69 7 -0.064962
70 7 -0.158279
71 7 0.531508
72 7 -0.499343
73 7 0.204088
74 7 -0.260769
75 7 0.143162
76 7 0.086703
77 7 0.078942
78 7 0.486827
79 7 0.188301
80 7 -0.373383
81 7 0.252232
82 7 -0.434043
83 7 0.209051
84 7 0.300192
85 7 0.123676
86 7 0.060993
87 7 0.305257
88 7 -0.031438
89 7 0.755911
90 7 -0.046631
91 7 -0.475366
92 7 -0.727143
93 7 0.101220
94 7 -0.660904
95 7 0.049263
96 7 -0.709930
97 7 0.423087
98 7 -0.264446
99 7 0.297655
100 7 0.496375
101 7 -0.347424
102 7 0.353506
103 7 -0.144198
104 7 -0.160598
105 7 0.326419
106 7 0.176224
107 7 0.463537
108 7 0.243900
109 7 0.322382
110 7 -0.166680
111 7 0.440172
112 7 0.458870
113 7 -0.173084
114 7 -0.104551
115 7 -0.522884
116 7 -0.273330
117 7 0.027324
118 7 -0.487195
119 7 -0.149060
120 7 -0.753508
121 7 0.202659
122 7 0.543654
123 7 -0.125973
124 7 -0.168060
125 7 -0.107709
126 7 0.176034
127 7 0.207227

0 8 0.082423
1 8 -0.037830
2 8 -0.173390
3 8 -0.118317
4 8 -0.011650
5 8 0.194970
6 8 -0.142104
7 8 -0.254203
8 8 0.166489
9 8 0.134854
10 8 0.042244
11 8 -0.366332
12 8 0.238253
13 8 0.466420
14 8 0.175184
15 8 0.190789
16 8 0.263126
17 8 0.323481
18 8 0.071080
19 8 -0.082695
20 8 0.067885
21 8 -0.040656
22 8 -0.284233
23 8 -0.434208
24 8 0.117221
25 8 0.044831
26 8 0.040994
27 8 0.289460
28 8 -0.109063
29 8 0.195825
30 8 0.459619
31 8 -0.025026
32 8 -0.057534
33 8 0.032129
34 8 0.207809
35 8 0.301502
36 8 -0.245135
37 8 0.178830
38 8 0.179900
39 8 -0.054996
40 8 -0.155593
41 8 -0.220766
42 8 0.140565
43 8 0.287410
44 8 0.184886
45 8 -0.335699
46 8 0.499530
47 8 0.079063
48 8 0.165964
49 8 -0.157016
50 8 -0.636752
51 8 0.299372
52 8 -0.141448
53 8 0.014923
54 8 -0.216307
55 8 0.068614
56 8 -0.179568
57 8 -0.421424
58 8 -0.278143
59 8 -0.536583
60 8 -0.270983
61 8 -0.160640
62 8 0.249708
63 8 -0.172255
64 8 -0.038285
65 8 -0.032265
66 8 -0.213096
67 8 -0.020716
68 8 0.141802
69 8 -0.012671
70 8 -0.474671
71 8 0.094768
72 8 -0.420215
73 8 -0.113170
74 8 -0.055565
75 8 -0.049442
76 8 0.290385
77 8 0.122305
78 8 0.383639
79 8 0.271376
80 8 -0.280276
81 8 0.137917
82 8 -0.061945
83 8 -0.001711
84 8 0.023694
85 8 -0.238221
86 8 -0.007452
87 8 0.441505
88 8 0.080884
89 8 0.459609
90 8 0.068489
91 8 -0.524086
92 8 0.020173
93 8 0.104987
94 8 -0.123507
95 8 -0.137554
96 8 -0.163807
97 8 0.135067
98 8 -0.175883
99 8 -0.045598
100 8 0.247873
101 8 -0.060470
102 8 0.050104
103 8 -0.032912
104 8 -0.200930
105 8 -0.003571
106 8 0.349642
107 8 -0.068355
108 8 -0.095919
109 8 -0.201560
110 8 0.068682
111 8 -0.073443
112 8 0.356821
113 8 0.157626
114 8 -0.062793
115 8 -0.003359
116 8 -0.203730
117 8 0.011301
118 8 -0.175189
119 8 0.115339
120 8 -0.167103
121 8 -0.062447
122 8 -0.147663
123 8 -0.083281
124 8 0.018565
125 8 -0.186415
126 8 0.127705
127 8 0.123057

0 9 -0.024631
1 9 -0.090143
2 9 -0.070819
3 9 -0.232620
4 9 -0.040820
5 9 0.240636
6 9 -0.186111
7 9 -0.300989
8 9 0.023092
9 9 0.043245
10 9 0.031896
11 9 -0.516745
12 9 0.287140
13 9 0.428008
14 9 0.192274
15 9 0.357821
16 9 0.294861
17 9 0.372102
18 9 0.083003
19 9 -0.115555
20 9 0.015898
21 9 -0.061906
22 9 -0.409178
23 9 -0.520454
24 9 0.098713
25 9 0.014030
26 9 0.117398
27 9 0.459912
28 9 -0.012960
29 9 0.212352
30 9 0.673875
31 9 -0.192858
32 9 -0.160935
33 9 0.117499
34 9 0.231456
35 9 0.303852
36 9 -0.288157
37 9 0.563714
38 9 0.250693
39 9 -0.028716
40 9 -0.215784
41 9 -0.503594
42 9 0.121587
43 9 0.248105
44 9 0.163639
45 9 -0.340093
46 9 0.665936
47 9 0.039496
48 9 0.163032
49 9 -0.252275
50 9 -0.745782
51 9 0.468148
52 9 -0.056149
53 9 0.017755
54 9 -0.085123
55 9 0.139718
56 9 -0.026222
57 9 -0.448969
58 9 -0.468659
59 9 -0.614215
60 9 -0.270946
61 9 -0.154751
62 9 0.308364
63 9 -0.128895
64 9 -0.080508
65 9 -0.028782
66 9 -0.082670
67 9 -0.033883
68 9 -0.052881
69 9 0.009176
70 9 -0.464953
71 9 0.145383
72 9 -0.432723
73 9 -0.095410
74 9 -0.187042
75 9 0.058450
76 9 0.261708
77 9 0.111211
78 9 0.516132
79 9 0.504163
80 9 -0.396316
81 9 0.228474
82 9 -0.174535
83 9 0.140619
84 9 0.153131
85 9 -0.090596
86 9 -0.023208
87 9 0.565477
88 9 0.054574
89 9 0.380878
90 9 -0.019530
91 9 -0.806649
92 9 -0.093974
93 9 0.149527
94 9 -0.126673
95 9 -0.279821
96 9 -0.313387
97 9 0.159185
98 9 -0.159120
99 9 0.115111
100 9 0.437236
101 9 -0.047905
102 9 0.081390
103 9 -0.084642
104 9 -0.214728
105 9 0.075865
106 9 0.405516
107 9 0.058552
108 9 -0.076707
109 9 -0.203955
110 9 0.071051
111 9 -0.118633
112 9 0.568757
113 9 0.160574
114 9 -0.022222
115 9 -0.301855
116 9 -0.365706
117 9 -0.010846
118 9 -0.275869
119 9 0.247764
120 9 -0.361327
121 9 -0.058236
122 9 -0.029746
123 9 -0.117824
124 9 -0.056836
125 9 -0.036985
126 9 0.149974
127 9 0.204976

0 10 0.095891
1 10 0.186449
2 10 -0.229622
3 10 -0.117156
4 10 -0.315490
5 10 -0.156421
6 10 -0.224848
7 10 0.115430
8 10 0.137178
9 10 -0.007186
10 10 0.138040
11 10 0.143932
12 10 0.084734
13 10 0.159443
14 10 -0.055724
15 10 -0.063404
16 10 0.340052
17 10 0.313106
18 10 -0.026516
19 10 0.005407
20 10 0.279751
21 10 -0.078592
22 10 -0.155434
23 10 -0.326393
24 10 -0.210599
25 10 0.145163
26 10 -0.084797
27 10 0.234513
28 10 -0.054605
29 10 0.112347
30 10 0.099127
31 10 0.238772
32 10 0.004092
33 10 0.095579
34 10 0.100028
35 10 0.029892
36 10 -0.223019
37 10 0.067948
38 10 0.005485
39 10 -0.174332
40 10 -0.104654
41 10 0.016303
42 10 -0.034120
43 10 -0.012154
44 10 0.089917
45 10 0.022419
46 10 0.338899
47 10 -0.149834
48 10 0.199440
49 10 -0.205650
50 10 -0.286662
51 10 -0.087576
52 10 -0.094874
53 10 0.106868
54 10 -0.138365
55 10 -0.130809
56 10 -0.143669
57 10 -0.029144
58 10 -0.337623
59 10 -0.555727
60 10 -0.136705
61 10 0.070276
62 10 -0.007685
63 10 -0.271914
64 10 -0.053801
65 10 -0.053231
66 10 0.051267
67 10 0.034011
68 10 0.065009
69 10 -0.054149
70 10 -0.104919
71 10 0.251452
72 10 -0.237023
73 10 -0.168997
74 10 0.097649
75 10 -0.192357
76 10 0.079915
77 10 0.209144
78 10 -0.099498
79 10 0.050391
80 10 -0.039213
81 10 0.154498
82 10 0.050555
83 10 0.175289
84 10 0.125038
85 10 -0.063317
86 10 0.096383
87 10 -0.081854
88 10 -0.051486
89 10 0.180167
90 10 -0.076256
91 10 -0.288127
92 10 -0.153995
93 10 0.118095
94 10 0.084384
95 10 -0.021485
96 10 -0.076733
97 10 0.040517
98 10 -0.223586
99 10 0.084762
100 10 0.304150
101 10 -0.094363
102 10 -0.050861
103 10 -0.110584
104 10 -0.009024
105 10 -0.101846
106 10 0.098291
107 10 0.149291
108 10 0.084006
109 10 -0.267584
110 10 0.279235
111 10 0.164243
112 10 0.134802
113 10 -0.079459
114 10 -0.087531
115 10 -0.016792
116 10 -0.022707
117 10 -0.044666
118 10 -0.054722
119 10 -0.215495
120 10 0.029872
121 10 -0.043367
122 10 0.178777
123 10 -0.228802
124 10 0.035062
125 10 0.004963
126 10 -0.096853
127 10 -0.062408

0 11 0.119084
1 11 -0.023753
2 11 -0.344804
3 11 -0.168225
4 11 -0.196062
5 11 0.009284
6 11 -0.246036
7 11 -0.102479
8 11 0.053442
9 11 0.062166
10 11 0.076282
11 11 0.043836
12 11 0.214448
13 11 0.115914
14 11 -0.031507
15 11 0.074046
16 11 0.323970
17 11 0.189101
18 11 0.039942
19 11 0.045307
20 11 0.335674
21 11 -0.068927
22 11 -0.197425
23 11 -0.179063
24 11 -0.150341
25 11 -0.004139
26 11 -0.004987
27 11 0.300297
28 11 -0.127783
29 11 0.173893
30 11 0.261995
31 11 0.163611
32 11 0.035565
33 11 0.110982
34 11 0.107489
35 11 0.081043
36 11 -0.230582
37 11 0.147952
38 11 0.139459
39 11 -0.132241
40 11 -0.128360
41 11 -0.073422
42 11 -0.043345
43 11 0.162044
44 11 0.297919
45 11 0.009453
46 11 0.465799
47 11 -0.140826
48 11 0.091624
49 11 -0.203567
50 11 -0.387839
51 11 0.098220
52 11 -0.155606
53 11 0.105550
54 11 -0.222447
55 11 -0.025131
56 11 -0.094030
57 11 -0.071009
58 11 -0.405445
59 11 -0.462976
60 11 -0.252727
61 11 0.054461
62 11 0.092169
63 11 -0.236982
64 11 -0.240791
65 11 -0.046805
66 11 -0.080286
67 11 0.225959
68 11 0.014089
69 11 -0.108423
70 11 -0.165500
71 11 0.279729
72 11 -0.271426
73 11 -0.096696
74 11 -0.026896
75 11 -0.125241
76 11 0.120276
77 11 0.300065
78 11 0.086853
79 11 0.016210
80 11 -0.094830
81 11 0.119275
82 11 0.015375
83 11 0.008494
84 11 0.021597
85 11 -0.167915
86 11 -0.084321
87 11 0.054675
88 11 0.036334
89 11 0.294841
90 11 -0.132953
91 11 -0.275901
92 11 -0.093749
93 11 0.060289
94 11 -0.111327
95 11 0.088120
96 11 -0.276847
97 11 0.205455
98 11 -0.209961
99 11 0.118438
100 11 0.311615
101 11 -0.172899
102 11 -0.021544
103 11 -0.085855
104 11 -0.145234
105 11 -0.046955
106 11 0.109641
107 11 0.024976
108 11 0.006002
109 11 -0.094548
110 11 0.011569
111 11 0.084656
112 11 0.211745
113 11 0.025374
114 11 -0.077130
115 11 -0.087353
116 11 -0.143538
117 11 -0.012818
118 11 -0.172215
119 11 -0.022774
120 11 -0.166164
121 11 0.004199
122 11 0.158445
123 11 -0.173743
124 11 -0.125391
125 11 -0.099336
126 11 -0.053521
127 11 0.017828

0 12 0.005709
1 12 -0.145437
2 12 -0.431134
3 12 -0.526591
4 12 -0.077933
5 12 0.635385
6 12 -0.082472
7 12 -0.278250
8 12 0.173618
9 12 -0.199667
10 12 0.485694
11 12 0.397276
12 12 -0.013132
13 12 -0.563532
14 12 0.057036
15 12 0.161791
16 12 -0.224227
17 12 -1.031342
18 12 -0.226208
19 12 -0.014982
20 12 0.549127
21 12 -0.613764
22 12 0.014860
23 12 0.405483
24 12 -0.662331
25 12 -0.314223
26 12 0.233220
27 12 0.513619
28 12 -0.483209
29 12 -0.120331
30 12 0.840235
31 12 -0.419669
32 12 0.080224
33 12 0.256073
34 12 0.578706
35 12 0.329263
36 12 -0.075999
37 12 0.744970
38 12 0.335787
39 12 0.069628
40 12 0.387237
41 12 -0.061372
42 12 -0.320240
43 12 0.065312
44 12 0.519421
45 12 -0.133021
46 12 0.462115
47 12 -0.264010
48 12 -0.368455
49 12 -0.665113
50 12 -0.176921
51 12 0.406515
52 12 0.046979
53 12 -0.133181
54 12 -0.053953
55 12 -0.219926
56 12 0.318009
57 12 0.266107
58 12 -0.873187
59 12 0.017664
60 12 -0.123539
61 12 0.304601
62 12 -0.121849
63 12 -0.094944
64 12 -0.897930
65 12 0.140028
66 12 -0.398997
67 12 0.452057
68 12 0.324302
69 12 0.296798
70 12 0.098043
71 12 0.614247
72 12 -0.047185
73 12 0.070927
74 12 0.282495
75 12 0.174336
76 12 0.091357
77 12 0.208181
78 12 0.295608
79 12 -0.140600
80 12 -0.629529
81 12 -0.011817
82 12 -0.701345
83 12 0.025013
84 12 -0.123682
85 12 0.426160
86 12 -0.247134
87 12 0.188130
88 12 -0.124545
89 12 0.788365
90 12 -0.174066
91 12 -0.171582
92 12 -0.832545
93 12 -0.257259
94 12 -0.882721
95 12 0.369536
96 12 -0.693556
97 12 0.236998
98 12 -0.239079
99 12 -0.288257
100 12 0.264599
101 12 -0.415500
102 12 0.293201
103 12 -0.535568
104 12 0.158602
105 12 0.386388
106 12 -0.497190
107 12 0.632824
108 12 0.288781
109 12 0.566883
110 12 -0.441848
111 12 0.576362
112 12 0.327482
113 12 -0.140924
114 12 -0.314913
115 12 -0.279399
116 12 -0.414523
117 12 -0.188042
118 12 -0.236823
119 12 -0.259361
120 12 -0.597700
121 12 0.194566
122 12 0.734953
123 12 0.021457
124 12 -0.282421
125 12 -0.423710
126 12 0.273859
127 12 0.145879

0 13 -0.213771
1 13 0.041851
2 13 -0.445912
3 13 -0.465127
4 13 -0.044909
5 13 0.478889
6 13 0.047651
7 13 -0.539740
8 13 0.260469
9 13 -0.170697
10 13 0.667664
11 13 0.185945
12 13 -0.107517
13 13 -0.006367
14 13 0.337231
15 13 0.128166
16 13 -0.017430
17 13 -0.630099
18 13 -0.088969
19 13 -0.275901
20 13 0.155237
21 13 -0.512615
22 13 -0.030099
23 13 0.176490
24 13 -0.272638
25 13 -0.233292
26 13 0.390802
27 13 0.254114
28 13 -0.467632
29 13 -0.277486
30 13 0.812854
31 13 -0.339219
32 13 0.151889
33 13 0.153107
34 13 0.422076
35 13 0.399487
36 13 -0.117185
37 13 0.499836
38 13 0.335661
39 13 0.320489
40 13 0.374945
41 13 -0.084496
42 13 -0.321967
43 13 0.264072
44 13 0.497772
45 13 -0.360511
46 13 0.138391
47 13 -0.178097
48 13 -0.096256
49 13 -0.433968
50 13 -0.312200
51 13 0.237227
52 13 0.036651
53 13 -0.112822
54 13 -0.255847
55 13 -0.377362
56 13 0.162785
57 13 0.071453
58 13 -0.597927
59 13 0.218676
60 13 -0.231017
61 13 0.240330
62 13 -0.180480
63 13 0.052421
64 13 -0.659895
65 13 0.198132
66 13 -0.140095
67 13 0.532161
68 13 0.201467
69 13 0.494506
70 13 0.082971
71 13 0.370533
72 13 -0.276666
73 13 -0.202254
74 13 0.327422
75 13 -0.026051
76 13 0.299621
77 13 0.123139
78 13 0.615987
79 13 -0.221249
80 13 -0.503356
81 13 -0.033338
82 13 -1.053886
83 13 -0.055774
84 13 -0.322716
85 13 0.365023
86 13 -0.239675
87 13 0.359171
88 13 -0.058816
89 13 0.618595
90 13 -0.107765
91 13 -0.352896
92 13 -0.854510
93 13 -0.245404
94 13 -0.899881
95 13 0.058002
96 13 -0.602970
97 13 0.095771
98 13 -0.169661
99 13 -0.399040
100 13 0.297831
101 13 -0.406084
102 13 0.162869
103 13 -0.309790
104 13 0.110073
105 13 0.306315
106 13 -0.421429
107 13 0.402956
108 13 0.075778
109 13 0.414114
110 13 -0.277232
111 13 0.406904
112 13 0.135138
113 13 0.073453
114 13 -0.312955
115 13 -0.028786
116 13 -0.296077
117 13 -0.115946
118 13 0.061663
119 13 -0.052758
120 13 -0.109326
121 13 0.218275
122 13 0.292024
123 13 0.183610
124 13 0.229219
125 13 -0.742635
126 13 0.284631
127 13 0.227168

0 14 0.249212
1 14 0.118334
2 14 -0.360406
3 14 -0.098035
4 14 -0.188181
5 14 -0.008452
6 14 -0.094528
7 14 -0.109561
8 14 0.334987
9 14 0.030140
10 14 0.223822
11 14 0.158952
12 14 -0.018541
13 14 0.215893
14 14 0.082551
15 14 -0.013304
16 14 0.197386
17 14 -0.012104
18 14 0.032612
19 14 -0.112812
20 14 0.198227
21 14 -0.005330
22 14 -0.102963
23 14 -0.059462
24 14 -0.214848
25 14 0.036607
26 14 -0.013818
27 14 0.168573
28 14 -0.145571
29 14 0.052298
30 14 0.256229
31 14 0.134019
32 14 0.136286
33 14 -0.001041
34 14 0.109713
35 14 0.279359
36 14 -0.101303
37 14 -0.131683
38 14 -0.049626
39 14 -0.068227
40 14 0.021454
41 14 0.218286
42 14 -0.080651
43 14 0.075134
44 14 0.153109
45 14 -0.069180
46 14 0.265342
47 14 -0.149142
48 14 -0.005199
49 14 -0.150155
50 14 -0.257478
51 14 0.069412
52 14 -0.161701
53 14 0.059612
54 14 -0.240136
55 14 -0.236301
56 14 -0.060064
57 14 -0.035800
58 14 -0.174756
59 14 -0.202031
60 14 -0.064719
61 14 0.105542
62 14 -0.007350
63 14 -0.325023
64 14 -0.160192
65 14 0.118740
66 14 -0.092202
67 14 0.020729
68 14 0.184876
69 14 0.198647
70 14 -0.021217
71 14 0.023336
72 14 -0.114256
73 14 -0.071032
74 14 0.187427
75 14 -0.142675
76 14 0.206287
77 14 0.198847
78 14 0.146120
79 14 -0.225297
80 14 0.056616
81 14 -0.071465
82 14 -0.294878
83 14 -0.058105
84 14 -0.193113
85 14 0.036135
86 14 -0.040094
87 14 -0.004295
88 14 -0.015802
89 14 0.200910
90 14 -0.019259
91 14 -0.281833
92 14 -0.130392
93 14 -0.039698
94 14 -0.289104
95 14 0.036849
96 14 -0.225058
97 14 0.107924
98 14 -0.122458
99 14 -0.182783
100 14 0.167383
101 14 -0.134132
102 14 0.016495
103 14 -0.086654
104 14 0.029125
105 14 -0.109487
106 14 -0.028874
107 14 0.149514
108 14 -0.059570
109 14 0.044184
110 14 0.133845
111 14 0.169743
112 14 -0.000287
113 14 0.116162
114 14 -0.200133
115 14 0.106472
116 14 0.026321
117 14 0.023802
118 14 0.123331
119 14 -0.176032
120 14 -0.011218
121 14 0.020300
122 14 0.042659
123 14 -0.004213
124 14 0.007874
125 14 -0.185603
126 14 -0.049427
127 14 0.119661

0 15 0.245705
1 15 0.270729
2 15 -0.554145
3 15 -0.152640
4 15 -0.202278
5 15 0.090783
6 15 -0.149091
7 15 -0.134599
8 15 0.426936
9 15 0.029299
10 15 0.372003
11 15 0.200742
12 15 0.032722
13 15 0.241276
14 15 0.049073
15 15 0.034956
16 15 0.241949
17 15 -0.053883
18 15 0.191399
19 15 -0.228593
20 15 0.233502
21 15 -0.062708
22 15 -0.091463
23 15 -0.128158
24 15 -0.179640
25 15 0.054598
26 15 0.111215
27 15 0.195927
28 15 -0.190942
29 15 0.069230
30 15 0.292475
31 15 0.180697
32 15 0.182915
33 15 0.060261
34 15 0.135473
35 15 0.352794
36 15 -0.154374
37 15 -0.126232
38 15 0.047135
39 15 -0.057522
40 15 0.073573
41 15 0.220376
42 15 -0.208968
43 15 0.177933
44 15 0.204138
45 15 -0.072286
46 15 0.423112
47 15 -0.270705
48 15 0.098974
49 15 -0.253430
50 15 -0.397207
51 15 -0.002223
52 15 -0.166753
53 15 0.111063
54 15 -0.290819
55 15 -0.218712
56 15 -0.050392
57 15 -0.008711
58 15 -0.182349
59 15 -0.227237
60 15 -0.194935
61 15 0.069823
62 15 0.018676
63 15 -0.355224
64 15 -0.212666
65 15 0.134858
66 15 -0.085442
67 15 0.252590
68 15 0.306052
69 15 0.122414
70 15 -0.028914
71 15 0.048225
72 15 -0.229414
73 15 -0.014298
74 15 0.273157
75 15 -0.160461
76 15 0.215835
77 15 0.222215
78 15 0.203975
79 15 -0.302190
80 15 0.031037
81 15 -0.024241
82 15 -0.407324
83 15 -0.073216
84 15 -0.313048
85 15 0.044822
86 15 -0.191859
87 15 -0.131147
88 15 -0.002882
89 15 0.316991
90 15 -0.120461
91 15 -0.225276
92 15 -0.216265
93 15 -0.088279
94 15 -0.426924
95 15 0.062011
96 15 -0.407546
97 15 0.133603
98 15 -0.189273
99 15 -0.129232
100 15 0.235678
101 15 -0.291647
102 15 -0.105296
103 15 -0.117518
104 15 0.041992
105 15 -0.147597
106 15 -0.012315
107 15 0.168160
108 15 -0.118023
109 15 0.118170
110 15 0.051108
111 15 0.183801
112 15 0.055932
113 15 0.124846
114 15 -0.151738
115 15 -0.007226
116 15 -0.029223
117 15 0.039138
118 15 0.169951
119 15 -0.266208
120 15 -0.003142
121 15 -0.015280
122 15 -0.016930
123 15 0.090824
124 15 0.096186
125 15 -0.319282
126 15 -0.049005
127 15 0.140293

0 16 0.142681
1 16 0.390592
2 16 -0.294493
3 16 -0.173587
4 16 -0.334903
5 16 -0.018498
6 16 -0.243153
7 16 0.338208
8 16 0.445403
9 16 0.066302
10 16 0.191095
11 16 0.132666
12 16 -0.124320
13 16 0.076782
14 16 -0.132505
15 16 -0.056041
16 16 0.262216
17 16 0.132330
18 16 0.154351
19 16 -0.178982
20 16 0.286439
21 16 -0.053170
22 16 -0.003798
23 16 -0.379978
24 16 -0.302985
25 16 0.236308
26 16 0.034254
27 16 0.359067
28 16 -0.031561
29 16 0.162654
30 16 -0.010163
31 16 0.217591
32 16 0.123943
33 16 0.124879
34 16 0.158298
35 16 0.227128
36 16 -0.131383
37 16 -0.069151
38 16 -0.018817
39 16 -0.166565
40 16 -0.007927
41 16 0.105772
42 16 -0.264079
43 16 0.046332
44 16 -0.035365
45 16 0.100596
46 16 0.327793
47 16 -0.427373
48 16 0.237538
49 16 -0.388081
50 16 -0.362421
51 16 -0.072697
52 16 -0.138695
53 16 0.127093
54 16 -0.101259
55 16 -0.097982
56 16 -0.071083
57 16 -0.013303
58 16 -0.310011
59 16 -0.431084
60 16 -0.009960
61 16 0.057089
62 16 0.177291
63 16 -0.480032
64 16 -0.175050
65 16 -0.026708
66 16 -0.081634
67 16 0.154615
68 16 0.303641
69 16 -0.092156
70 16 0.025011
71 16 0.202610
72 16 -0.176775
73 16 -0.078655
74 16 0.233430
75 16 0.024124
76 16 0.009620
77 16 0.280201
78 16 -0.089848
79 16 -0.051120
80 16 -0.057442
81 16 0.119748
82 16 -0.153567
83 16 0.255908
84 16 -0.160713
85 16 -0.004053
86 16 -0.054232
87 16 -0.469283
88 16 -0.015302
89 16 0.097888
90 16 -0.029575
91 16 -0.312668
92 16 -0.157384
93 16 -0.038648
94 16 -0.017684
95 16 0.125379
96 16 -0.233524
97 16 0.067310
98 16 -0.137824
99 16 -0.049661
100 16 0.376058
101 16 -0.223655
102 16 -0.357301
103 16 -0.250402
104 16 0.143219
105 16 -0.158403
106 16 -0.012969
107 16 0.324947
108 16 -0.026638
109 16 -0.145739
110 16 0.360641
111 16 0.182831
112 16 0.082970
113 16 -0.043610
114 16 -0.004068
115 16 -0.130577
116 16 -0.130096
117 16 -0.059390
118 16 0.148207
119 16 -0.433952
120 16 0.129014
121 16 -0.017924
122 16 0.256693
123 16 -0.200365
124 16 -0.009044
125 16 -0.094663
126 16 -0.146144
127 16 0.047843

0 17 0.534454
1 17 0.457050
2 17 -0.795722
3 17 -0.254842
4 17 -0.279814
5 17 0.103720
6 17 -0.299606
7 17 0.445623
8 17 0.524934
9 17 0.059927
10 17 0.313461
11 17 0.256730
12 17 -0.070056
13 17 -0.259738
14 17 -0.065071
15 17 0.008042
16 17 0.172846
17 17 0.034716
18 17 0.242151
19 17 -0.268082
20 17 0.446900
21 17 -0.113321
22 17 -0.128529
23 17 -0.314028
24 17 -0.347988
25 17 0.103692
26 17 0.203841
27 17 0.556913
28 17 -0.285933
29 17 0.421026
30 17 0.273183
31 17 0.385175
32 17 0.001781
33 17 0.115819
34 17 0.450781
35 17 0.211497
36 17 -0.246920
37 17 -0.160006
38 17 0.093360
39 17 -0.419563
40 17 0.063038
41 17 0.060098
42 17 -0.265574
43 17 0.266109
44 17 -0.000569
45 17 0.224555
46 17 0.681229
47 17 -0.531093
48 17 0.046978
49 17 -0.529536
50 17 -0.409351
51 17 -0.044190
52 17 -0.197900
53 17 0.100493
54 17 -0.287217
55 17 0.082139
56 17 -0.028994
57 17 0.141804
58 17 -0.442244
59 17 -0.475833
60 17 0.051040
61 17 0.043453
62 17 0.321214
63 17 -0.659798
64 17 -0.273937
65 17 -0.311159
66 17 -0.070653
67 17 0.407970
68 17 0.665380
69 17 -0.271384
70 17 -0.070094
71 17 0.149255
72 17 -0.345836
73 17 0.188180
74 17 0.175647
75 17 0.204544
76 17 -0.039632
77 17 0.260080
78 17 0.082369
79 17 -0.071417
80 17 0.092193
81 17 0.213776
82 17 -0.242537
83 17 0.306909
84 17 -0.206813
85 17 0.092017
86 17 -0.217567
87 17 -0.611068
88 17 -0.058189
89 17 0.303639
90 17 -0.073268
91 17 -0.260540
92 17 -0.315845
93 17 -0.072757
94 17 -0.272529
95 17 0.216454
96 17 -0.649464
97 17 0.205825
98 17 -0.369576
99 17 0.167376
100 17 0.473180
101 17 -0.460204
102 17 -0.365552
103 17 -0.231898
104 17 0.096990
105 17 0.018684
106 17 -0.020241
107 17 0.370417
108 17 0.107891
109 17 -0.006630
110 17 0.451642
111 17 0.249866
112 17 0.231905
113 17 -0.044360
114 17 0.185067
115 17 -0.236374
116 17 -0.178423
117 17 -0.171761
118 17 0.185719
119 17 -0.681029
120 17 -0.060977
121 17 -0.043351
122 17 0.419493
123 17 -0.248359
124 17 -0.144250
125 17 -0.032624
126 17 -0.180822
127 17 0.112166

0 18 0.952935
1 18 0.417015
2 18 -1.017937
3 18 -0.520417
4 18 -0.369699
5 18 0.382106
6 18 -0.408836
7 18 0.643951
8 18 0.488300
9 18 -0.026579
10 18 0.304519
11 18 0.700985
12 18 -0.028110
13 18 -0.913093
14 18 -0.459102
15 18 0.060955
16 18 0.010685
17 18 -0.709538
18 18 0.153583
19 18 0.028399
20 18 1.031000
21 18 -0.462118
22 18 -0.142313
23 18 0.058496
24 18 -0.810649
25 18 -0.104204
26 18 0.135449
27 18 0.849086
28 18 -0.613633
29 18 0.488775
30 18 0.211312
31 18 0.297576
32 18 -0.089264
33 18 0.275631
34 18 0.756797
35 18 0.081167
36 18 -0.226857
37 18 0.143375
38 18 0.284127
39 18 -0.501468
40 18 0.355104
41 18 0.019897
42 18 -0.502970
43 18 0.158006
44 18 0.175947
45 18 0.384510
46 18 0.958415
47 18 -0.698581
48 18 -0.265472
49 18 -0.828564
50 18 -0.248462
51 18 0.137030
52 18 -0.073820
53 18 0.082514
54 18 -0.098942
55 18 0.187057
56 18 0.306632
57 18 0.620764
58 18 -0.946855
59 18 -0.424855
60 18 -0.013066
61 18 0.258789
62 18 0.180042
63 18 -0.667519
64 18 -0.570046
65 18 -0.296264
66 18 -0.371819
67 18 0.690778
68 18 0.790917
69 18 -0.490946
70 18 -0.017126
71 18 0.607593
72 18 -0.187934
73 18 0.654867
74 18 0.265050
75 18 0.404319
76 18 -0.342053
77 18 0.292824
78 18 -0.232762
79 18 -0.084441
80 18 -0.158827
81 18 0.318198
82 18 -0.223667
83 18 0.394010
84 18 0.000341
85 18 0.407071
86 18 -0.411050
87 18 -0.801763
88 18 -0.194065
89 18 0.555851
90 18 -0.141714
91 18 0.068106
92 18 -0.634990
93 18 0.021197
94 18 -0.678202
95 18 0.606422
96 18 -0.976974
97 18 0.307457
98 18 -0.497900
99 18 0.387488
100 18 0.523056
101 18 -0.635543
102 18 -0.154209
103 18 -0.426851
104 18 0.143448
105 18 0.098572
106 18 -0.310624
107 18 0.704813
108 18 0.474231
109 18 0.540318
110 18 -0.030829
111 18 0.679733
112 18 0.549445
113 18 -0.270621
114 18 0.262117
115 18 -0.646004
116 18 -0.371891
117 18 -0.137443
118 18 -0.084197
119 18 -0.915923
120 18 -0.701465
121 18 0.105607
122 18 1.061784
123 18 -0.229440
124 18 -0.521474
125 18 0.200951
126 18 -0.230275
127 18 0.138392

0 19 0.706331
1 19 0.173662
2 19 -1.057629
3 19 -0.464267
4 19 -0.302441
5 19 0.398507
6 19 -0.237607
7 19 0.317538
8 19 0.373489
9 19 -0.098312
10 19 0.351122
11 19 0.418553
12 19 -0.063686
13 19 -0.610824
14 19 0.041202
15 19 0.206724
16 19 0.079997
17 19 -0.518167
18 19 0.037926
19 19 -0.113945
20 19 0.668793
21 19 -0.291824
22 19 -0.241251
23 19 0.089905
24 19 -0.551847
25 19 -0.184831
26 19 0.181450
27 19 0.704875
28 19 -0.620092
29 19 0.370393
30 19 0.580431
31 19 0.088601
32 19 -0.139886
33 19 0.106263
34 19 0.787688
35 19 0.033905
36 19 -0.363455
37 19 0.113549
38 19 0.246264
39 19 -0.377516
40 19 0.323140
41 19 -0.264823
42 19 -0.304342
43 19 0.409229
44 19 0.175696
45 19 0.135804
46 19 0.697480
47 19 -0.407011
48 19 -0.378334
49 19 -0.554330
50 19 -0.313653
51 19 0.314077
52 19 -0.042527
53 19 0.011581
54 19 -0.259207
55 19 -0.026112
56 19 0.342809
57 19 0.357360
58 19 -0.887071
59 19 -0.214156
60 19 0.068705
61 19 0.088531
62 19 0.198394
63 19 -0.368863
64 19 -0.360610
65 19 -0.313208
66 19 -0.306725
67 19 0.553642
68 19 0.649910
69 19 -0.194783
70 19 -0.169325
71 19 0.316702
72 19 -0.423754
73 19 0.420834
74 19 0.067394
75 19 0.287796
76 19 -0.125562
77 19 0.075066
78 19 0.276489
79 19 -0.091961
80 19 -0.205124
81 19 0.287302
82 19 -0.558829
83 19 0.309606
84 19 0.023590
85 19 0.347458
86 19 -0.242340
87 19 -0.377810
88 19 -0.091540
89 19 0.556451
90 19 0.005460
91 19 -0.238255
92 19 -0.810585
93 19 0.117798
94 19 -0.730675
95 19 0.207868
96 19 -0.938470
97 19 0.257907
98 19 -0.429003
99 19 0.243340
100 19 0.521180
101 19 -0.555180
102 19 -0.021068
103 19 -0.152007
104 19 -0.035374
105 19 0.135186
106 19 -0.089624
107 19 0.504906
108 19 0.386728
109 19 0.593950
110 19 0.051913
111 19 0.521043
112 19 0.491595
113 19 -0.121935
114 19 0.207899
115 19 -0.471113
116 19 -0.237580
117 19 -0.113094
118 19 -0.019974
119 19 -0.649677
120 19 -0.577875
121 19 0.165609
122 19 0.763981
123 19 -0.137272
124 19 -0.193086
125 19 0.063607
126 19 -0.043704
127 19 0.262624

0 20 0.620382
1 20 0.192694
2 20 -0.758318
3 20 -0.172950
4 20 0.018715
5 20 0.175646
6 20 -0.127234
7 20 0.008602
8 20 0.613888
9 20 0.143021
10 20 0.176749
11 20 -0.044588
12 20 0.103335
13 20 0.268208
14 20 0.123118
15 20 -0.036364
16 20 0.042149
17 20 -0.087921
18 20 0.181664
19 20 -0.212813
20 20 0.300410
21 20 -0.078690
22 20 -0.108086
23 20 -0.274522
24 20 -0.092692
25 20 -0.063896
26 20 0.077753
27 20 0.278294
28 20 -0.254009
29 20 0.410487
30 20 0.435736
31 20 0.138069
32 20 0.048007
33 20 -0.135501
34 20 0.473380
35 20 0.381169
36 20 -0.345429
37 20 -0.257279
38 20 0.156232
39 20 -0.314592
40 20 -0.020404
41 20 0.206714
42 20 0.206188
43 20 0.356841
44 20 0.214323
45 20 -0.172515
46 20 0.828243
47 20 -0.190438
48 20 -0.079395
49 20 -0.326632
50 20 -0.605550
51 20 0.204370
52 20 -0.194007
53 20 0.112817
54 20 -0.401572
55 20 0.049325
56 20 -0.236125
57 20 -0.141137
58 20 -0.175819
59 20 -0.594844
60 20 -0.133203
61 20 -0.169946
62 20 0.196136
63 20 -0.516007
64 20 -0.207757
65 20 -0.242401
66 20 -0.268560
67 20 0.031333
68 20 0.613641
69 20 0.028095
70 20 -0.405043
71 20 0.102609
72 20 -0.440137
73 20 0.164178
74 20 0.115478
75 20 0.126118
76 20 0.232680
77 20 -0.034084
78 20 0.303720
79 20 -0.006931
80 20 0.007384
81 20 -0.004416
82 20 -0.171764
83 20 -0.093244
84 20 -0.178160
85 20 -0.160774
86 20 -0.065447
87 20 0.140863
88 20 0.006208
89 20 0.567167
90 20 0.173191
91 20 -0.337484
92 20 -0.139267
93 20 -0.152520
94 20 -0.382456
95 20 0.057342
96 20 -0.347277
97 20 0.240497
98 20 -0.461671
99 20 -0.184446
100 20 0.179659
101 20 -0.307229
102 20 0.032053
103 20 0.038900
104 20 -0.049243
105 20 0.027733
106 20 0.295699
107 20 0.021559
108 20 -0.111184
109 20 -0.090833
110 20 0.293816
111 20 0.105628
112 20 0.235819
113 20 0.258621
114 20 -0.027245
115 20 0.154672
116 20 0.043728
117 20 -0.078490
118 20 0.083902
119 20 -0.378760
120 20 -0.257151
121 20 -0.042009
122 20 0.090483
123 20 -0.141342
124 20 -0.044900
125 20 -0.269856
126 20 0.052582
127 20 0.138178

0 21 0.616498
1 21 0.285258
2 21 -0.672458
3 21 -0.380570
4 21 -0.139612
5 21 0.193719
6 21 -0.245715
7 21 0.284017
8 21 0.566865
9 21 0.023657
10 21 0.227332
11 21 0.034272
12 21 -0.000781
13 21 -0.004908
14 21 0.010212
15 21 0.025738
16 21 0.066055
17 21 -0.046629
18 21 0.145790
19 21 -0.184842
20 21 0.444518
21 21 -0.176260
22 21 -0.168544
23 21 -0.400300
24 21 -0.321027
25 21 0.064862
26 21 0.188945
27 21 0.543369
28 21 -0.299882
29 21 0.394692
30 21 0.462609
31 21 0.095835
32 21 -0.110887
33 21 -0.027382
34 21 0.528723
35 21 0.253709
36 21 -0.294843
37 21 0.048981
38 21 0.239400
39 21 -0.400132
40 21 -0.005688
41 21 -0.099927
42 21 0.026505
43 21 0.348486
44 21 0.107490
45 21 -0.019905
46 21 0.855793
47 21 -0.390055
48 21 -0.041487
49 21 -0.515511
50 21 -0.593679
51 21 0.249964
52 21 -0.115583
53 21 0.149018
54 21 -0.177160
55 21 0.135204
56 21 -0.033983
57 21 -0.021309
58 21 -0.518418
59 21 -0.681506
60 21 -0.079429
61 21 -0.110234
62 21 0.254761
63 21 -0.551410
64 21 -0.229322
65 21 -0.326996
66 21 -0.211260
67 21 0.191788
68 21 0.565847
69 21 -0.127517
70 21 -0.339823
71 21 0.276428
72 21 -0.407498
73 21 0.231391
74 21 0.128032
75 21 0.306127
76 21 -0.004975
77 21 0.053426
78 21 0.197295
79 21 0.132943
80 21 -0.109449
81 21 0.224215
82 21 -0.188655
83 21 0.224436
84 21 -0.056267
85 21 0.118441
86 21 -0.197313
87 21 -0.136924
88 21 -0.057535
89 21 0.455024
90 21 0.067885
91 21 -0.448851
92 21 -0.351568
93 21 -0.050741
94 21 -0.326459
95 21 0.063433
96 21 -0.555688
97 21 0.221955
98 21 -0.450695
99 21 0.093718
100 21 0.454756
101 21 -0.347212
102 21 -0.070642
103 21 -0.140858
104 21 0.012020
105 21 0.090588
106 21 0.184269
107 21 0.271049
108 21 0.096716
109 21 -0.017627
110 21 0.283663
111 21 0.251833
112 21 0.451828
113 21 0.090621
114 21 0.110099
115 21 -0.258024
116 21 -0.158893
117 21 -0.141346
118 21 0.044797
119 21 -0.502543
120 21 -0.355939
121 21 0.010942
122 21 0.396073
123 21 -0.225008
124 21 -0.144697
125 21 0.002190
126 21 -0.036112
127 21 0.144749

0 22 0.118729
1 22 0.238095
2 22 -0.306363
3 22 -0.152043
4 22 -0.306106
5 22 -0.144354
6 22 -0.232245
7 22 0.181583
8 22 0.317057
9 22 -0.008331
10 22 0.210085
11 22 0.137207
12 22 -0.054688
13 22 0.132345
14 22 -0.030554
15 22 -0.130983
16 22 0.297672
17 22 0.225843
18 22 -0.013567
19 22 -0.117738
20 22 0.313739
21 22 -0.016645
22 22 -0.064065
23 22 -0.318120
24 22 -0.273939
25 22 0.209619
26 22 -0.025923
27 22 0.191356
28 22 -0.020272
29 22 0.070386
30 22 0.083127
31 22 0.237610
32 22 0.025270
33 22 0.038625
34 22 0.089015
35 22 0.068036
36 22 -0.143297
37 22 -0.062909
38 22 -0.034006
39 22 -0.202045
40 22 -0.037485
41 22 0.165208
42 22 -0.100430
43 22 0.078656
44 22 0.035166
45 22 0.008688
46 22 0.394872
47 22 -0.293838
48 22 0.160940
49 22 -0.235116
50 22 -0.248709
51 22 -0.077306
52 22 -0.115386
53 22 0.140729
54 22 -0.144548
55 22 -0.114842
56 22 -0.136564
57 22 -0.040120
58 22 -0.288479
59 22 -0.466978
60 22 -0.022299
61 22 0.002262
62 22 0.048639
63 22 -0.389265
64 22 -0.138372
65 22 -0.036197
66 22 0.000781
67 22 0.056154
68 22 0.150283
69 22 0.005692
70 22 -0.031613
71 22 0.169823
72 22 -0.229219
73 22 -0.115923
74 22 0.169790
75 22 -0.085343
76 22 0.041484
77 22 0.204826
78 22 -0.040637
79 22 -0.040500
80 22 0.040515
81 22 0.102978
82 22 -0.079814
83 22 0.196696
84 22 0.017226
85 22 0.033749
86 22 0.045724
87 22 -0.232652
88 22 -0.030212
89 22 0.105925
90 22 -0.057543
91 22 -0.269519
92 22 -0.230739
93 22 0.034805
94 22 0.035711
95 22 0.002699
96 22 -0.099810
97 22 0.056350
98 22 -0.214544
99 22 0.018951
100 22 0.313281
101 22 -0.149251
102 22 -0.148722
103 22 -0.136330
104 22 0.112975
105 22 -0.159306
106 22 0.030198
107 22 0.278147
108 22 0.019570
109 22 -0.205808
110 22 0.351327
111 22 0.170947
112 22 0.072049
113 22 -0.042950
114 22 -0.072591
115 22 -0.017298
116 22 -0.028172
117 22 -0.055440
118 22 0.098066
119 22 -0.294658
120 22 0.066218
121 22 0.012730
122 22 0.189197
123 22 -0.284961
124 22 0.026825
125 22 -0.048782
126 22 -0.130525
127 22 -0.060144

0 23 0.322746
1 23 0.118956
2 23 -0.542169
3 23 -0.213977
4 23 -0.191343
5 23 0.037231
6 23 -0.240560
7 23 0.105322
8 23 0.311342
9 23 0.068471
10 23 0.148831
11 23 0.189751
12 23 0.025884
13 23 -0.071406
14 23 -0.007252
15 23 0.055213
16 23 0.223574
17 23 0.031319
18 23 0.059236
19 23 -0.122607
20 23 0.379194
21 23 -0.035767
22 23 -0.113333
23 23 -0.109784
24 23 -0.296869
25 23 0.063701
26 23 0.037415
27 23 0.315609
28 23 -0.193495
29 23 0.243347
30 23 0.238356
31 23 0.245979
32 23 0.010726
33 23 0.075743
34 23 0.207597
35 23 0.148529
36 23 -0.143115
37 23 -0.117855
38 23 0.008752
39 23 -0.282850
40 23 -0.014501
41 23 0.082461
42 23 -0.146277
43 23 0.230540
44 23 0.104087
45 23 0.098167
46 23 0.518755
47 23 -0.359384
48 23 -0.030076
49 23 -0.291939
50 23 -0.258334
51 23 0.016029
52 23 -0.226569
53 23 0.060280
54 23 -0.243031
55 23 -0.000135
56 23 -0.027900
57 23 0.013492
58 23 -0.426016
59 23 -0.300634
60 23 -0.002204
61 23 0.007820
62 23 0.176735
63 23 -0.451660
64 23 -0.287716
65 23 -0.115303
66 23 -0.132526
67 23 0.235686
68 23 0.256275
69 23 -0.075284
70 23 -0.073935
71 23 0.114894
72 23 -0.247308
73 23 0.071108
74 23 0.052659
75 23 0.021488
76 23 0.007097
77 23 0.283443
78 23 0.130450
79 23 -0.151158
80 23 0.071675
81 23 0.079626
82 23 -0.194418
83 23 0.115860
84 23 -0.098231
85 23 0.000771
86 23 -0.066203
87 23 -0.279829
88 23 0.000172
89 23 0.224108
90 23 -0.086807
91 23 -0.209931
92 23 -0.190950
93 23 -0.037023
94 23 -0.203674
95 23 0.148349
96 23 -0.472990
97 23 0.234159
98 23 -0.242356
99 23 0.071677
100 23 0.334596
101 23 -0.317162
102 23 -0.206025
103 23 -0.088839
104 23 0.027086
105 23 -0.115489
106 23 0.010360
107 23 0.228306
108 23 0.047306
109 23 0.018801
110 23 0.206106
111 23 0.161476
112 23 0.123764
113 23 -0.006380
114 23 -0.021566
115 23 -0.170096
116 23 -0.106258
117 23 -0.036620
118 23 0.046681
119 23 -0.288182
120 23 -0.165758
121 23 0.047112
122 23 0.210187
123 23 -0.205217
124 23 -0.171766
125 23 -0.059485
126 23 -0.128315
127 23 0.066803

0 24 -0.902680
1 24 -0.798630
2 24 0.745206
3 24 -0.283032
4 24 -0.108876
5 24 0.283340
6 24 -0.176262
7 24 -0.248865
8 24 -0.751089
9 24 -0.189326
10 24 -0.359565
11 24 0.285556
12 24 -0.015415
13 24 -0.970468
14 24 -0.470157
15 24 0.298883
16 24 -0.200249
17 24 -0.812817
18 24 -0.847456
19 24 0.428694
20 24 0.684295
21 24 -0.591811
22 24 0.078310
23 24 0.708529
24 24 -0.596783
25 24 -0.262098
26 24 -0.216004
27 24 0.174313
28 24 -0.066553
29 24 -0.351657
30 24 0.401174
31 24 -0.427915
32 24 -0.041599
33 24 0.565011
34 24 -0.424515
35 24 -0.070635
36 24 0.502999
37 24 0.857694
38 24 -0.045159
39 24 0.071977
40 24 -0.115043
41 24 -0.340487
42 24 -0.451869
43 24 -0.251216
44 24 0.222210
45 24 0.007268
46 24 0.166194
47 24 0.312719
48 24 -0.419328
49 24 -0.216588
50 24 0.538069
51 24 0.185682
52 24 -0.034302
53 24 -0.318132
54 24 0.420747
55 24 0.059446
56 24 0.302605
57 24 0.008011
58 24 -1.413115
59 24 0.104606
60 24 0.023876
61 24 0.198857
62 24 -0.089681
63 24 0.027087
64 24 -0.937605
65 24 0.050456
66 24 -0.763339
67 24 -0.096724
68 24 -0.477233
69 24 0.044779
70 24 0.132026
71 24 0.578584
72 24 0.438135
73 24 -0.160827
74 24 -0.246810
75 24 0.265977
76 24 -0.144030
77 24 0.708386
78 24 -0.272428
79 24 0.204262
80 24 -0.570041
81 24 -0.043123
82 24 0.304165
83 24 0.285194
84 24 0.210646
85 24 0.084576
86 24 0.491956
87 24 0.356148
88 24 -0.024340
89 24 0.451259
90 24 -0.506393
91 24 0.271080
92 24 0.128033
93 24 -0.213222
94 24 -0.091061
95 24 0.456267
96 24 -0.371291
97 24 0.500534
98 24 0.278601
99 24 0.002969
100 24 0.070001
101 24 -0.454223
102 24 0.361077
103 24 -0.700877
104 24 0.211167
105 24 0.262690
106 24 -0.351296
107 24 0.527659
108 24 0.315704
109 24 0.256577
110 24 -0.929165
111 24 0.327604
112 24 0.120886
113 24 -0.402189
114 24 -0.645546
115 24 -0.389506
116 24 -0.590926
117 24 0.109778
118 24 -0.753606
119 24 0.411990
120 24 -1.151260
121 24 0.296926
122 24 0.393766
123 24 -0.108302
124 24 -0.941766
125 24 0.038793
126 24 0.384473
127 24 -0.151299

0 25 -1.147488
1 25 -0.905653
2 25 0.771867
3 25 -0.228647
4 25 -0.189056
5 25 0.521218
6 25 0.103263
7 25 -0.370543
8 25 -0.742588
9 25 -0.210396
10 25 -0.106941
11 25 0.064885
12 25 -0.064149
13 25 -0.746867
14 25 -0.018037
15 25 0.263026
16 25 -0.279854
17 25 -0.942260
18 25 -0.684285
19 25 0.260255
20 25 0.491288
21 25 -0.543010
22 25 0.098593
23 25 0.654221
24 25 -0.349881
25 25 -0.265339
26 25 -0.067489
27 25 0.050358
28 25 -0.086325
29 25 -0.505730
30 25 0.749171
31 25 -0.757467
32 25 -0.116417
33 25 0.482451
34 25 -0.221789
35 25 0.049024
36 25 0.359973
37 25 0.966354
38 25 0.101338
39 25 0.182728
40 25 0.061930
41 25 -0.502661
42 25 -0.447496
43 25 -0.133708
44 25 0.322305
45 25 -0.373546
46 25 -0.111900
47 25 0.536001
48 25 -0.487923
49 25 -0.142869
50 25 0.405059
51 25 0.232492
52 25 0.097714
53 25 -0.363884
54 25 0.216017
55 25 -0.206488
56 25 0.386166
57 25 -0.273119
58 25 -1.303012
59 25 0.420122
60 25 0.099904
61 25 0.107982
62 25 -0.056573
63 25 0.367947
64 25 -0.930299
65 25 0.166950
66 25 -0.542594
67 25 -0.133933
68 25 -0.411649
69 25 0.360535
70 25 0.064545
71 25 0.444643
72 25 0.257252
73 25 -0.262667
74 25 -0.274850
75 25 0.047945
76 25 0.064383
77 25 0.449461
78 25 0.299762
79 25 0.110208
80 25 -0.786912
81 25 -0.057151
82 25 -0.316094
83 25 0.089272
84 25 0.145111
85 25 -0.012939
86 25 0.579651
87 25 0.555839
88 25 0.004137
89 25 0.608046
90 25 -0.338755
91 25 -0.015856
92 25 -0.306810
93 25 -0.191037
94 25 -0.407735
95 25 0.141672
96 25 -0.382774
97 25 0.414228
98 25 0.382092
99 25 -0.090539
100 25 0.115725
101 25 -0.467101
102 25 0.482937
103 25 -0.576197
104 25 0.215801
105 25 0.480379
106 25 -0.327296
107 25 0.565360
108 25 0.278456
109 25 0.393920
110 25 -0.906318
111 25 0.275323
112 25 0.129696
113 25 -0.289422
114 25 -0.736498
115 25 -0.141257
116 25 -0.537086
117 25 0.055106
118 25 -0.628305
119 25 0.552678
120 25 -0.922966
121 25 0.357602
122 25 0.330911
123 25 0.024814
124 25 -0.409562
125 25 -0.280331
126 25 0.602635
127 25 0.082975

0 26 0.005706
1 26 -0.191507
2 26 -0.040344
3 26 -0.156660
4 26 -0.341415
5 26 0.160618
6 26 -0.402695
7 26 0.237050
8 26 -0.199683
9 26 -0.028171
10 26 -0.252313
11 26 0.243926
12 26 0.242783
13 26 -0.783785
14 26 -0.429688
15 26 0.293356
16 26 0.035863
17 26 -0.342102
18 26 -0.176379
19 26 0.328152
20 26 0.722286
21 26 -0.240286
22 26 -0.068281
23 26 0.260167
24 26 -0.513429
25 26 -0.211883
26 26 -0.209497
27 26 0.417561
28 26 -0.160195
29 26 0.198125
30 26 0.298808
31 26 -0.049966
32 26 0.057310
33 26 0.431839
34 26 0.091410
35 26 0.009402
36 26 -0.092536
37 26 0.571606
38 26 0.020600
39 26 -0.323663
40 26 -0.112984
41 26 -0.287496
42 26 -0.335207
43 26 -0.212811
44 26 0.243622
45 26 0.179345
46 26 0.823496
47 26 0.136318
48 26 -0.324654
49 26 -0.401428
50 26 -0.051542
51 26 0.288864
52 26 -0.035144
53 26 -0.074258
54 26 0.042859
55 26 0.000352
56 26 0.167737
57 26 0.048011
58 26 -1.138242
59 26 -0.629425
60 26 -0.037286
61 26 -0.002654
62 26 0.215322
63 26 -0.170653
64 26 -0.506219
65 26 -0.149011
66 26 -0.596583
67 26 -0.036100
68 26 0.216496
69 26 -0.312632
70 26 -0.222831
71 26 0.629058
72 26 -0.067993
73 26 0.246729
74 26 -0.250517
75 26 0.134533
76 26 -0.043286
77 26 0.489448
78 26 -0.177686
79 26 0.159088
80 26 -0.320717
81 26 0.143321
82 26 0.299456
83 26 0.260699
84 26 0.244789
85 26 -0.168405
86 26 0.220237
87 26 -0.040373
88 26 0.007244
89 26 0.618034
90 26 -0.183117
91 26 0.011066
92 26 0.039842
93 26 -0.020150
94 26 -0.230857
95 26 0.389290
96 26 -0.595750
97 26 0.489935
98 26 0.076832
99 26 0.218599
100 26 0.394168
101 26 -0.307751
102 26 0.284087
103 26 -0.486274
104 26 -0.089244
105 26 0.085126
106 26 0.155493
107 26 0.181051
108 26 0.195437
109 26 0.332893
110 26 -0.402792
111 26 0.373106
112 26 0.366687
113 26 -0.286696
114 26 -0.203137
115 26 -0.431940
116 26 -0.263631
117 26 0.075965
118 26 -0.738847
119 26 -0.192067
120 26 -1.002357
121 26 0.032779
122 26 0.504217
123 26 -0.231220
124 26 -0.746729
125 26 0.211588
126 26 0.187642
127 26 0.000167

0 27 -0.146297
1 27 -0.146804
2 27 -0.075479
3 27 -0.053893
4 27 -0.478973
5 27 0.397183
6 27 -0.305748
7 27 0.154983
8 27 -0.160084
9 27 0.025996
10 27 0.119064
11 27 0.081183
12 27 0.244539
13 27 -0.680349
14 27 0.020740
15 27 0.456260
16 27 0.132549
17 27 -0.258226
18 27 0.064518
19 27 -0.008255
20 27 0.503637
21 27 -0.112295
22 27 -0.041094
23 27 0.019073
24 27 -0.343248
25 27 -0.128378
26 27 0.085239
27 27 0.491547
28 27 -0.188515
29 27 0.074765
30 27 0.679181
31 27 -0.249633
32 27 0.012937
33 27 0.455671
34 27 0.307876
35 27 0.141564
36 27 -0.266104
37 27 0.643682
38 27 0.066673
39 27 -0.322358
40 27 0.085433
41 27 -0.544776
42 27 -0.476823
43 27 -0.119244
44 27 0.192721
45 27 -0.026499
46 27 0.687220
47 27 0.221562
48 27 -0.213191
49 27 -0.418266
50 27 -0.221744
51 27 0.386403
52 27 0.094313
53 27 -0.031728
54 27 -0.089759
55 27 -0.258193
56 27 0.329398
57 27 -0.101670
58 27 -1.038303
59 27 -0.443621
60 27 0.086703
61 27 -0.074527
62 27 0.389076
63 27 0.109244
64 27 -0.373086
65 27 -0.022404
66 27 -0.363266
67 27 0.026900
68 27 0.468572
69 27 -0.039175
70 27 -0.251331
71 27 0.365877
72 27 -0.365886
73 27 0.136880
74 27 -0.198159
75 27 0.091684
76 27 0.078172
77 27 0.282667
78 27 0.364004
79 27 0.098058
80 27 -0.505405
81 27 0.213605
82 27 -0.367609
83 27 0.243671
84 27 0.168195
85 27 -0.080660
86 27 0.199506
87 27 -0.212040
88 27 0.050809
89 27 0.712920
90 27 -0.048095
91 27 -0.352544
92 27 -0.411763
93 27 0.065143
94 27 -0.467668
95 27 0.187409
96 27 -0.718997
97 27 0.290432
98 27 0.163067
99 27 0.241322
100 27 0.681182
101 27 -0.334910
102 27 0.244194
103 27 -0.480473
104 27 -0.033411
105 27 0.148693
106 27 0.132982
107 27 0.409799
108 27 0.205342
109 27 0.379827
110 27 -0.217855
111 27 0.310212
112 27 0.461572
113 27 -0.279825
114 27 -0.104120
115 27 -0.500899
116 27 -0.357393
117 27 -0.090973
118 27 -0.574457
119 27 -0.326611
120 27 -0.683900
121 27 -0.104696
122 27 0.395265
123 27 -0.170373
124 27 -0.262740
125 27 -0.026777
126 27 0.346693
127 27 0.217630

0 28 0.076344
1 28 0.187993
2 28 -0.150177
3 28 -0.208936
4 28 -0.433952
5 28 0.152758
6 28 -0.468473
7 28 0.487110
8 28 0.002047
9 28 0.215731
10 28 -0.192555
11 28 0.140563
12 28 0.116725
13 28 -0.576901
14 28 -0.256575
15 28 0.568255
16 28 0.330892
17 28 0.398358
18 28 0.207829
19 28 -0.063832
20 28 0.407305
21 28 -0.155079
22 28 -0.259923
23 28 -0.212627
24 28 -0.255142
25 28 0.121364
26 28 0.037356
27 28 0.786841
28 28 -0.237981
29 28 0.411825
30 28 0.140619
31 28 0.258067
32 28 -0.113941
33 28 0.550635
34 28 0.224119
35 28 0.112781
36 28 -0.138610
37 28 0.177168
38 28 -0.055430
39 28 -0.384340
40 28 -0.230181
41 28 -0.566085
42 28 -0.579533
43 28 0.012141
44 28 -0.258255
45 28 0.417435
46 28 0.505002
47 28 -0.292315
48 28 0.132954
49 28 -0.404053
50 28 -0.207131
51 28 0.066141
52 28 -0.180479
53 28 -0.106415
54 28 -0.018887
55 28 0.239020
56 28 0.064690
57 28 0.054297
58 28 -1.101301
59 28 -0.474734
60 28 0.078560
61 28 0.043147
62 28 0.599207
63 28 -0.411994
64 28 -0.053306
65 28 -0.363783
66 28 -0.347861
67 28 0.333958
68 28 0.184028
69 28 -0.586058
70 28 -0.245438
71 28 0.310174
72 28 -0.313450
73 28 0.212650
74 28 -0.211055
75 28 0.421820
76 28 -0.269135
77 28 0.615091
78 28 -0.081722
79 28 0.193076
80 28 -0.273641
81 28 0.421012
82 28 0.096462
83 28 0.678193
84 28 0.076644
85 28 -0.088748
86 28 0.049171
87 28 -0.714735
88 28 0.006674
89 28 0.089284
90 28 -0.178636
91 28 -0.130545
92 28 0.075976
93 28 0.043671
94 28 0.192326
95 28 0.317803
96 28 -1.015654
97 28 0.167337
98 28 0.128734
99 28 0.387200
100 28 0.829507
101 28 -0.380623
102 28 -0.470746
103 28 -0.552920
104 28 -0.011078
105 28 -0.238208
106 28 0.030319
107 28 0.147840
108 28 0.324910
109 28 0.049525
110 28 0.089900
111 28 0.042337
112 28 0.592583
113 28 -0.447028
114 28 0.257405
115 28 -0.911420
116 28 -0.408563
117 28 -0.067881
118 28 -0.411068
119 28 -0.393873
120 28 -0.397767
121 28 0.000166
122 28 0.374609
123 28 -0.335608
124 28 -0.535389
125 28 0.424986
126 28 -0.028176
127 28 0.090322

0 29 0.014053
1 29 0.180042
2 29 -0.061731
3 29 -0.070301
4 29 -0.509778
5 29 0.096985
6 29 -0.279456
7 29 0.378659
8 29 0.008202
9 29 0.209118
10 29 0.070608
11 29 0.113752
12 29 -0.036528
13 29 -0.317931
14 29 0.185077
15 29 0.609203
16 29 0.352325
17 29 0.713212
18 29 0.330218
19 29 -0.278111
20 29 0.146015
21 29 0.054350
22 29 -0.287876
23 29 -0.354504
24 29 -0.163199
25 29 0.245418
26 29 0.180520
27 29 0.678060
28 29 -0.214845
29 29 0.339651
30 29 0.342169
31 29 0.221388
32 29 -0.196270
33 29 0.270372
34 29 0.281020
35 29 0.127821
36 29 -0.118722
37 29 -0.032479
38 29 -0.253375
39 29 -0.445581
40 29 -0.146393
41 29 -0.648209
42 29 -0.469477
43 29 0.113180
44 29 -0.429036
45 29 0.321418
46 29 -0.000464
47 29 -0.182120
48 29 0.146295
49 29 -0.193518
50 29 -0.125887
51 29 0.022537
52 29 -0.197559
53 29 -0.101090
54 29 -0.082082
55 29 -0.071619
56 29 0.049747
57 29 -0.102778
58 29 -0.807399
59 29 -0.294792
60 29 0.355882
61 29 -0.050047
62 29 0.696297
63 29 -0.323311
64 29 0.238090
65 29 -0.298284
66 29 0.035227
67 29 0.086922
68 29 0.182776
69 29 -0.214200
70 29 -0.268852
71 29 -0.079326
72 29 -0.375686
73 29 -0.031451
74 29 -0.204372
75 29 0.239736
76 29 -0.159974
77 29 0.273166
78 29 0.234228
79 29 0.173999
80 29 -0.125161
81 29 0.354415
82 29 -0.346399
83 29 0.594383
84 29 0.008964
85 29 -0.036693
86 29 0.219802
87 29 -0.724352
88 29 -0.010769
89 29 -0.034904
90 29 -0.049433
91 29 -0.405591
92 29 -0.116161
93 29 0.212203
94 29 0.211119
95 29 0.007058
96 29 -0.799333
97 29 -0.001714
98 29 0.215248
99 29 0.354951
100 29 0.856663
101 29 -0.217208
102 29 -0.438063
103 29 -0.214767
104 29 0.059975
105 29 -0.138439
106 29 -0.024130
107 29 0.188581
108 29 0.381963
109 29 -0.183899
110 29 0.568158
111 29 0.056730
112 29 0.505753
113 29 -0.280329
114 29 0.205374
115 29 -0.627006
116 29 -0.190041
117 29 -0.221366
118 29 -0.091768
119 29 -0.507311
120 29 0.089839
121 29 -0.177964
122 29 0.116297
123 29 -0.377829
124 29 -0.138665
125 29 0.324228
126 29 0.127488
127 29 0.245033

0 30 -0.168389
1 30 -0.310752
2 30 0.183446
3 30 -0.297391
4 30 -0.368043
5 30 0.147132
6 30 -0.380656
7 30 0.144667
8 30 -0.349942
9 30 0.058004
10 30 -0.312190
11 30 0.366297
12 30 -0.033565
13 30 -0.914442
14 30 -0.456508
15 30 0.503812
16 30 0.242827
17 30 -0.109406
18 30 -0.405522
19 30 0.202203
20 30 0.551503
21 30 -0.282960
22 30 -0.179022
23 30 0.359633
24 30 -0.530249
25 30 -0.000564
26 30 -0.154901
27 30 0.534981
28 30 -0.261169
29 30 0.072315
30 30 0.076106
31 30 0.126309
32 30 -0.255437
33 30 0.507259
34 30 -0.234158
35 30 -0.048082
36 30 0.255975
37 30 0.284904
38 30 -0.219387
39 30 -0.210682
40 30 -0.136959
41 30 -0.292435
42 30 -0.591920
43 30 -0.062478
44 30 -0.126099
45 30 0.383756
46 30 0.304749
47 30 -0.158756
48 30 -0.351987
49 30 -0.164287
50 30 0.322775
51 30 0.098344
52 30 -0.258226
53 30 -0.181890
54 30 0.203257
55 30 0.133226
56 30 0.239881
57 30 0.114472
58 30 -1.145789
59 30 -0.095963
60 30 0.142960
61 30 0.165885
62 30 0.211266
63 30 -0.385591
64 30 -0.302065
65 30 -0.082865
66 30 -0.580659
67 30 0.216514
68 30 -0.221461
69 30 -0.268264
70 30 0.017986
71 30 0.330881
72 30 0.124377
73 30 0.171652
74 30 -0.213438
75 30 0.441078
76 30 -0.430886
77 30 0.642017
78 30 -0.313275
79 30 0.017586
80 30 -0.289412
81 30 0.230274
82 30 0.281970
83 30 0.506152
84 30 0.216305
85 30 0.171787
86 30 0.296112
87 30 -0.416982
88 30 -0.095680
89 30 0.001086
90 30 -0.436075
91 30 0.194626
92 30 0.091248
93 30 0.061748
94 30 0.209838
95 30 0.366106
96 30 -0.867300
97 30 0.310080
98 30 0.070272
99 30 0.432443
100 30 0.419369
101 30 -0.374170
102 30 -0.145253
103 30 -0.469068
104 30 0.153362
105 30 -0.202706
106 30 -0.199951
107 30 0.428322
108 30 0.617339
109 30 0.173608
110 30 -0.359783
111 30 0.215979
112 30 0.421310
113 30 -0.522578
114 30 -0.082451
115 30 -0.904031
116 30 -0.362525
117 30 0.080700
118 30 -0.579844
119 30 -0.038147
120 30 -0.853841
121 30 0.298002
122 30 0.322594
123 30 -0.270195
124 30 -0.769097
125 30 0.552540
126 30 -0.045829
127 30 -0.061676

0 31 -0.007591
1 31 -0.334555
2 31 0.119812
3 31 -0.292055
4 31 -0.429743
5 31 0.158430
6 31 -0.097891
7 31 -0.081227
8 31 -0.246809
9 31 -0.010958
10 31 -0.028119
11 31 0.182271
12 31 -0.179973
13 31 -0.323689
14 31 0.147593
15 31 0.420525
16 31 0.192067
17 31 0.016830
18 31 -0.165580
19 31 0.114718
20 31 0.247923
21 31 -0.132060
22 31 -0.206199
23 31 0.155573
24 31 -0.335412
25 31 -0.029865
26 31 0.016999
27 31 0.392752
28 31 -0.281176
29 31 0.038155
30 31 0.416191
31 31 -0.126312
32 31 -0.295299
33 31 0.026735
34 31 0.045329
35 31 0.017832
36 31 0.099111
37 31 0.129287
38 31 -0.214089
39 31 -0.212758
40 31 -0.099982
41 31 -0.433295
42 31 -0.144052
43 31 0.109033
44 31 -0.015426
45 31 0.036622
46 31 -0.080611
47 31 0.020660
48 31 -0.414188
49 31 0.034392
50 31 0.171858
51 31 0.268733
52 31 -0.144946
53 31 -0.155841
54 31 0.028295
55 31 -0.256598
56 31 0.285359
57 31 -0.164826
58 31 -0.892120
59 31 -0.057149
60 31 0.269068
61 31 -0.003868
62 31 0.271344
63 31 -0.168423
64 31 0.006358
65 31 -0.034193
66 31 -0.258488
67 31 -0.154179
68 31 -0.119345
69 31 0.150660
70 31 -0.180020
71 31 0.101968
72 31 0.025384
73 31 -0.053251
74 31 -0.235804
75 31 0.160811
76 31 -0.129985
77 31 0.087169
78 31 0.110717
79 31 0.011868
80 31 -0.203499
81 31 0.111787
82 31 -0.252755
83 31 0.267156
84 31 0.118688
85 31 0.025584
86 31 0.328721
87 31 -0.003016
88 31 -0.129259
89 31 0.125190
90 31 -0.078519
91 31 -0.323060
92 31 -0.224954
93 31 0.169838
94 31 -0.051866
95 31 -0.065057
96 31 -0.538208
97 31 0.173464
98 31 0.052000
99 31 0.166580
100 31 0.272839
101 31 -0.203513
102 31 0.128846
103 31 -0.019836
104 31 0.128346
105 31 0.058182
106 31 -0.017352
107 31 0.262049
108 31 0.439657
109 31 0.051081
110 31 -0.002077
111 31 0.235357
112 31 0.353055
113 31 -0.101008
114 31 -0.156867
115 31 -0.408346
116 31 -0.054371
117 31 0.011085
118 31 -0.238254
119 31 -0.163224
120 31 -0.478474
121 31 0.129463
122 31 0.084987
123 31 -0.163411
124 31 -0.216175
125 31 0.296021
126 31 0.121002
127 31 0.236143

0 32 -0.016811
1 32 -0.124906
2 32 -0.034962
3 32 -0.104803
4 32 -0.046224
5 32 0.217956
6 32 -0.160328
7 32 -0.065689
8 32 0.076866
9 32 0.218396
10 32 -0.051791
11 32 -0.212870
12 32 0.121078
13 32 0.060194
14 32 0.191307
15 32 0.556328
16 32 0.195601
17 32 0.205603
18 32 0.012117
19 32 -0.108904
20 32 0.087660
21 32 0.018043
22 32 -0.225457
23 32 -0.168435
24 32 -0.094097
25 32 0.026230
26 32 -0.037623
27 32 0.459084
28 32 -0.124435
29 32 0.419100
30 32 0.507442
31 32 -0.135942
32 32 -0.309755
33 32 0.077431
34 32 0.125420
35 32 0.165006
36 32 -0.070710
37 32 0.175517
38 32 -0.123896
39 32 -0.196341
40 32 -0.124852
41 32 -0.485633
42 32 -0.174163
43 32 0.271481
44 32 -0.166899
45 32 -0.056243
46 32 0.291002
47 32 0.114217
48 32 -0.096075
49 32 -0.071007
50 32 -0.366343
51 32 0.336039
52 32 -0.234388
53 32 -0.104093
54 32 -0.094857
55 32 0.165433
56 32 0.060014
57 32 -0.332389
58 32 -0.594656
59 32 -0.343362
60 32 0.094216
61 32 -0.283333
62 32 0.399050
63 32 -0.206106
64 32 -0.005622
65 32 -0.108347
66 32 -0.318072
67 32 -0.160858
68 32 0.048694
69 32 0.091765
70 32 -0.463246
71 32 -0.100793
72 32 -0.317463
73 32 0.067220
74 32 -0.195966
75 32 0.250662
76 32 -0.012614
77 32 0.062925
78 32 0.379686
79 32 0.289654
80 32 -0.275210
81 32 0.159777
82 32 -0.233209
83 32 0.201304
84 32 0.109868
85 32 -0.095058
86 32 0.266601
87 32 0.267415
88 32 -0.083827
89 32 0.164919
90 32 0.076756
91 32 -0.482941
92 32 -0.012023
93 32 0.120593
94 32 -0.066533
95 32 -0.187457
96 32 -0.547485
97 32 0.128998
98 32 0.045801
99 32 0.013335
100 32 0.447150
101 32 -0.177238
102 32 -0.087040
103 32 0.052017
104 32 -0.030713
105 32 -0.128838
106 32 0.337817
107 32 -0.059532
108 32 0.142304
109 32 0.132959
110 32 0.138411
111 32 -0.115110
112 32 0.509446
113 32 0.087505
114 32 0.009858
115 32 -0.370084
116 32 -0.227487
117 32 0.005412
118 32 -0.257281
119 32 0.203551
120 32 -0.418605
121 32 0.011685
122 32 -0.084813
123 32 -0.165576
124 32 -0.171801
125 32 0.245342
126 32 0.286387
127 32 0.305521

0 33 -0.066754
1 33 -0.229733
2 33 0.078185
3 33 -0.217903
4 33 -0.083324
5 33 0.259528
6 33 -0.164599
7 33 -0.030307
8 33 -0.077672
9 33 0.183857
10 33 -0.047755
11 33 -0.144898
12 33 0.110154
13 33 -0.025411
14 33 0.186401
15 33 0.642698
16 33 0.270156
17 33 0.240305
18 33 -0.076574
19 33 -0.095714
20 33 0.158464
21 33 0.020490
22 33 -0.300413
23 33 -0.168164
24 33 -0.208387
25 33 0.050914
26 33 -0.064422
27 33 0.572173
28 33 -0.167947
29 33 0.409407
30 33 0.527491
31 33 -0.155835
32 33 -0.449387
33 33 0.133945
34 33 0.101411
35 33 0.096467
36 33 -0.026352
37 33 0.321100
38 33 -0.063708
39 33 -0.177019
40 33 -0.118273
41 33 -0.679792
42 33 -0.232940
43 33 0.299143
44 33 -0.227812
45 33 -0.019304
46 33 0.277385
47 33 0.089033
48 33 -0.188090
49 33 -0.087760
50 33 -0.246315
51 33 0.420809
52 33 -0.213244
53 33 -0.118037
54 33 0.028352
55 33 0.196578
56 33 0.233318
57 33 -0.356294
58 33 -0.837740
59 33 -0.243111
60 33 0.152910
61 33 -0.259237
62 33 0.459790
63 33 -0.210672
64 33 -0.040773
65 33 -0.130814
66 33 -0.276291
67 33 -0.148060
68 33 -0.122278
69 33 0.065460
70 33 -0.458509
71 33 -0.119701
72 33 -0.296714
73 33 0.043252
74 33 -0.309103
75 33 0.318377
76 33 -0.124078
77 33 0.129703
78 33 0.434125
79 33 0.343532
80 33 -0.309997
81 33 0.257982
82 33 -0.287531
83 33 0.311933
84 33 0.209076
85 33 0.003787
86 33 0.328388
87 33 0.233740
88 33 -0.169286
89 33 0.151088
90 33 0.052612
91 33 -0.559110
92 33 -0.068930
93 33 0.213434
94 33 -0.042381
95 33 -0.257491
96 33 -0.676834
97 33 0.195965
98 33 0.093925
99 33 0.230238
100 33 0.562998
101 33 -0.154958
102 33 -0.118949
103 33 0.072899
104 33 -0.081100
105 33 -0.121718
106 33 0.227300
107 33 0.102970
108 33 0.345769
109 33 0.133197
110 33 0.091143
111 33 -0.076823
112 33 0.551497
113 33 0.010785
114 33 -0.028021
115 33 -0.649536
116 33 -0.305179
117 33 0.015881
118 33 -0.296481
119 33 0.256169
120 33 -0.533176
121 33 0.066700
122 33 0.000546
123 33 -0.158845
124 33 -0.274471
125 33 0.372576
126 33 0.229229
127 33 0.398421

0 34 0.158538
1 34 -0.132255
2 34 -0.134112
3 34 -0.208189
4 34 -0.350025
5 34 0.048974
6 34 -0.238745
7 34 0.108465
8 34 -0.122202
9 34 0.085066
10 34 -0.220340
11 34 0.155244
12 34 0.188432
13 34 -0.186454
14 34 -0.062616
15 34 0.346294
16 34 0.272545
17 34 0.211933
18 34 -0.097617
19 34 0.199909
20 34 0.347634
21 34 -0.109604
22 34 -0.207178
23 34 -0.072652
24 34 -0.273904
25 34 0.051981
26 34 -0.044234
27 34 0.449082
28 34 -0.238861
29 34 0.287974
30 34 0.180459
31 34 0.141914
32 34 -0.189103
33 34 0.268376
34 34 0.127453
35 34 0.004434
36 34 -0.125112
37 34 0.110866
38 34 -0.063192
39 34 -0.284309
40 34 -0.188231
41 34 -0.378279
42 34 -0.140747
43 34 0.070224
44 34 0.066716
45 34 0.149215
46 34 0.332756
47 34 -0.089493
48 34 -0.044997
49 34 -0.086665
50 34 -0.181279
51 34 0.143443
52 34 -0.194146
53 34 0.023175
54 34 -0.043094
55 34 -0.015108
56 34 0.052504
57 34 -0.012064
58 34 -0.734014
59 34 -0.418095
60 34 -0.097337
61 34 0.039663
62 34 0.288003
63 34 -0.208716
64 34 -0.044055
65 34 -0.148618
66 34 -0.285511
67 34 0.107562
68 34 -0.117163
69 34 -0.233960
70 34 -0.267451
71 34 0.331870
72 34 -0.057501
73 34 0.027026
74 34 -0.095247
75 34 0.020390
76 34 -0.062510
77 34 0.400393
78 34 -0.091605
79 34 0.040624
80 34 -0.165577
81 34 0.218308
82 34 0.201412
83 34 0.186584
84 34 0.192180
85 34 -0.079825
86 34 0.062588
87 34 -0.250244
88 34 -0.005557
89 34 0.070677
90 34 -0.186224
91 34 -0.079049
92 34 0.044653
93 34 0.130498
94 34 0.078053
95 34 0.128812
96 34 -0.529302
97 34 0.102529
98 34 -0.108479
99 34 0.262123
100 34 0.485612
101 34 -0.110728
102 34 0.000290
103 34 -0.207700
104 34 -0.080684
105 34 -0.208976
106 34 0.045574
107 34 -0.045785
108 34 0.330822
109 34 0.021574
110 34 -0.076947
111 34 0.103045
112 34 0.360943
113 34 -0.137235
114 34 -0.087604
115 34 -0.335759
116 34 -0.089157
117 34 0.061648
118 34 -0.351839
119 34 -0.040079
120 34 -0.366910
121 34 0.014249
122 34 0.188160
123 34 -0.219767
124 34 -0.353953
125 34 0.370299
126 34 0.007788
127 34 0.004095

0 35 0.341408
1 35 -0.129994
2 35 -0.049836
3 35 -0.149628
4 35 -0.372555
5 35 0.040026
6 35 -0.116817
7 35 -0.002590
8 35 0.024713
9 35 0.086450
10 35 -0.042500
11 35 0.221139
12 35 -0.012582
13 35 -0.093587
14 35 0.143502
15 35 0.263227
16 35 0.136525
17 35 0.149232
18 35 -0.079314
19 35 0.148211
20 35 0.319911
21 35 -0.056313
22 35 -0.161275
23 35 -0.014538
24 35 -0.381910
25 35 0.086855
26 35 -0.017098
27 35 0.401807
28 35 -0.249476
29 35 0.211280
30 35 0.316266
31 35 0.084198
32 35 -0.246322
33 35 0.050569
34 35 0.174535
35 35 0.124789
36 35 0.000233
37 35 -0.072232
38 35 -0.222917
39 35 -0.390516
40 35 -0.122565
41 35 -0.252587
42 35 -0.067122
43 35 0.035343
44 35 0.000796
45 35 0.142739
46 35 0.039884
47 35 -0.053763
48 35 -0.143826
49 35 0.010697
50 35 -0.072799
51 35 0.146655
52 35 -0.241063
53 35 -0.005953
54 35 -0.010473
55 35 -0.170597
56 35 0.095767
57 35 -0.002588
58 35 -0.558436
59 35 -0.275399
60 35 0.106184
61 35 0.056778
62 35 0.196836
63 35 -0.215161
64 35 0.067648
65 35 -0.100620
66 35 -0.155149
67 35 -0.133928
68 35 -0.012337
69 35 0.064434
70 35 -0.215624
71 35 0.133383
72 35 0.037304
73 35 -0.065037
74 35 0.023641
75 35 -0.010636
76 35 -0.024601
77 35 0.178430
78 35 -0.053828
79 35 -0.038938
80 35 -0.047964
81 35 0.046165
82 35 -0.070031
83 35 0.099434
84 35 0.065439
85 35 -0.034825
86 35 0.104597
87 35 -0.251476
88 35 -0.143133
89 35 0.039994
90 35 -0.074734
91 35 -0.200157
92 35 -0.008331
93 35 0.133894
94 35 0.018568
95 35 0.103069
96 35 -0.381243
97 35 0.029090
98 35 -0.100286
99 35 0.110269
100 35 0.333079
101 35 -0.075103
102 35 0.034763
103 35 -0.064058
104 35 0.082952
105 35 -0.146537
106 35 -0.040452
107 35 0.070120
108 35 0.324558
109 35 -0.085826
110 35 0.125626
111 35 0.245557
112 35 0.289701
113 35 0.082404
114 35 -0.110218
115 35 -0.123897
116 35 0.012562
117 35 -0.078749
118 35 -0.118432
119 35 -0.307967
120 35 -0.164167
121 35 -0.145421
122 35 0.143565
123 35 -0.258257
124 35 -0.252375
125 35 0.339395
126 35 0.013191
127 35 0.108978

0 36 -0.868973
1 36 -0.914988
2 36 0.930506
3 36 -0.038465
4 36 -0.087771
5 36 0.004364
6 36 0.141925
7 36 -0.349094
8 36 -0.636272
9 36 -0.223775
10 36 -0.480400
11 36 -0.042101
12 36 0.124260
13 36 -0.376481
14 36 -0.226588
15 36 0.106338
16 36 -0.300497
17 36 -0.600628
18 36 -0.780849
19 36 0.503122
20 36 0.372864
21 36 -0.247218
22 36 -0.071589
23 36 0.448191
24 36 -0.332788
25 36 -0.248664
26 36 -0.389224
27 36 -0.097454
28 36 0.154703
29 36 -0.412382
30 36 0.427149
31 36 -0.493456
32 36 -0.081873
33 36 0.352774
34 36 -0.502804
35 36 0.112659
36 36 0.491439
37 36 0.751824
38 36 -0.074852
39 36 0.101519
40 36 -0.184731
41 36 -0.257869
42 36 -0.118390
43 36 -0.256033
44 36 0.156017
45 36 -0.351188
46 36 -0.198396
47 36 0.569296
48 36 -0.328132
49 36 0.044188
50 36 0.350463
51 36 0.260055
52 36 0.000075
53 36 -0.214190
54 36 0.288144
55 36 -0.113712
56 36 0.297144
57 36 -0.342433
58 36 -0.940465
59 36 0.167391
60 36 0.030967
61 36 0.058283
62 36 -0.082483
63 36 0.201213
64 36 -0.760326
65 36 0.097549
66 36 -0.496608
67 36 -0.471630
68 36 -0.758719
69 36 0.352414
70 36 0.068895
71 36 0.314096
72 36 0.389670
73 36 -0.315530
74 36 -0.299841
75 36 -0.059773
76 36 0.072416
77 36 0.560150
78 36 -0.067448
79 36 0.242024
80 36 -0.503100
81 36 -0.174513
82 36 0.266184
83 36 -0.037682
84 36 0.245846
85 36 -0.167122
86 36 0.719019
87 36 0.788199
88 36 0.002922
89 36 0.305925
90 36 -0.231389
91 36 0.038479
92 36 0.283244
93 36 -0.071231
94 36 -0.036440
95 36 0.130154
96 36 0.124566
97 36 0.398036
98 36 0.389490
99 36 -0.228174
100 36 -0.062079
101 36 -0.159544
102 36 0.526366
103 36 -0.449670
104 36 -0.027914
105 36 0.275487
106 36 -0.046371
107 36 0.260663
108 36 0.079548
109 36 0.106174
110 36 -0.744755
111 36 0.084382
112 36 -0.105003
113 36 -0.095437
114 36 -0.824781
115 36 0.180141
116 36 -0.343005
117 36 0.238074
118 36 -0.529007
119 36 0.702911
120 36 -0.909710
121 36 0.281760
122 36 0.018662
123 36 -0.005463
124 36 -0.553644
125 36 0.011362
126 36 0.366273
127 36 0.055553

0 37 -0.981971
1 37 -0.872030
2 37 0.815004
3 37 -0.133164
4 37 -0.080137
5 37 0.179003
6 37 0.269459
7 37 -0.406495
8 37 -0.640473
9 37 -0.190314
10 37 -0.364109
11 37 -0.190304
12 37 0.106692
13 37 -0.303438
14 37 -0.070687
15 37 0.202900
16 37 -0.243235
17 37 -0.615042
18 37 -0.685775
19 37 0.424472
20 37 0.234616
21 37 -0.269755
22 37 -0.117311
23 37 0.367981
24 37 -0.178700
25 37 -0.223058
26 37 -0.293906
27 37 -0.127050
28 37 0.079680
29 37 -0.426763
30 37 0.521630
31 37 -0.592375
32 37 -0.152292
33 37 0.339803
34 37 -0.385613
35 37 0.174117
36 37 0.386953
37 37 0.837952
38 37 0.048844
39 37 0.270069
40 37 -0.076046
41 37 -0.342210
42 37 -0.214877
43 37 -0.101346
44 37 0.237732
45 37 -0.482729
46 37 -0.243756
47 37 0.589642
48 37 -0.404196
49 37 0.040642
50 37 0.201402
51 37 0.282896
52 37 0.049308
53 37 -0.265544
54 37 0.140658
55 37 -0.231030
56 37 0.400556
57 37 -0.472008
58 37 -0.996523
59 37 0.303142
60 37 0.015153
61 37 0.008122
62 37 -0.011911
63 37 0.311968
64 37 -0.810706
65 37 0.143027
66 37 -0.446572
67 37 -0.339880
68 37 -0.702193
69 37 0.410053
70 37 0.016612
71 37 0.269384
72 37 0.214770
73 37 -0.294058
74 37 -0.362057
75 37 -0.125502
76 37 0.123190
77 37 0.520908
78 37 0.238852
79 37 0.227423
80 37 -0.652686
81 37 -0.099622
82 37 -0.030706
83 37 -0.106203
84 37 0.222574
85 37 -0.175542
86 37 0.721633
87 37 0.858467
88 37 0.020340
89 37 0.382630
90 37 -0.192914
91 37 -0.070466
92 37 0.079056
93 37 -0.028315
94 37 -0.169830
95 37 0.008009
96 37 -0.017497
97 37 0.409067
98 37 0.406963
99 37 -0.182223
100 37 0.009063
101 37 -0.253884
102 37 0.445302
103 37 -0.387268
104 37 -0.138569
105 37 0.354317
106 37 0.032589
107 37 0.186011
108 37 0.116255
109 37 0.206894
110 37 -0.696361
111 37 0.019118
112 37 -0.030486
113 37 -0.108351
114 37 -0.767673
115 37 0.134183
116 37 -0.458762
117 37 0.262252
118 37 -0.525149
119 37 0.860338
120 37 -0.820647
121 37 0.404725
122 37 -0.006097
123 37 0.137466
124 37 -0.314731
125 37 -0.110095
126 37 0.458826
127 37 0.217833

0 38 -0.639181
1 38 -0.613816
2 38 0.593148
3 38 0.140358
4 38 -0.193473
5 38 0.009557
6 38 0.038399
7 38 -0.178552
8 38 -0.617030
9 38 -0.101740
10 38 -0.461536
11 38 -0.181275
12 38 0.429872
13 38 -0.336793
14 38 -0.247111
15 38 0.292601
16 38 -0.051924
17 38 -0.202593
18 38 -0.350368
19 38 0.486592
20 38 0.293592
21 38 -0.035806
22 38 -0.256711
23 38 0.155923
24 38 -0.092701
25 38 -0.221096
26 38 -0.357449
27 38 -0.019797
28 38 0.093946
29 38 -0.153613
30 38 0.344044
31 38 -0.301398
32 38 -0.004217
33 38 0.479368
34 38 -0.311514
35 38 0.114198
36 38 0.110381
37 38 0.877977
38 38 0.030368
39 38 0.086792
40 38 -0.227883
41 38 -0.408068
42 38 -0.263879
43 38 -0.261904
44 38 0.178257
45 38 -0.282028
46 38 0.085118
47 38 0.685538
48 38 -0.232078
49 38 -0.034887
50 38 0.024385
51 38 0.273905
52 38 0.065931
53 38 -0.172366
54 38 0.005547
55 38 -0.158907
56 38 0.238597
57 38 -0.371687
58 38 -0.924829
59 38 -0.177480
60 38 -0.096878
61 38 -0.039543
62 38 0.133713
63 38 0.297743
64 38 -0.514577
65 38 0.099125
66 38 -0.402968
67 38 -0.322520
68 38 -0.447272
69 38 0.032680
70 38 -0.179106
71 38 0.331324
72 38 0.057869
73 38 -0.041381
74 38 -0.503843
75 38 -0.260479
76 38 0.158798
77 38 0.587278
78 38 0.095027
79 38 0.299790
80 38 -0.483680
81 38 0.040876
82 38 0.282094
83 38 0.012169
84 38 0.355479
85 38 -0.345815
86 38 0.603197
87 38 0.661366
88 38 0.151482
89 38 0.507420
90 38 -0.240850
91 38 -0.068783
92 38 0.321798
93 38 0.177583
94 38 -0.133752
95 38 0.045266
96 38 -0.043938
97 38 0.444818
98 38 0.443254
99 38 0.083352
100 38 0.163764
101 38 -0.083840
102 38 0.462906
103 38 -0.403664
104 38 -0.333697
105 38 0.276177
106 38 0.318182
107 38 -0.019181
108 38 0.015806
109 38 0.262372
110 38 -0.639311
111 38 0.026633
112 38 0.124543
113 38 -0.207107
114 38 -0.481960
115 38 0.054573
116 38 -0.400178
117 38 0.254488
118 38 -0.688752
119 38 0.653551
120 38 -0.917977
121 38 0.195289
122 38 -0.000566
123 38 0.005758
124 38 -0.402050
125 38 0.105011
126 38 0.324488
127 38 0.200081

0 39 -0.808715
1 39 -0.696364
2 39 0.705295
3 39 0.124698
4 39 -0.239970
5 39 0.197314
6 39 0.054857
7 39 -0.123410
8 39 -0.606821
9 39 -0.024045
10 39 -0.332962
11 39 -0.321833
12 39 0.390446
13 39 -0.291319
14 39 -0.025718
15 39 0.391695
16 39 -0.031785
17 39 -0.220243
18 39 -0.323791
19 39 0.369036
20 39 0.196040
21 39 0.030889
22 39 -0.290715
23 39 0.058367
24 39 -0.096255
25 39 -0.110116
26 39 -0.294431
27 39 0.033498
28 39 0.093754
29 39 -0.264569
30 39 0.613703
31 39 -0.565233
32 39 -0.125456
33 39 0.479321
34 39 -0.169260
35 39 0.155625
36 39 0.050733
37 39 1.030935
38 39 0.135097
39 39 0.104304
40 39 -0.083584
41 39 -0.580330
42 39 -0.329274
43 39 -0.274834
44 39 0.146974
45 39 -0.426621
46 39 0.009653
47 39 0.745711
48 39 -0.171317
49 39 -0.044721
50 39 -0.101523
51 39 0.429968
52 39 0.203242
53 39 -0.123574
54 39 0.074162
55 39 -0.261083
56 39 0.449730
57 39 -0.507029
58 39 -0.974213
59 39 -0.127310
60 39 -0.089207
61 39 -0.097145
62 39 0.180362
63 39 0.517751
64 39 -0.474241
65 39 0.168156
66 39 -0.355843
67 39 -0.349713
68 39 -0.359744
69 39 0.177236
70 39 -0.212437
71 39 0.244370
72 39 -0.084527
73 39 -0.127306
74 39 -0.516988
75 39 -0.176951
76 39 0.146485
77 39 0.502894
78 39 0.428847
79 39 0.311251
80 39 -0.705928
81 39 0.117339
82 39 -0.096321
83 39 -0.034122
84 39 0.365790
85 39 -0.353625
86 39 0.730097
87 39 0.641829
88 39 0.168202
89 39 0.607373
90 39 -0.164685
91 39 -0.365600
92 39 0.065722
93 39 0.247682
94 39 -0.242061
95 39 -0.048182
96 39 -0.148475
97 39 0.445749
98 39 0.540572
99 39 0.165392
100 39 0.365114
101 39 -0.094286
102 39 0.478080
103 39 -0.423476
104 39 -0.370791
105 39 0.357008
106 39 0.343021
107 39 0.105198
108 39 0.034332
109 39 0.376437
110 39 -0.614873
111 39 0.019722
112 39 0.196569
113 39 -0.277348
114 39 -0.472024
115 39 -0.096080
116 39 -0.500809
117 39 0.141330
118 39 -0.747533
119 39 0.667557
120 39 -0.830160
121 39 0.169038
122 39 -0.013836
123 39 0.091051
124 39 -0.088072
125 39 0.007208
126 39 0.483833
127 39 0.298517

0 40 -0.191492
1 40 -0.154469
2 40 0.127144
3 40 -0.048668
4 40 -0.162357
5 40 0.167138
6 40 -0.224085
7 40 0.007000
8 40 -0.304034
9 40 0.148168
10 40 -0.324143
11 40 -0.215372
12 40 0.350752
13 40 -0.170926
14 40 -0.108885
15 40 0.541444
16 40 0.277909
17 40 0.337840
18 40 0.021535
19 40 0.117093
20 40 0.136528
21 40 0.038657
22 40 -0.308609
23 40 -0.221228
24 40 0.046366
25 40 0.005149
26 40 -0.140988
27 40 0.447928
28 40 -0.067160
29 40 0.405171
30 40 0.252843
31 40 0.066057
32 40 -0.200196
33 40 0.442841
34 40 0.023525
35 40 0.128074
36 40 -0.155935
37 40 0.483887
38 40 -0.000094
39 40 -0.112329
40 40 -0.279236
41 40 -0.621161
42 40 -0.296283
43 40 0.049395
44 40 -0.087289
45 40 0.012532
46 40 0.332195
47 40 0.255034
48 40 0.023321
49 40 -0.161603
50 40 -0.304659
51 40 0.156551
52 40 -0.141817
53 40 -0.143857
54 40 -0.031376
55 40 0.171669
56 40 0.027735
57 40 -0.353990
58 40 -0.816469
59 40 -0.425312
60 40 -0.057259
61 40 -0.172312
62 40 0.499117
63 40 -0.003063
64 40 -0.041942
65 40 -0.108744
66 40 -0.261788
67 40 -0.053348
68 40 -0.199444
69 40 -0.220376
70 40 -0.471094
71 40 0.195366
72 40 -0.193753
73 40 0.081505
74 40 -0.346489
75 40 -0.001567
76 40 0.035712
77 40 0.453077
78 40 0.111132
79 40 0.374232
80 40 -0.287945
81 40 0.307566
82 40 0.261649
83 40 0.282500
84 40 0.291625
85 40 -0.287678
86 40 0.306334
87 40 0.159439
88 40 0.019397
89 40 0.215766
90 40 -0.121011
91 40 -0.241283
92 40 0.331037
93 40 0.253674
94 40 0.141731
95 40 -0.033549
96 40 -0.473942
97 40 0.189754
98 40 0.170981
99 40 0.254529
100 40 0.453785
101 40 -0.065612
102 40 -0.007599
103 40 -0.205249
104 40 -0.228095
105 40 -0.041589
106 40 0.313172
107 40 -0.162279
108 40 0.198716
109 40 0.095342
110 40 -0.118796
111 40 -0.178072
112 40 0.507142
113 40 -0.141609
114 40 0.024555
115 40 -0.298403
116 40 -0.353296
117 40 0.126664
118 40 -0.481199
119 40 0.313342
120 40 -0.571771
121 40 -0.019554
122 40 -0.043464
123 40 -0.178753
124 40 -0.402230
125 40 0.384267
126 40 0.143176
127 40 0.238702

0 41 -0.002713
1 41 -0.211777
2 41 0.074243
3 41 -0.064047
4 41 -0.198321
5 41 0.101535
6 41 -0.025647
7 41 -0.010664
8 41 -0.197652
9 41 0.137019
10 41 -0.069476
11 41 -0.090658
12 41 0.184933
13 41 0.053878
14 41 0.240673
15 41 0.536788
16 41 0.247912
17 41 0.459436
18 41 0.053963
19 41 -0.019944
20 41 0.069736
21 41 0.128430
22 41 -0.417815
23 41 -0.358155
24 41 -0.026301
25 41 0.113474
26 41 0.040966
27 41 0.459104
28 41 -0.218539
29 41 0.397403
30 41 0.473840
31 41 0.038507
32 41 -0.331677
33 41 0.201508
34 41 0.172257
35 41 0.138141
36 41 -0.106869
37 41 0.265637
38 41 -0.102870
39 41 -0.178633
40 41 -0.126375
41 41 -0.724832
42 41 -0.213111
43 41 0.145906
44 41 -0.212670
45 41 -0.035390
46 41 -0.092655
47 41 0.226569
48 41 -0.031495
49 41 -0.017196
50 41 -0.258262
51 41 0.189503
52 41 -0.159750
53 41 -0.125522
54 41 -0.052261
55 41 -0.005427
56 41 0.152135
57 41 -0.437663
58 41 -0.710343
59 41 -0.233785
60 41 0.164640
61 41 -0.133829
62 41 0.545506
63 41 -0.079126
64 41 0.062324
65 41 -0.203960
66 41 0.007984
67 41 -0.165912
68 41 -0.160088
69 41 0.033857
70 41 -0.411459
71 41 -0.086748
72 41 -0.267966
73 41 -0.014952
74 41 -0.343967
75 41 -0.023467
76 41 -0.004784
77 41 0.186167
78 41 0.371471
79 41 0.302626
80 41 -0.190489
81 41 0.278825
82 41 -0.215205
83 41 0.282592
84 41 0.134705
85 41 -0.165766
86 41 0.389812
87 41 0.142329
88 41 -0.144324
89 41 0.115011
90 41 0.000884
91 41 -0.505429
92 41 0.093063
93 41 0.330421
94 41 0.031858
95 41 -0.228250
96 41 -0.434260
97 41 0.099005
98 41 0.112120
99 41 0.248928
100 41 0.577293
101 41 -0.084385
102 41 -0.064989
103 41 0.102043
104 41 -0.158007
105 41 0.044317
106 41 0.235606
107 41 0.005435
108 41 0.304060
109 41 -0.083577
110 41 0.274528
111 41 -0.079255
112 41 0.464528
113 41 0.040203
114 41 0.000818
115 41 -0.262083
116 41 -0.220105
117 41 0.016971
118 41 -0.154041
119 41 0.154865
120 41 -0.300129
121 41 -0.109216
122 41 -0.147840
123 41 -0.145956
124 41 -0.144745
125 41 0.338054
126 41 0.227248
127 41 0.474927

0 42 -0.333870
1 42 -0.568980
2 42 0.354776
3 42 -0.212588
4 42 -0.185871
5 42 0.036937
6 42 -0.136721
7 42 -0.219487
8 42 -0.419718
9 42 -0.069550
10 42 -0.365575
11 42 0.014721
12 42 0.169287
13 42 -0.375760
14 42 -0.210972
15 42 0.356907
16 42 0.182269
17 42 -0.055069
18 42 -0.486176
19 42 0.266716
20 42 0.294903
21 42 -0.140352
22 42 -0.191634
23 42 0.190101
24 42 -0.281904
25 42 -0.149601
26 42 -0.217206
27 42 0.237390
28 42 -0.080521
29 42 0.083733
30 42 0.291311
31 42 -0.035976
32 42 -0.312026
33 42 0.232960
34 42 -0.337441
35 42 0.017484
36 42 0.215150
37 42 0.410892
38 42 -0.162360
39 42 -0.072305
40 42 -0.202759
41 42 -0.304667
42 42 -0.160916
43 42 0.037100
44 42 0.063463
45 42 -0.024846
46 42 0.232415
47 42 0.178145
48 42 -0.387385
49 42 0.045479
50 42 0.115373
51 42 0.219985
52 42 -0.259060
53 42 -0.124082
54 42 0.108033
55 42 0.065812
56 42 0.139537
57 42 -0.275213
58 42 -0.777114
59 42 -0.190784
60 42 0.050916
61 42 -0.046424
62 42 0.177081
63 42 -0.201549
64 42 -0.345786
65 42 -0.034567
66 42 -0.413495
67 42 -0.174434
68 42 -0.445242
69 42 0.084337
70 42 -0.200713
71 42 0.245357
72 42 0.131950
73 42 -0.044300
74 42 -0.299833
75 42 0.154454
76 42 -0.096137
77 42 0.387740
78 42 -0.054729
79 42 0.191131
80 42 -0.237866
81 42 0.146250
82 42 0.380395
83 42 0.123308
84 42 0.256344
85 42 -0.033690
86 42 0.390326
87 42 0.367161
88 42 -0.069559
89 42 0.114817
90 42 -0.235649
91 42 -0.022313
92 42 0.239558
93 42 0.028452
94 42 0.137874
95 42 -0.012041
96 42 -0.307139
97 42 0.289850
98 42 0.004415
99 42 0.184048
100 42 0.189369
101 42 -0.113776
102 42 0.221681
103 42 -0.138079
104 42 -0.050686
105 42 0.007897
106 42 0.125216
107 42 0.139022
108 42 0.369779
109 42 0.031304
110 42 -0.349484
111 42 -0.020267
112 42 0.213837
113 42 -0.091096
114 42 -0.381463
115 42 -0.271844
116 42 -0.202225
117 42 0.172822
118 42 -0.495692
119 42 0.438776
120 42 -0.815511
121 42 0.238841
122 42 -0.069438
123 42 -0.155616
124 42 -0.538118
125 42 0.312244
126 42 0.121385
127 42 0.044864

0 43 -0.132740
1 43 -0.346844
2 43 0.104305
3 43 -0.228973
4 43 -0.181004
5 43 0.068396
6 43 0.094704
7 43 -0.214898
8 43 -0.301299
9 43 -0.041375
10 43 -0.087742
11 43 0.031228
12 43 0.023916
13 43 -0.034122
14 43 0.051894
15 43 0.329872
16 43 0.163086
17 43 0.031658
18 43 -0.211614
19 43 0.117782
20 43 0.139217
21 43 -0.073868
22 43 -0.274501
23 43 -0.017797
24 43 -0.149938
25 43 -0.030162
26 43 -0.080909
27 43 0.241748
28 43 -0.165437
29 43 0.185078
30 43 0.358116
31 43 -0.041983
32 43 -0.293740
33 43 0.020619
34 43 -0.098452
35 43 0.107517
36 43 0.100983
37 43 0.148572
38 43 -0.148648
39 43 -0.052079
40 43 -0.137275
41 43 -0.344309
42 43 -0.046631
43 43 0.232852
44 43 -0.017961
45 43 -0.181630
46 43 -0.070172
47 43 0.177013
48 43 -0.353212
49 43 0.074592
50 43 0.053279
51 43 0.163783
52 43 -0.220423
53 43 -0.131971
54 43 -0.096947
55 43 -0.048210
56 43 0.215337
57 43 -0.398006
58 43 -0.649558
59 43 -0.001663
60 43 0.118624
61 43 -0.102690
62 43 0.329218
63 43 -0.204769
64 43 -0.149227
65 43 -0.059183
66 43 -0.226518
67 43 -0.146656
68 43 -0.299678
69 43 0.145135
70 43 -0.220330
71 43 -0.067976
72 43 0.052787
73 43 -0.049168
74 43 -0.262415
75 43 0.031007
76 43 -0.027929
77 43 0.180718
78 43 0.155651
79 43 0.062553
80 43 -0.157646
81 43 0.111259
82 43 -0.065643
83 43 0.112787
84 43 0.128207
85 43 -0.062730
86 43 0.360028
87 43 0.354492
88 43 -0.116318
89 43 0.104843
90 43 -0.049787
91 43 -0.201915
92 43 0.067951
93 43 0.118574
94 43 -0.012410
95 43 -0.230687
96 43 -0.335133
97 43 0.155958
98 43 -0.037955
99 43 0.080942
100 43 0.131366
101 43 -0.207766
102 43 0.052177
103 43 0.084903
104 43 -0.005973
105 43 0.054887
106 43 0.181128
107 43 0.098257
108 43 0.292176
109 43 0.010279
110 43 -0.059703
111 43 -0.056270
112 43 0.201810
113 43 0.026335
114 43 -0.281501
115 43 -0.121256
116 43 -0.141426
117 43 0.190120
118 43 -0.098352
119 43 0.282768
120 43 -0.512053
121 43 0.184072
122 43 -0.165755
123 43 -0.033237
124 43 -0.184112
125 43 0.216406
126 43 0.073798
127 43 0.338140

0 44 -0.203630
1 44 -0.262617
2 44 0.115437
3 44 -0.062876
4 44 0.109590
5 44 0.317691
6 44 -0.051492
7 44 -0.273316
8 44 -0.233018
9 44 0.166847
10 44 -0.159591
11 44 -0.332773
12 44 0.318337
13 44 0.080588
14 44 0.085087
15 44 0.555685
16 44 0.156906
17 44 -0.024912
18 44 -0.137988
19 44 0.093286
20 44 0.114523
21 44 0.089877
22 44 -0.278670
23 44 -0.106709
24 44 0.023532
25 44 -0.066032
26 44 -0.196774
27 44 0.305363
28 44 -0.049453
29 44 0.403360
30 44 0.498125
31 44 -0.207894
32 44 -0.327621
33 44 0.211248
34 44 0.056713
35 44 0.153394
36 44 -0.113108
37 44 0.502942
38 44 0.042122
39 44 -0.007894
40 44 -0.093554
41 44 -0.529424
42 44 -0.171413
43 44 0.222398
44 44 -0.035293
45 44 -0.254804
46 44 0.314797
47 44 0.432819
48 44 -0.214612
49 44 -0.039208
50 44 -0.409804
51 44 0.354310
52 44 -0.163911
53 44 -0.172419
54 44 -0.048292
55 44 0.144719
56 44 0.207103
57 44 -0.530409
58 44 -0.627373
59 44 -0.247035
60 44 -0.038031
61 44 -0.337940
62 44 0.347849
63 44 0.023803
64 44 -0.129103
65 44 0.051263
66 44 -0.312955
67 44 -0.277906
68 44 -0.198780
69 44 0.104375
70 44 -0.516083
71 44 -0.094999
72 44 -0.196167
73 44 0.081732
74 44 -0.333409
75 44 -0.057223
76 44 0.117070
77 44 0.188466
78 44 0.413157
79 44 0.378008
80 44 -0.353963
81 44 0.139012
82 44 -0.064429
83 44 0.012444
84 44 0.284491
85 44 -0.191421
86 44 0.435888
87 44 0.642710
88 44 -0.094021
89 44 0.345510
90 44 0.009097
91 44 -0.453166
92 44 0.173258
93 44 0.269613
94 44 -0.105811
95 44 -0.272589
96 44 -0.366350
97 44 0.222910
98 44 0.132074
99 44 0.086105
100 44 0.229895
101 44 -0.097506
102 44 0.117980
103 44 0.065269
104 44 -0.242315
105 44 -0.000566
106 44 0.464368
107 44 -0.129415
108 44 0.144868
109 44 0.248033
110 44 -0.132619
111 44 -0.217465
112 44 0.473794
113 44 0.088822
114 44 -0.079405
115 44 -0.181394
116 44 -0.396981
117 44 0.153074
118 44 -0.377007
119 44 0.581288
120 44 -0.681267
121 44 0.059229
122 44 -0.174011
123 44 0.011260
124 44 -0.247819
125 44 0.317597
126 44 0.287279
127 44 0.461270

0 45 -0.110371
1 45 -0.376181
2 45 0.226891
3 45 -0.167940
4 45 0.029087
5 45 0.304191
6 45 0.001817
7 45 -0.297903
8 45 -0.315983
9 45 0.090923
10 45 -0.181634
11 45 -0.245418
12 45 0.268192
13 45 0.080660
14 45 0.136486
15 45 0.570610
16 45 0.195257
17 45 0.021513
18 45 -0.230106
19 45 0.101177
20 45 0.078715
21 45 0.118836
22 45 -0.389094
23 45 -0.122627
24 45 -0.046962
25 45 -0.059857
26 45 -0.218298
27 45 0.368699
28 45 -0.089061
29 45 0.382572
30 45 0.515495
31 45 -0.196690
32 45 -0.467639
33 45 0.177230
34 45 0.043311
35 45 0.144808
36 45 -0.035796
37 45 0.554700
38 45 0.042092
39 45 0.028056
40 45 -0.121388
41 45 -0.677147
42 45 -0.134226
43 45 0.216092
44 45 -0.102351
45 45 -0.219627
46 45 0.156678
47 45 0.385411
48 45 -0.274451
49 45 -0.054656
50 45 -0.271811
51 45 0.405747
52 45 -0.141931
53 45 -0.182978
54 45 0.080117
55 45 0.144263
56 45 0.298974
57 45 -0.515718
58 45 -0.765232
59 45 -0.124460
60 45 0.060037
61 45 -0.305227
62 45 0.391742
63 45 0.097416
64 45 -0.111744
65 45 0.022986
66 45 -0.220338
67 45 -0.332593
68 45 -0.362063
69 45 0.184668
70 45 -0.507542
71 45 -0.081437
72 45 -0.125367
73 45 0.002764
74 45 -0.413490
75 45 -0.009875
76 45 0.069636
77 45 0.165615
78 45 0.400492
79 45 0.418652
80 45 -0.265102
81 45 0.197178
82 45 -0.109413
83 45 0.117175
84 45 0.325859
85 45 -0.132753
86 45 0.488120
87 45 0.642507
88 45 -0.158745
89 45 0.298250
90 45 0.033698
91 45 -0.519975
92 45 0.151882
93 45 0.366969
94 45 -0.092438
95 45 -0.324212
96 45 -0.341803
97 45 0.264685
98 45 0.093537
99 45 0.174773
100 45 0.239831
101 45 -0.034559
102 45 0.159323
103 45 0.158203
104 45 -0.272458
105 45 0.100226
106 45 0.345275
107 45 0.020276
108 45 0.289378
109 45 0.194222
110 45 -0.107770
111 45 -0.147420
112 45 0.452933
113 45 0.133273
114 45 -0.132574
115 45 -0.249304
116 45 -0.381768
117 45 0.154836
118 45 -0.321689
119 45 0.561163
120 45 -0.747270
121 45 0.027870
122 45 -0.189842
123 45 -0.001713
124 45 -0.283210
125 45 0.373162
126 45 0.232343
127 45 0.523855

0 46 -0.101342
1 46 -0.276042
2 46 0.040047
3 46 -0.137193
4 46 0.008627
5 46 0.220206
6 46 -0.064631
7 46 -0.305096
8 46 -0.530897
9 46 0.045607
10 46 -0.255560
11 46 -0.154453
12 46 0.339270
13 46 0.066993
14 46 0.006299
15 46 0.461461
16 46 0.286820
17 46 0.131858
18 46 -0.136633
19 46 0.169965
20 46 0.092715
21 46 -0.066520
22 46 -0.385916
23 46 -0.117258
24 46 0.053041
25 46 -0.078828
26 46 -0.145504
27 46 0.361079
28 46 -0.106894
29 46 0.435266
30 46 0.358333
31 46 -0.024791
32 46 -0.221637
33 46 0.266958
34 46 -0.003365
35 46 0.057322
36 46 -0.164346
37 46 0.441825
38 46 0.044162
39 46 -0.041560
40 46 -0.270613
41 46 -0.607884
42 46 -0.069691
43 46 0.199768
44 46 0.039065
45 46 -0.123542
46 46 0.240870
47 46 0.280773
48 46 -0.116629
49 46 -0.075023
50 46 -0.178297
51 46 0.214811
52 46 -0.153046
53 46 -0.118963
54 46 -0.037523
55 46 0.121551
56 46 0.086986
57 46 -0.355209
58 46 -0.691285
59 46 -0.259524
60 46 -0.189480
61 46 -0.136627
62 46 0.395421
63 46 0.147661
64 46 -0.025790
65 46 0.038903
66 46 -0.207571
67 46 -0.123213
68 46 -0.368866
69 46 -0.048052
70 46 -0.515850
71 46 0.121879
72 46 0.047735
73 46 0.009973
74 46 -0.301092
75 46 -0.176023
76 46 0.165358
77 46 0.351639
78 46 0.174406
79 46 0.294760
80 46 -0.175294
81 46 0.201015
82 46 0.215954
83 46 0.117720
84 46 0.348691
85 46 -0.250302
86 46 0.216738
87 46 0.477607
88 46 -0.021758
89 46 0.227646
90 46 -0.153705
91 46 -0.245367
92 46 0.312609
93 46 0.291341
94 46 -0.018999
95 46 -0.158240
96 46 -0.407336
97 46 0.162249
98 46 -0.082937
99 46 0.337266
100 46 0.222221
101 46 -0.033923
102 46 0.195155
103 46 0.063340
104 46 -0.220990
105 46 0.046230
106 46 0.293916
107 46 -0.174506
108 46 0.221121
109 46 0.158006
110 46 -0.259333
111 46 -0.168724
112 46 0.418649
113 46 0.049195
114 46 -0.102251
115 46 -0.092622
116 46 -0.249063
117 46 0.256454
118 46 -0.303253
119 46 0.534121
120 46 -0.672993
121 46 0.026104
122 46 -0.188043
123 46 -0.063079
124 46 -0.341773
125 46 0.345375
126 46 0.036172
127 46 0.293731

0 47 0.153940
1 47 -0.252654
2 47 0.048581
3 47 -0.044589
4 47 -0.150512
5 47 0.056621
6 47 -0.009628
7 47 -0.194140
8 47 -0.270003
9 47 0.061054
10 47 -0.121292
11 47 0.018180
12 47 0.167691
13 47 0.107056
14 47 0.176789
15 47 0.350461
16 47 0.151629
17 47 0.258672
18 47 -0.036781
19 47 0.139496
20 47 0.144424
21 47 0.027041
22 47 -0.334343
23 47 -0.173299
24 47 -0.118853
25 47 0.067422
26 47 -0.055086
27 47 0.345845
28 47 -0.210984
29 47 0.374327
30 47 0.447113
31 47 0.008207
32 47 -0.278664
33 47 0.091858
34 47 0.124747
35 47 0.137268
36 47 -0.075462
37 47 0.201715
38 47 -0.143584
39 47 -0.264120
40 47 -0.163331
41 47 -0.521978
42 47 -0.008522
43 47 0.140376
44 47 -0.020790
45 47 -0.075535
46 47 -0.031820
47 47 0.252009
48 47 -0.075638
49 47 0.009260
50 47 -0.190383
51 47 0.131186
52 47 -0.227572
53 47 -0.076759
54 47 -0.054557
55 47 -0.023357
56 47 0.074479
57 47 -0.297099
58 47 -0.565676
59 47 -0.262696
60 47 0.025673
61 47 -0.079824
62 47 0.342368
63 47 0.034368
64 47 0.074835
65 47 -0.072863
66 47 -0.050443
67 47 -0.232404
68 47 -0.212684
69 47 0.112009
70 47 -0.414184
71 47 0.016237
72 47 -0.010717
73 47 -0.079396
74 47 -0.188785
75 47 -0.182006
76 47 0.077654
77 47 0.165966
78 47 0.173598
79 47 0.185504
80 47 -0.065472
81 47 0.148627
82 47 -0.019321
83 47 0.121070
84 47 0.189488
85 47 -0.179557
86 47 0.256486
87 47 0.257189
88 47 -0.149679
89 47 0.111476
90 47 -0.013427
91 47 -0.314315
92 47 0.207749
93 47 0.290554
94 47 -0.032670
95 47 -0.132227
96 47 -0.288214
97 47 0.066187
98 47 -0.104092
99 47 0.164869
100 47 0.320882
101 47 -0.023133
102 47 0.101139
103 47 0.145182
104 47 -0.069912
105 47 -0.003388
106 47 0.172085
107 47 -0.087081
108 47 0.229800
109 47 -0.083492
110 47 0.052908
111 47 0.031000
112 47 0.329181
113 47 0.190867
114 47 -0.136751
115 47 0.028437
116 47 -0.073917
117 47 0.060768
118 47 -0.103077
119 47 0.162217
120 47 -0.348295
121 47 -0.147639
122 47 -0.140664
123 47 -0.164290
124 47 -0.220987
125 47 0.315388
126 47 0.112058
127 47 0.325433

0 48 -0.386317
1 48 -0.322896
2 48 0.448825
3 48 -0.382694
4 48 -0.315603
5 48 0.388912
6 48 -0.268587
7 48 -0.030522
8 48 -0.283266
9 48 0.024240
10 48 0.024252
11 48 0.345913
12 48 -0.350269
13 48 -0.876770
14 48 -0.226772
15 48 0.440391
16 48 0.018099
17 48 -0.467717
18 48 -0.416624
19 48 0.134412
20 48 0.435964
21 48 -0.468644
22 48 -0.063291
23 48 0.531926
24 48 -0.608019
25 48 -0.062840
26 48 -0.114206
27 48 0.462174
28 48 -0.199220
29 48 -0.228990
30 48 0.326397
31 48 -0.097968
32 48 -0.185802
33 48 0.371555
34 48 -0.142063
35 48 0.061672
36 48 0.467621
37 48 0.297439
38 48 -0.170714
39 48 -0.003467
40 48 0.053436
41 48 -0.203457
42 48 -0.582034
43 48 -0.100200
44 48 -0.142027
45 48 0.197320
46 48 -0.140610
47 48 -0.146358
48 48 -0.331546
49 48 -0.209652
50 48 0.456211
51 48 0.204019
52 48 -0.115607
53 48 -0.273462
54 48 0.290688
55 48 -0.068600
56 48 0.412268
57 48 0.124345
58 48 -0.987130
59 48 0.251335
60 48 0.267996
61 48 0.167963
62 48 0.005879
63 48 -0.175434
64 48 -0.388405
65 48 0.093303
66 48 -0.563624
67 48 0.144227
68 48 -0.076601
69 48 0.097232
70 48 0.159134
71 48 0.201344
72 48 0.254896
73 48 -0.096050
74 48 -0.054591
75 48 0.353702
76 48 -0.308116
77 48 0.403626
78 48 -0.123679
79 48 -0.092643
80 48 -0.468696
81 48 0.020637
82 48 -0.319062
83 48 0.387654
84 48 -0.025170
85 48 0.205795
86 48 0.213862
87 48 -0.191966
88 48 -0.148165
89 48 0.124212
90 48 -0.327278
91 48 -0.042250
92 48 -0.213824
93 48 -0.055812
94 48 -0.064728
95 48 0.303166
96 48 -0.705028
97 48 0.227720
98 48 0.266799
99 48 0.056073
100 48 0.179537
101 48 -0.412812
102 48 -0.060479
103 48 -0.468419
104 48 0.310178
105 48 0.110982
106 48 -0.454467
107 48 0.580402
108 48 0.502659
109 48 0.327404
110 48 -0.357115
111 48 0.360295
112 48 0.351548
113 48 -0.422118
114 48 -0.196192
115 48 -0.644891
116 48 -0.425479
117 48 -0.047346
118 48 -0.326827
119 48 -0.201306
120 48 -0.616143
121 48 0.245762
122 48 0.355560
123 48 -0.128154
124 48 -0.461970
125 48 0.138953
126 48 0.095127
127 48 0.076141

0 49 -0.332080
1 49 -0.271020
2 49 0.250641
3 49 -0.467626
4 49 -0.201469
5 49 0.513238
6 49 -0.124792
7 49 -0.147267
8 49 -0.106557
9 49 0.007933
10 49 0.189512
11 49 0.203316
12 49 -0.369499
13 49 -0.560943
14 49 0.046961
15 49 0.340918
16 49 0.042885
17 49 -0.491898
18 49 -0.323403
19 49 -0.013725
20 49 0.251130
21 49 -0.462342
22 49 -0.030125
23 49 0.392061
24 49 -0.466061
25 49 -0.085962
26 49 0.026422
27 49 0.352973
28 49 -0.307723
29 49 -0.221900
30 49 0.491071
31 49 -0.218568
32 49 -0.205753
33 49 0.206601
34 49 0.097293
35 49 0.172630
36 49 0.272840
37 49 0.275909
38 49 0.000196
39 49 0.108231
40 49 0.181948
41 49 -0.267472
42 49 -0.430767
43 49 0.124286
44 49 0.026462
45 49 -0.069006
46 49 -0.203473
47 49 -0.097094
48 49 -0.292307
49 49 -0.225855
50 49 0.134616
51 49 0.243657
52 49 -0.076180
53 49 -0.229127
54 49 0.115707
55 49 -0.134577
56 49 0.377597
57 49 0.022311
58 49 -0.848721
59 49 0.304135
60 49 0.166501
61 49 0.092627
62 49 -0.019158
63 49 0.008472
64 49 -0.365035
65 49 0.048502
66 49 -0.470860
67 49 0.273298
68 49 -0.017662
69 49 0.258660
70 49 0.093127
71 49 0.210417
72 49 0.041945
73 49 -0.171080
74 49 0.018658
75 49 0.281237
76 49 -0.126894
77 49 0.193965
78 49 0.193751
79 49 -0.132845
80 49 -0.564254
81 49 0.050218
82 49 -0.650941
83 49 0.191332
84 49 -0.111507
85 49 0.215086
86 49 0.136755
87 49 0.058145
88 49 -0.089692
89 49 0.204483
90 49 -0.155459
91 49 -0.181335
92 49 -0.450974
93 49 -0.102932
94 49 -0.276378
95 49 0.123369
96 49 -0.659849
97 49 0.147618
98 49 0.137653
99 49 -0.079306
100 49 0.228541
101 49 -0.410543
102 49 -0.025057
103 49 -0.318191
104 49 0.168440
105 49 0.177261
106 49 -0.391215
107 49 0.447015
108 49 0.441953
109 49 0.352234
110 49 -0.274249
111 49 0.360348
112 49 0.343617
113 49 -0.234346
114 49 -0.215577
115 49 -0.399783
116 49 -0.369305
117 49 -0.089814
118 49 -0.151710
119 49 -0.106615
120 49 -0.419285
121 49 0.283199
122 49 0.302919
123 49 -0.040811
124 49 -0.111820
125 49 -0.138103
126 49 0.223643
127 49 0.183568

0 50 0.326305
1 50 0.139861
2 50 -0.359032
3 50 -0.258896
4 50 -0.374313
5 50 0.254478
6 50 -0.356238
7 50 0.257206
8 50 0.130357
9 50 0.162179
10 50 0.053558
11 50 0.409913
12 50 -0.075811
13 50 -0.656805
14 50 -0.121881
15 50 0.444709
16 50 0.153222
17 50 -0.147244
18 50 0.029453
19 50 -0.009281
20 50 0.468028
21 50 -0.212053
22 50 -0.163420
23 50 0.244693
24 50 -0.501386
25 50 -0.016327
26 50 -0.043987
27 50 0.552417
28 50 -0.334180
29 50 0.275434
30 50 0.258632
31 50 0.165101
32 50 -0.110637
33 50 0.279256
34 50 0.265549
35 50 0.089453
36 50 0.000674
37 50 -0.046072
38 50 -0.155715
39 50 -0.367487
40 50 0.049292
41 50 -0.174518
42 50 -0.458150
43 50 0.090690
44 50 -0.113079
45 50 0.333691
46 50 0.392336
47 50 -0.301251
48 50 -0.211436
49 50 -0.331223
50 50 -0.016382
51 50 0.116369
52 50 -0.208769
53 50 -0.093075
54 50 -0.065632
55 50 0.005124
56 50 0.208210
57 50 0.268829
58 50 -0.829052
59 50 -0.160919
60 50 0.159860
61 50 0.000490
62 50 0.247465
63 50 -0.391295
64 50 -0.149674
65 50 -0.159361
66 50 -0.423283
67 50 0.287875
68 50 0.335891
69 50 -0.223854
70 50 -0.100815
71 50 0.162114
72 50 -0.129355
73 50 0.257879
74 50 -0.033672
75 50 0.268103
76 50 -0.260360
77 50 0.314728
78 50 -0.018097
79 50 -0.154702
80 50 -0.149888
81 50 0.150603
82 50 -0.293138
83 50 0.331091
84 50 -0.048272
85 50 0.101147
86 50 -0.008465
87 50 -0.576489
88 50 -0.043622
89 50 0.197491
90 50 -0.202496
91 50 -0.083415
92 50 -0.238369
93 50 0.049778
94 50 -0.206151
95 50 0.302379
96 50 -0.963352
97 50 0.253664
98 50 -0.011236
99 50 0.199787
100 50 0.447732
101 50 -0.471600
102 50 -0.242440
103 50 -0.241648
104 50 0.135492
105 50 -0.154786
106 50 -0.108579
107 50 0.279086
108 50 0.320032
109 50 0.409449
110 50 0.013347
111 50 0.367540
112 50 0.458662
113 50 -0.262715
114 50 0.090389
115 50 -0.612205
116 50 -0.192900
117 50 -0.036576
118 50 -0.245789
119 50 -0.499420
120 50 -0.460491
121 50 0.077309
122 50 0.431427
123 50 -0.235519
124 50 -0.350033
125 50 0.260847
126 50 -0.027667
127 50 0.115029

0 51 0.417999
1 51 0.280484
2 51 -0.427643
3 51 -0.199620
4 51 -0.337734
5 51 0.229984
6 51 -0.323726
7 51 0.427409
8 51 0.195591
9 51 0.222354
10 51 0.148245
11 51 0.415019
12 51 -0.090316
13 51 -0.593759
14 51 -0.075401
15 51 0.433686
16 51 0.128851
17 51 -0.171557
18 51 0.167537
19 51 -0.110923
20 51 0.390416
21 51 -0.177065
22 51 -0.074388
23 51 0.109938
24 51 -0.498876
25 51 0.020018
26 51 -0.051118
27 51 0.517233
28 51 -0.342265
29 51 0.343477
30 51 0.215353
31 51 0.251009
32 51 -0.095323
33 51 0.241968
34 51 0.325929
35 51 0.104754
36 51 -0.005136
37 51 -0.171678
38 51 -0.192199
39 51 -0.422393
40 51 0.146624
41 51 -0.150808
42 51 -0.462288
43 51 0.133850
44 51 -0.159072
45 51 0.329674
46 51 0.296478
47 51 -0.282196
48 51 -0.154798
49 51 -0.348063
50 51 -0.040951
51 51 0.017521
52 51 -0.171922
53 51 -0.095057
54 51 -0.148196
55 51 -0.005429
56 51 0.251336
57 51 0.313787
58 51 -0.682865
59 51 -0.155743
60 51 0.167987
61 51 -0.027600
62 51 0.293064
63 51 -0.359174
64 51 -0.091314
65 51 -0.153668
66 51 -0.367642
67 51 0.312340
68 51 0.498070
69 51 -0.180349
70 51 -0.037860
71 51 0.024422
72 51 -0.151132
73 51 0.295730
74 51 0.006629
75 51 0.209634
76 51 -0.204164
77 51 0.254568
78 51 0.033490
79 51 -0.197021
80 51 -0.098514
81 51 0.153324
82 51 -0.420409
83 51 0.248178
84 51 -0.056731
85 51 0.113119
86 51 -0.010246
87 51 -0.683691
88 51 0.009908
89 51 0.170244
90 51 -0.145600
91 51 -0.123050
92 51 -0.277142
93 51 0.031241
94 51 -0.250457
95 51 0.290787
96 51 -0.899529
97 51 0.140435
98 51 -0.004511
99 51 0.211569
100 51 0.443734
101 51 -0.522153
102 51 -0.312049
103 51 -0.226098
104 51 0.131502
105 51 -0.143660
106 51 -0.052638
107 51 0.274769
108 51 0.283833
109 51 0.478229
110 51 0.141207
111 51 0.371446
112 51 0.400447
113 51 -0.268261
114 51 0.198983
115 51 -0.480226
116 51 -0.181614
117 51 -0.041915
118 51 -0.058927
119 51 -0.571211
120 51 -0.298553
121 51 0.027371
122 51 0.423929
123 51 -0.206540
124 51 -0.187273
125 51 0.220034
126 51 -0.070076
127 51 0.193088

0 52 0.262157
1 52 0.127475
2 52 -0.123154
3 52 -0.103532
4 52 -0.289217
5 52 0.106370
6 52 -0.211471
7 52 0.310412
8 52 0.189281
9 52 0.250553
10 52 -0.093795
11 52 0.235080
12 52 -0.029267
13 52 -0.301055
14 52 -0.123262
15 52 0.400288
16 52 0.149024
17 52 0.084280
18 52 0.182870
19 52 -0.032538
20 52 0.308041
21 52 -0.065226
22 52 -0.070722
23 52 -0.067123
24 52 -0.344581
25 52 0.141843
26 52 -0.074280
27 52 0.491398
28 52 -0.173519
29 52 0.376241
30 52 0.046816
31 52 0.246791
32 52 -0.057550
33 52 0.245588
34 52 0.087812
35 52 0.153069
36 52 0.079461
37 52 -0.149903
38 52 -0.280702
39 52 -0.313250
40 52 -0.086304
41 52 -0.145468
42 52 -0.444217
43 52 0.022262
44 52 -0.267794
45 52 0.343480
46 52 0.148102
47 52 -0.241007
48 52 -0.046677
49 52 -0.208540
50 52 -0.000507
51 52 0.009930
52 52 -0.252087
53 52 -0.064941
54 52 -0.068153
55 52 0.045278
56 52 0.106431
57 52 0.054527
58 52 -0.667207
59 52 -0.223814
60 52 0.182632
61 52 -0.021306
62 52 0.399671
63 52 -0.477396
64 52 -0.072697
65 52 -0.128773
66 52 -0.333620
67 52 0.060724
68 52 0.191379
69 52 -0.142770
70 52 -0.110629
71 52 0.026032
72 52 -0.040632
73 52 0.190825
74 52 -0.029474
75 52 0.226462
76 52 -0.202555
77 52 0.342274
78 52 -0.122328
79 52 -0.115143
80 52 -0.056326
81 52 0.082436
82 52 -0.147322
83 52 0.317923
84 52 -0.088671
85 52 -0.022398
86 52 0.073874
87 52 -0.526939
88 52 -0.078070
89 52 -0.024653
90 52 -0.126641
91 52 -0.078486
92 52 0.073492
93 52 -0.011373
94 52 0.012203
95 52 0.255537
96 52 -0.705775
97 52 0.123521
98 52 0.087834
99 52 0.086484
100 52 0.443739
101 52 -0.339469
102 52 -0.365120
103 52 -0.207562
104 52 0.258209
105 52 -0.271712
106 52 -0.034189
107 52 0.138471
108 52 0.184394
109 52 0.174850
110 52 0.188009
111 52 0.117190
112 52 0.307927
113 52 -0.160986
114 52 0.084907
115 52 -0.466248
116 52 -0.159720
117 52 0.028851
118 52 -0.062029
119 52 -0.318660
120 52 -0.216742
121 52 -0.029154
122 52 0.183355
123 52 -0.211733
124 52 -0.302819
125 52 0.307409
126 52 -0.037851
127 52 0.198546

0 53 0.309710
1 53 0.097790
2 53 -0.135613
3 53 -0.042919
4 53 -0.313306
5 53 0.070762
6 53 -0.143318
7 53 0.281859
8 53 0.167237
9 53 0.261782
10 53 0.022284
11 53 0.234819
12 53 -0.092228
13 53 -0.197603
14 53 0.092317
15 53 0.426180
16 53 0.151324
17 53 0.169893
18 53 0.218360
19 53 -0.055105
20 53 0.199947
21 53 0.029910
22 53 -0.059354
23 53 -0.096060
24 53 -0.303497
25 53 0.113077
26 53 -0.011810
27 53 0.392041
28 53 -0.189164
29 53 0.340228
30 53 0.148902
31 53 0.254131
32 53 -0.088575
33 53 0.097813
34 53 0.094281
35 53 0.102869
36 53 0.088139
37 53 -0.321037
38 53 -0.370489
39 53 -0.388124
40 53 -0.052054
41 53 -0.134568
42 53 -0.287886
43 53 0.115969
44 53 -0.256743
45 53 0.311399
46 53 0.025651
47 53 -0.138605
48 53 -0.147906
49 53 -0.031111
50 53 0.073154
51 53 0.048811
52 53 -0.257008
53 53 -0.075647
54 53 -0.135835
55 53 -0.144809
56 53 0.115968
57 53 -0.010769
58 53 -0.496121
59 53 -0.231521
60 53 0.278907
61 53 -0.069405
62 53 0.443225
63 53 -0.474226
64 53 0.100611
65 53 -0.090523
66 53 -0.169035
67 53 -0.094979
68 53 0.282478
69 53 0.016181
70 53 -0.142559
71 53 -0.144630
72 53 -0.032724
73 53 0.112790
74 53 -0.066452
75 53 0.113164
76 53 -0.061639
77 53 0.172491
78 53 0.031807
79 53 -0.104587
80 53 0.062989
81 53 0.035171
82 53 -0.232113
83 53 0.153857
84 53 -0.115903
85 53 -0.025822
86 53 0.148283
87 53 -0.496820
88 53 -0.033594
89 53 -0.027872
90 53 -0.102277
91 53 -0.183938
92 53 0.024262
93 53 0.032542
94 53 0.018436
95 53 0.117470
96 53 -0.589543
97 53 0.061058
98 53 0.070057
99 53 0.151791
100 53 0.373318
101 53 -0.282179
102 53 -0.226681
103 53 -0.038298
104 53 0.243241
105 53 -0.180369
106 53 0.050360
107 53 0.063850
108 53 0.227473
109 53 0.080537
110 53 0.389300
111 53 0.142465
112 53 0.235797
113 53 -0.071963
114 53 0.085506
115 53 -0.274240
116 53 -0.013559
117 53 -0.026945
118 53 0.072099
119 53 -0.393177
120 53 -0.049963
121 53 -0.098413
122 53 0.031597
123 53 -0.245744
124 53 -0.137745
125 53 0.331027
126 53 -0.021069
127 53 0.255150

0 54 0.213869
1 54 -0.031840
2 54 -0.080621
3 54 -0.206376
4 54 -0.257822
5 54 0.157474
6 54 -0.210491
7 54 0.183218
8 54 -0.018185
9 54 0.210910
10 54 -0.111780
11 54 0.347616
12 54 -0.101406
13 54 -0.483501
14 54 -0.319745
15 54 0.320370
16 54 0.218615
17 54 -0.094569
18 54 -0.045698
19 54 0.096516
20 54 0.470805
21 54 -0.194900
22 54 -0.135333
23 54 0.174048
24 54 -0.428774
25 54 0.059652
26 54 -0.131685
27 54 0.430173
28 54 -0.236007
29 54 0.230779
30 54 0.003021
31 54 0.296911
32 54 -0.111199
33 54 0.272312
34 54 -0.056723
35 54 0.046467
36 54 0.209876
37 54 -0.140800
38 54 -0.206537
39 54 -0.204598
40 54 -0.015609
41 54 -0.038773
42 54 -0.429259
43 54 0.027005
44 54 -0.155301
45 54 0.349339
46 54 0.217335
47 54 -0.220439
48 54 -0.188425
49 54 -0.183513
50 54 0.185328
51 54 0.043811
52 54 -0.249545
53 54 -0.052861
54 54 0.062699
55 54 0.124780
56 54 0.210624
57 54 0.123002
58 54 -0.786282
59 54 -0.064522
60 54 0.094181
61 54 0.080062
62 54 0.194149
63 54 -0.479693
64 54 -0.157042
65 54 -0.092055
66 54 -0.452649
67 54 0.195465
68 54 0.075010
69 54 -0.179101
70 54 0.006131
71 54 0.067946
72 54 0.056028
73 54 0.179506
74 54 -0.014105
75 54 0.240855
76 54 -0.308144
77 54 0.403516
78 54 -0.215000
79 54 -0.185479
80 54 -0.022000
81 54 0.070463
82 54 -0.042590
83 54 0.283353
84 54 -0.050763
85 54 0.068116
86 54 0.080029
87 54 -0.400848
88 54 -0.115457
89 54 0.025316
90 54 -0.256700
91 54 0.089772
92 54 0.113665
93 54 -0.000513
94 54 -0.017485
95 54 0.335513
96 54 -0.709131
97 54 0.275619
98 54 0.019979
99 54 0.236723
100 54 0.253268
101 54 -0.439017
102 54 -0.238467
103 54 -0.229574
104 54 0.206576
105 54 -0.237484
106 54 -0.133534
107 54 0.327572
108 54 0.344919
109 54 0.207367
110 54 -0.070503
111 54 0.246568
112 54 0.246300
113 54 -0.222338
114 54 -0.032695
115 54 -0.554301
116 54 -0.288108
117 54 0.092994
118 54 -0.129908
119 54 -0.220893
120 54 -0.448913
121 54 0.107984
122 54 0.208079
123 54 -0.159713
124 54 -0.421397
125 54 0.328498
126 54 -0.153991
127 54 0.153139

0 55 0.259543
1 55 -0.035977
2 55 -0.173255
3 55 -0.182774
4 55 -0.246235
5 55 0.122844
6 55 -0.057401
7 55 0.003329
8 55 0.086630
9 55 0.145368
10 55 0.049353
11 55 0.235127
12 55 -0.155738
13 55 -0.138618
14 55 0.048998
15 55 0.240177
16 55 0.168936
17 55 -0.046843
18 55 -0.025531
19 55 0.037972
20 55 0.264853
21 55 -0.101216
22 55 -0.070176
23 55 0.051722
24 55 -0.324430
25 55 0.002784
26 55 -0.021095
27 55 0.274967
28 55 -0.229587
29 55 0.160554
30 55 0.220334
31 55 0.102495
32 55 -0.129770
33 55 0.019850
34 55 0.082688
35 55 0.118033
36 55 0.054252
37 55 -0.224366
38 55 -0.206599
39 55 -0.241882
40 55 -0.040975
41 55 -0.058429
42 55 -0.124756
43 55 0.149807
44 55 -0.019971
45 55 0.131144
46 55 0.065913
47 55 -0.076577
48 55 -0.220346
49 55 -0.032550
50 55 0.013496
51 55 0.114008
52 55 -0.231853
53 55 -0.007813
54 55 -0.083521
55 55 -0.128707
56 55 0.153615
57 55 0.001551
58 55 -0.549850
59 55 -0.147992
60 55 0.113534
61 55 -0.011416
62 55 0.148422
63 55 -0.336192
64 55 0.018606
65 55 -0.053556
66 55 -0.267248
67 55 -0.030149
68 55 0.126928
69 55 0.123194
70 55 -0.107653
71 55 0.003225
72 55 0.003755
73 55 -0.018567
74 55 0.033218
75 55 0.115102
76 55 -0.030938
77 55 0.096508
78 55 -0.010142
79 55 -0.169140
80 55 -0.038662
81 55 0.003670
82 55 -0.217913
83 55 0.043473
84 55 -0.057147
85 55 0.031642
86 55 0.130553
87 55 -0.151238
88 55 -0.063286
89 55 0.083281
90 55 -0.103848
91 55 -0.137138
92 55 -0.039142
93 55 -0.008569
94 55 -0.068254
95 55 0.085953
96 55 -0.450119
97 55 0.127891
98 55 -0.098864
99 55 0.038936
100 55 0.173695
101 55 -0.310431
102 55 -0.039269
103 55 -0.050264
104 55 0.146116
105 55 -0.120164
106 55 0.016506
107 55 0.151247
108 55 0.239980
109 55 0.059234
110 55 0.137244
111 55 0.215894
112 55 0.177871
113 55 0.036956
114 55 -0.080078
115 55 -0.169620
116 55 -0.062008
117 55 -0.003759
118 55 0.039034
119 55 -0.269320
120 55 -0.241390
121 55 0.022065
122 55 0.087292
123 55 -0.157962
124 55 -0.113987
125 55 0.197197
126 55 -0.026038
127 55 0.211186

0 56 0.206986
1 56 0.121478
2 56 -0.198717
3 56 -0.007538
4 56 -0.142172
5 56 0.037160
6 56 -0.125806
7 56 0.128449
8 56 0.267585
9 56 0.248796
10 56 -0.020619
11 56 0.092363
12 56 -0.017255
13 56 -0.109621
14 56 0.014630
15 56 0.368589
16 56 0.125187
17 56 0.100667
18 56 0.158663
19 56 -0.149496
20 56 0.170007
21 56 0.022868
22 56 -0.030438
23 56 -0.111608
24 56 -0.217945
25 56 0.099801
26 56 -0.070514
27 56 0.339562
28 56 -0.124364
29 56 0.447363
30 56 0.191053
31 56 0.153329
32 56 -0.077566
33 56 0.083080
34 56 0.063677
35 56 0.185870
36 56 0.020022
37 56 -0.198463
38 56 -0.326233
39 56 -0.310660
40 56 -0.069461
41 56 -0.072722
42 56 -0.318593
43 56 0.130733
44 56 -0.218743
45 56 0.212814
46 56 0.160054
47 56 -0.064687
48 56 -0.048375
49 56 -0.113953
50 56 -0.144329
51 56 -0.001844
52 56 -0.286093
53 56 -0.041301
54 56 -0.203627
55 56 0.056133
56 56 -0.032609
57 56 -0.065853
58 56 -0.449530
59 56 -0.273517
60 56 0.173785
61 56 -0.153896
62 56 0.314264
63 56 -0.440222
64 56 -0.042268
65 56 -0.124173
66 56 -0.279733
67 56 -0.075788
68 56 0.234287
69 56 0.073935
70 56 -0.184248
71 56 -0.102821
72 56 -0.162078
73 56 0.120035
74 56 -0.021385
75 56 0.199815
76 56 -0.057407
77 56 0.154543
78 56 0.041823
79 56 -0.049771
80 56 -0.017985
81 56 0.026894
82 56 -0.227060
83 56 0.161939
84 56 -0.101368
85 56 -0.062521
86 56 0.174831
87 56 -0.218688
88 56 -0.049891
89 56 -0.015045
90 56 -0.037554
91 56 -0.164255
92 56 0.078922
93 56 -0.071014
94 56 -0.029014
95 56 0.070562
96 56 -0.537629
97 56 0.093357
98 56 -0.006375
99 56 -0.101128
100 56 0.364417
101 56 -0.327902
102 56 -0.277818
103 56 -0.022041
104 56 0.245468
105 56 -0.243534
106 56 0.167121
107 56 -0.012955
108 56 0.055080
109 56 0.117467
110 56 0.309276
111 56 0.004972
112 56 0.257483
113 56 0.029119
114 56 0.036329
115 56 -0.189059
116 56 -0.063196
117 56 0.009002
118 56 0.016777
119 56 -0.164585
120 56 -0.173881
121 56 -0.046754
122 56 -0.003243
123 56 -0.233745
124 56 -0.146269
125 56 0.178491
126 56 0.129979
127 56 0.214876

0 57 0.144485
1 57 0.065449
2 57 -0.132816
3 57 -0.135474
4 57 -0.201072
5 57 0.078845
6 57 -0.176750
7 57 0.238987
8 57 0.140870
9 57 0.249309
10 57 -0.049252
11 57 0.129199
12 57 -0.029702
13 57 -0.266898
14 57 -0.052896
15 57 0.456622
16 57 0.181426
17 57 0.114003
18 57 0.065552
19 57 -0.119639
20 57 0.288874
21 57 -0.027724
22 57 -0.103910
23 57 -0.061535
24 57 -0.336795
25 57 0.133356
26 57 -0.067292
27 57 0.446917
28 57 -0.169010
29 57 0.402879
30 57 0.178612
31 57 0.150179
32 57 -0.181959
33 57 0.178156
34 57 0.033867
35 57 0.075852
36 57 0.079777
37 57 -0.069490
38 57 -0.257655
39 57 -0.297774
40 57 -0.077975
41 57 -0.241783
42 57 -0.403118
43 57 0.181485
44 57 -0.265579
45 57 0.261710
46 57 0.243830
47 57 -0.121066
48 57 -0.121426
49 57 -0.142567
50 57 -0.010347
51 57 0.062175
52 57 -0.276930
53 57 -0.048632
54 57 -0.104098
55 57 0.107808
56 57 0.110119
57 57 -0.040621
58 57 -0.688935
59 57 -0.216450
60 57 0.192317
61 57 -0.127515
62 57 0.387453
63 57 -0.456679
64 57 -0.060705
65 57 -0.109377
66 57 -0.305090
67 57 0.025400
68 57 0.146849
69 57 -0.057736
70 57 -0.183479
71 57 -0.101209
72 57 -0.148214
73 57 0.151989
74 57 -0.095171
75 57 0.317479
76 57 -0.200880
77 57 0.287889
78 57 0.074678
79 57 -0.016937
80 57 -0.077126
81 57 0.126413
82 57 -0.202942
83 57 0.299084
84 57 0.009093
85 57 0.049371
86 57 0.181298
87 57 -0.331578
88 57 -0.077747
89 57 -0.001630
90 57 -0.125113
91 57 -0.162979
92 57 0.016267
93 57 0.017737
94 57 0.039848
95 57 0.077297
96 57 -0.713825
97 57 0.155421
98 57 0.029512
99 57 0.143025
100 57 0.490569
101 57 -0.337072
102 57 -0.331950
103 57 -0.118181
104 57 0.196141
105 57 -0.246893
106 57 0.081685
107 57 0.135144
108 57 0.238268
109 57 0.159655
110 57 0.182439
111 57 0.038959
112 57 0.317303
113 57 -0.143685
114 57 0.059161
115 57 -0.533219
116 57 -0.202464
117 57 -0.000424
118 57 -0.063569
119 57 -0.132243
120 57 -0.306983
121 57 0.045965
122 57 0.126124
123 57 -0.252407
124 57 -0.290554
125 57 0.338058
126 57 0.012432
127 57 0.242989

0 58 0.223064
1 58 0.016724
2 58 -0.189379
3 58 -0.237735
4 58 -0.289252
5 58 0.120777
6 58 -0.151206
7 58 0.172213
8 58 0.085633
9 58 0.140480
10 58 -0.066110
11 58 0.236540
12 58 0.038004
13 58 -0.314273
14 58 -0.023953
15 58 0.354729
16 58 0.157663
17 58 0.067405
18 58 -0.044051
19 58 0.035903
20 58 0.363377
21 58 -0.112069
22 58 -0.128920
23 58 -0.014537
24 58 -0.381870
25 58 0.150777
26 58 0.008048
27 58 0.447094
28 58 -0.229226
29 58 0.282946
30 58 0.180962
31 58 0.162179
32 58 -0.177734
33 58 0.246528
34 58 0.161927
35 58 0.079419
36 58 0.048675
37 58 -0.015503
38 58 -0.156659
39 58 -0.287064
40 58 -0.072095
41 58 -0.266645
42 58 -0.333631
43 58 0.086262
44 58 -0.149114
45 58 0.235598
46 58 0.192647
47 58 -0.262691
48 58 -0.071046
49 58 -0.174645
50 58 -0.036030
51 58 0.066067
52 58 -0.210279
53 58 -0.005107
54 58 -0.039630
55 58 0.021810
56 58 0.159154
57 58 0.067416
58 58 -0.754893
59 58 -0.184492
60 58 0.108060
61 58 0.021639
62 58 0.291342
63 58 -0.325507
64 58 -0.122157
65 58 -0.124795
66 58 -0.279726
67 58 0.124922
68 58 0.032603
69 58 -0.147861
70 58 -0.149954
71 58 0.135286
72 58 -0.059560
73 58 0.135961
74 58 0.027514
75 58 0.198464
76 58 -0.215387
77 58 0.336895
78 58 -0.053224
79 58 -0.126900
80 58 -0.133718
81 58 0.135904
82 58 -0.145224
83 58 0.296370
84 58 0.034906
85 58 0.087446
86 58 0.040915
87 58 -0.438682
88 58 -0.103248
89 58 0.004057
90 58 -0.178379
91 58 -0.077004
92 58 -0.092538
93 58 0.051799
94 58 -0.004089
95 58 0.184948
96 58 -0.650090
97 58 0.080598
98 58 -0.016089
99 58 0.135184
100 58 0.494100
101 58 -0.278380
102 58 -0.256957
103 58 -0.229516
104 58 0.157079
105 58 -0.227775
106 58 -0.120912
107 58 0.174601
108 58 0.288098
109 58 0.156209
110 58 0.086303
111 58 0.132801
112 58 0.349502
113 58 -0.138099
114 58 0.001861
115 58 -0.486782
116 58 -0.203719
117 58 0.015865
118 58 -0.097201
119 58 -0.207314
120 58 -0.305505
121 58 0.022618
122 58 0.253555
123 58 -0.222069
124 58 -0.319097
125 58 0.341445
126 58 -0.042841
127 58 0.163153

0 59 0.376500
1 59 -0.022270
2 59 -0.140338
3 59 -0.096160
4 59 -0.297397
5 59 0.074175
6 59 -0.086545
7 59 0.058078
8 59 0.157416
9 59 0.157047
10 59 0.073099
11 59 0.239279
12 59 -0.097162
13 59 -0.098256
14 59 0.178855
15 59 0.307698
16 59 0.122460
17 59 0.084072
18 59 0.046138
19 59 0.005896
20 59 0.254627
21 59 -0.012523
22 59 -0.070150
23 59 -0.033137
24 59 -0.367942
25 59 0.092511
26 59 0.000997
27 59 0.336603
28 59 -0.215893
29 59 0.256609
30 59 0.281219
31 59 0.119110
32 59 -0.184148
33 59 -0.009364
34 59 0.150794
35 59 0.139032
36 59 0.051633
37 59 -0.244848
38 59 -0.307009
39 59 -0.388768
40 59 -0.070580
41 59 -0.105504
42 59 -0.139410
43 59 0.114770
44 59 -0.084245
45 59 0.195420
46 59 0.019868
47 59 -0.098347
48 59 -0.200700
49 59 0.004308
50 59 -0.001361
51 59 0.114068
52 59 -0.275265
53 59 -0.035112
54 59 -0.088397
55 59 -0.204407
56 59 0.111099
57 59 0.002667
58 59 -0.450148
59 59 -0.219665
60 59 0.217730
61 59 -0.043371
62 59 0.255188
63 59 -0.359921
64 59 0.088485
65 59 -0.063003
66 59 -0.156982
67 59 -0.170827
68 59 0.161451
69 59 0.152019
70 59 -0.185272
71 59 -0.045892
72 59 0.032836
73 59 0.007360
74 59 0.028968
75 59 0.037373
76 59 -0.009847
77 59 0.075314
78 59 0.008176
79 59 -0.136618
80 59 0.029541
81 59 0.005334
82 59 -0.258658
83 59 0.056759
84 59 -0.070514
85 59 0.020553
86 59 0.102482
87 59 -0.317940
88 59 -0.097794
89 59 0.047813
90 59 -0.080515
91 59 -0.223509
92 59 -0.056190
93 59 0.047336
94 59 -0.057755
95 59 0.069023
96 59 -0.470965
97 59 0.050645
98 59 -0.064076
99 59 0.069648
100 59 0.267489
101 59 -0.203056
102 59 -0.057378
103 59 0.016610
104 59 0.218720
105 59 -0.150003
106 59 -0.012036
107 59 0.099901
108 59 0.250008
109 59 0.022285
110 59 0.284756
111 59 0.242195
112 59 0.235530
113 59 0.078570
114 59 -0.049720
115 59 -0.134020
116 59 0.043389
117 59 -0.078157
118 59 0.029613
119 59 -0.385510
120 59 -0.079021
121 59 -0.122306
122 59 0.052323
123 59 -0.231758
124 59 -0.136700
125 59 0.283032
126 59 0.020310
127 59 0.192204

0 60 -1.079469
1 60 -0.097971
2 60 0.759137
3 60 -0.008467
4 60 0.058068
5 60 0.001409
6 60 0.293379
7 60 -0.112550
8 60 -0.312728
9 60 -0.133456
10 60 0.352250
11 60 -0.048412
12 60 -0.576504
13 60 -0.112611
14 60 -0.045414
15 60 -0.065677
16 60 -0.331584
17 60 -0.717121
18 60 -0.630003
19 60 -0.293496
20 60 0.074350
21 60 -0.348667
22 60 0.471786
23 60 0.419578
24 60 -0.308543
25 60 -0.176123
26 60 -0.156981
27 60 -0.067653
28 60 0.336423
29 60 -0.446464
30 60 0.371338
31 60 -0.521240
32 60 0.141186
33 60 -0.128395
34 60 -0.045275
35 60 -0.041080
36 60 0.362752
37 60 0.205145
38 60 -0.006544
39 60 0.238141
40 60 0.161435
41 60 -0.275749
42 60 -0.175614
43 60 0.091285
44 60 -0.079299
45 60 -0.332084
46 60 -0.440632
47 60 0.576337
48 60 -0.152622
49 60 0.275838
50 60 0.492903
51 60 0.091977
52 60 0.195812
53 60 -0.262802
54 60 0.168529
55 60 0.119399
56 60 0.227480
57 60 -0.006042
58 60 -0.306620
59 60 0.675530
60 60 0.135847
61 60 -0.032049
62 60 -0.105743
63 60 0.331287
64 60 -0.318438
65 60 0.132587
66 60 -0.390144
67 60 -0.416079
68 60 -0.337415
69 60 0.270891
70 60 0.114055
71 60 -0.215960
72 60 0.487329
73 60 -0.511857
74 60 0.088526
75 60 0.042186
76 60 0.215485
77 60 0.302107
78 60 0.218928
79 60 -0.188560
80 60 -0.255915
81 60 -0.359538
82 60 -0.424640
83 60 -0.027259
84 60 0.085977
85 60 0.161635
86 60 0.235286
87 60 0.418100
88 60 -0.021573
89 60 0.136046
90 60 0.240063
91 60 0.076709
92 60 -0.013593
93 60 -0.111148
94 60 -0.113338
95 60 -0.028528
96 60 0.120789
97 60 -0.109565
98 60 0.598456
99 60 -0.561090
100 60 -0.264888
101 60 -0.211209
102 60 0.350343
103 60 -0.604538
104 60 0.295337
105 60 0.414757
106 60 -0.466440
107 60 0.243586
108 60 0.025545
109 60 0.377053
110 60 -0.488526
111 60 0.054425
112 60 -0.206582
113 60 -0.130152
114 60 -0.503069
115 60 0.667491
116 60 -0.281350
117 60 -0.054766
118 60 0.232226
119 60 0.201082
120 60 -0.051015
121 60 0.269167
122 60 0.209998
123 60 -0.074013
124 60 0.016422
125 60 -0.421702
126 60 0.176893
127 60 0.147331

0 61 -1.021578
1 61 -0.574197
2 61 0.118675
3 61 -0.505937
4 61 0.244469
5 61 0.677308
6 61 0.369886
7 61 -0.353633
8 61 -0.502318
9 61 -0.415818
10 61 -0.255746
11 61 -0.599663
12 61 0.034728
13 61 -0.031161
14 61 0.094705
15 61 0.362591
16 61 -0.137266
17 61 -0.564464
18 61 -0.294802
19 61 0.141606
20 61 -0.072630
21 61 -0.301593
22 61 -0.206531
23 61 0.135885
24 61 0.032431
25 61 -0.451709
26 61 0.396191
27 61 0.262302
28 61 -0.151898
29 61 -0.310654
30 61 1.136649
31 61 -0.783759
32 61 -0.273235
33 61 -0.053821
34 61 0.225015
35 61 0.164715
36 61 0.335380
37 61 1.129952
38 61 0.330823
39 61 0.468514
40 61 0.106013
41 61 -0.541357
42 61 0.037781
43 61 0.157581
44 61 0.392104
45 61 -0.699258
46 61 0.294951
47 61 0.293265
48 61 -0.232543
49 61 -0.266179
50 61 -0.257739
51 61 0.271569
52 61 0.625465
53 61 -0.232047
54 61 -0.004987
55 61 -0.059683
56 61 0.325180
57 61 -0.227625
58 61 -0.781576
59 61 0.283993
60 61 -0.638563
61 61 -0.214959
62 61 0.412999
63 61 0.499223
64 61 -0.386589
65 61 0.303693
66 61 -0.563342
67 61 -0.190189
68 61 -0.468438
69 61 0.129429
70 61 0.173971
71 61 0.266461
72 61 0.214591
73 61 -0.400247
74 61 -0.185550
75 61 0.213904
76 61 -0.024447
77 61 0.295763
78 61 0.561640
79 61 0.462457
80 61 -0.586550
81 61 -0.194810
82 61 -0.526982
83 61 0.096800
84 61 0.328152
85 61 0.340842
86 61 0.085529
87 61 0.657633
88 61 0.200416
89 61 0.574641
90 61 -0.151183
91 61 -0.246049
92 61 -0.492697
93 61 -0.145405
94 61 -0.219621
95 61 0.098338
96 61 0.074205
97 61 0.392648
98 61 -0.086985
99 61 -0.296660
100 61 0.195524
101 61 -0.306240
102 61 0.599432
103 61 -0.733103
104 61 -0.165410
105 61 0.534915
106 61 0.468291
107 61 0.340626
108 61 -0.101000
109 61 0.538449
110 61 -0.641484
111 61 -0.020367
112 61 -0.086989
113 61 -0.022134
114 61 -0.411504
115 61 -0.092300
116 61 -0.976357
117 61 -0.122083
118 61 -0.194770
119 61 1.109846
120 61 -0.241105
121 61 0.372430
122 61 0.075898
123 61 0.034832
124 61 0.104147
125 61 -0.362794
126 61 0.346590
127 61 0.060518
