col row val
0 0 0.260012
1 0 0.371815
2 0 -0.329419
3 0 -0.217313
4 0 -0.420224
5 0 0.215157
6 0 -0.472479
7 0 0.653225
8 0 0.256387
9 0 0.284120
10 0 -0.073656
11 0 0.190344
12 0 -0.006849
13 0 -0.700731
14 0 -0.282102
15 0 0.598476
16 0 0.201360
17 0 0.230942
18 0 0.354984
19 0 -0.208717
20 0 0.470765
21 0 -0.199053
22 0 -0.183962
23 0 -0.184533
24 0 -0.339932
25 0 0.114417
26 0 0.062794
27 0 0.883604
28 0 -0.261396
29 0 0.535823
30 0 0.139827
31 0 0.309651
32 0 -0.079855
33 0 0.499381
34 0 0.348553
35 0 0.220190
36 0 -0.103598
37 0 0.036651
38 0 -0.102470
39 0 -0.451700
40 0 -0.111979
41 0 -0.456597
42 0 -0.720831
43 0 0.066884
44 0 -0.377537
45 0 0.490250
46 0 0.560910
47 0 -0.432720
48 0 0.087736
49 0 -0.550328
50 0 -0.198899
51 0 0.020251
52 0 -0.202845
53 0 -0.116010
54 0 -0.070731
55 0 0.323556
56 0 0.097030
57 0 0.185513
58 0 -1.056034
59 0 -0.404353
60 0 0.199055
61 0 -0.019881
62 0 0.653009
63 0 -0.555278
64 0 -0.133634
65 0 -0.431796
66 0 -0.404016
67 0 0.396624
68 0 0.460506
69 0 -0.584589
70 0 -0.228431
71 0 0.199762
72 0 -0.386766
73 0 0.352653
74 0 -0.119686
75 0 0.588744
76 0 -0.362445
77 0 0.538688
78 0 -0.058002
79 0 0.133949
80 0 -0.215828
81 0 0.376521
82 0 -0.132223
83 0 0.767365
84 0 -0.071070
85 0 -0.026147
86 0 -0.047672
87 0 -0.897426
88 0 -0.047404
89 0 0.130132
90 0 -0.086845
91 0 -0.129423
92 0 -0.045623
93 0 -0.030467
94 0 0.036671
95 0 0.415425
96 0 -1.145406
97 0 0.184043
98 0 0.122913
99 0 0.270480
100 0 0.834905
101 0 -0.559218
102 0 -0.637083
103 0 -0.549984
104 0 0.118836
105 0 -0.209181
106 0 -0.025272
107 0 0.279947
108 0 0.256702
109 0 0.211861
110 0 0.225431
111 0 0.101553
112 0 0.621928
113 0 -0.390828
114 0 0.358715
115 0 -0.963086
116 0 -0.454646
117 0 -0.126964
118 0 -0.259572
119 0 -0.631002
120 0 -0.366983
121 0 -0.013200
122 0 0.502290
123 0 -0.366440
124 0 -0.545429
125 0 0.321872
126 0 -0.043121
127 0 0.174399

0 1 0.061629
1 1 0.290910
2 1 -0.168481
3 1 -0.133009
4 1 -0.472669
5 1 0.140705
6 1 -0.371226
7 1 0.545789
8 1 0.064574
9 1 0.287982
10 1 0.005220
11 1 0.136834
12 1 -0.033137
13 1 -0.509547
14 1 0.005595
15 1 0.664827
16 1 0.339681
17 1 0.560346
18 1 0.398147
19 1 -0.295702
20 1 0.234310
21 1 -0.013052
22 1 -0.253694
23 1 -0.301153
24 1 -0.212640
25 1 0.217588
26 1 0.154168
27 1 0.736865
28 1 -0.227117
29 1 0.435060
30 1 0.209066
31 1 0.295905
32 1 -0.123217
33 1 0.410790
34 1 0.276354
35 1 0.121002
36 1 -0.058709
37 1 -0.021172
38 1 -0.212392
39 1 -0.439062
40 1 -0.101113
41 1 -0.612778
42 1 -0.625317
43 1 0.146239
44 1 -0.469730
45 1 0.415498
46 1 0.207164
47 1 -0.310125
48 1 0.142482
49 1 -0.347302
50 1 -0.099363
51 1 -0.015046
52 1 -0.189353
53 1 -0.135282
54 1 -0.101106
55 1 0.107091
56 1 0.111291
57 1 -0.010972
58 1 -0.922800
59 1 -0.285009
60 1 0.312306
61 1 -0.055162
62 1 0.723096
63 1 -0.453430
64 1 0.099740
65 1 -0.329521
66 1 -0.112212
67 1 0.282935
68 1 0.307764
69 1 -0.394734
70 1 -0.202333
71 1 -0.052060
72 1 -0.397007
73 1 0.145461
74 1 -0.231667
75 1 0.366710
76 1 -0.268597
77 1 0.429141
78 1 0.194701
79 1 0.143263
80 1 -0.136790
81 1 0.380888
82 1 -0.324628
83 1 0.667930
84 1 -0.025656
85 1 -0.013679
86 1 0.136578
87 1 -0.865411
88 1 0.044787
89 1 -0.014554
90 1 -0.140418
91 1 -0.310375
92 1 -0.093883
93 1 0.126953
94 1 0.158508
95 1 0.154151
96 1 -1.005152
97 1 0.087366
98 1 0.232514
99 1 0.403385
100 1 0.891495
101 1 -0.386149
102 1 -0.598062
103 1 -0.332754
104 1 0.092846
105 1 -0.154003
106 1 -0.009200
107 1 0.247660
108 1 0.320408
109 1 0.010491
110 1 0.467458
111 1 0.057247
112 1 0.526240
113 1 -0.411795
114 1 0.308873
115 1 -0.841726
116 1 -0.326455
117 1 -0.155507
118 1 -0.118324
119 1 -0.530577
120 1 -0.076931
121 1 -0.079150
122 1 0.242001
123 1 -0.366295
124 1 -0.241170
125 1 0.338953
126 1 0.004685
127 1 0.258528

0 2 -0.089692
1 2 -0.107085
2 2 0.147738
3 2 -0.295742
4 2 -0.393601
5 2 0.188663
6 2 -0.449659
7 2 0.304032
8 2 -0.251351
9 2 0.177687
10 2 -0.234759
11 2 0.467291
12 2 -0.101142
13 2 -1.063130
14 2 -0.569096
15 2 0.538342
16 2 0.206833
17 2 -0.180386
18 2 -0.264587
19 2 0.158556
20 2 0.642717
21 2 -0.372135
22 2 -0.142625
23 2 0.396127
24 2 -0.614468
25 2 0.039436
26 2 -0.201656
27 2 0.591207
28 2 -0.287730
29 2 0.064445
30 2 -0.041537
31 2 0.225884
32 2 -0.170203
33 2 0.633981
34 2 -0.182154
35 2 -0.043031
36 2 0.319526
37 2 0.228208
38 2 -0.206721
39 2 -0.210055
40 2 -0.021952
41 2 -0.246186
42 2 -0.836905
43 2 -0.132515
44 2 -0.245424
45 2 0.497821
46 2 0.255356
47 2 -0.227920
48 2 -0.247619
49 2 -0.331129
50 2 0.421636
51 2 0.011501
52 2 -0.215040
53 2 -0.201513
54 2 0.210896
55 2 0.198283
56 2 0.292505
57 2 0.300146
58 2 -1.223446
59 2 -0.013120
60 2 0.205126
61 2 0.172899
62 2 0.208746
63 2 -0.390077
64 2 -0.332595
65 2 -0.055697
66 2 -0.635475
67 2 0.380976
68 2 -0.045579
69 2 -0.346127
70 2 0.072211
71 2 0.266922
72 2 0.111419
73 2 0.260922
74 2 -0.151842
75 2 0.474277
76 2 -0.533032
77 2 0.742261
78 2 -0.371414
79 2 -0.039278
80 2 -0.316977
81 2 0.229748
82 2 0.106893
83 2 0.623750
84 2 0.151745
85 2 0.205012
86 2 0.188796
87 2 -0.675229
88 2 -0.098259
89 2 -0.009670
90 2 -0.467548
91 2 0.227968
92 2 0.070543
93 2 0.081675
94 2 0.128441
95 2 0.508299
96 2 -0.994174
97 2 0.287501
98 2 0.209966
99 2 0.394155
100 2 0.483762
101 2 -0.506255
102 2 -0.340751
103 2 -0.588531
104 2 0.216460
105 2 -0.226166
106 2 -0.326702
107 2 0.501990
108 2 0.567126
109 2 0.373768
110 2 -0.362361
111 2 0.286675
112 2 0.448247
113 2 -0.649427
114 2 0.071664
115 2 -1.036896
116 2 -0.529241
117 2 0.046374
118 2 -0.486246
119 2 -0.212147
120 2 -0.798503
121 2 0.291817
122 2 0.478430
123 2 -0.264221
124 2 -0.765745
125 2 0.502968
126 2 -0.100112
127 2 0.004933

0 3 -0.092603
1 3 -0.347661
2 3 0.186157
3 3 -0.308792
4 3 -0.502808
5 3 0.257803
6 3 -0.291363
7 3 0.108082
8 3 -0.330575
9 3 0.065877
10 3 -0.150610
11 3 0.283037
12 3 -0.136419
13 3 -0.715435
14 3 -0.116521
15 3 0.570248
16 3 0.263063
17 3 -0.053671
18 3 -0.157831
19 3 0.153913
20 3 0.403711
21 3 -0.206322
22 3 -0.237457
23 3 0.290567
24 3 -0.434407
25 3 -0.016062
26 3 -0.064809
27 3 0.520710
28 3 -0.294409
29 3 -0.007166
30 3 0.263951
31 3 -0.023956
32 3 -0.249770
33 3 0.320457
34 3 -0.082479
35 3 -0.040147
36 3 0.204814
37 3 0.252371
38 3 -0.207505
39 3 -0.196598
40 3 -0.063235
41 3 -0.433515
42 3 -0.482577
43 3 0.016517
44 3 -0.110159
45 3 0.276659
46 3 0.088577
47 3 -0.112742
48 3 -0.436728
49 3 -0.124373
50 3 0.322566
51 3 0.255457
52 3 -0.136830
53 3 -0.225808
54 3 0.131486
55 3 -0.171656
56 3 0.358452
57 3 -0.034498
58 3 -1.143714
59 3 -0.024480
60 3 0.302424
61 3 0.064492
62 3 0.321990
63 3 -0.282515
64 3 -0.141877
65 3 0.001378
66 3 -0.403734
67 3 0.050764
68 3 -0.067355
69 3 -0.065929
70 3 -0.080284
71 3 0.195821
72 3 0.008090
73 3 0.116734
74 3 -0.325480
75 3 0.279760
76 3 -0.304668
77 3 0.340407
78 3 0.007987
79 3 0.028153
80 3 -0.285660
81 3 0.188015
82 3 -0.144038
83 3 0.460774
84 3 0.119936
85 3 0.059039
86 3 0.326216
87 3 -0.305387
88 3 -0.098749
89 3 0.138608
90 3 -0.280754
91 3 -0.183708
92 3 -0.201192
93 3 0.203076
94 3 -0.017879
95 3 0.164785
96 3 -0.821396
97 3 0.324209
98 3 0.199855
99 3 0.398097
100 3 0.404133
101 3 -0.325184
102 3 -0.009582
103 3 -0.224177
104 3 0.129691
105 3 -0.006082
106 3 -0.125119
107 3 0.452845
108 3 0.554706
109 3 0.210369
110 3 -0.148732
111 3 0.298171
112 3 0.449631
113 3 -0.408693
114 3 -0.060350
115 3 -0.852429
116 3 -0.255040
117 3 0.048930
118 3 -0.446769
119 3 -0.188949
120 3 -0.695785
121 3 0.244680
122 3 0.232447
123 3 -0.170080
124 3 -0.454664
125 3 0.383075
126 3 0.073030
127 3 0.164670

0 4 -0.744722
1 4 -0.552790
2 4 0.567792
3 4 -0.278734
4 4 -0.127477
5 4 0.420550
6 4 -0.247512
7 4 -0.105663
8 4 -0.576278
9 4 -0.110510
10 4 -0.148576
11 4 0.452244
12 4 -0.070515
13 4 -1.145025
14 4 -0.508448
15 4 0.267304
16 4 -0.235267
17 4 -0.981524
18 4 -0.746452
19 4 0.319448
20 4 0.768388
21 4 -0.650748
22 4 0.192087
23 4 0.745500
24 4 -0.724371
25 4 -0.200550
26 4 -0.205784
27 4 0.247647
28 4 -0.121265
29 4 -0.331561
30 4 0.370308
31 4 -0.349863
32 4 0.026022
33 4 0.655043
34 4 -0.252539
35 4 -0.012603
36 4 0.454002
37 4 0.791104
38 4 -0.041311
39 4 0.007463
40 4 0.054879
41 4 -0.176394
42 4 -0.618287
43 4 -0.345828
44 4 0.185195
45 4 0.115643
46 4 0.276274
47 4 0.169317
48 4 -0.357408
49 4 -0.384140
50 4 0.563778
51 4 0.118865
52 4 0.016980
53 4 -0.283793
54 4 0.413680
55 4 0.076698
56 4 0.359094
57 4 0.181817
58 4 -1.337681
59 4 0.114613
60 4 0.037994
61 4 0.241604
62 4 -0.160461
63 4 -0.014641
64 4 -0.957186
65 4 0.085472
66 4 -0.786949
67 4 0.056050
68 4 -0.147412
69 4 -0.000364
70 4 0.213821
71 4 0.560314
72 4 0.412862
73 4 -0.058999
74 4 -0.040110
75 4 0.309508
76 4 -0.213969
77 4 0.740680
78 4 -0.338313
79 4 0.015421
80 4 -0.571002
81 4 -0.071874
82 4 0.112844
83 4 0.298317
84 4 0.116143
85 4 0.154934
86 4 0.369089
87 4 0.022713
88 4 -0.059267
89 4 0.502941
90 4 -0.531540
91 4 0.332912
92 4 -0.011478
93 4 -0.273753
94 4 -0.185044
95 4 0.592013
96 4 -0.500407
97 4 0.444231
98 4 0.268626
99 4 -0.053427
100 4 0.069828
101 4 -0.541601
102 4 0.237689
103 4 -0.854501
104 4 0.347362
105 4 0.229848
106 4 -0.508757
107 4 0.679870
108 4 0.338215
109 4 0.410998
110 4 -0.859680
111 4 0.442549
112 4 0.133792
113 4 -0.503724
114 4 -0.505485
115 4 -0.460432
116 4 -0.669396
117 4 0.009209
118 4 -0.662963
119 4 0.078523
120 4 -1.090534
121 4 0.227250
122 4 0.571555
123 4 -0.138585
124 4 -0.901155
125 4 -0.011193
126 4 0.298091
127 4 -0.153041

0 5 -0.904476
1 5 -0.785307
2 5 0.389548
3 5 -0.355010
4 5 -0.138193
5 5 0.755477
6 5 -0.003449
7 5 -0.281022
8 5 -0.559220
9 5 -0.211793
10 5 0.103786
11 5 0.172978
12 5 -0.033106
13 5 -1.040103
14 5 -0.087915
15 5 0.216484
16 5 -0.283096
17 5 -1.232877
18 5 -0.627454
19 5 0.154603
20 5 0.720753
21 5 -0.735629
22 5 0.192083
23 5 0.726135
24 5 -0.531568
25 5 -0.343137
26 5 0.046088
27 5 0.208114
28 5 -0.281146
29 5 -0.426984
30 5 0.903750
31 5 -0.730672
32 5 -0.109738
33 5 0.523433
34 5 0.059395
35 5 0.036347
36 5 0.253287
37 5 1.047992
38 5 0.273260
39 5 0.091266
40 5 0.312081
41 5 -0.448211
42 5 -0.531200
43 5 -0.096214
44 5 0.456230
45 5 -0.271254
46 5 0.326633
47 5 0.321859
48 5 -0.574588
49 5 -0.435703
50 5 0.296827
51 5 0.293536
52 5 0.160594
53 5 -0.278067
54 5 0.191608
55 5 -0.117849
56 5 0.446137
57 5 -0.031232
58 5 -1.378240
59 5 0.295037
60 5 0.003299
61 5 0.158791
62 5 -0.103679
63 5 0.271558
64 5 -1.095413
65 5 0.086457
66 5 -0.610188
67 5 0.135572
68 5 -0.010017
69 5 0.288751
70 5 0.049708
71 5 0.602091
72 5 0.109935
73 5 -0.075287
74 5 -0.098786
75 5 0.265633
76 5 -0.007633
77 5 0.401643
78 5 0.347718
79 5 0.060170
80 5 -0.796200
81 5 0.063390
82 5 -0.417900
83 5 0.072361
84 5 0.090873
85 5 0.182787
86 5 0.325497
87 5 0.379458
88 5 -0.009050
89 5 0.879890
90 5 -0.377618
91 5 0.035359
92 5 -0.530845
93 5 -0.308580
94 5 -0.687912
95 5 0.330113
96 5 -0.620111
97 5 0.483793
98 5 0.159237
99 5 0.007462
100 5 0.225052
101 5 -0.637065
102 5 0.524767
103 5 -0.741955
104 5 0.246463
105 5 0.583883
106 5 -0.415684
107 5 0.758130
108 5 0.370203
109 5 0.598851
110 5 -0.970060
111 5 0.453727
112 5 0.204622
113 5 -0.352138
114 5 -0.625523
115 5 -0.333527
116 5 -0.687622
117 5 -0.110449
118 5 -0.618051
119 5 0.249533
120 5 -1.075691
121 5 0.352550
122 5 0.617608
123 5 -0.019166
124 5 -0.460964
125 5 -0.395901
126 5 0.568622
127 5 0.046970

0 6 0.327384
1 6 0.096508
2 6 -0.495635
3 6 -0.169790
4 6 -0.362047
5 6 0.385325
6 6 -0.505387
7 6 0.346701
8 6 0.122132
9 6 0.027518
10 6 0.079545
11 6 0.327790
12 6 0.220842
13 6 -0.939078
14 6 -0.371520
15 6 0.253605
16 6 -0.008459
17 6 -0.564540
18 6 0.001479
19 6 0.105818
20 6 0.825737
21 6 -0.273357
22 6 0.070636
23 6 0.224007
24 6 -0.623638
25 6 -0.209358
26 6 -0.060006
27 6 0.577227
28 6 -0.244872
29 6 0.304785
30 6 0.441586
31 6 -0.040664
32 6 0.125169
33 6 0.452576
34 6 0.421867
35 6 0.120367
36 6 -0.283112
37 6 0.470607
38 6 0.081526
39 6 -0.497656
40 6 0.124124
41 6 -0.119561
42 6 -0.410888
43 6 -0.189765
44 6 0.325320
45 6 0.237335
46 6 1.220056
47 6 -0.093906
48 6 -0.280554
49 6 -0.645601
50 6 -0.270038
51 6 0.344418
52 6 0.022285
53 6 0.044316
54 6 -0.056071
55 6 -0.009113
56 6 0.235318
57 6 0.250119
58 6 -0.947296
59 6 -0.755265
60 6 -0.077177
61 6 -0.031431
62 6 0.220542
63 6 -0.254087
64 6 -0.524485
65 6 -0.167031
66 6 -0.588353
67 6 0.205915
68 6 0.756049
69 6 -0.351081
70 6 -0.219800
71 6 0.627769
72 6 -0.287524
73 6 0.376352
74 6 0.034536
75 6 0.304053
76 6 -0.037936
77 6 0.393018
78 6 -0.102951
79 6 0.000607
80 6 -0.344058
81 6 0.123384
82 6 0.004079
83 6 0.204822
84 6 0.103595
85 6 -0.058883
86 6 -0.049422
87 6 -0.418139
88 6 0.008150
89 6 0.774457
90 6 -0.122492
91 6 -0.029775
92 6 -0.287245
93 6 -0.135681
94 6 -0.474181
95 6 0.540582
96 6 -0.799158
97 6 0.420971
98 6 -0.117217
99 6 0.162110
100 6 0.482967
101 6 -0.475372
102 6 0.183134
103 6 -0.634618
104 6 0.033577
105 6 0.050320
106 6 0.105608
107 6 0.359612
108 6 0.166972
109 6 0.475055
110 6 -0.263511
111 6 0.514713
112 6 0.446268
113 6 -0.274697
114 6 -0.010288
115 6 -0.526469
116 6 -0.298241
117 6 -0.086330
118 6 -0.613410
119 6 -0.678723
120 6 -0.924728
121 6 -0.090428
122 6 0.726451
123 6 -0.311227
124 6 -0.619917
125 6 0.082335
126 6 0.107062
127 6 -0.006251

0 7 0.450638
1 7 0.054116
2 7 -0.710076
3 7 -0.256602
4 7 -0.310222
5 7 0.579833
6 7 -0.388052
7 7 0.281904
8 7 0.245132
9 7 0.038665
10 7 0.305846
11 7 0.150167
12 7 0.255804
13 7 -0.704084
14 7 0.052849
15 7 0.376199
16 7 0.076523
17 7 -0.610248
18 7 0.093662
19 7 -0.125936
20 7 0.679666
21 7 -0.240595
22 7 0.033969
23 7 0.052013
24 7 -0.561002
25 7 -0.237995
26 7 0.110774
27 7 0.652647
28 7 -0.426949
29 7 0.349479
30 7 0.832835
31 7 -0.189284
32 7 -0.078253
33 7 0.266917
34 7 0.715119
35 7 0.131014
36 7 -0.459889
37 7 0.486058
38 7 0.216958
39 7 -0.522998
40 7 0.316121
41 7 -0.394162
42 7 -0.306843
43 7 0.090015
44 7 0.326878
45 7 0.035577
46 7 1.213209
47 7 -0.036023
48 7 -0.419763
49 7 -0.625113
50 7 -0.516534
51 7 0.556601
52 7 0.087824
53 7 0.087986
54 7 -0.200602
55 7 -0.129956
56 7 0.389470
57 7 0.116409
58 7 -0.947464
59 7 -0.670845
60 7 -0.051905
61 7 -0.140679
62 7 0.295916
63 7 -0.128351
64 7 -0.414161
65 7 -0.203837
66 7 -0.531353
67 7 0.203496
68 7 0.937708
69 7 -0.097361
70 7 -0.342297
71 7 0.424028
72 7 -0.567024
73 7 0.444866
74 7 0.026164
75 7 0.339608
76 7 0.053239
77 7 0.054559
78 7 0.431640
79 7 0.028221
80 7 -0.445788
81 7 0.233356
82 7 -0.487284
83 7 0.086748
84 7 0.144644
85 7 0.103101
86 7 -0.037783
87 7 -0.250896
88 7 -0.031933
89 7 0.943572
90 7 0.050145
91 7 -0.411730
92 7 -0.700563
93 7 -0.055535
94 7 -0.780954
95 7 0.246603
96 7 -0.953490
97 7 0.338412
98 7 -0.212117
99 7 0.252872
100 7 0.670813
101 7 -0.469507
102 7 0.297616
103 7 -0.430801
104 7 -0.084186
105 7 0.131357
106 7 0.245124
107 7 0.436761
108 7 0.290854
109 7 0.617590
110 7 -0.137671
111 7 0.494310
112 7 0.597273
113 7 -0.168113
114 7 0.068513
115 7 -0.579593
116 7 -0.299956
117 7 -0.167001
118 7 -0.490676
119 7 -0.664282
120 7 -0.858027
121 7 -0.089039
122 7 0.663225
123 7 -0.156348
124 7 -0.282426
125 7 0.013116
126 7 0.303267
127 7 0.213705

0 8 -0.458948
1 8 -0.685407
2 8 0.443822
3 8 -0.574851
4 8 -0.130820
5 8 0.496302
6 8 -0.018482
7 8 -0.406689
8 8 -0.341935
9 8 -0.024328
10 8 -0.028647
11 8 0.000690
12 8 -0.223002
13 8 -0.383120
14 8 0.192995
15 8 0.555151
16 8 0.182707
17 8 -0.334363
18 8 -0.465534
19 8 0.037753
20 8 0.197003
21 8 -0.382673
22 8 -0.295997
23 8 0.429433
24 8 -0.372064
25 8 -0.211044
26 8 0.004676
27 8 0.522361
28 8 -0.353265
29 8 -0.189824
30 8 0.747510
31 8 -0.354125
32 8 -0.375067
33 8 0.103325
34 8 -0.044553
35 8 0.124921
36 8 0.350620
37 8 0.460723
38 8 0.075761
39 8 0.214047
40 8 0.064169
41 8 -0.576577
42 8 -0.304131
43 8 0.356570
44 8 -0.048026
45 8 -0.145171
46 8 -0.112803
47 8 0.027702
48 8 -0.614271
49 8 -0.082142
50 8 0.236294
51 8 0.626149
52 8 -0.105861
53 8 -0.309945
54 8 0.145606
55 8 -0.080267
56 8 0.471519
57 8 -0.224792
58 8 -1.220363
59 8 0.354225
60 8 0.257207
61 8 0.033192
62 8 0.159160
63 8 -0.123735
64 8 -0.467564
65 8 -0.032438
66 8 -0.531819
67 8 0.062602
68 8 -0.432356
69 8 0.395859
70 8 -0.021020
71 8 0.028546
72 8 -0.068070
73 8 -0.145518
74 8 -0.383890
75 8 0.410360
76 8 -0.200234
77 8 0.160066
78 8 0.587185
79 8 0.139246
80 8 -0.561227
81 8 0.090751
82 8 -0.588795
83 8 0.307041
84 8 0.029998
85 8 0.275805
86 8 0.337827
87 8 0.506430
88 8 -0.204556
89 8 0.238710
90 8 -0.106571
91 8 -0.427058
92 8 -0.385302
93 8 0.028422
94 8 -0.280160
95 8 -0.103964
96 8 -0.807387
97 8 0.377809
98 8 0.194627
99 8 0.118968
100 8 0.340255
101 8 -0.338511
102 8 0.081479
103 8 -0.035461
104 8 -0.020632
105 8 0.184574
106 8 -0.250941
107 8 0.505387
108 8 0.602590
109 8 0.223312
110 8 -0.363700
111 8 0.191975
112 8 0.455610
113 8 -0.147213
114 8 -0.368733
115 8 -0.805910
116 8 -0.436307
117 8 0.055160
118 8 -0.358883
119 8 0.372875
120 8 -0.738900
121 8 0.468490
122 8 0.133895
123 8 0.038314
124 8 -0.323862
125 8 0.012079
126 8 0.324732
127 8 0.377622

0 9 -0.270391
1 9 -0.399999
2 9 0.097151
3 9 -0.531586
4 9 -0.004773
5 9 0.464487
6 9 0.108428
7 9 -0.350776
8 9 -0.019050
9 9 0.022857
10 9 0.156845
11 9 -0.080022
12 9 -0.290067
13 9 0.037906
14 9 0.401038
15 9 0.357383
16 9 0.190611
17 9 -0.314023
18 9 -0.295974
19 9 -0.093650
20 9 0.023977
21 9 -0.251569
22 9 -0.241291
23 9 0.232969
24 9 -0.207072
25 9 -0.147625
26 9 0.073664
27 9 0.308918
28 9 -0.372684
29 9 -0.071224
30 9 0.699389
31 9 -0.336654
32 9 -0.286758
33 9 -0.109654
34 9 0.186361
35 9 0.228439
36 9 0.129768
37 9 0.166315
38 9 0.155761
39 9 0.264317
40 9 0.139795
41 9 -0.382246
42 9 -0.103149
43 9 0.496525
44 9 0.068478
45 9 -0.370388
46 9 -0.217974
47 9 0.099267
48 9 -0.461992
49 9 -0.016624
50 9 -0.089860
51 9 0.493906
52 9 -0.108382
53 9 -0.205099
54 9 -0.121925
55 9 -0.170084
56 9 0.353070
57 9 -0.311672
58 9 -0.847482
59 9 0.345614
60 9 0.158353
61 9 -0.062284
62 9 0.120707
63 9 -0.023338
64 9 -0.305472
65 9 -0.034596
66 9 -0.411679
67 9 0.095188
68 9 -0.198367
69 9 0.470950
70 9 -0.087794
71 9 -0.077179
72 9 -0.159330
73 9 -0.188038
74 9 -0.224014
75 9 0.198811
76 9 0.053984
77 9 -0.023240
78 9 0.728560
79 9 -0.014649
80 9 -0.477017
81 9 0.039161
82 9 -0.846786
83 9 0.035132
84 9 -0.081745
85 9 0.158025
86 9 0.267129
87 9 0.629239
88 9 -0.123815
89 9 0.279221
90 9 0.112810
91 9 -0.518521
92 9 -0.476252
93 9 0.003002
94 9 -0.418435
95 9 -0.268841
96 9 -0.632261
97 9 0.251054
98 9 0.048675
99 9 -0.099971
100 9 0.259651
101 9 -0.313366
102 9 0.073514
103 9 0.153235
104 9 -0.115822
105 9 0.202914
106 9 -0.092053
107 9 0.236627
108 9 0.353507
109 9 0.276837
110 9 -0.111296
111 9 0.135266
112 9 0.315519
113 9 0.036941
114 9 -0.314205
115 9 -0.295206
116 9 -0.270437
117 9 0.023457
118 9 -0.071257
119 9 0.352344
120 9 -0.350383
121 9 0.409791
122 9 0.014250
123 9 0.156734
124 9 0.084262
125 9 -0.209853
126 9 0.325900
127 9 0.449522

0 10 -0.043690
1 10 -0.038225
2 10 0.254829
3 10 -0.102986
4 10 -0.206293
5 10 0.255574
6 10 -0.314462
7 10 0.106246
8 10 -0.057625
9 10 0.030978
10 10 0.042679
11 10 0.387405
12 10 -0.138645
13 10 -0.700252
14 10 -0.328944
15 10 0.021288
16 10 -0.069215
17 10 -0.626033
18 10 -0.438684
19 10 0.165091
20 10 0.514631
21 10 -0.247377
22 10 0.307705
23 10 0.349301
24 10 -0.732453
25 10 0.052399
26 10 -0.289536
27 10 0.213508
28 10 -0.025003
29 10 -0.129219
30 10 0.115666
31 10 -0.129568
32 10 0.061191
33 10 0.354591
34 10 0.030890
35 10 0.111008
36 10 0.111881
37 10 0.310342
38 10 -0.237771
39 10 -0.269005
40 10 0.058376
41 10 0.135224
42 10 -0.344606
43 10 -0.451894
44 10 0.105348
45 10 0.103087
46 10 0.284154
47 10 0.076594
48 10 -0.046689
49 10 -0.302418
50 10 0.166603
51 10 0.105505
52 10 0.040573
53 10 -0.024540
54 10 0.299808
55 10 -0.073073
56 10 0.302540
57 10 0.155824
58 10 -0.609810
59 10 -0.253909
60 10 -0.005238
61 10 0.117277
62 10 -0.291679
63 10 0.047566
64 10 -0.281966
65 10 0.129993
66 10 -0.616726
67 10 -0.097489
68 10 0.215263
69 10 0.097490
70 10 0.217423
71 10 0.416991
72 10 0.281379
73 10 -0.046972
74 10 0.340635
75 10 0.105778
76 10 -0.110201
77 10 0.407420
78 10 -0.481848
79 10 -0.277372
80 10 -0.365907
81 10 -0.211168
82 10 -0.074114
83 10 0.028710
84 10 0.125996
85 10 0.037834
86 10 0.262108
87 10 -0.274559
88 10 -0.094786
89 10 0.190241
90 10 -0.156881
91 10 0.095186
92 10 -0.072295
93 10 -0.143050
94 10 -0.045629
95 10 0.466904
96 10 -0.247851
97 10 0.097343
98 10 0.170174
99 10 -0.213270
100 10 0.019195
101 10 -0.193741
102 10 0.186359
103 10 -0.628688
104 10 0.340285
105 10 -0.156767
106 10 -0.275047
107 10 0.425836
108 10 0.255404
109 10 0.301702
110 10 -0.290604
111 10 0.512643
112 10 0.115998
113 10 -0.311789
114 10 -0.209100
115 10 -0.106800
116 10 -0.213882
117 10 -0.000644
118 10 -0.342226
119 10 -0.465804
120 10 -0.565299
121 10 -0.078125
122 10 0.508817
123 10 -0.243554
124 10 -0.428696
125 10 0.153635
126 10 0.021773
127 10 -0.121032

0 11 -0.010249
1 11 -0.058676
2 11 0.038461
3 11 -0.235281
4 11 -0.203637
5 11 0.353866
6 11 -0.443021
7 11 0.191769
8 11 -0.119346
9 11 0.017420
10 11 -0.062585
11 11 0.460222
12 11 0.157852
13 11 -1.064030
14 11 -0.530074
15 11 0.070977
16 11 0.018078
17 11 -0.712065
18 11 -0.424807
19 11 0.286484
20 11 0.662798
21 11 -0.426339
22 11 0.293353
23 11 0.441672
24 11 -0.773871
25 11 -0.035563
26 11 -0.251741
27 11 0.314815
28 11 -0.149661
29 11 -0.077789
30 11 0.101199
31 11 0.065434
32 11 0.023272
33 11 0.586478
34 11 0.058828
35 11 0.085517
36 11 0.078001
37 11 0.451692
38 11 -0.107399
39 11 -0.287412
40 11 0.135998
41 11 0.168391
42 11 -0.448406
43 11 -0.407266
44 11 0.184181
45 11 0.172073
46 11 0.730782
47 11 -0.139772
48 11 -0.096103
49 11 -0.533005
50 11 0.102958
51 11 0.088570
52 11 0.004328
53 11 0.027446
54 11 0.224259
55 11 0.089825
56 11 0.337644
57 11 0.278202
58 11 -0.826684
59 11 -0.388371
60 11 -0.138342
61 11 0.078453
62 11 -0.198714
63 11 -0.129998
64 11 -0.604855
65 11 -0.040248
66 11 -0.782581
67 11 0.234145
68 11 0.316516
69 11 -0.164183
70 11 0.202632
71 11 0.586501
72 11 0.131764
73 11 0.188019
74 11 0.316189
75 11 0.246590
76 11 -0.272592
77 11 0.606353
78 11 -0.488778
79 11 -0.293097
80 11 -0.383392
81 11 -0.043053
82 11 0.180188
83 11 0.038194
84 11 0.114296
85 11 0.098381
86 11 0.060224
87 11 -0.467077
88 11 -0.032410
89 11 0.382618
90 11 -0.353911
91 11 0.334309
92 11 -0.062816
93 11 -0.268622
94 11 -0.143502
95 11 0.646745
96 11 -0.501851
97 11 0.254918
98 11 0.084167
99 11 -0.028802
100 11 0.173763
101 11 -0.386807
102 11 0.104150
103 11 -0.836503
104 11 0.231043
105 11 -0.166029
106 11 -0.281913
107 11 0.469601
108 11 0.368460
109 11 0.426855
110 11 -0.506396
111 11 0.484904
112 11 0.177102
113 11 -0.481759
114 11 -0.235628
115 11 -0.416372
116 11 -0.413203
117 11 0.032486
118 11 -0.534050
119 11 -0.418658
120 11 -0.853742
121 11 0.032019
122 11 0.640811
123 11 -0.258285
124 11 -0.621949
125 11 0.122132
126 11 -0.011447
127 11 -0.254613

0 12 -0.045124
1 12 0.013805
2 12 -0.104667
3 12 -0.077579
4 12 -0.269480
5 12 0.158728
6 12 -0.426958
7 12 0.295677
8 12 -0.041823
9 12 0.175156
10 12 -0.292047
11 12 -0.206822
12 12 0.383844
13 12 -0.364892
14 12 -0.222722
15 12 0.489114
16 12 0.274427
17 12 0.393134
18 12 0.205302
19 12 0.044410
20 12 0.285464
21 12 -0.074630
22 12 -0.196737
23 12 -0.271851
24 12 -0.048250
25 12 -0.010127
26 12 -0.023200
27 12 0.549640
28 12 -0.148674
29 12 0.435342
30 12 0.237230
31 12 0.154855
32 12 -0.117295
33 12 0.484264
34 12 0.184760
35 12 0.122942
36 12 -0.272547
37 12 0.394404
38 12 0.074432
39 12 -0.345497
40 12 -0.251297
41 12 -0.560807
42 12 -0.301968
43 12 0.038196
44 12 0.007087
45 12 0.135823
46 12 0.725240
47 12 0.050920
48 12 0.130845
49 12 -0.317378
50 12 -0.474736
51 12 0.144916
52 12 -0.125154
53 12 -0.043561
54 12 -0.130956
55 12 0.236326
56 12 -0.064861
57 12 -0.193623
58 12 -0.890150
59 12 -0.756196
60 12 -0.132461
61 12 -0.124988
62 12 0.485777
63 12 -0.204335
64 12 -0.049835
65 12 -0.298578
66 12 -0.365962
67 12 0.148798
68 12 0.202849
69 12 -0.475032
70 12 -0.459983
71 12 0.403349
72 12 -0.454803
73 12 0.211679
74 12 -0.255539
75 12 0.191662
76 12 -0.005939
77 12 0.471194
78 12 0.094481
79 12 0.361874
80 12 -0.347275
81 12 0.391028
82 12 0.307500
83 12 0.359215
84 12 0.231926
85 12 -0.302061
86 12 0.120567
87 12 -0.169248
88 12 0.117994
89 12 0.355845
90 12 -0.127681
91 12 -0.206942
92 12 0.187611
93 12 0.080540
94 12 0.098265
95 12 0.160861
96 12 -0.648432
97 12 0.244571
98 12 0.113366
99 12 0.315033
100 12 0.654313
101 12 -0.208536
102 12 -0.096679
103 12 -0.460497
104 12 -0.235604
105 12 -0.104927
106 12 0.373239
107 12 -0.138427
108 12 0.142388
109 12 0.040439
110 12 -0.045507
111 12 -0.056626
112 12 0.574748
113 12 -0.254832
114 12 0.154941
115 12 -0.507139
116 12 -0.351217
117 12 -0.017966
118 12 -0.572500
119 12 -0.063175
120 12 -0.529278
121 12 -0.048162
122 12 0.206669
123 12 -0.308647
124 12 -0.471129
125 12 0.292902
126 12 0.136903
127 12 0.054204

0 13 -0.127372
1 13 -0.076748
2 13 0.076362
3 13 -0.041334
4 13 -0.396217
5 13 0.086207
6 13 -0.284515
7 13 0.275270
8 13 -0.115977
9 13 0.178657
10 13 -0.193028
11 13 -0.161492
12 13 0.218642
13 13 -0.248159
14 13 0.033948
15 13 0.576014
16 13 0.341070
17 13 0.703005
18 13 0.254987
19 13 -0.079381
20 13 0.135252
21 13 0.087508
22 13 -0.360118
23 13 -0.400133
24 13 -0.010049
25 13 0.173982
26 13 0.102628
27 13 0.564128
28 13 -0.151815
29 13 0.339879
30 13 0.303809
31 13 0.169720
32 13 -0.173290
33 13 0.440919
34 13 0.140842
35 13 0.151666
36 13 -0.146455
37 13 0.344198
38 13 -0.047093
39 13 -0.263535
40 13 -0.196603
41 13 -0.787802
42 13 -0.389619
43 13 0.070296
44 13 -0.206360
45 13 0.158193
46 13 0.221255
47 13 0.042782
48 13 0.211180
49 13 -0.213422
50 13 -0.346195
51 13 0.116729
52 13 -0.096393
53 13 -0.059282
54 13 -0.025735
55 13 0.095472
56 13 0.022266
57 13 -0.327228
58 13 -0.868366
59 13 -0.465185
60 13 0.092874
61 13 -0.090566
62 13 0.607638
63 13 -0.126083
64 13 0.082106
65 13 -0.317427
66 13 -0.098047
67 13 0.107052
68 13 0.009671
69 13 -0.263196
70 13 -0.391011
71 13 0.183600
72 13 -0.473037
73 13 0.024593
74 13 -0.332654
75 13 0.113398
76 13 -0.073995
77 13 0.398413
78 13 0.281482
79 13 0.336027
80 13 -0.266923
81 13 0.435851
82 13 -0.040421
83 13 0.484307
84 13 0.127312
85 13 -0.234894
86 13 0.236218
87 13 -0.256789
88 13 0.067928
89 13 0.100333
90 13 -0.092340
91 13 -0.412410
92 13 0.107696
93 13 0.257746
94 13 0.174637
95 13 0.016328
96 13 -0.615432
97 13 0.152132
98 13 0.249071
99 13 0.362648
100 13 0.819587
101 13 -0.129633
102 13 -0.189445
103 13 -0.247598
104 13 -0.200338
105 13 -0.047284
106 13 0.208420
107 13 0.023757
108 13 0.222345
109 13 -0.089328
110 13 0.255244
111 13 -0.029932
112 13 0.548607
113 13 -0.213130
114 13 0.108609
115 13 -0.523087
116 13 -0.304783
117 13 -0.045343
118 13 -0.350477
119 13 -0.059718
120 13 -0.262828
121 13 -0.109392
122 13 0.028768
123 13 -0.307301
124 13 -0.253943
125 13 0.270701
126 13 0.186051
127 13 0.244600

0 14 -0.359820
1 14 -0.497344
2 14 0.398352
3 14 -0.161491
4 14 -0.331433
5 14 0.009595
6 14 -0.348416
7 14 0.017888
8 14 -0.404113
9 14 -0.033477
10 14 -0.445244
11 14 0.145211
12 14 0.160207
13 14 -0.777515
14 14 -0.432847
15 14 0.348148
16 14 0.177539
17 14 -0.177522
18 14 -0.553210
19 14 0.374562
20 14 0.503022
21 14 -0.221750
22 14 -0.056251
23 14 0.367757
24 14 -0.499631
25 14 -0.134382
26 14 -0.303058
27 14 0.252153
28 14 -0.069978
29 14 -0.056441
30 14 0.117546
31 14 -0.036356
32 14 -0.214847
33 14 0.446979
34 14 -0.335845
35 14 -0.114247
36 14 0.224326
37 14 0.497390
38 14 -0.174786
39 14 -0.171492
40 14 -0.164008
41 14 -0.280893
42 14 -0.354195
43 14 -0.178544
44 14 0.084715
45 14 0.149167
46 14 0.382910
47 14 0.158044
48 14 -0.318925
49 14 -0.067790
50 14 0.213866
51 14 0.195835
52 14 -0.178790
53 14 -0.085432
54 14 0.194259
55 14 0.033103
56 14 0.175091
57 14 -0.017091
58 14 -0.976756
59 14 -0.305422
60 14 0.046582
61 14 0.044769
62 14 0.039639
63 14 -0.118692
64 14 -0.357964
65 14 -0.004601
66 14 -0.599634
67 14 -0.078531
68 14 -0.321658
69 14 -0.068399
70 14 -0.083979
71 14 0.472426
72 14 0.159868
73 14 0.015939
74 14 -0.214756
75 14 0.227488
76 14 -0.195140
77 14 0.553433
78 14 -0.293077
79 14 0.150178
80 14 -0.362721
81 14 0.187052
82 14 0.507963
83 14 0.208572
84 14 0.372386
85 14 0.002002
86 14 0.400021
87 14 0.033932
88 14 0.020373
89 14 0.147011
90 14 -0.333959
91 14 0.126406
92 14 0.191340
93 14 0.038704
94 14 0.177853
95 14 0.255095
96 14 -0.401762
97 14 0.294602
98 14 0.151124
99 14 0.223053
100 14 0.299360
101 14 -0.139128
102 14 0.253243
103 14 -0.465643
104 14 -0.012191
105 14 -0.094979
106 14 0.018525
107 14 0.199340
108 14 0.407663
109 14 0.192125
110 14 -0.523257
111 14 0.168225
112 14 0.236401
113 14 -0.381452
114 14 -0.322280
115 14 -0.451985
116 14 -0.257307
117 14 0.115184
118 14 -0.721472
119 14 0.209448
120 14 -0.912545
121 14 0.252223
122 14 0.230187
123 14 -0.257171
124 14 -0.698315
125 14 0.401807
126 14 0.117517
127 14 -0.156037

0 15 -0.283370
1 15 -0.540421
2 15 0.370719
3 15 -0.130189
4 15 -0.390700
5 15 -0.029598
6 15 -0.129729
7 15 -0.062805
8 15 -0.489081
9 15 -0.087338
10 15 -0.357209
11 15 0.138838
12 15 0.104630
13 15 -0.468323
14 15 -0.165589
15 15 0.345582
16 15 0.163595
17 15 0.030773
18 15 -0.363209
19 15 0.341869
20 15 0.322406
21 15 -0.072193
22 15 -0.225686
23 15 0.164208
24 15 -0.303745
25 15 -0.091869
26 15 -0.164267
27 15 0.246748
28 15 -0.138240
29 15 -0.002724
30 15 0.259006
31 15 -0.063590
32 15 -0.218343
33 15 0.266712
34 15 -0.266136
35 15 -0.008621
36 15 0.138230
37 15 0.427884
38 15 -0.216045
39 15 -0.158262
40 15 -0.237171
41 15 -0.392496
42 15 -0.199977
43 15 -0.079881
44 15 0.075583
45 15 0.001688
46 15 0.054161
47 15 0.270765
48 15 -0.331149
49 15 0.042103
50 15 0.190770
51 15 0.161512
52 15 -0.170293
53 15 -0.159266
54 15 0.080928
55 15 -0.141385
56 15 0.199563
57 15 -0.250374
58 15 -0.915636
59 15 -0.210071
60 15 0.110060
61 15 0.028373
62 15 0.219837
63 15 -0.071136
64 15 -0.222118
65 15 -0.033658
66 15 -0.362550
67 15 -0.217855
68 15 -0.373805
69 15 0.043838
70 15 -0.129708
71 15 0.327626
72 15 0.122312
73 15 -0.047048
74 15 -0.350491
75 15 0.010923
76 15 -0.090038
77 15 0.380989
78 15 -0.098586
79 15 0.113832
80 15 -0.263968
81 15 0.165270
82 15 0.298940
83 15 0.228227
84 15 0.302691
85 15 -0.123433
86 15 0.493395
87 15 0.173178
88 15 -0.053771
89 15 0.165650
90 15 -0.204010
91 15 -0.053323
92 15 0.141570
93 15 0.173468
94 15 0.102154
95 15 0.051868
96 15 -0.317689
97 15 0.292743
98 15 0.120870
99 15 0.235026
100 15 0.244728
101 15 -0.098384
102 15 0.281309
103 15 -0.164686
104 15 -0.045956
105 15 0.045299
106 15 0.092939
107 15 0.174773
108 15 0.382644
109 15 0.027437
110 15 -0.309416
111 15 0.139189
112 15 0.229010
113 15 -0.204755
114 15 -0.340770
115 15 -0.262160
116 15 -0.101558
117 15 0.177235
118 15 -0.556684
119 15 0.228868
120 15 -0.753181
121 15 0.161146
122 15 0.026133
123 15 -0.151209
124 15 -0.450083
125 15 0.340180
126 15 0.142511
127 15 0.062224

0 16 -0.951130
1 16 -0.867670
2 16 0.888160
3 16 -0.009446
4 16 -0.051843
5 16 0.032745
6 16 -0.066845
7 16 -0.267977
8 16 -0.764698
9 16 -0.238395
10 16 -0.583367
11 16 0.103050
12 16 0.219650
13 16 -0.745627
14 16 -0.555481
15 16 0.005839
16 16 -0.271768
17 16 -0.826795
18 16 -0.873417
19 16 0.629997
20 16 0.664252
21 16 -0.366222
22 16 0.203093
23 16 0.651634
24 16 -0.470729
25 16 -0.300843
26 16 -0.391396
27 16 -0.147938
28 16 0.170054
29 16 -0.383870
30 16 0.240847
31 16 -0.444021
32 16 0.118486
33 16 0.539336
34 16 -0.579835
35 16 -0.036532
36 16 0.429549
37 16 0.892603
38 16 -0.077149
39 16 0.000754
40 16 -0.226708
41 16 -0.165936
42 16 -0.174670
43 16 -0.458451
44 16 0.381385
45 16 -0.211460
46 16 0.251906
47 16 0.618801
48 16 -0.268916
49 16 -0.094241
50 16 0.378220
51 16 0.087799
52 16 0.038838
53 16 -0.183680
54 16 0.369234
55 16 -0.009870
56 16 0.182190
57 16 -0.152286
58 16 -1.126154
59 16 -0.113274
60 16 -0.162557
61 16 0.103078
62 16 -0.202617
63 16 0.222895
64 16 -0.911473
65 16 0.095354
66 16 -0.742233
67 16 -0.404343
68 16 -0.590727
69 16 0.082951
70 16 0.139742
71 16 0.650916
72 16 0.486127
73 16 -0.230342
74 16 -0.204635
75 16 -0.055619
76 16 0.085488
77 16 0.735123
78 16 -0.421755
79 16 0.179760
80 16 -0.482581
81 16 -0.200071
82 16 0.646442
83 16 -0.048710
84 16 0.349039
85 16 -0.200951
86 16 0.642713
87 16 0.602530
88 16 0.080205
89 16 0.506979
90 16 -0.387456
91 16 0.361558
92 16 0.451696
93 16 -0.219082
94 16 -0.020510
95 16 0.484265
96 16 0.158496
97 16 0.519446
98 16 0.351724
99 16 -0.170980
100 16 -0.127151
101 16 -0.256923
102 16 0.645074
103 16 -0.726315
104 16 0.072521
105 16 0.203438
106 16 -0.072011
107 16 0.270661
108 16 0.009951
109 16 0.152230
110 16 -1.034576
111 16 0.264659
112 16 -0.150939
113 16 -0.255627
114 16 -0.850604
115 16 0.152122
116 16 -0.421247
117 16 0.249321
118 16 -0.794357
119 16 0.584153
120 16 -1.135896
121 16 0.163977
122 16 0.249395
123 16 -0.104358
124 16 -0.882360
125 16 -0.007235
126 16 0.367866
127 16 -0.252916

0 17 -1.112926
1 17 -0.965124
2 17 0.759604
3 17 -0.104433
4 17 -0.091755
5 17 0.220522
6 17 0.061331
7 17 -0.366873
8 17 -0.813845
9 17 -0.275462
10 17 -0.434764
11 17 -0.060130
12 17 0.299576
13 17 -0.723572
14 17 -0.352161
15 17 0.048375
16 17 -0.264577
17 17 -0.874574
18 17 -0.788562
19 17 0.585250
20 17 0.630183
21 17 -0.465169
22 17 0.151987
23 17 0.608917
24 17 -0.319834
25 17 -0.344953
26 17 -0.214070
27 17 -0.158973
28 17 0.067278
29 17 -0.450395
30 17 0.528197
31 17 -0.621404
32 17 0.028665
33 17 0.529587
34 17 -0.420768
35 17 0.002737
36 17 0.301609
37 17 1.077150
38 17 0.144910
39 17 0.086933
40 17 -0.114937
41 17 -0.319904
42 17 -0.179076
43 17 -0.275003
44 17 0.565487
45 17 -0.427971
46 17 0.309715
47 17 0.670724
48 17 -0.389004
49 17 -0.135946
50 17 0.205870
51 17 0.145206
52 17 0.103658
53 17 -0.200824
54 17 0.193227
55 17 -0.153437
56 17 0.224016
57 17 -0.273645
58 17 -1.260046
59 17 -0.023430
60 17 -0.218016
61 17 0.067459
62 17 -0.113126
63 17 0.354320
64 17 -1.040001
65 17 0.108048
66 17 -0.637011
67 17 -0.258005
68 17 -0.555259
69 17 0.164383
70 17 0.050048
71 17 0.704657
72 17 0.271623
73 17 -0.190185
74 17 -0.272462
75 17 -0.136036
76 17 0.175617
77 17 0.664017
78 17 -0.003628
79 17 0.214634
80 17 -0.664637
81 17 -0.071784
82 17 0.379517
83 17 -0.141690
84 17 0.353199
85 17 -0.171154
86 17 0.578933
87 17 0.733978
88 17 0.134514
89 17 0.723400
90 17 -0.362141
91 17 0.239263
92 17 0.155488
93 17 -0.239470
94 17 -0.250436
95 17 0.379922
96 17 -0.013775
97 17 0.542508
98 17 0.322109
99 17 -0.075764
100 17 0.036437
101 17 -0.370491
102 17 0.727488
103 17 -0.726685
104 17 -0.052023
105 17 0.349110
106 17 0.001660
107 17 0.257166
108 17 0.057123
109 17 0.238356
110 17 -1.115745
111 17 0.219343
112 17 -0.043299
113 17 -0.244146
114 17 -0.899527
115 17 0.116867
116 17 -0.506503
117 17 0.221453
118 17 -0.834785
119 17 0.772176
120 17 -1.088469
121 17 0.287795
122 17 0.296451
123 17 -0.026814
124 17 -0.678527
125 17 -0.203123
126 17 0.512342
127 17 -0.146391

0 18 -0.138720
1 18 -0.347181
2 18 0.049873
3 18 0.079186
4 18 -0.182407
5 18 0.082107
6 18 -0.273731
7 18 -0.004348
8 18 -0.342738
9 18 -0.071754
10 18 -0.309992
11 18 0.010171
12 18 0.547090
13 18 -0.479084
14 18 -0.403119
15 18 0.081672
16 18 -0.028673
17 18 -0.358853
18 18 -0.193582
19 18 0.477451
20 18 0.596179
21 18 -0.106928
22 18 0.014411
23 18 0.147830
24 18 -0.261662
25 18 -0.253854
26 18 -0.220088
27 18 0.084932
28 18 -0.001640
29 18 0.110137
30 18 0.342052
31 18 -0.152817
32 18 0.199409
33 18 0.425939
34 18 0.006645
35 18 0.043172
36 18 -0.202665
37 18 0.676708
38 18 0.111283
39 18 -0.272534
40 18 -0.169467
41 18 -0.166057
42 18 -0.039544
43 18 -0.312929
44 18 0.533726
45 18 -0.156554
46 18 0.894635
47 18 0.500212
48 18 -0.126231
49 18 -0.272265
50 18 -0.251156
51 18 0.272618
52 18 0.067588
53 18 0.036657
54 18 -0.099126
55 18 -0.053660
56 18 0.065403
57 18 -0.142955
58 18 -0.823515
59 18 -0.805525
60 18 -0.347889
61 18 -0.079456
62 18 0.077947
63 18 0.098412
64 18 -0.545107
65 18 -0.054045
66 18 -0.551577
67 18 -0.199752
68 18 0.142519
69 18 -0.254109
70 18 -0.247342
71 18 0.644058
72 18 -0.089732
73 18 0.136386
74 18 -0.203681
75 18 -0.215008
76 18 0.246167
77 18 0.497772
78 18 -0.121131
79 18 0.137105
80 18 -0.344553
81 18 0.017385
82 18 0.504939
83 18 -0.123696
84 18 0.295346
85 18 -0.422835
86 18 0.222460
87 18 0.334413
88 18 0.165037
89 18 0.822779
90 18 -0.192940
91 18 0.044050
92 18 0.228881
93 18 -0.029180
94 18 -0.320407
95 18 0.355517
96 18 -0.123385
97 18 0.508482
98 18 0.105765
99 18 0.070895
100 18 0.167129
101 18 -0.200442
102 18 0.589848
103 18 -0.523164
104 18 -0.225350
105 18 0.152931
106 18 0.359632
107 18 -0.069998
108 18 -0.126032
109 18 0.262840
110 18 -0.601921
111 18 0.255780
112 18 0.189370
113 18 -0.107452
114 18 -0.374550
115 18 0.107154
116 18 -0.223946
117 18 0.185402
118 18 -0.799491
119 18 0.121269
120 18 -0.979461
121 18 -0.110880
122 18 0.310595
123 18 -0.151090
124 18 -0.613204
125 18 0.009968
126 18 0.259449
127 18 -0.064161

0 19 -0.132673
1 19 -0.349258
2 19 -0.048694
3 19 0.003298
4 19 -0.165247
5 19 0.262878
6 19 -0.276768
7 19 0.041216
8 19 -0.161565
9 19 -0.028699
10 19 -0.146281
11 19 -0.235597
12 19 0.589762
13 19 -0.449515
14 19 -0.162203
15 19 0.196676
16 19 0.003897
17 19 -0.360574
18 19 -0.101769
19 19 0.299754
20 19 0.509121
21 19 -0.112987
22 19 -0.030658
23 19 0.001067
24 19 -0.200461
25 19 -0.302767
26 19 -0.061957
27 19 0.220605
28 19 -0.107945
29 19 0.105828
30 19 0.693091
31 19 -0.295809
32 19 0.039786
33 19 0.367022
34 19 0.284234
35 19 0.125989
36 19 -0.346219
37 19 0.804214
38 19 0.294399
39 19 -0.315659
40 19 -0.008587
41 19 -0.395602
42 19 -0.036181
43 19 -0.128165
44 19 0.533761
45 19 -0.321340
46 19 1.002020
47 19 0.548553
48 19 -0.191593
49 19 -0.340691
50 19 -0.528727
51 19 0.492643
52 19 0.143535
53 19 0.064994
54 19 -0.182002
55 19 -0.082779
56 19 0.141282
57 19 -0.256782
58 19 -0.852251
59 19 -0.871965
60 19 -0.315742
61 19 -0.177843
62 19 0.180719
63 19 0.218714
64 19 -0.479970
65 19 -0.123082
66 19 -0.517314
67 19 -0.133908
68 19 0.342800
69 19 -0.116210
70 19 -0.379811
71 19 0.585186
72 19 -0.409399
73 19 0.219815
74 19 -0.215093
75 19 -0.097431
76 19 0.318487
77 19 0.299111
78 19 0.351172
79 19 0.280696
80 19 -0.568620
81 19 0.172583
82 19 0.194242
83 19 -0.166240
84 19 0.337682
85 19 -0.324153
86 19 0.197969
87 19 0.434791
88 19 0.176301
89 19 1.016543
90 19 -0.030964
91 19 -0.265522
92 19 -0.088094
93 19 -0.004461
94 19 -0.487208
95 19 0.228941
96 19 -0.296258
97 19 0.438602
98 19 0.106023
99 19 0.156718
100 19 0.431833
101 19 -0.207491
102 19 0.683557
103 19 -0.545786
104 19 -0.411575
105 19 0.288323
106 19 0.523161
107 19 -0.024618
108 19 -0.008600
109 19 0.374871
110 19 -0.514332
111 19 0.211342
112 19 0.410406
113 19 -0.111404
114 19 -0.242403
115 19 -0.029228
116 19 -0.347970
117 19 0.034077
118 19 -0.812144
119 19 0.088043
120 19 -0.952214
121 19 -0.092279
122 19 0.344230
123 19 -0.135095
124 19 -0.414402
125 19 -0.062151
126 19 0.432188
127 19 0.082979

0 20 -0.716093
1 20 -0.891673
2 20 0.670416
3 20 -0.354969
4 20 -0.104764
5 20 0.177825
6 20 0.026909
7 20 -0.421025
8 20 -0.689305
9 20 -0.225095
10 20 -0.364661
11 20 -0.045365
12 20 0.075215
13 20 -0.490820
14 20 -0.137724
15 20 0.346220
16 20 -0.042940
17 20 -0.540199
18 20 -0.731944
19 20 0.400299
20 20 0.378879
21 20 -0.388386
22 20 -0.160333
23 20 0.476708
24 20 -0.366575
25 20 -0.369416
26 20 -0.141620
27 20 0.188923
28 20 -0.101931
29 20 -0.281459
30 20 0.615371
31 20 -0.500929
32 20 -0.149168
33 20 0.281921
34 20 -0.337446
35 20 0.009535
36 20 0.343532
37 20 0.846041
38 20 0.034066
39 20 0.153057
40 20 -0.156011
41 20 -0.533156
42 20 -0.160832
43 20 0.029664
44 20 0.286707
45 20 -0.249792
46 20 0.108066
47 20 0.423883
48 20 -0.541507
49 20 -0.051613
50 20 0.250607
51 20 0.475718
52 20 -0.035297
53 20 -0.293745
54 20 0.215774
55 20 -0.074010
56 20 0.328937
57 20 -0.283162
58 20 -1.279644
59 20 0.039016
60 20 0.019704
61 20 0.073436
62 20 0.027153
63 20 0.122640
64 20 -0.742528
65 20 0.028973
66 20 -0.594613
67 20 -0.204006
68 20 -0.646852
69 20 0.272561
70 20 0.028381
71 20 0.454664
72 20 0.152741
73 20 -0.198112
74 20 -0.432769
75 20 0.134111
76 20 0.040694
77 20 0.417857
78 20 0.211351
79 20 0.328915
80 20 -0.591458
81 20 -0.010376
82 20 0.080172
83 20 0.145479
84 20 0.276480
85 20 0.040030
86 20 0.499030
87 20 0.819218
88 20 -0.032085
89 20 0.398074
90 20 -0.233661
91 20 -0.103262
92 20 -0.027234
93 20 -0.076588
94 20 -0.183714
95 20 0.099417
96 20 -0.314000
97 20 0.454856
98 20 0.215615
99 20 0.034599
100 20 0.163440
101 20 -0.278509
102 20 0.503182
103 20 -0.321075
104 20 -0.143767
105 20 0.278675
106 20 -0.001318
107 20 0.330533
108 20 0.350531
109 20 0.134067
110 20 -0.717191
111 20 0.196429
112 20 0.221386
113 20 -0.130703
114 20 -0.653319
115 20 -0.331503
116 20 -0.426284
117 20 0.239031
118 20 -0.676038
119 20 0.689624
120 20 -1.055595
121 20 0.389466
122 20 0.157054
123 20 -0.034152
124 20 -0.653011
125 20 0.043618
126 20 0.421626
127 20 0.121247

0 21 -0.686665
1 21 -0.700452
2 21 0.475560
3 21 -0.376691
4 21 -0.095043
5 21 0.334196
6 21 0.093260
7 21 -0.361029
8 21 -0.515067
9 21 -0.171590
10 21 -0.152889
11 21 -0.028540
12 21 -0.029640
13 21 -0.378767
14 21 0.037652
15 21 0.265442
16 21 -0.094326
17 21 -0.637776
18 21 -0.628504
19 21 0.298522
20 21 0.295535
21 21 -0.429177
22 21 -0.065504
23 21 0.430107
24 21 -0.318125
25 21 -0.280058
26 21 -0.099730
27 21 0.126501
28 21 -0.168456
29 21 -0.290168
30 21 0.632527
31 21 -0.513314
32 21 -0.158154
33 21 0.242110
34 21 -0.116956
35 21 0.098420
36 21 0.226220
37 21 0.717190
38 21 0.099847
39 21 0.203301
40 21 -0.003351
41 21 -0.435485
42 21 -0.180484
43 21 0.101827
44 21 0.328343
45 21 -0.372661
46 21 -0.008375
47 21 0.401572
48 21 -0.512929
49 21 -0.059886
50 21 0.121174
51 21 0.399560
52 21 -0.005131
53 21 -0.276107
54 21 0.065751
55 21 -0.142882
56 21 0.341933
57 21 -0.314914
58 21 -1.118591
59 21 0.165787
60 21 0.001051
61 21 0.014062
62 21 0.003327
63 21 0.210556
64 21 -0.735232
65 21 0.015339
66 21 -0.579160
67 21 -0.072076
68 21 -0.423926
69 21 0.294971
70 21 -0.009616
71 21 0.387822
72 21 0.077938
73 21 -0.214552
74 21 -0.282177
75 21 0.032462
76 21 0.093066
77 21 0.345169
78 21 0.321384
79 21 0.135081
80 21 -0.665759
81 21 -0.051522
82 21 -0.213676
83 21 0.017859
84 21 0.148607
85 21 -0.025339
86 21 0.431194
87 21 0.737491
88 21 -0.044170
89 21 0.433326
90 21 -0.153532
91 21 -0.115796
92 21 -0.232985
93 21 -0.115219
94 21 -0.293872
95 21 -0.004191
96 21 -0.349746
97 21 0.353093
98 21 0.197805
99 21 -0.122682
100 21 0.128362
101 21 -0.335707
102 21 0.384817
103 21 -0.314392
104 21 -0.094878
105 21 0.298228
106 21 -0.064552
107 21 0.236489
108 21 0.327709
109 21 0.259569
110 21 -0.613047
111 21 0.199984
112 21 0.200227
113 21 -0.086143
114 21 -0.600871
115 21 -0.120465
116 21 -0.379425
117 21 0.180869
118 21 -0.521092
119 21 0.574116
120 21 -0.845396
121 21 0.404018
122 21 0.207202
123 21 0.030538
124 21 -0.397515
125 21 -0.130621
126 21 0.455793
127 21 0.177476

0 22 -0.676680
1 22 -0.618987
2 22 0.799392
3 22 0.003889
4 22 -0.089220
5 22 0.130070
6 22 -0.100907
7 22 -0.276427
8 22 -0.476492
9 22 -0.180591
10 22 -0.283078
11 22 0.067572
12 22 0.108650
13 22 -0.626960
14 22 -0.330345
15 22 -0.170440
16 22 -0.261001
17 22 -0.757375
18 22 -0.768677
19 22 0.429808
20 22 0.542035
21 22 -0.272600
22 22 0.379575
23 22 0.491487
24 22 -0.583541
25 22 -0.142703
26 22 -0.395428
27 22 -0.136427
28 22 0.192825
29 22 -0.426762
30 22 0.344961
31 22 -0.451399
32 22 0.042956
33 22 0.359420
34 22 -0.340489
35 22 0.071904
36 22 0.300600
37 22 0.774857
38 22 -0.152410
39 22 -0.170380
40 22 -0.064531
41 22 -0.049255
42 22 -0.066462
43 22 -0.492518
44 22 0.365023
45 22 -0.266159
46 22 0.245341
47 22 0.539066
48 22 -0.096897
49 22 -0.121220
50 22 0.188808
51 22 0.122828
52 22 0.050302
53 22 -0.045202
54 22 0.363845
55 22 -0.058872
56 22 0.204185
57 22 -0.151212
58 22 -0.723236
59 22 -0.234197
60 22 -0.122397
61 22 0.033626
62 22 -0.363487
63 22 0.385808
64 22 -0.630674
65 22 0.211698
66 22 -0.632047
67 22 -0.441470
68 22 -0.266047
69 22 0.312586
70 22 0.140552
71 22 0.578056
72 22 0.399268
73 22 -0.310928
74 22 0.178267
75 22 -0.120729
76 22 0.126303
77 22 0.480218
78 22 -0.328206
79 22 0.003362
80 22 -0.479634
81 22 -0.307928
82 22 0.297512
83 22 -0.221111
84 22 0.344814
85 22 -0.130247
86 22 0.475091
87 22 0.397706
88 22 0.015480
89 22 0.341726
90 22 -0.152714
91 22 0.198212
92 22 0.180661
93 22 -0.190012
94 22 -0.007567
95 22 0.414855
96 22 0.259010
97 22 0.196388
98 22 0.265605
99 22 -0.320645
100 22 -0.060423
101 22 -0.079377
102 22 0.597506
103 22 -0.727958
104 22 0.176102
105 22 0.026655
106 22 -0.165654
107 22 0.295742
108 22 0.074666
109 22 0.098760
110 22 -0.758966
111 22 0.361332
112 22 -0.093584
113 22 -0.108319
114 22 -0.686927
115 22 0.342567
116 22 -0.244395
117 22 0.105527
118 22 -0.556706
119 22 0.189601
120 22 -0.757690
121 22 -0.062435
122 22 0.326143
123 22 -0.231105
124 22 -0.584439
125 22 -0.042233
126 22 0.238801
127 22 -0.258493

0 23 -0.610039
1 23 -0.646771
2 23 0.460404
3 23 -0.139721
4 23 -0.058088
5 23 0.123112
6 23 -0.248030
7 23 -0.187421
8 23 -0.549798
9 23 -0.212456
10 23 -0.451696
11 23 0.089141
12 23 0.387437
13 23 -0.879341
14 23 -0.555990
15 23 -0.055214
16 23 -0.087729
17 23 -0.745407
18 23 -0.771846
19 23 0.601809
20 23 0.676315
21 23 -0.436567
22 23 0.301956
23 23 0.551370
24 23 -0.564003
25 23 -0.296561
26 23 -0.290252
27 23 -0.066347
28 23 0.016457
29 23 -0.245337
30 23 0.276691
31 23 -0.238745
32 23 0.045224
33 23 0.492473
34 23 -0.332317
35 23 -0.055892
36 23 0.213802
37 23 0.864310
38 23 -0.003055
39 23 -0.147032
40 23 -0.059807
41 23 -0.031733
42 23 -0.068014
43 23 -0.370920
44 23 0.572907
45 23 -0.157200
46 23 0.778654
47 23 0.356392
48 23 -0.228527
49 23 -0.264156
50 23 0.037214
51 23 0.152834
52 23 0.014634
53 23 0.006382
54 23 0.254003
55 23 0.031335
56 23 0.167914
57 23 -0.032433
58 23 -0.975124
59 23 -0.504722
60 23 -0.365304
61 23 0.026375
62 23 -0.234302
63 23 0.131542
64 23 -0.860925
65 23 -0.014595
66 23 -0.803608
67 23 -0.141756
68 23 -0.227811
69 23 -0.011871
70 23 0.059907
71 23 0.846431
72 23 0.233775
73 23 -0.062884
74 23 0.031455
75 23 0.018549
76 23 0.053536
77 23 0.632289
78 23 -0.374584
79 23 0.063633
80 23 -0.424876
81 23 -0.043496
82 23 0.711658
83 23 -0.229010
84 23 0.360659
85 23 -0.078859
86 23 0.311496
87 23 0.375557
88 23 0.126479
89 23 0.598001
90 23 -0.366086
91 23 0.394417
92 23 0.276813
93 23 -0.332422
94 23 -0.101388
95 23 0.567550
96 23 0.018233
97 23 0.460892
98 23 0.095883
99 23 -0.058739
100 23 0.042680
101 23 -0.256398
102 23 0.655957
103 23 -0.802018
104 23 -0.033521
105 23 0.074070
106 23 0.030929
107 23 0.156869
108 23 0.142865
109 23 0.211300
110 23 -0.943617
111 23 0.348248
112 23 -0.054399
113 23 -0.251888
114 23 -0.737404
115 23 0.058444
116 23 -0.380786
117 23 0.182773
118 23 -0.849136
119 23 0.343749
120 23 -1.090479
121 23 0.100078
122 23 0.390464
123 23 -0.211731
124 23 -0.780279
125 23 -0.024066
126 23 0.280204
127 23 -0.400852

0 24 0.058024
1 24 0.480890
2 24 -0.192021
3 24 -0.108447
4 24 -0.394149
5 24 -0.096132
6 24 -0.222174
7 24 0.344177
8 24 0.428753
9 24 0.079857
10 24 0.177349
11 24 0.012181
12 24 -0.155455
13 24 0.284430
14 24 -0.017169
15 24 -0.063859
16 24 0.336269
17 24 0.433911
18 24 0.222688
19 24 -0.301723
20 24 0.158759
21 24 0.020540
22 24 -0.077662
23 24 -0.579951
24 24 -0.128505
25 24 0.318605
26 24 0.082846
27 24 0.432970
28 24 0.012190
29 24 0.166096
30 24 0.059469
31 24 0.202281
32 24 0.121857
33 24 0.102695
34 24 0.196278
35 24 0.287081
36 24 -0.298139
37 24 -0.057780
38 24 -0.005019
39 24 -0.148739
40 24 -0.156166
41 24 -0.012233
42 24 -0.213944
43 24 -0.001418
44 24 -0.120285
45 24 0.029575
46 24 0.247784
47 24 -0.278737
48 24 0.410780
49 24 -0.367228
50 24 -0.497554
51 24 -0.136305
52 24 -0.133599
53 24 0.125263
54 24 -0.111983
55 24 -0.119316
56 24 -0.226865
57 24 -0.142785
58 24 -0.296619
59 24 -0.568510
60 24 -0.048890
61 24 0.013984
62 24 0.226485
63 24 -0.408564
64 24 0.022840
65 24 -0.095413
66 24 0.040893
67 24 -0.003988
68 24 0.287997
69 24 -0.083875
70 24 -0.078138
71 24 0.175533
72 24 -0.274769
73 24 -0.289037
74 24 0.193772
75 24 0.023468
76 24 0.126168
77 24 0.227612
78 24 -0.045837
79 24 0.046327
80 24 -0.055422
81 24 0.180759
82 24 -0.099642
83 24 0.421814
84 24 -0.149451
85 24 -0.111161
86 24 0.059719
87 24 -0.431154
88 24 -0.014622
89 24 0.155070
90 24 0.051614
91 24 -0.469229
92 24 -0.105190
93 24 -0.005658
94 24 0.130718
95 24 -0.025087
96 24 -0.117585
97 24 0.019556
98 24 -0.131926
99 24 -0.108653
100 24 0.441209
101 24 -0.123842
102 24 -0.363752
103 24 -0.284675
104 24 0.047750
105 24 -0.111332
106 24 0.080674
107 24 0.318398
108 24 -0.045116
109 24 -0.418308
110 24 0.500823
111 24 0.075697
112 24 0.090992
113 24 -0.041383
114 24 -0.023874
115 24 -0.104841
116 24 -0.100058
117 24 -0.158984
118 24 0.122875
119 24 -0.489072
120 24 0.268338
121 24 -0.144842
122 24 0.137285
123 24 -0.214981
124 24 0.086863
125 24 -0.171909
126 24 -0.025765
127 24 0.028535

0 25 0.074638
1 25 0.543883
2 25 -0.570564
3 25 -0.178834
4 25 -0.358256
5 25 0.007187
6 25 -0.332958
7 25 0.294179
8 25 0.352052
9 25 -0.015163
10 25 0.274974
11 25 -0.086465
12 25 0.044253
13 25 -0.004464
14 25 0.001427
15 25 0.046546
16 25 0.374705
17 25 0.468705
18 25 0.310449
19 25 -0.451221
20 25 0.317851
21 25 -0.016719
22 25 -0.241544
23 25 -0.638920
24 25 -0.043854
25 25 0.212663
26 25 0.340839
27 25 0.595833
28 25 -0.079438
29 25 0.344223
30 25 0.347838
31 25 0.312298
32 25 0.096420
33 25 0.241045
34 25 0.404519
35 25 0.157628
36 25 -0.449732
37 25 0.227142
38 25 0.264538
39 25 -0.231891
40 25 -0.042427
41 25 -0.312032
42 25 -0.339568
43 25 0.230649
44 25 0.007146
45 25 0.114277
46 25 0.696049
47 25 -0.350173
48 25 0.431041
49 25 -0.550053
50 25 -0.727302
51 25 -0.064497
52 25 -0.054789
53 25 0.165167
54 25 -0.232011
55 25 0.102035
56 25 -0.198463
57 25 -0.092948
58 25 -0.522060
59 25 -0.680895
60 25 -0.141632
61 25 0.046158
62 25 0.323776
63 25 -0.450514
64 25 -0.171447
65 25 -0.313573
66 25 0.169875
67 25 0.406576
68 25 0.446071
69 25 -0.326343
70 25 -0.142698
71 25 0.281374
72 25 -0.593946
73 25 -0.076488
74 25 0.099827
75 25 0.159960
76 25 0.123617
77 25 0.283982
78 25 0.207405
79 25 0.235786
80 25 -0.087209
81 25 0.357022
82 25 -0.207242
83 25 0.525686
84 25 -0.077223
85 25 0.055898
86 25 -0.100528
87 25 -0.450972
88 25 0.067772
89 25 0.266471
90 25 -0.098254
91 25 -0.546342
92 25 -0.346498
93 25 0.005452
94 25 -0.017238
95 25 -0.036265
96 25 -0.450062
97 25 0.093143
98 25 -0.277242
99 25 0.182720
100 25 0.692268
101 25 -0.325395
102 25 -0.401935
103 25 -0.346759
104 25 -0.006070
105 25 0.076627
106 25 0.154516
107 25 0.412056
108 25 -0.027620
109 25 -0.325938
110 25 0.529731
111 25 0.082369
112 25 0.374261
113 25 -0.118974
114 25 0.163947
115 25 -0.320825
116 25 -0.325242
117 25 -0.250914
118 25 0.056422
119 25 -0.479291
120 25 0.097579
121 25 -0.169331
122 25 0.279550
123 25 -0.308762
124 25 0.069998
125 25 -0.148392
126 25 0.028256
127 25 0.065749

0 26 0.171523
1 26 0.293453
2 26 -0.284301
3 26 -0.358549
4 26 -0.509418
5 26 0.130287
6 26 -0.406547
7 26 0.381982
8 26 0.273665
9 26 -0.120370
10 26 0.113594
11 26 0.357930
12 26 0.056158
13 26 -0.738628
14 26 -0.525235
15 26 0.021327
16 26 0.081939
17 26 -0.425211
18 26 0.026922
19 26 0.073851
20 26 0.729958
21 26 -0.429258
22 26 -0.098156
23 26 0.036860
24 26 -0.693103
25 26 -0.007425
26 26 0.036717
27 26 0.573389
28 26 -0.129430
29 26 -0.068693
30 26 0.143051
31 26 0.023182
32 26 0.167186
33 26 0.533424
34 26 0.227640
35 26 0.164607
36 26 -0.102197
37 26 0.600551
38 26 0.144458
39 26 -0.213957
40 26 0.081631
41 26 0.029307
42 26 -0.556928
43 26 -0.296203
44 26 0.174964
45 26 0.203948
46 26 0.732330
47 26 -0.564188
48 26 0.078634
49 26 -0.795154
50 26 -0.201053
51 26 0.074196
52 26 -0.000008
53 26 0.071620
54 26 0.093269
55 26 -0.046729
56 26 0.150365
57 26 0.341947
58 26 -0.796576
59 26 -0.516738
60 26 -0.083306
61 26 0.339882
62 26 -0.047986
63 26 -0.374785
64 26 -0.545862
65 26 0.115456
66 26 -0.250218
67 26 0.393473
68 26 0.319959
69 26 -0.200771
70 26 0.189198
71 26 0.767909
72 26 -0.030244
73 26 0.208806
74 26 0.255090
75 26 0.256444
76 26 -0.128659
77 26 0.448543
78 26 -0.346257
79 26 0.068722
80 26 -0.470297
81 26 0.242092
82 26 -0.065593
83 26 0.397366
84 26 0.139223
85 26 0.231405
86 26 -0.134739
87 26 -0.521595
88 26 -0.007711
89 26 0.385941
90 26 -0.310816
91 26 -0.167833
92 26 -0.437745
93 26 -0.062160
94 26 -0.256970
95 26 0.463791
96 26 -0.511206
97 26 0.204126
98 26 -0.141423
99 26 0.095955
100 26 0.486730
101 26 -0.309572
102 26 -0.077179
103 26 -0.744619
104 26 0.180208
105 26 0.056430
106 26 -0.214300
107 26 0.748918
108 26 0.150784
109 26 0.214200
110 26 -0.157457
111 26 0.513562
112 26 0.291340
113 26 -0.457126
114 26 -0.048172
115 26 -0.651761
116 26 -0.401698
117 26 -0.126176
118 26 -0.324310
119 26 -0.609080
120 26 -0.538938
121 26 0.085477
122 26 0.810692
123 26 -0.252877
124 26 -0.369306
125 26 0.029757
126 26 -0.125739
127 26 -0.152584

0 27 0.095084
1 27 0.117575
2 27 -0.515288
3 27 -0.440028
4 27 -0.498478
5 27 0.230269
6 27 -0.265843
7 27 0.106920
8 27 0.118724
9 27 -0.179002
10 27 0.271720
11 27 0.172115
12 27 0.086312
13 27 -0.579465
14 27 -0.135691
15 27 0.120896
16 27 0.215212
17 27 -0.382649
18 27 0.076525
19 27 -0.083363
20 27 0.630747
21 27 -0.374488
22 27 -0.255773
23 27 0.022819
24 27 -0.479749
25 27 -0.198211
26 27 0.179768
27 27 0.565790
28 27 -0.306563
29 27 -0.008681
30 27 0.566988
31 27 -0.133257
32 27 0.096986
33 27 0.317578
34 27 0.425645
35 27 0.033374
36 27 -0.287296
37 27 0.732631
38 27 0.291655
39 27 -0.124760
40 27 0.184498
41 27 -0.293417
42 27 -0.402969
43 27 0.029056
44 27 0.358077
45 27 0.051784
46 27 0.852222
47 27 -0.318596
48 27 -0.197458
49 27 -0.719395
50 27 -0.278591
51 27 0.253824
52 27 0.126187
53 27 -0.007153
54 27 -0.122063
55 27 -0.169925
56 27 0.198575
57 27 0.134443
58 27 -1.022975
59 27 -0.409358
60 27 -0.066564
61 27 0.239542
62 27 0.059954
63 27 -0.237947
64 27 -0.565021
65 27 0.000447
66 27 -0.148636
67 27 0.403262
68 27 0.360589
69 27 -0.053848
70 27 0.044220
71 27 0.674003
72 27 -0.406192
73 27 0.188371
74 27 -0.010441
75 27 0.183911
76 27 0.009349
77 27 0.175997
78 27 0.229941
79 27 0.170830
80 27 -0.442603
81 27 0.315268
82 27 -0.421202
83 27 0.377782
84 27 0.198498
85 27 0.229568
86 27 -0.016138
87 27 -0.080008
88 27 -0.031468
89 27 0.656306
90 27 -0.185865
91 27 -0.441624
92 27 -0.785861
93 27 0.045069
94 27 -0.549860
95 27 0.173248
96 27 -0.672388
97 27 0.326558
98 27 -0.258789
99 27 0.221904
100 27 0.549651
101 27 -0.390940
102 27 0.137941
103 27 -0.396705
104 27 0.017958
105 27 0.281764
106 27 0.009964
107 27 0.741058
108 27 0.212487
109 27 0.262606
110 27 -0.089482
111 27 0.536936
112 27 0.393801
113 27 -0.335463
114 27 -0.036962
115 27 -0.636317
116 27 -0.369939
117 27 -0.108112
118 27 -0.368021
119 27 -0.430290
120 27 -0.584063
121 27 0.175565
122 27 0.687983
123 27 -0.151745
124 27 -0.101144
125 27 -0.159794
126 27 0.083315
127 27 0.067607

0 28 -0.794888
1 28 -0.430337
2 28 0.338857
3 28 -0.248447
4 28 -0.001816
5 28 0.302850
6 28 -0.097098
7 28 -0.605964
8 28 -0.262371
9 28 -0.302069
10 28 0.169835
11 28 0.224329
12 28 0.179895
13 28 -0.365825
14 28 -0.158460
15 28 -0.008998
16 28 -0.266276
17 28 -0.897187
18 28 -0.451718
19 28 0.271419
20 28 0.424197
21 28 -0.618613
22 28 0.158707
23 28 0.534438
24 28 -0.531932
25 28 -0.302470
26 28 -0.023962
27 28 0.026286
28 28 0.009230
29 28 -0.554370
30 28 0.681567
31 28 -0.596063
32 28 0.340579
33 28 0.418849
34 28 -0.143518
35 28 0.281271
36 28 0.237931
37 28 1.019135
38 28 0.109047
39 28 0.136603
40 28 0.011387
41 28 0.221090
42 28 -0.137152
43 28 -0.435318
44 28 0.634880
45 28 -0.237037
46 28 0.273068
47 28 -0.019721
48 28 -0.002561
49 28 -0.432263
50 28 0.017964
51 28 0.127924
52 28 0.017010
53 28 -0.164309
54 28 0.121892
55 28 -0.292928
56 28 0.066824
57 28 0.089247
58 28 -0.713544
59 28 -0.048289
60 28 -0.359950
61 28 0.390793
62 28 -0.419527
63 28 0.010710
64 28 -1.007804
65 28 0.511007
66 28 -0.346011
67 28 0.030706
68 28 -0.267122
69 28 0.369366
70 28 0.335855
71 28 0.702365
72 28 0.362527
73 28 -0.305989
74 28 0.307390
75 28 -0.177914
76 28 0.316518
77 28 0.527678
78 28 -0.092740
79 28 -0.089436
80 28 -0.695348
81 28 -0.241853
82 28 -0.162480
83 28 -0.251741
84 28 -0.006209
85 28 0.117627
86 28 0.027973
87 28 0.510662
88 28 0.053466
89 28 0.686859
90 28 -0.513792
91 28 -0.044333
92 28 -0.312740
93 28 -0.452968
94 28 -0.491729
95 28 0.425976
96 28 -0.118626
97 28 0.299906
98 28 0.103323
99 28 -0.540216
100 28 -0.062505
101 28 -0.172209
102 28 0.461511
103 28 -0.809139
104 28 0.286719
105 28 0.253717
106 28 -0.504838
107 28 0.447259
108 28 -0.142538
109 28 0.209816
110 28 -0.791965
111 28 0.386543
112 28 -0.077961
113 28 -0.221134
114 28 -0.742693
115 28 0.083439
116 28 -0.376184
117 28 -0.011969
118 28 -0.529013
119 28 0.235030
120 28 -0.458444
121 28 0.088477
122 28 0.413516
123 28 0.089721
124 28 -0.379034
125 28 -0.502315
126 28 0.387465
127 28 -0.304645

0 29 -1.015260
1 29 -0.328490
2 29 0.244764
3 29 -0.354416
4 29 0.060512
5 29 0.326430
6 29 0.113444
7 29 -0.889339
8 29 -0.182211
9 29 -0.344511
10 29 0.418853
11 29 -0.007386
12 29 0.026217
13 29 0.048269
14 29 0.231610
15 29 -0.040838
16 29 -0.120472
17 29 -0.719835
18 29 -0.407898
19 29 -0.007186
20 29 0.107652
21 29 -0.685464
22 29 0.116001
23 29 0.381883
24 29 -0.224182
25 29 -0.303911
26 29 0.245532
27 29 -0.099459
28 29 -0.110383
29 29 -0.755085
30 29 0.931474
31 29 -0.703095
32 29 0.308724
33 29 0.241576
34 29 -0.104785
35 29 0.308899
36 29 0.177240
37 29 0.975638
38 29 0.217152
39 29 0.379970
40 29 0.111108
41 29 0.032226
42 29 -0.072842
43 29 -0.112190
44 29 0.673494
45 29 -0.522382
46 29 0.108252
47 29 0.070476
48 29 0.112151
49 29 -0.276434
50 29 -0.135267
51 29 0.102412
52 29 0.081412
53 29 -0.162652
54 29 -0.054077
55 29 -0.444404
56 29 0.036033
57 29 -0.033466
58 29 -0.680250
59 29 0.169497
60 29 -0.485095
61 29 0.347731
62 29 -0.491786
63 29 0.186015
64 29 -0.852481
65 29 0.478765
66 29 -0.114109
67 29 0.140180
68 29 -0.297864
69 29 0.624641
70 29 0.286876
71 29 0.528502
72 29 0.054056
73 29 -0.569117
74 29 0.359113
75 29 -0.203687
76 29 0.493816
77 29 0.337281
78 29 0.408856
79 29 -0.091736
80 29 -0.696478
81 29 -0.179125
82 29 -0.628990
83 29 -0.292757
84 29 -0.149790
85 29 0.268086
86 29 -0.027059
87 29 0.791449
88 29 0.065273
89 29 0.702993
90 29 -0.423722
91 29 -0.240466
92 29 -0.589578
93 29 -0.452098
94 29 -0.672005
95 29 0.133921
96 29 -0.170350
97 29 0.198999
98 29 0.033038
99 29 -0.585522
100 29 0.099144
101 29 -0.247667
102 29 0.461016
103 29 -0.669657
104 29 0.237073
105 29 0.332076
106 29 -0.494539
107 29 0.328297
108 29 -0.204492
109 29 0.111803
110 29 -0.705975
111 29 0.293512
112 29 -0.187114
113 29 -0.023338
114 29 -0.762848
115 29 0.173706
116 29 -0.373361
117 29 -0.031582
118 29 -0.262984
119 29 0.409985
120 29 -0.126949
121 29 0.161671
122 29 0.176210
123 29 0.257827
124 29 0.118142
125 29 -0.856333
126 29 0.488785
127 29 -0.175482

0 30 0.118433
1 30 0.127227
2 30 -0.231856
3 30 -0.096687
4 30 -0.174346
5 30 0.002237
6 30 -0.117412
7 30 -0.323894
8 30 0.262322
9 30 -0.010447
10 30 0.308458
11 30 0.070417
12 30 0.019306
13 30 0.339338
14 30 0.143190
15 30 0.000094
16 30 0.201468
17 30 0.101409
18 30 0.022747
19 30 -0.125220
20 30 0.133437
21 30 -0.080632
22 30 -0.123701
23 30 -0.166137
24 30 -0.146385
25 30 0.028505
26 30 0.055998
27 30 0.208026
28 30 -0.093334
29 30 -0.031472
30 30 0.377873
31 30 0.060912
32 30 0.176859
33 30 -0.005323
34 30 0.111564
35 30 0.380783
36 30 -0.115951
37 30 0.015879
38 30 0.027520
39 30 0.017051
40 30 -0.062059
41 30 0.157488
42 30 -0.036932
43 30 -0.002468
44 30 0.250454
45 30 -0.148827
46 30 0.209887
47 30 -0.084295
48 30 0.122807
49 30 -0.136566
50 30 -0.328491
51 30 0.150969
52 30 -0.128562
53 30 0.063240
54 30 -0.228933
55 30 -0.285756
56 30 -0.073635
57 30 -0.067912
58 30 -0.186708
59 30 -0.249633
60 30 -0.166294
61 30 0.130023
62 30 0.007924
63 30 -0.235712
64 30 -0.181093
65 30 0.131096
66 30 -0.028722
67 30 0.007434
68 30 0.094193
69 30 0.193331
70 30 -0.062107
71 30 0.081245
72 30 -0.073406
73 30 -0.237038
74 30 0.220009
75 30 -0.172756
76 30 0.308242
77 30 0.251341
78 30 0.144299
79 30 -0.178949
80 30 -0.028336
81 30 -0.081837
82 30 -0.339062
83 30 -0.050171
84 30 -0.251493
85 30 -0.003885
86 30 -0.147855
87 30 0.116651
88 30 -0.024038
89 30 0.278715
90 30 -0.002124
91 30 -0.405317
92 30 -0.123995
93 30 -0.090218
94 30 -0.320855
95 30 0.025306
96 30 -0.213883
97 30 0.059853
98 30 -0.073710
99 30 -0.285980
100 30 0.187080
101 30 -0.083711
102 30 0.051895
103 30 -0.178661
104 30 0.036677
105 30 -0.029261
106 30 -0.117620
107 30 0.086926
108 30 -0.147159
109 30 -0.052941
110 30 0.064699
111 30 0.122697
112 30 0.017600
113 30 0.185489
114 30 -0.259346
115 30 0.147452
116 30 -0.038714
117 30 0.007245
118 30 0.052692
119 30 -0.159081
120 30 0.082961
121 30 -0.078794
122 30 -0.016917
123 30 0.053504
124 30 -0.001624
125 30 -0.336850
126 30 0.002067
127 30 0.117785

0 31 0.140223
1 31 0.269915
2 31 -0.371560
3 31 -0.118647
4 31 -0.246807
5 31 -0.027409
6 31 -0.165572
7 31 -0.253811
8 31 0.325118
9 31 -0.034669
10 31 0.374959
11 31 0.083074
12 31 0.032849
13 31 0.408865
14 31 0.146996
15 31 -0.022570
16 31 0.292676
17 31 0.181838
18 31 0.132167
19 31 -0.192471
20 31 0.147085
21 31 -0.100352
22 31 -0.146339
23 31 -0.270248
24 31 -0.090544
25 31 0.045537
26 31 0.119305
27 31 0.195863
28 31 -0.148931
29 31 -0.055621
30 31 0.381112
31 31 0.138662
32 31 0.182598
33 31 -0.021334
34 31 0.120529
35 31 0.340308
36 31 -0.201889
37 31 -0.018852
38 31 0.075362
39 31 -0.039732
40 31 -0.022200
41 31 0.144821
42 31 -0.065278
43 31 0.088786
44 31 0.258820
45 31 -0.167042
46 31 0.336266
47 31 -0.131554
48 31 0.184633
49 31 -0.167100
50 31 -0.424543
51 31 0.064910
52 31 -0.125561
53 31 0.104305
54 31 -0.271846
55 31 -0.317570
56 31 -0.130825
57 31 -0.063169
58 31 -0.214871
59 31 -0.374497
60 31 -0.244113
61 31 0.094209
62 31 0.000732
63 31 -0.265284
64 31 -0.106166
65 31 0.120518
66 31 0.040235
67 31 0.081594
68 31 0.189157
69 31 0.149426
70 31 -0.094561
71 31 0.102606
72 31 -0.232369
73 31 -0.205576
74 31 0.251668
75 31 -0.246644
76 31 0.327403
77 31 0.207302
78 31 0.201633
79 31 -0.167990
80 31 0.018609
81 31 0.000911
82 31 -0.321488
83 31 -0.026572
84 31 -0.234963
85 31 0.029536
86 31 -0.181112
87 31 0.046614
88 31 0.004807
89 31 0.362252
90 31 -0.055539
91 31 -0.393166
92 31 -0.217343
93 31 -0.054014
94 31 -0.348086
95 31 -0.023261
96 31 -0.252644
97 31 0.077510
98 31 -0.141411
99 31 -0.161043
100 31 0.263205
101 31 -0.143941
102 31 0.039649
103 31 -0.174534
104 31 -0.008250
105 31 -0.066588
106 31 -0.001956
107 31 0.099239
108 31 -0.133914
109 31 -0.094340
110 31 0.079901
111 31 0.152351
112 31 0.041684
113 31 0.170939
114 31 -0.223356
115 31 0.089617
116 31 -0.009087
117 31 0.016932
118 31 0.074997
119 31 -0.239294
120 31 0.125325
121 31 -0.086093
122 31 -0.066774
123 31 0.081086
124 31 0.125008
125 31 -0.371312
126 31 -0.007576
127 31 0.078522

0 32 -0.251209
1 32 -0.331944
2 32 -0.016187
3 32 -0.400409
4 32 0.012414
5 32 0.163304
6 32 0.229918
7 32 -0.571082
8 32 0.050053
9 32 -0.092406
10 32 0.262433
11 32 -0.108539
12 32 -0.108062
13 32 0.183453
14 32 0.388041
15 32 0.137401
16 32 0.046279
17 32 -0.259977
18 32 -0.259337
19 32 -0.032843
20 32 0.008443
21 32 -0.280682
22 32 -0.224831
23 32 0.224128
24 32 -0.223179
25 32 -0.255986
26 32 0.124029
27 32 0.207958
28 32 -0.293652
29 32 -0.210746
30 32 0.760172
31 32 -0.415125
32 32 -0.047620
33 32 -0.144080
34 32 0.183581
35 32 0.244502
36 32 0.054999
37 32 0.421884
38 32 0.077657
39 32 0.286342
40 32 0.104906
41 32 -0.097873
42 32 0.056274
43 32 0.235035
44 32 0.330821
45 32 -0.353054
46 32 -0.105663
47 32 0.038041
48 32 -0.292670
49 32 -0.116001
50 32 -0.113237
51 32 0.378997
52 32 -0.107745
53 32 -0.166017
54 32 -0.193738
55 32 -0.300617
56 32 0.065980
57 32 -0.203465
58 32 -0.553233
59 32 0.185869
60 32 -0.031614
61 32 0.144903
62 32 -0.083037
63 32 -0.086821
64 32 -0.417807
65 32 0.183466
66 32 -0.142484
67 32 -0.004143
68 32 -0.287939
69 32 0.621415
70 32 0.102363
71 32 0.158798
72 32 -0.137735
73 32 -0.324770
74 32 -0.001050
75 32 0.014024
76 32 0.282973
77 32 0.029249
78 32 0.628871
79 32 0.057551
80 32 -0.364788
81 32 -0.041159
82 32 -0.749497
83 32 -0.058481
84 32 -0.058544
85 32 0.259980
86 32 0.034852
87 32 0.762053
88 32 -0.035684
89 32 0.326730
90 32 0.003706
91 32 -0.509205
92 32 -0.534983
93 32 -0.147994
94 32 -0.462887
95 32 -0.138930
96 32 -0.297166
97 32 0.137179
98 32 -0.089596
99 32 -0.356143
100 32 0.201643
101 32 -0.094601
102 32 0.275478
103 32 -0.069135
104 32 -0.022615
105 32 0.229628
106 32 -0.210365
107 32 0.222448
108 32 0.180349
109 32 0.036246
110 32 -0.054610
111 32 0.220774
112 32 0.048228
113 32 0.101483
114 32 -0.438959
115 32 0.005632
116 32 -0.170789
117 32 -0.071181
118 32 -0.050427
119 32 0.380183
120 32 -0.027699
121 32 0.316729
122 32 0.132001
123 32 0.019641
124 32 0.048194
125 32 -0.354085
126 32 0.309818
127 32 0.215343

0 33 -0.043536
1 33 -0.047610
2 33 -0.238909
3 33 -0.318016
4 33 0.009151
5 33 0.084700
6 33 0.194593
7 33 -0.483461
8 33 0.171805
9 33 -0.001501
10 33 0.238717
11 33 0.022262
12 33 -0.179503
13 33 0.171877
14 33 0.308798
15 33 0.095168
16 33 0.145685
17 33 -0.068415
18 33 -0.104108
19 33 -0.104043
20 33 -0.023247
21 33 -0.192856
22 33 -0.203762
23 33 0.144137
24 33 -0.087401
25 33 -0.155090
26 33 0.158368
27 33 0.110151
28 33 -0.368471
29 33 -0.090096
30 33 0.453532
31 33 -0.035793
32 33 0.072549
33 33 -0.055168
34 33 0.141540
35 33 0.320111
36 33 0.058016
37 33 0.042236
38 33 0.006937
39 33 0.284190
40 33 0.102965
41 33 0.060197
42 33 -0.042507
43 33 0.229445
44 33 0.266631
45 33 -0.219703
46 33 -0.091461
47 33 -0.050571
48 33 -0.166947
49 33 -0.084725
50 33 -0.144447
51 33 0.165882
52 33 -0.154592
53 33 -0.129041
54 33 -0.340448
55 33 -0.279146
56 33 0.013636
57 33 -0.126197
58 33 -0.483695
59 33 0.232454
60 33 -0.043555
61 33 0.240586
62 33 -0.064986
63 33 -0.202044
64 33 -0.318792
65 33 0.079915
66 33 -0.156252
67 33 0.156009
68 33 -0.050604
69 33 0.418597
70 33 0.099567
71 33 0.059736
72 33 -0.190413
73 33 -0.212443
74 33 0.090484
75 33 -0.032334
76 33 0.251092
77 33 0.122622
78 33 0.500507
79 33 -0.188089
80 33 -0.103874
81 33 -0.093587
82 33 -0.723136
83 33 -0.050497
84 33 -0.224519
85 33 0.196494
86 33 0.026828
87 33 0.478762
88 33 -0.059389
89 33 0.184028
90 33 0.055448
91 33 -0.368470
92 33 -0.316411
93 33 -0.158659
94 33 -0.487477
95 33 -0.016407
96 33 -0.388208
97 33 0.169804
98 33 -0.079438
99 33 -0.340630
100 33 0.168956
101 33 -0.208022
102 33 0.085789
103 33 -0.018839
104 33 0.018333
105 33 0.107877
106 33 -0.225788
107 33 0.105795
108 33 0.043566
109 33 0.069143
110 33 0.108442
111 33 0.193135
112 33 -0.044995
113 33 0.170193
114 33 -0.309187
115 33 0.116208
116 33 -0.133844
117 33 0.064994
118 33 0.088514
119 33 0.224443
120 33 0.086808
121 33 0.255336
122 33 0.047612
123 33 0.108242
124 33 0.123057
125 33 -0.399090
126 33 0.092397
127 33 0.247627

0 34 0.444785
1 34 0.154444
2 34 -0.616965
3 34 -0.220523
4 34 -0.101840
5 34 0.334357
6 34 -0.269738
7 34 0.065620
8 34 0.307091
9 34 -0.050332
10 34 0.240758
11 34 0.425131
12 34 0.169833
13 34 -0.414016
14 34 -0.208238
15 34 -0.101156
16 34 -0.111185
17 34 -0.758675
18 34 -0.127175
19 34 0.132657
20 34 0.565314
21 34 -0.297057
22 34 0.262048
23 34 0.173329
24 34 -0.625077
25 34 -0.091443
26 34 -0.088788
27 34 0.200344
28 34 -0.231732
29 34 0.162393
30 34 0.327303
31 34 -0.026529
32 34 0.193525
33 34 0.172318
34 34 0.460665
35 34 0.287933
36 34 -0.286345
37 34 0.261079
38 34 0.106825
39 34 -0.320848
40 34 0.185998
41 34 0.307125
42 34 -0.020419
43 34 -0.150983
44 34 0.499615
45 34 -0.014927
46 34 0.868308
47 34 -0.187684
48 34 -0.192171
49 34 -0.558185
50 34 -0.377994
51 34 0.144578
52 34 0.031699
53 34 0.151364
54 34 -0.102068
55 34 -0.138260
56 34 0.127583
57 34 0.220117
58 34 -0.451249
59 34 -0.557040
60 34 -0.281123
61 34 0.050169
62 34 -0.154776
63 34 -0.175995
64 34 -0.575621
65 34 -0.005620
66 34 -0.512453
67 34 0.162612
68 34 0.613588
69 34 -0.021771
70 34 -0.040445
71 34 0.588453
72 34 -0.031706
73 34 0.222434
74 34 0.391085
75 34 -0.080062
76 34 0.117912
77 34 0.247019
78 34 -0.230574
79 34 -0.375027
80 34 -0.220499
81 34 -0.144913
82 34 -0.073317
83 34 -0.268026
84 34 -0.024788
85 34 0.008109
86 34 -0.146359
87 34 -0.129639
88 34 -0.020331
89 34 0.665869
90 34 -0.090872
91 34 0.045062
92 34 -0.271488
93 34 -0.270513
94 34 -0.536510
95 34 0.455509
96 34 -0.313000
97 34 0.249008
98 34 -0.308160
99 34 -0.258244
100 34 0.035810
101 34 -0.323569
102 34 0.279108
103 34 -0.435545
104 34 0.103346
105 34 0.000730
106 34 -0.008583
107 34 0.222729
108 34 0.033161
109 34 0.417449
110 34 -0.226851
111 34 0.538129
112 34 0.147652
113 34 -0.019106
114 34 -0.250343
115 34 0.154894
116 34 -0.060807
117 34 -0.001580
118 34 -0.190547
119 34 -0.531646
120 34 -0.618553
121 34 -0.083641
122 34 0.591970
123 34 -0.110039
124 34 -0.312465
125 34 -0.192468
126 34 0.047431
127 34 -0.044273

0 35 -0.070350
1 35 -0.006579
2 35 -0.025663
3 35 -0.117537
4 35 -0.116213
5 35 0.131759
6 35 -0.193408
7 35 -0.059769
8 35 0.131511
9 35 -0.045559
10 35 0.077076
11 35 0.237318
12 35 0.144576
13 35 -0.168382
14 35 -0.175623
15 35 -0.113208
16 35 0.019598
17 35 -0.418730
18 35 -0.187793
19 35 0.172442
20 35 0.294925
21 35 -0.235837
22 35 0.238474
23 35 0.143873
24 35 -0.524091
25 35 0.071647
26 35 -0.194100
27 35 0.067614
28 35 -0.007102
29 35 -0.127323
30 35 0.161673
31 35 -0.059125
32 35 0.188505
33 35 0.187399
34 35 0.074721
35 35 0.211518
36 35 -0.000154
37 35 0.359427
38 35 -0.068736
39 35 -0.081558
40 35 0.080202
41 35 0.277959
42 35 -0.020549
43 35 -0.261196
44 35 0.291677
45 35 -0.102368
46 35 0.327279
47 35 -0.127011
48 35 0.050603
49 35 -0.372367
50 35 -0.146505
51 35 0.078808
52 35 -0.000887
53 35 0.107590
54 35 0.012043
55 35 -0.276509
56 35 0.103158
57 35 0.076006
58 35 -0.314440
59 35 -0.382781
60 35 -0.258695
61 35 0.065642
62 35 -0.268190
63 35 -0.067179
64 35 -0.421145
65 35 0.211598
66 35 -0.352315
67 35 -0.010820
68 35 0.144894
69 35 0.235374
70 35 0.104389
71 35 0.397467
72 35 0.108310
73 35 -0.120510
74 35 0.340607
75 35 -0.191205
76 35 0.077387
77 35 0.275727
78 35 -0.206073
79 35 -0.314513
80 35 -0.256323
81 35 -0.187217
82 35 -0.070989
83 35 -0.253086
84 35 0.034856
85 35 0.024436
86 35 0.004604
87 35 0.017909
88 35 0.011415
89 35 0.380295
90 35 -0.137536
91 35 -0.087179
92 35 -0.146239
93 35 -0.200194
94 35 -0.263572
95 35 0.300960
96 35 0.023155
97 35 0.131869
98 35 -0.016603
99 35 -0.311879
100 35 0.065479
101 35 -0.059266
102 35 0.204562
103 35 -0.418817
104 35 0.181088
105 35 -0.062466
106 35 -0.123897
107 35 0.208868
108 35 -0.022561
109 35 0.248385
110 35 -0.259996
111 35 0.388078
112 35 -0.096118
113 35 -0.090024
114 35 -0.428605
115 35 0.145677
116 35 -0.049450
117 35 0.041416
118 35 -0.165157
119 35 -0.158903
120 35 -0.297320
121 35 -0.045342
122 35 0.336163
123 35 -0.083646
124 35 -0.067669
125 35 -0.226589
126 35 -0.002778
127 35 -0.112582

0 36 0.296964
1 36 0.200869
2 36 -0.271010
3 36 -0.069610
4 36 -0.179870
5 36 -0.067308
6 36 -0.100046
7 36 0.219126
8 36 0.352663
9 36 0.104216
10 36 0.039484
11 36 0.192863
12 36 -0.123102
13 36 0.158641
14 36 -0.038848
15 36 -0.083617
16 36 0.200344
17 36 -0.024441
18 36 -0.001998
19 36 -0.040082
20 36 0.225992
21 36 0.033763
22 36 -0.050878
23 36 -0.144346
24 36 -0.264387
25 36 0.124373
26 36 -0.164939
27 36 0.149071
28 36 -0.173587
29 36 0.216056
30 36 -0.007563
31 36 0.257324
32 36 0.051988
33 36 -0.073269
34 36 0.077560
35 36 0.115618
36 36 -0.051142
37 36 -0.263750
38 36 -0.124200
39 36 -0.150319
40 36 0.051397
41 36 0.241190
42 36 -0.089902
43 36 0.107173
44 36 0.006439
45 36 0.027631
46 36 0.137955
47 36 -0.100072
48 36 -0.028268
49 36 -0.105110
50 36 -0.175886
51 36 -0.044578
52 36 -0.177384
53 36 0.081434
54 36 -0.165242
55 36 -0.107016
56 36 -0.082199
57 36 -0.099018
58 36 -0.223559
59 36 -0.305583
60 36 0.040369
61 36 0.036745
62 36 0.020160
63 36 -0.448112
64 36 -0.081482
65 36 0.013027
66 36 -0.177364
67 36 -0.098028
68 36 0.246372
69 36 0.085892
70 36 -0.017699
71 36 0.018064
72 36 -0.040174
73 36 -0.008599
74 36 0.143392
75 36 -0.121100
76 36 0.110881
77 36 0.140490
78 36 -0.021680
79 36 -0.146748
80 36 0.100946
81 36 0.006882
82 36 -0.082126
83 36 -0.011823
84 36 -0.091550
85 36 -0.034734
86 36 0.118306
87 36 -0.111713
88 36 0.005321
89 36 0.097316
90 36 -0.011962
91 36 -0.208963
92 36 0.001920
93 36 0.010369
94 36 -0.110185
95 36 -0.006696
96 36 -0.081170
97 36 0.133035
98 36 -0.130497
99 36 -0.087936
100 36 0.109149
101 36 -0.137786
102 36 -0.086469
103 36 0.026988
104 36 0.087186
105 36 -0.107269
106 36 0.078383
107 36 0.102036
108 36 0.019061
109 36 -0.026140
110 36 0.291136
111 36 0.193534
112 36 -0.035973
113 36 0.054148
114 36 -0.124827
115 36 0.198878
116 36 0.060095
117 36 0.074758
118 36 0.151417
119 36 -0.167276
120 36 -0.011687
121 36 0.041152
122 36 0.065149
123 36 -0.045676
124 36 0.039427
125 36 -0.013908
126 36 -0.050429
127 36 0.090025

0 37 0.282348
1 37 0.174561
2 37 -0.290515
3 37 -0.090343
4 37 -0.162438
5 37 -0.011820
6 37 -0.095347
7 37 0.238072
8 37 0.339444
9 37 0.111627
10 37 0.088010
11 37 0.181395
12 37 -0.111651
13 37 0.144432
14 37 -0.023437
15 37 -0.050663
16 37 0.233721
17 37 -0.002185
18 37 0.050383
19 37 -0.099449
20 37 0.224346
21 37 0.040608
22 37 -0.061554
23 37 -0.158598
24 37 -0.285001
25 37 0.158816
26 37 -0.122980
27 37 0.175929
28 37 -0.191160
29 37 0.248893
30 37 0.026075
31 37 0.260143
32 37 0.006242
33 37 -0.065600
34 37 0.062168
35 37 0.087200
36 37 0.002059
37 37 -0.249399
38 37 -0.108708
39 37 -0.172915
40 37 0.053463
41 37 0.188826
42 37 -0.122952
43 37 0.195870
44 37 -0.005469
45 37 0.052341
46 37 0.145245
47 37 -0.149093
48 37 -0.061716
49 37 -0.103407
50 37 -0.124162
51 37 -0.022826
52 37 -0.199241
53 37 0.113633
54 37 -0.203490
55 37 -0.084764
56 37 -0.013767
57 37 -0.101449
58 37 -0.248467
59 37 -0.254843
60 37 0.051891
61 37 0.020652
62 37 0.074164
63 37 -0.498583
64 37 -0.099182
65 37 0.043093
66 37 -0.130926
67 37 -0.006933
68 37 0.232898
69 37 0.098503
70 37 0.001853
71 37 -0.071287
72 37 -0.008127
73 37 0.026649
74 37 0.122026
75 37 -0.114698
76 37 0.069121
77 37 0.174575
78 37 0.081841
79 37 -0.185554
80 37 0.132528
81 37 0.023373
82 37 -0.177415
83 37 -0.027746
84 37 -0.094439
85 37 0.037742
86 37 0.045679
87 37 -0.149190
88 37 0.017142
89 37 0.066843
90 37 -0.087837
91 37 -0.227262
92 37 -0.019123
93 37 0.023621
94 37 -0.170364
95 37 -0.042223
96 37 -0.201028
97 37 0.161121
98 37 -0.129787
99 37 0.043299
100 37 0.180251
101 37 -0.152834
102 37 -0.140954
103 37 0.053390
104 37 0.115521
105 37 -0.098236
106 37 0.024925
107 37 0.131482
108 37 0.036685
109 37 0.034018
110 37 0.269360
111 37 0.184654
112 37 -0.030454
113 37 0.049226
114 37 -0.091701
115 37 0.102116
116 37 0.032273
117 37 0.087092
118 37 0.210997
119 37 -0.095487
120 37 -0.016823
121 37 0.079630
122 37 0.057434
123 37 -0.034053
124 37 0.025469
125 37 0.026918
126 37 -0.117942
127 37 0.146888

0 38 0.606979
1 38 0.295806
2 38 -0.514288
3 38 -0.275424
4 38 -0.138864
5 38 0.191839
6 38 -0.130953
7 38 0.446828
8 38 0.454224
9 38 0.041826
10 38 0.229052
11 38 0.430635
12 38 -0.148966
13 38 -0.281531
14 38 -0.236583
15 38 -0.007814
16 38 0.051976
17 38 -0.407505
18 38 0.061493
19 38 -0.035833
20 38 0.492997
21 38 -0.227533
22 38 -0.074565
23 38 -0.086060
24 38 -0.590017
25 38 0.103362
26 38 -0.015358
27 38 0.479609
28 38 -0.437247
29 38 0.347442
30 38 0.045924
31 38 0.258863
32 38 -0.059606
33 38 0.075669
34 38 0.342929
35 38 0.116662
36 38 0.029106
37 38 -0.075503
38 38 0.027780
39 38 -0.240862
40 38 0.257857
41 38 0.089656
42 38 -0.338564
43 38 0.173671
44 38 -0.005806
45 38 0.194138
46 38 0.234203
47 38 -0.402744
48 38 -0.118668
49 38 -0.381196
50 38 -0.102162
51 38 0.032074
52 38 -0.134171
53 38 0.062160
54 38 -0.092056
55 38 0.042712
56 38 0.249154
57 38 0.264879
58 38 -0.490369
59 38 -0.175978
60 38 0.029484
61 38 0.191800
62 38 0.064893
63 38 -0.516709
64 38 -0.276910
65 38 -0.046217
66 38 -0.242821
67 38 0.339822
68 38 0.433763
69 38 -0.052168
70 38 0.071170
71 38 0.129689
72 38 0.022173
73 38 0.309971
74 38 0.265044
75 38 0.122023
76 38 -0.191409
77 38 0.226846
78 38 -0.116008
79 38 -0.210929
80 38 -0.075118
81 38 0.162046
82 38 -0.303187
83 38 0.130576
84 38 -0.062469
85 38 0.299196
86 38 -0.183345
87 38 -0.401873
88 38 -0.130542
89 38 0.182418
90 38 -0.074314
91 38 -0.060793
92 38 -0.250564
93 38 0.085130
94 38 -0.415102
95 38 0.271557
96 38 -0.523567
97 38 0.146011
98 38 -0.236051
99 38 0.129809
100 38 0.261926
101 38 -0.366316
102 38 -0.223310
103 38 -0.134319
104 38 0.188542
105 38 -0.038814
106 38 -0.221499
107 38 0.373496
108 38 0.253006
109 38 0.375053
110 38 0.090972
111 38 0.434012
112 38 0.172316
113 38 -0.112108
114 38 0.123195
115 38 -0.192367
116 38 -0.188436
117 38 0.024608
118 38 0.211800
119 38 -0.396270
120 38 -0.253101
121 38 0.117905
122 38 0.501459
123 38 -0.021850
124 38 -0.138281
125 38 0.151948
126 38 -0.251580
127 38 0.267092

0 39 0.359900
1 39 0.126559
2 39 -0.461221
3 39 -0.204418
4 39 -0.200532
5 39 0.147168
6 39 -0.085807
7 39 0.167167
8 39 0.308924
9 39 0.039957
10 39 0.178600
11 39 0.260980
12 39 -0.082708
13 39 -0.102815
14 39 -0.025034
15 39 0.056128
16 39 0.231044
17 39 -0.214985
18 39 0.046944
19 39 -0.079684
20 39 0.340663
21 39 -0.099579
22 39 -0.158858
23 39 -0.054402
24 39 -0.391045
25 39 0.032897
26 39 -0.049020
27 39 0.346780
28 39 -0.338595
29 39 0.181257
30 39 0.192026
31 39 0.137763
32 39 0.010807
33 39 0.079964
34 39 0.266400
35 39 0.068571
36 39 -0.071896
37 39 -0.017788
38 39 0.016853
39 39 -0.115779
40 39 0.200149
41 39 -0.014729
42 39 -0.268710
43 39 0.205285
44 39 0.049796
45 39 0.071564
46 39 0.199972
47 39 -0.243588
48 39 -0.119907
49 39 -0.279827
50 39 -0.126394
51 39 0.141234
52 39 -0.106170
53 39 0.054823
54 39 -0.188792
55 39 -0.114838
56 39 0.190800
57 39 0.086707
58 39 -0.489111
59 39 -0.085022
60 39 0.036694
61 39 0.139365
62 39 0.036912
63 39 -0.345445
64 39 -0.188755
65 39 0.044604
66 39 -0.181675
67 39 0.249093
68 39 0.288770
69 39 0.073649
70 39 0.012908
71 39 0.059334
72 39 -0.128352
73 39 0.131163
74 39 0.116835
75 39 -0.006682
76 39 -0.027944
77 39 0.161874
78 39 0.140227
79 39 -0.163878
80 39 -0.113069
81 39 0.134613
82 39 -0.424396
83 39 0.113977
84 39 -0.031808
85 39 0.185282
86 39 -0.055085
87 39 -0.176611
88 39 -0.033516
89 39 0.182335
90 39 -0.037676
91 39 -0.255868
92 39 -0.314360
93 39 0.137949
94 39 -0.412603
95 39 0.059276
96 39 -0.441029
97 39 0.145269
98 39 -0.166054
99 39 0.065317
100 39 0.302911
101 39 -0.250953
102 39 -0.124183
103 39 -0.027787
104 39 0.074115
105 39 -0.059544
106 39 -0.101166
107 39 0.329160
108 39 0.139686
109 39 0.320825
110 39 0.090851
111 39 0.327776
112 39 0.115153
113 39 -0.060795
114 39 0.031294
115 39 -0.164498
116 39 -0.140221
117 39 0.047716
118 39 0.132429
119 39 -0.212642
120 39 -0.188049
121 39 0.151713
122 39 0.294802
123 39 0.004618
124 39 0.051989
125 39 0.014949
126 39 -0.146505
127 39 0.250705

0 40 -0.005687
1 40 0.036702
2 40 -0.354730
3 40 -0.427603
4 40 -0.087895
5 40 0.424310
6 40 -0.017042
7 40 -0.303163
8 40 0.363180
9 40 -0.113412
10 40 0.552984
11 40 0.231511
12 40 -0.134548
13 40 -0.042915
14 40 0.189528
15 40 0.154098
16 40 -0.012901
17 40 -0.591561
18 40 -0.036927
19 40 -0.170517
20 40 0.205877
21 40 -0.383502
22 40 -0.116843
23 40 0.154269
24 40 -0.450703
25 40 -0.150015
26 40 0.260480
27 40 0.425050
28 40 -0.431639
29 40 -0.094066
30 40 0.650212
31 40 -0.268827
32 40 0.082326
33 40 0.085633
34 40 0.425807
35 40 0.384275
36 40 0.018796
37 40 0.368840
38 40 0.256724
39 40 0.231955
40 40 0.378308
41 40 -0.032086
42 40 -0.321092
43 40 0.210251
44 40 0.299780
45 40 -0.222035
46 40 -0.026606
47 40 -0.279538
48 40 -0.131391
49 40 -0.439702
50 40 -0.251211
51 40 0.341157
52 40 -0.031856
53 40 -0.090647
54 40 -0.164478
55 40 -0.320643
56 40 0.249535
57 40 0.121612
58 40 -0.452853
59 40 0.212449
60 40 -0.103081
61 40 0.227191
62 40 -0.040969
63 40 -0.101155
64 40 -0.523189
65 40 0.235880
66 40 -0.183100
67 40 0.472890
68 40 0.175560
69 40 0.439271
70 40 0.102452
71 40 0.238718
72 40 -0.080931
73 40 -0.120721
74 40 0.306157
75 40 0.008257
76 40 0.158419
77 40 0.110513
78 40 0.448780
79 40 -0.220993
80 40 -0.455598
81 40 -0.015744
82 40 -0.948350
83 40 0.016282
84 40 -0.285393
85 40 0.375226
86 40 -0.296567
87 40 0.167896
88 40 -0.083747
89 40 0.456805
90 40 -0.037138
91 40 -0.385510
92 40 -0.722612
93 40 -0.113831
94 40 -0.799849
95 40 0.090305
96 40 -0.561992
97 40 0.060442
98 40 -0.126352
99 40 -0.340979
100 40 0.276694
101 40 -0.284770
102 40 0.044895
103 40 -0.218419
104 40 0.117680
105 40 0.239714
106 40 -0.414975
107 40 0.438155
108 40 0.140953
109 40 0.495559
110 40 -0.218172
111 40 0.443762
112 40 0.181442
113 40 0.016016
114 40 -0.238085
115 40 -0.089898
116 40 -0.268997
117 40 -0.128713
118 40 0.120462
119 40 -0.133280
120 40 -0.063549
121 40 0.195564
122 40 0.325434
123 40 0.166632
124 40 0.151480
125 40 -0.480684
126 40 0.114579
127 40 0.307787

0 41 -0.097812
1 41 0.099564
2 41 -0.303838
3 41 -0.328495
4 41 -0.095218
5 41 0.221385
6 41 0.099211
7 41 -0.427088
8 41 0.328878
9 41 -0.015000
10 41 0.508121
11 41 0.104838
12 41 -0.209391
13 41 0.238035
14 41 0.341557
15 41 0.112664
16 41 0.148099
17 41 -0.201626
18 41 0.012275
19 41 -0.262810
20 41 0.006400
21 41 -0.289912
22 41 -0.172436
23 41 0.044558
24 41 -0.184554
25 41 -0.086689
26 41 0.259431
27 41 0.196031
28 41 -0.391879
29 41 -0.171307
30 41 0.549582
31 41 -0.107170
32 41 0.108184
33 41 -0.018608
34 41 0.221692
35 41 0.363066
36 41 0.055317
37 41 0.104429
38 41 0.132393
39 41 0.328917
40 41 0.269435
41 41 0.011736
42 41 -0.248384
43 41 0.300719
44 41 0.247158
45 41 -0.268428
46 41 -0.128011
47 41 -0.157396
48 41 -0.065908
49 41 -0.211159
50 41 -0.183202
51 41 0.205471
52 41 -0.067206
53 41 -0.081346
54 41 -0.289307
55 41 -0.363751
56 41 0.109733
57 41 -0.043097
58 41 -0.363327
59 41 0.265056
60 41 -0.119407
61 41 0.209956
62 41 -0.056749
63 41 -0.126675
64 41 -0.317803
65 41 0.196865
66 41 -0.056510
67 41 0.338576
68 41 0.090615
69 41 0.497765
70 41 0.077442
71 41 0.059944
72 41 -0.206580
73 41 -0.258763
74 41 0.261140
75 41 -0.076467
76 41 0.264826
77 41 0.072148
78 41 0.593589
79 41 -0.260903
80 41 -0.214383
81 41 -0.034374
82 41 -0.952290
83 41 -0.016570
84 41 -0.339790
85 41 0.292521
86 41 -0.163293
87 41 0.304084
88 41 -0.051034
89 41 0.307238
90 41 0.003266
91 41 -0.427576
92 41 -0.559139
93 41 -0.131794
94 41 -0.673905
95 41 -0.063985
96 41 -0.458337
97 41 0.049096
98 41 -0.076360
99 41 -0.315615
100 41 0.276598
101 41 -0.244607
102 41 0.025783
103 41 -0.071196
104 41 0.096689
105 41 0.174799
106 41 -0.310776
107 41 0.244344
108 41 0.036248
109 41 0.263668
110 41 -0.019843
111 41 0.297904
112 41 -0.010425
113 41 0.154890
114 41 -0.289405
115 41 0.034725
116 41 -0.151392
117 41 -0.019355
118 41 0.225893
119 41 0.039124
120 41 0.157831
121 41 0.208754
122 41 0.042669
123 41 0.210730
124 41 0.352935
125 41 -0.569127
126 41 0.073009
127 41 0.308022

0 42 0.291292
1 42 0.159521
2 42 -0.413339
3 42 -0.115206
4 42 -0.148048
5 42 -0.021646
6 42 -0.062412
7 42 -0.184693
8 42 0.365011
9 42 0.047951
10 42 0.166001
11 42 0.180727
12 42 -0.012026
13 42 0.239542
14 42 0.076920
15 42 0.009724
16 42 0.236710
17 42 0.005588
18 42 0.046655
19 42 -0.114908
20 42 0.158908
21 42 -0.005065
22 42 -0.151216
23 42 -0.052049
24 42 -0.153775
25 42 0.044549
26 42 0.011309
27 42 0.137413
28 42 -0.200299
29 42 0.074528
30 42 0.208764
31 42 0.247366
32 42 0.157721
33 42 0.006119
34 42 0.044086
35 42 0.337849
36 42 -0.032700
37 42 -0.226095
38 42 -0.094142
39 42 -0.027132
40 42 0.031245
41 42 0.264468
42 42 -0.134811
43 42 0.135668
44 42 0.130474
45 42 -0.048636
46 42 0.256536
47 42 -0.164403
48 42 0.018205
49 42 -0.113093
50 42 -0.257971
51 42 0.026721
52 42 -0.207186
53 42 0.046884
54 42 -0.298370
55 42 -0.217487
56 42 -0.073710
57 42 -0.078714
58 42 -0.196223
59 42 -0.119745
60 42 -0.100337
61 42 0.142383
62 42 -0.016909
63 42 -0.395214
64 42 -0.201404
65 42 0.080221
66 42 -0.133490
67 42 0.074415
68 42 0.196956
69 42 0.183432
70 42 0.031745
71 42 -0.013145
72 42 -0.137241
73 42 -0.000855
74 42 0.204125
75 42 -0.149353
76 42 0.222354
77 42 0.229362
78 42 0.181409
79 42 -0.270244
80 42 0.150618
81 42 -0.119054
82 42 -0.325994
83 42 -0.080280
84 42 -0.281966
85 42 0.029043
86 42 -0.010306
87 42 0.014049
88 42 -0.047591
89 42 0.148926
90 42 -0.038552
91 42 -0.222459
92 42 -0.057284
93 42 -0.069623
94 42 -0.339993
95 42 0.055673
96 42 -0.295437
97 42 0.175084
98 42 -0.125201
99 42 -0.179308
100 42 0.169637
101 42 -0.179653
102 42 -0.022686
103 42 -0.014416
104 42 0.038223
105 42 -0.145443
106 42 -0.016660
107 42 0.106438
108 42 -0.076114
109 42 0.051502
110 42 0.153863
111 42 0.134390
112 42 -0.046403
113 42 0.179647
114 42 -0.220460
115 42 0.103663
116 42 0.013883
117 42 0.139478
118 42 0.142258
119 42 -0.111046
120 42 -0.044659
121 42 0.020017
122 42 -0.056829
123 42 0.093492
124 42 0.000628
125 42 -0.224067
126 42 -0.031221
127 42 0.134487

0 43 0.312103
1 43 0.158365
2 43 -0.398427
3 43 -0.136256
4 43 -0.148556
5 43 0.012502
6 43 -0.089388
7 43 -0.067548
8 43 0.366709
9 43 0.094083
10 43 0.131529
11 43 0.188697
12 43 -0.036826
13 43 0.244572
14 43 0.044693
15 43 0.001054
16 43 0.238344
17 43 -0.015624
18 43 0.071600
19 43 -0.103509
20 43 0.197659
21 43 0.003949
22 43 -0.120022
23 43 -0.074532
24 43 -0.196306
25 43 0.092330
26 43 -0.051536
27 43 0.154523
28 43 -0.193003
29 43 0.137840
30 43 0.160495
31 43 0.226330
32 43 0.113109
33 43 -0.049394
34 43 0.060825
35 43 0.269619
36 43 -0.058081
37 43 -0.243651
38 43 -0.091658
39 43 -0.075167
40 43 0.009309
41 43 0.252599
42 43 -0.093900
43 43 0.179841
44 43 0.100706
45 43 -0.033961
46 43 0.285342
47 43 -0.166868
48 43 -0.017375
49 43 -0.121360
50 43 -0.235158
51 43 0.030650
52 43 -0.197157
53 43 0.076266
54 43 -0.263034
55 43 -0.177977
56 43 -0.057076
57 43 -0.097001
58 43 -0.222259
59 43 -0.199705
60 43 -0.093780
61 43 0.048164
62 43 0.002107
63 43 -0.428978
64 43 -0.155768
65 43 0.055233
66 43 -0.168946
67 43 0.034699
68 43 0.212171
69 43 0.155554
70 43 -0.008657
71 43 -0.021388
72 43 -0.120453
73 43 0.014244
74 43 0.149754
75 43 -0.128010
76 43 0.151958
77 43 0.175094
78 43 0.150435
79 43 -0.256636
80 43 0.139239
81 43 -0.085539
82 43 -0.269027
83 43 -0.076801
84 43 -0.221761
85 43 -0.015788
86 43 0.021406
87 43 -0.010099
88 43 -0.028141
89 43 0.176270
90 43 -0.047730
91 43 -0.217886
92 43 -0.055403
93 43 -0.030555
94 43 -0.288289
95 43 0.025167
96 43 -0.283381
97 43 0.210766
98 43 -0.157567
99 43 -0.112397
100 43 0.156289
101 43 -0.183053
102 43 -0.048671
103 43 0.054113
104 43 0.049374
105 43 -0.144522
106 43 0.034314
107 43 0.092693
108 43 -0.055513
109 43 0.047311
110 43 0.162051
111 43 0.148938
112 43 -0.008287
113 43 0.140091
114 43 -0.189102
115 43 0.059835
116 43 0.051815
117 43 0.132291
118 43 0.122853
119 43 -0.124310
120 43 -0.096657
121 43 0.037325
122 43 -0.030967
123 43 0.058318
124 43 0.018787
125 43 -0.170634
126 43 -0.047307
127 43 0.123561

0 44 0.165864
1 44 -0.050481
2 44 -0.227040
3 44 -0.203958
4 44 -0.022140
5 44 0.065697
6 44 0.159303
7 44 -0.266234
8 44 0.234741
9 44 0.066220
10 44 0.158350
11 44 0.047055
12 44 -0.087184
13 44 0.163515
14 44 0.181703
15 44 0.076069
16 44 0.178693
17 44 -0.151665
18 44 -0.071677
19 44 -0.057504
20 44 0.067724
21 44 -0.019919
22 44 -0.185793
23 44 0.095445
24 44 -0.213082
25 44 -0.105917
26 44 -0.006470
27 44 0.187140
28 44 -0.291223
29 44 0.102352
30 44 0.353447
31 44 -0.007825
32 44 0.049680
33 44 -0.100958
34 44 0.170069
35 44 0.250744
36 44 0.020133
37 44 -0.022796
38 44 -0.082831
39 44 0.117841
40 44 0.102554
41 44 0.095759
42 44 -0.017085
43 44 0.144436
44 44 0.170113
45 44 -0.111885
46 44 0.024193
47 44 -0.009974
48 44 -0.200665
49 44 -0.090912
50 44 -0.157414
51 44 0.228452
52 44 -0.136566
53 44 -0.043822
54 44 -0.264496
55 44 -0.216546
56 44 0.102985
57 44 -0.128347
58 44 -0.347634
59 44 0.075641
60 44 -0.013759
61 44 0.145158
62 44 -0.021603
63 44 -0.277072
64 44 -0.194406
65 44 0.091371
66 44 -0.210067
67 44 0.001206
68 44 0.002315
69 44 0.369115
70 44 0.123981
71 44 -0.031842
72 44 -0.114413
73 44 -0.078818
74 44 0.108097
75 44 -0.020787
76 44 0.160388
77 44 0.063014
78 44 0.368145
79 44 -0.213215
80 44 -0.057032
81 44 -0.083799
82 44 -0.566039
83 44 -0.086696
84 44 -0.126283
85 44 0.151637
86 44 0.090623
87 44 0.315866
88 44 -0.070378
89 44 0.140122
90 44 0.092603
91 44 -0.354840
92 44 -0.200783
93 44 -0.062852
94 44 -0.382655
95 44 -0.033527
96 44 -0.293274
97 44 0.147375
98 44 -0.077395
99 44 -0.265490
100 44 0.118091
101 44 -0.129724
102 44 0.059606
103 44 0.053103
104 44 0.019524
105 44 -0.011469
106 44 -0.095316
107 44 0.145324
108 44 0.084366
109 44 0.111066
110 44 0.147539
111 44 0.235559
112 44 0.001591
113 44 0.134243
114 44 -0.235358
115 44 0.073082
116 44 -0.066527
117 44 0.090743
118 44 0.077909
119 44 0.118548
120 44 -0.017663
121 44 0.180760
122 44 0.058234
123 44 0.071986
124 44 0.074929
125 44 -0.121730
126 44 0.031527
127 44 0.292975

0 45 0.183638
1 45 0.037700
2 45 -0.332780
3 45 -0.173832
4 45 -0.008482
5 45 -0.000870
6 45 0.085748
7 45 -0.230496
8 45 0.236328
9 45 0.067396
10 45 0.062111
11 45 0.096654
12 45 -0.093299
13 45 0.079711
14 45 0.132054
15 45 0.034688
16 45 0.226936
17 45 -0.008517
18 45 -0.099546
19 45 -0.027948
20 45 0.074582
21 45 -0.027208
22 45 -0.186478
23 45 0.089501
24 45 -0.155409
25 45 -0.054516
26 45 -0.016098
27 45 0.057766
28 45 -0.268698
29 45 0.060175
30 45 0.236276
31 45 0.150982
32 45 0.095299
33 45 -0.046334
34 45 0.087149
35 45 0.276414
36 45 0.025766
37 45 -0.161034
38 45 -0.115693
39 45 0.060523
40 45 0.055450
41 45 0.199956
42 45 -0.019427
43 45 0.172790
44 45 0.151292
45 45 -0.073188
46 45 0.102009
47 45 -0.081178
48 45 -0.126099
49 45 -0.089312
50 45 -0.200811
51 45 0.071571
52 45 -0.218177
53 45 -0.048378
54 45 -0.339820
55 45 -0.166979
56 45 -0.031846
57 45 -0.108359
58 45 -0.375959
59 45 0.033224
60 45 -0.008504
61 45 0.162289
62 45 -0.027069
63 45 -0.320216
64 45 -0.226718
65 45 0.015207
66 45 -0.244270
67 45 0.063678
68 45 0.088923
69 45 0.215824
70 45 0.088002
71 45 0.010798
72 45 -0.156599
73 45 -0.031865
74 45 0.084003
75 45 -0.038088
76 45 0.192939
77 45 0.155283
78 45 0.263337
79 45 -0.205105
80 45 0.044886
81 45 -0.077525
82 45 -0.398669
83 45 -0.087800
84 45 -0.153599
85 45 0.062628
86 45 0.143869
87 45 0.234049
88 45 -0.011594
89 45 0.103625
90 45 0.061712
91 45 -0.246523
92 45 -0.060951
93 45 -0.089476
94 45 -0.277485
95 45 0.048221
96 45 -0.283073
97 45 0.231193
98 45 -0.110531
99 45 -0.237018
100 45 0.109512
101 45 -0.206067
102 45 -0.014073
103 45 0.022463
104 45 -0.027738
105 45 -0.069004
106 45 -0.023477
107 45 0.068240
108 45 0.002199
109 45 0.045406
110 45 0.227153
111 45 0.180005
112 45 -0.055474
113 45 0.113470
114 45 -0.224626
115 45 0.127244
116 45 -0.072580
117 45 0.131832
118 45 0.066081
119 45 0.094408
120 45 -0.044570
121 45 0.176237
122 45 0.046933
123 45 0.032254
124 45 0.027319
125 45 -0.176854
126 45 0.006076
127 45 0.166493

0 46 0.504333
1 46 0.230620
2 46 -0.729918
3 46 -0.275503
4 46 -0.059290
5 46 0.278089
6 46 -0.075582
7 46 0.012024
8 46 0.532416
9 46 0.038168
10 46 0.429489
11 46 0.302323
12 46 -0.092826
13 46 -0.067411
14 46 0.121046
15 46 -0.001993
16 46 0.053535
17 46 -0.435288
18 46 0.011051
19 46 -0.207237
20 46 0.309008
21 46 -0.196442
22 46 -0.029661
23 46 -0.009986
24 46 -0.444671
25 46 -0.067674
26 46 0.049138
27 46 0.257172
28 46 -0.386840
29 46 0.253618
30 46 0.394440
31 46 0.066549
32 46 0.002770
33 46 -0.067178
34 46 0.504687
35 46 0.312916
36 46 -0.142800
37 46 -0.171307
38 46 0.110822
39 46 -0.153410
40 46 0.296346
41 46 0.128022
42 46 -0.081515
43 46 0.269970
44 46 0.210408
45 46 -0.098788
46 46 0.354257
47 46 -0.275180
48 46 -0.183905
49 46 -0.351049
50 46 -0.374229
51 46 0.156709
52 46 -0.101020
53 46 0.066296
54 46 -0.296505
55 46 -0.101918
56 46 0.104905
57 46 0.100107
58 46 -0.209937
59 46 -0.053667
60 46 -0.066971
61 46 0.042048
62 46 0.029311
63 46 -0.253061
64 46 -0.293340
65 46 -0.068861
66 46 -0.239203
67 46 0.278470
68 46 0.537405
69 46 0.202668
70 46 -0.109309
71 46 0.123439
72 46 -0.148529
73 46 0.121003
74 46 0.285909
75 46 0.042908
76 46 0.123778
77 46 -0.038926
78 46 0.210862
79 46 -0.309156
80 46 -0.093531
81 46 0.042864
82 46 -0.579908
83 46 -0.134039
84 46 -0.203255
85 46 0.132226
86 46 -0.137261
87 46 -0.033305
88 46 -0.037239
89 46 0.407685
90 46 0.133302
91 46 -0.253007
92 46 -0.397968
93 46 -0.082066
94 46 -0.588564
95 46 0.080625
96 46 -0.465663
97 46 0.086136
98 46 -0.324205
99 46 -0.191024
100 46 0.152110
101 46 -0.374673
102 46 -0.017484
103 46 0.013341
104 46 0.058094
105 46 0.080849
106 46 -0.034247
107 46 0.210012
108 46 0.059760
109 46 0.425446
110 46 0.095160
111 46 0.361488
112 46 0.166529
113 46 0.111939
114 46 -0.106898
115 46 0.174550
116 46 -0.015453
117 46 -0.069467
118 46 0.239282
119 46 -0.429632
120 46 -0.188631
121 46 0.071706
122 46 0.318992
123 46 0.002583
124 46 0.110777
125 46 -0.312082
126 46 -0.075176
127 46 0.274479

0 47 0.106258
1 47 0.156699
2 47 -0.293212
3 47 -0.152051
4 47 -0.143193
5 47 0.124997
6 47 -0.051397
7 47 -0.031484
8 47 0.334795
9 47 0.071299
10 47 0.356874
11 47 0.230426
12 47 -0.119106
13 47 0.046206
14 47 0.072680
15 47 -0.009962
16 47 0.091695
17 47 -0.183823
18 47 0.000195
19 47 -0.127557
20 47 0.179375
21 47 -0.200319
22 47 -0.031366
23 47 -0.023764
24 47 -0.379856
25 47 0.070712
26 47 0.017892
27 47 0.152040
28 47 -0.209116
29 47 -0.000257
30 47 0.256799
31 47 0.067386
32 47 0.075358
33 47 0.018307
34 47 0.206783
35 47 0.235837
36 47 0.062234
37 47 -0.023650
38 47 0.007356
39 47 0.044220
40 47 0.244408
41 47 0.167470
42 47 -0.185764
43 47 0.116985
44 47 0.132636
45 47 -0.097587
46 47 -0.003565
47 47 -0.228675
48 47 0.009072
49 47 -0.294071
50 47 -0.138130
51 47 0.055373
52 47 -0.092193
53 47 0.026043
54 47 -0.136014
55 47 -0.170877
56 47 0.077672
57 47 0.065622
58 47 -0.153129
59 47 0.007951
60 47 -0.073947
61 47 0.092754
62 47 -0.000139
63 47 -0.192791
64 47 -0.247375
65 47 0.140045
66 47 -0.130030
67 47 0.217946
68 47 0.216119
69 47 0.275359
70 47 0.006077
71 47 0.099278
72 47 -0.024739
73 47 -0.142039
74 47 0.323278
75 47 -0.104474
76 47 0.099483
77 47 0.127782
78 47 0.154693
79 47 -0.310404
80 47 -0.103485
81 47 0.009965
82 47 -0.498532
83 47 -0.071019
84 47 -0.201733
85 47 0.154705
86 47 -0.167878
87 47 -0.048079
88 47 -0.000976
89 47 0.209516
90 47 -0.011990
91 47 -0.247964
92 47 -0.273904
93 47 -0.100317
94 47 -0.386684
95 47 0.083221
96 47 -0.212460
97 47 -0.005042
98 47 -0.094814
99 47 -0.232017
100 47 0.155903
101 47 -0.207235
102 47 -0.059550
103 47 -0.141777
104 47 0.170980
105 47 0.041127
106 47 -0.207025
107 47 0.227718
108 47 0.032473
109 47 0.294634
110 47 0.036598
111 47 0.347086
112 47 -0.040392
113 47 0.044188
114 47 -0.236601
115 47 0.156569
116 47 -0.066319
117 47 -0.051483
118 47 0.257574
119 47 -0.165918
120 47 0.084324
121 47 0.084241
122 47 0.173056
123 47 -0.012348
124 47 0.238745
125 47 -0.311883
126 47 -0.090553
127 47 0.180838

0 48 0.057934
1 48 0.230484
2 48 -0.143354
3 48 -0.026051
4 48 -0.245614
5 48 -0.119057
6 48 -0.168355
7 48 -0.088391
8 48 0.130649
9 48 0.021116
10 48 0.127830
11 48 -0.158010
12 48 0.110403
13 48 0.331856
14 48 0.084195
15 48 0.018452
16 48 0.374958
17 48 0.551371
18 48 0.037221
19 48 -0.130863
20 48 0.039107
21 48 -0.052930
22 48 -0.305700
23 48 -0.543499
24 48 0.021792
25 48 0.146076
26 48 0.026082
27 48 0.347294
28 48 -0.027056
29 48 0.112015
30 48 0.350451
31 48 0.135383
32 48 0.007414
33 48 0.070357
34 48 0.158188
35 48 0.252406
36 48 -0.336391
37 48 0.139469
38 48 0.030131
39 48 -0.124670
40 48 -0.200380
41 48 -0.136858
42 48 -0.001710
43 48 -0.007254
44 48 0.009844
45 48 -0.147125
46 48 0.278582
47 48 -0.017039
48 48 0.379039
49 48 -0.217007
50 48 -0.536328
51 48 0.026638
52 48 -0.158342
53 48 0.069728
54 48 -0.188117
55 48 -0.065127
56 48 -0.231291
57 48 -0.212247
58 48 -0.280652
59 48 -0.594798
60 48 -0.163341
61 48 0.035508
62 48 0.143380
63 48 -0.198389
64 48 0.076090
65 48 -0.082387
66 48 0.131894
67 48 -0.085797
68 48 0.084837
69 48 -0.004775
70 48 -0.241029
71 48 0.117911
72 48 -0.388387
73 48 -0.343385
74 48 0.076409
75 48 -0.074117
76 48 0.240053
77 48 0.193388
78 48 0.076797
79 48 0.259428
80 48 -0.145585
81 48 0.228792
82 48 0.026064
83 48 0.252446
84 48 0.051894
85 48 -0.159569
86 48 0.088130
87 48 0.115206
88 48 0.005539
89 48 0.274391
90 48 0.038911
91 48 -0.520069
92 48 -0.023365
93 48 0.143666
94 48 0.126280
95 48 -0.130397
96 48 -0.024566
97 48 -0.001483
98 48 -0.183329
99 48 -0.085979
100 48 0.351801
101 48 -0.034051
102 48 -0.094876
103 48 -0.191537
104 48 -0.105500
105 48 -0.034669
106 48 0.198074
107 48 0.101970
108 48 -0.034632
109 48 -0.510509
110 48 0.349756
111 48 -0.080324
112 48 0.179290
113 48 0.044369
114 48 -0.080048
115 48 0.015824
116 48 -0.151645
117 48 -0.117531
118 48 -0.072434
119 48 -0.192603
120 48 0.127190
121 48 -0.202527
122 48 -0.013307
123 48 -0.203311
124 48 0.066459
125 48 -0.148043
126 48 -0.001417
127 48 -0.008038

0 49 -0.119743
1 49 0.214861
2 49 -0.145344
3 49 -0.047083
4 49 -0.272357
5 49 -0.135321
6 49 -0.249235
7 49 -0.209014
8 49 0.003397
9 49 -0.034237
10 49 0.170905
11 49 -0.376551
12 49 0.301794
13 49 0.317951
14 49 0.079099
15 49 0.090650
16 49 0.460859
17 49 0.773806
18 49 0.145811
19 49 -0.186540
20 49 -0.005523
21 49 -0.059766
22 49 -0.451777
23 49 -0.676116
24 49 0.162391
25 49 0.118348
26 49 0.227590
27 49 0.401901
28 49 0.081523
29 49 0.084076
30 49 0.509762
31 49 0.115439
32 49 0.088505
33 49 0.211463
34 49 0.155105
35 49 0.278800
36 49 -0.401379
37 49 0.444792
38 49 0.164247
39 49 -0.093928
40 49 -0.292532
41 49 -0.321374
42 49 -0.043785
43 49 0.052233
44 49 0.120398
45 49 -0.192619
46 49 0.450234
47 49 -0.088927
48 49 0.560176
49 49 -0.299661
50 49 -0.749889
51 49 0.086151
52 49 -0.127567
53 49 0.110880
54 49 -0.236573
55 49 0.042627
56 49 -0.294934
57 49 -0.267446
58 49 -0.295199
59 49 -0.703235
60 49 -0.307357
61 49 0.090759
62 49 0.213621
63 49 -0.162922
64 49 -0.023281
65 49 -0.109475
66 49 0.264058
67 49 0.168361
68 49 -0.076614
69 49 -0.146159
70 49 -0.233034
71 49 0.260977
72 49 -0.533214
73 49 -0.302380
74 49 0.003002
75 49 -0.086091
76 49 0.280153
77 49 0.303344
78 49 0.228921
79 49 0.409353
80 49 -0.281835
81 49 0.327592
82 49 -0.010771
83 49 0.276933
84 49 0.050233
85 49 -0.164380
86 49 -0.080420
87 49 0.187209
88 49 0.108039
89 49 0.261341
90 49 -0.158407
91 49 -0.646389
92 49 -0.095800
93 49 0.150667
94 49 0.157207
95 49 -0.155048
96 49 -0.159468
97 49 0.006124
98 49 -0.157646
99 49 0.070272
100 49 0.562720
101 49 -0.046550
102 49 -0.139551
103 49 -0.291935
104 49 -0.199392
105 49 0.033551
106 49 0.231310
107 49 0.104649
108 49 -0.140192
109 49 -0.586223
110 49 0.319301
111 49 -0.157023
112 49 0.385719
113 49 0.024787
114 49 -0.002596
115 49 -0.112804
116 49 -0.286846
117 49 -0.128585
118 49 -0.189608
119 49 -0.067224
120 49 0.121111
121 49 -0.226461
122 49 0.002551
123 49 -0.304479
124 49 0.052325
125 49 -0.179292
126 49 0.035211
127 49 -0.040697

0 50 -0.480512
1 50 -0.088169
2 50 0.362820
3 50 -0.144571
4 50 -0.412133
5 50 -0.280174
6 50 -0.255206
7 50 -0.174025
8 50 -0.201062
9 50 -0.226006
10 50 -0.170313
11 50 -0.141052
12 50 0.312525
13 50 -0.246092
14 50 -0.315544
15 50 -0.113462
16 50 0.202713
17 50 -0.038258
18 50 -0.290480
19 50 0.364245
20 50 0.246721
21 50 -0.425404
22 50 -0.161804
23 50 0.099195
24 50 -0.466301
25 50 -0.191028
26 50 -0.219180
27 50 0.008616
28 50 0.277636
29 50 -0.542182
30 50 0.337270
31 50 -0.369016
32 50 0.180403
33 50 0.203104
34 50 -0.268014
35 50 0.020237
36 50 -0.035279
37 50 0.957744
38 50 0.049405
39 50 -0.010888
40 50 -0.264920
41 50 0.015465
42 50 0.060176
43 50 -0.459908
44 50 0.377444
45 50 -0.305860
46 50 0.555475
47 50 -0.049962
48 50 0.143135
49 50 -0.415628
50 50 -0.082907
51 50 0.187884
52 50 0.054246
53 50 -0.013601
54 50 0.037720
55 50 -0.265877
56 50 -0.112135
57 50 0.011768
58 50 -0.609581
59 50 -0.611691
60 50 -0.240192
61 50 0.168375
62 50 -0.325790
63 50 0.114241
64 50 -0.377822
65 50 0.388740
66 50 -0.155210
67 50 -0.272803
68 50 -0.368830
69 50 0.153146
70 50 0.135091
71 50 0.770057
72 50 0.069699
73 50 -0.288164
74 50 0.062161
75 50 -0.190463
76 50 0.261204
77 50 0.326942
78 50 -0.202960
79 50 0.377505
80 50 -0.561312
81 50 0.097128
82 50 0.211218
83 50 -0.045160
84 50 0.601532
85 50 -0.100755
86 50 0.284896
87 50 0.493209
88 50 0.158018
89 50 0.509194
90 50 -0.267278
91 50 -0.348511
92 50 -0.246786
93 50 0.018485
94 50 0.015607
95 50 0.091696
96 50 0.179692
97 50 0.185601
98 50 0.084689
99 50 -0.181616
100 50 0.197357
101 50 0.179730
102 50 0.488201
103 50 -0.577728
104 50 -0.002300
105 50 0.112013
106 50 0.112986
107 50 0.274670
108 50 -0.107660
109 50 -0.172480
110 50 -0.405026
111 50 0.343002
112 50 -0.080314
113 50 -0.373742
114 50 -0.608484
115 50 -0.105068
116 50 -0.123149
117 50 -0.048088
118 50 -0.670357
119 50 0.114382
120 50 -0.393240
121 50 0.075453
122 50 0.388888
123 50 -0.262790
124 50 -0.114086
125 50 -0.196533
126 50 0.099725
127 50 -0.459299

0 51 -0.504976
1 51 -0.185885
2 51 0.211858
3 51 -0.162183
4 51 -0.367538
5 51 -0.217895
6 51 -0.029486
7 51 -0.420730
8 51 -0.411592
9 51 -0.279625
10 51 -0.087437
11 51 -0.243856
12 51 0.361901
13 51 -0.150417
14 51 -0.127573
15 51 -0.069725
16 51 0.192809
17 51 0.058851
18 51 -0.289513
19 51 0.352796
20 51 0.194358
21 51 -0.341500
22 51 -0.302940
23 51 0.011961
24 51 -0.261061
25 51 -0.272951
26 51 -0.065263
27 51 -0.011127
28 51 0.167646
29 51 -0.541654
30 51 0.500887
31 51 -0.417901
32 51 0.202853
33 51 0.114387
34 51 -0.188038
35 51 0.035103
36 51 -0.002113
37 51 1.096079
38 51 0.076225
39 51 0.057931
40 51 -0.290575
41 51 -0.197385
42 51 0.144874
43 51 -0.298448
44 51 0.459033
45 51 -0.352813
46 51 0.476441
47 51 0.043542
48 51 0.102326
49 51 -0.382695
50 51 -0.210184
51 51 0.197916
52 51 0.151516
53 51 -0.076678
54 51 -0.121235
55 51 -0.305008
56 51 -0.047103
57 51 -0.099485
58 51 -0.732483
59 51 -0.368373
60 51 -0.332579
61 51 0.199583
62 51 -0.229559
63 51 0.231187
64 51 -0.478737
65 51 0.344037
66 51 -0.046755
67 51 -0.188323
68 51 -0.402438
69 51 0.111698
70 51 0.162396
71 51 0.790391
72 51 -0.130717
73 51 -0.311489
74 51 -0.086196
75 51 -0.179598
76 51 0.252632
77 51 0.253813
78 51 -0.012451
79 51 0.377699
80 51 -0.576721
81 51 0.112244
82 51 -0.013076
83 51 -0.122833
84 51 0.593060
85 51 -0.154558
86 51 0.378348
87 51 0.719633
88 51 0.193651
89 51 0.638562
90 51 -0.194056
91 51 -0.418614
92 51 -0.402035
93 51 0.108550
94 51 -0.106276
95 51 0.074439
96 51 0.122201
97 51 0.269733
98 51 -0.004746
99 51 -0.101795
100 51 0.260631
101 51 0.110162
102 51 0.455925
103 51 -0.414764
104 51 -0.172653
105 51 0.267117
106 51 0.197099
107 51 0.310364
108 51 -0.153761
109 51 -0.269524
110 51 -0.373600
111 51 0.323053
112 51 -0.014762
113 51 -0.305466
114 51 -0.542727
115 51 -0.024162
116 51 -0.180174
117 51 0.031585
118 51 -0.631317
119 51 0.247207
120 51 -0.367915
121 51 0.152392
122 51 0.251898
123 51 -0.151076
124 51 0.104799
125 51 -0.293818
126 51 0.228194
127 51 -0.279708

0 52 -0.866782
1 52 -0.631745
2 52 0.640420
3 52 -0.017693
4 52 0.141294
5 52 -0.057478
6 52 0.075057
7 52 -0.636808
8 52 -0.546822
9 52 -0.389214
10 52 -0.291741
11 52 -0.034849
12 52 0.264155
13 52 -0.108388
14 52 -0.224019
15 52 -0.224521
16 52 -0.351292
17 52 -0.655345
18 52 -0.668883
19 52 0.563596
20 52 0.275473
21 52 -0.467499
22 52 0.187904
23 52 0.447616
24 52 -0.393814
25 52 -0.318710
26 52 -0.257869
27 52 -0.299446
28 52 0.292559
29 52 -0.558520
30 52 0.413592
31 52 -0.582463
32 52 0.358357
33 52 0.136298
34 52 -0.502707
35 52 0.130596
36 52 0.399848
37 52 0.942919
38 52 -0.119762
39 52 0.085715
40 52 -0.331173
41 52 0.180177
42 52 0.358486
43 52 -0.528690
44 52 0.569549
45 52 -0.409953
46 52 0.091083
47 52 0.290376
48 52 0.048028
49 52 -0.144327
50 52 0.100203
51 52 0.021745
52 52 0.048290
53 52 -0.178489
54 52 0.129453
55 52 -0.226432
56 52 -0.085939
57 52 -0.094477
58 52 -0.592115
59 52 -0.120706
60 52 -0.388165
61 52 0.242844
62 52 -0.444939
63 52 0.137106
64 52 -0.868511
65 52 0.409944
66 52 -0.361554
67 52 -0.515699
68 52 -0.615084
69 52 0.297522
70 52 0.284014
71 52 0.695291
72 52 0.565253
73 52 -0.450764
74 52 0.151018
75 52 -0.292428
76 52 0.391674
77 52 0.491935
78 52 -0.412827
79 52 0.115787
80 52 -0.492000
81 52 -0.404358
82 52 0.302531
83 52 -0.472930
84 52 0.307784
85 52 -0.169251
86 52 0.398537
87 52 0.929818
88 52 0.152248
89 52 0.575671
90 52 -0.322884
91 52 0.008995
92 52 0.108641
93 52 -0.359733
94 52 -0.211515
95 52 0.341960
96 52 0.496516
97 52 0.365353
98 52 0.150577
99 52 -0.646865
100 52 -0.326269
101 52 0.045344
102 52 0.649478
103 52 -0.582506
104 52 0.260781
105 52 0.240442
106 52 -0.194508
107 52 0.108564
108 52 -0.395716
109 52 -0.093361
110 52 -0.770668
111 52 0.253381
112 52 -0.399813
113 52 -0.089883
114 52 -1.012331
115 52 0.600847
116 52 -0.147352
117 52 0.208085
118 52 -0.498126
119 52 0.592416
120 52 -0.449811
121 52 0.023883
122 52 0.168960
123 52 0.004945
124 52 -0.367421
125 52 -0.367744
126 52 0.376204
127 52 -0.457830

0 53 -0.861146
1 53 -0.518021
2 53 0.529817
3 53 -0.108548
4 53 0.154360
5 53 0.018925
6 53 0.147869
7 53 -0.641122
8 53 -0.436460
9 53 -0.316754
10 53 -0.090561
11 53 -0.022601
12 53 0.089644
13 53 -0.050335
14 53 -0.026044
15 53 -0.251195
16 53 -0.341458
17 53 -0.564888
18 53 -0.644236
19 53 0.418909
20 53 0.167479
21 53 -0.551003
22 53 0.178121
23 53 0.422428
24 53 -0.330269
25 53 -0.286573
26 53 -0.182877
27 53 -0.294458
28 53 0.167144
29 53 -0.588635
30 53 0.482930
31 53 -0.573899
32 53 0.234073
33 53 0.049374
34 53 -0.378043
35 53 0.123543
36 53 0.407927
37 53 0.774379
38 53 -0.111352
39 53 0.116065
40 53 -0.203078
41 53 0.200348
42 53 0.371603
43 53 -0.369079
44 53 0.508818
45 53 -0.429151
46 53 -0.058360
47 53 0.215668
48 53 0.062350
49 53 -0.121846
50 53 0.110791
51 53 -0.059884
52 53 0.025576
53 53 -0.202721
54 53 0.081218
55 53 -0.237415
56 53 -0.094685
57 53 -0.066318
58 53 -0.535129
59 53 0.022629
60 53 -0.354058
61 53 0.198301
62 53 -0.459039
63 53 0.090966
64 53 -0.730256
65 53 0.348549
66 53 -0.224930
67 53 -0.410719
68 53 -0.501054
69 53 0.417369
70 53 0.236785
71 53 0.581824
72 53 0.424579
73 53 -0.574610
74 53 0.232200
75 53 -0.211319
76 53 0.361496
77 53 0.374374
78 53 -0.242683
79 53 0.075007
80 53 -0.466881
81 53 -0.301483
82 53 0.051998
83 53 -0.445881
84 53 0.210199
85 53 -0.062141
86 53 0.311789
87 53 0.883694
88 53 0.166289
89 53 0.520219
90 53 -0.278501
91 53 -0.065854
92 53 -0.080098
93 53 -0.404745
94 53 -0.218459
95 53 0.246227
96 53 0.391833
97 53 0.246399
98 53 0.069217
99 53 -0.648580
100 53 -0.247299
101 53 -0.039555
102 53 0.529146
103 53 -0.534099
104 53 0.299807
105 53 0.270936
106 53 -0.296882
107 53 0.086331
108 53 -0.305211
109 53 -0.139523
110 53 -0.593182
111 53 0.242367
112 53 -0.434653
113 53 -0.062890
114 53 -0.932153
115 53 0.616150
116 53 -0.126365
117 53 0.097718
118 53 -0.295538
119 53 0.517200
120 53 -0.183055
121 53 0.095526
122 53 0.174985
123 53 -0.004100
124 53 -0.114400
125 53 -0.450631
126 53 0.353296
127 53 -0.410168

0 54 -0.040373
1 54 -0.102974
2 54 -0.008761
3 54 -0.042546
4 54 -0.021007
5 54 -0.040642
6 54 -0.050682
7 54 -0.381817
8 54 -0.042511
9 54 -0.050049
10 54 0.128279
11 54 0.099146
12 54 0.085526
13 54 0.230950
14 54 0.083429
15 54 -0.090017
16 54 0.125240
17 54 0.008792
18 54 -0.207194
19 54 0.101183
20 54 0.209887
21 54 -0.126633
22 54 -0.098271
23 54 -0.068535
24 54 -0.185288
25 54 -0.030669
26 54 -0.139077
27 54 0.108140
28 54 -0.076156
29 54 0.028017
30 54 0.330664
31 54 0.017091
32 54 0.093099
33 54 -0.069156
34 54 0.050026
35 54 0.139922
36 54 -0.028888
37 54 0.165130
38 54 -0.001413
39 54 -0.001427
40 54 -0.092361
41 54 0.125040
42 54 0.170345
43 54 -0.103380
44 54 0.325100
45 54 -0.144951
46 54 -0.000241
47 54 0.157116
48 54 0.104494
49 54 -0.041760
50 54 -0.198160
51 54 0.063071
52 54 -0.111863
53 54 -0.000812
54 54 -0.146445
55 54 -0.158944
56 54 -0.083733
57 54 -0.075993
58 54 -0.277852
59 54 -0.186496
60 54 -0.196214
61 54 0.149339
62 54 -0.109388
63 54 -0.144857
64 54 -0.249026
65 54 0.074994
66 54 -0.075921
67 54 -0.161242
68 54 -0.105238
69 54 0.148443
70 54 -0.061977
71 54 0.161035
72 54 0.121024
73 54 -0.316434
74 54 0.128047
75 54 -0.264365
76 54 0.279863
77 54 0.255123
78 54 -0.063243
79 54 -0.078947
80 54 -0.059453
81 54 -0.078396
82 54 -0.083134
83 54 -0.158015
84 54 -0.035991
85 54 -0.073186
86 54 0.019334
87 54 0.384165
88 54 0.002897
89 54 0.294835
90 54 0.003990
91 54 -0.332435
92 54 0.002436
93 54 -0.081105
94 54 -0.204211
95 54 0.032987
96 54 0.051665
97 54 0.101848
98 54 -0.069893
99 54 -0.316918
100 54 -0.007488
101 54 -0.018086
102 54 0.194348
103 54 -0.103924
104 54 0.075203
105 54 0.070222
106 54 -0.142414
107 54 -0.008471
108 54 -0.104961
109 54 -0.075814
110 54 -0.021895
111 54 0.127094
112 54 -0.067819
113 54 0.119288
114 54 -0.358552
115 54 0.412031
116 54 -0.071426
117 54 0.035726
118 54 -0.072781
119 54 0.102269
120 54 0.050792
121 54 -0.091795
122 54 0.036671
123 54 0.025161
124 54 -0.063834
125 54 -0.243724
126 54 0.084174
127 54 -0.000531

0 55 -0.011095
1 55 -0.069983
2 55 -0.042472
3 55 -0.055707
4 55 -0.079341
5 55 -0.028982
6 55 -0.099120
7 55 -0.328066
8 55 0.027143
9 55 -0.035380
10 55 0.149134
11 55 0.042324
12 55 0.107887
13 55 0.237336
14 55 0.088677
15 55 -0.085532
16 55 0.181686
17 55 0.070589
18 55 -0.188827
19 55 0.070999
20 55 0.189692
21 55 -0.157692
22 55 -0.084120
23 55 -0.126797
24 55 -0.204317
25 55 0.021077
26 55 -0.109598
27 55 0.115665
28 55 -0.063830
29 55 -0.021900
30 55 0.367551
31 55 -0.034720
32 55 0.056915
33 55 -0.055021
34 55 0.078346
35 55 0.177953
36 55 -0.094766
37 55 0.175535
38 55 0.013770
39 55 -0.048553
40 55 -0.077556
41 55 0.088485
42 55 0.166458
43 55 -0.087608
44 55 0.303881
45 55 -0.190763
46 55 0.127769
47 55 0.094579
48 55 0.107415
49 55 -0.096054
50 55 -0.281723
51 55 0.115249
52 55 -0.105530
53 55 0.069488
54 55 -0.133626
55 55 -0.185721
56 55 -0.070894
57 55 -0.076325
58 55 -0.254046
59 55 -0.322864
60 55 -0.210391
61 55 0.078764
62 55 -0.102554
63 55 -0.126000
64 55 -0.183525
65 55 0.060096
66 55 -0.068099
67 55 -0.142001
68 55 -0.053423
69 55 0.182287
70 55 -0.136926
71 55 0.167771
72 55 0.010047
73 55 -0.324026
74 55 0.151607
75 55 -0.219547
76 55 0.246833
77 55 0.207229
78 55 -0.001790
79 55 -0.050420
80 55 -0.106978
81 55 -0.016232
82 55 -0.081174
83 55 -0.159522
84 55 -0.028598
85 55 -0.063398
86 55 -0.024447
87 55 0.336147
88 55 0.037399
89 55 0.329271
90 55 -0.000796
91 55 -0.381222
92 55 -0.039673
93 55 -0.068668
94 55 -0.187393
95 55 0.006778
96 55 0.018151
97 55 0.083740
98 55 -0.109132
99 55 -0.259843
100 55 0.112599
101 55 -0.029990
102 55 0.193213
103 55 -0.138053
104 55 0.025976
105 55 0.030943
106 55 -0.047855
107 55 0.001162
108 55 -0.088137
109 55 -0.108327
110 55 -0.016536
111 55 0.129313
112 55 -0.046586
113 55 0.116375
114 55 -0.359834
115 55 0.292160
116 55 -0.066071
117 55 -0.011523
118 55 -0.083160
119 55 0.021855
120 55 0.010645
121 55 -0.078916
122 55 0.056745
123 55 -0.025655
124 55 -0.018156
125 55 -0.263269
126 55 0.053442
127 55 -0.018982

0 56 -0.627812
1 56 -0.544242
2 56 0.443529
3 56 -0.243675
4 56 0.046703
5 56 -0.043245
6 56 0.161933
7 56 -0.645777
8 56 -0.384769
9 56 -0.305021
10 56 -0.079854
11 56 -0.084476
12 56 0.058273
13 56 -0.028260
14 56 0.105320
15 56 -0.085722
16 56 -0.242625
17 56 -0.426415
18 56 -0.530181
19 56 0.365150
20 56 0.109752
21 56 -0.468095
22 56 -0.055156
23 56 0.374527
24 56 -0.337311
25 56 -0.379562
26 56 -0.128896
27 56 -0.082642
28 56 0.006678
29 56 -0.497511
30 56 0.567555
31 56 -0.554103
32 56 0.127094
33 56 -0.125096
34 56 -0.284591
35 56 0.099532
36 56 0.320343
37 56 0.758679
38 56 -0.066565
39 56 0.142731
40 56 -0.176713
41 56 -0.044172
42 56 0.320153
43 56 -0.099804
44 56 0.451191
45 56 -0.435843
46 56 -0.123393
47 56 0.163295
48 56 -0.185537
49 56 -0.099557
50 56 0.185919
51 56 0.167588
52 56 -0.007557
53 56 -0.306228
54 56 0.023356
55 56 -0.268704
56 56 -0.083206
57 56 -0.227567
58 56 -0.706948
59 56 0.071574
60 56 -0.134406
61 56 0.168252
62 56 -0.311090
63 56 0.061046
64 56 -0.646639
65 56 0.293918
66 56 -0.222531
67 56 -0.406275
68 56 -0.582462
69 56 0.446702
70 56 0.243684
71 56 0.570707
72 56 0.224369
73 56 -0.416324
74 56 -0.016038
75 56 -0.181071
76 56 0.349296
77 56 0.243544
78 56 0.036059
79 56 0.261318
80 56 -0.397081
81 56 -0.216312
82 56 -0.150730
83 56 -0.205223
84 56 0.303771
85 56 0.015410
86 56 0.326749
87 56 0.991393
88 56 0.080974
89 56 0.446380
90 56 -0.121342
91 56 -0.241374
92 56 -0.324584
93 56 -0.207700
94 56 -0.272198
95 56 0.065056
96 56 0.224198
97 56 0.254290
98 56 0.096768
99 56 -0.510887
100 56 -0.150803
101 56 0.063399
102 56 0.544625
103 56 -0.270403
104 56 0.150581
105 56 0.317519
106 56 -0.170275
107 56 0.140823
108 56 -0.060112
109 56 -0.108537
110 56 -0.421393
111 56 0.312768
112 56 -0.242338
113 56 -0.019611
114 56 -0.812329
115 56 0.365941
116 56 -0.023860
117 56 0.145190
118 56 -0.343650
119 56 0.523842
120 56 -0.272927
121 56 0.218823
122 56 0.173847
123 56 -0.088126
124 56 -0.195757
125 56 -0.320038
126 56 0.368191
127 56 -0.219328

0 57 -0.454326
1 57 -0.300876
2 57 0.174037
3 57 -0.280236
4 57 0.176309
5 57 0.030084
6 57 0.191079
7 57 -0.618840
8 57 -0.142277
9 57 -0.174933
10 57 0.131045
11 57 0.020773
12 57 -0.106638
13 57 0.085899
14 57 0.199507
15 57 -0.114696
16 57 -0.143392
17 57 -0.301607
18 57 -0.467273
19 57 0.137008
20 57 0.097430
21 57 -0.389284
22 57 -0.026993
23 57 0.260754
24 57 -0.176387
25 57 -0.260252
26 57 -0.019482
27 57 -0.083109
28 57 -0.179275
29 57 -0.296213
30 57 0.455776
31 57 -0.275128
32 57 0.069739
33 57 -0.068351
34 57 -0.116203
35 57 0.167260
36 57 0.249844
37 57 0.369209
38 57 -0.001185
39 57 0.185832
40 57 -0.046009
41 57 0.107258
42 57 0.233092
43 57 0.089585
44 57 0.455805
45 57 -0.333289
46 57 -0.165920
47 57 0.134504
48 57 -0.074417
49 57 -0.050290
50 57 -0.019137
51 57 0.017136
52 57 -0.107202
53 57 -0.236772
54 57 -0.133172
55 57 -0.193963
56 57 -0.136396
57 57 -0.144921
58 57 -0.501397
59 57 0.187195
60 57 -0.155475
61 57 0.164770
62 57 -0.266880
63 57 -0.052862
64 57 -0.534795
65 57 0.139096
66 57 -0.181268
67 57 -0.095061
68 57 -0.304457
69 57 0.424358
70 57 0.118610
71 57 0.336559
72 57 0.100399
73 57 -0.467728
74 57 0.122279
75 57 -0.145684
76 57 0.333565
77 57 0.231589
78 57 0.135463
79 57 0.028645
80 57 -0.264999
81 57 -0.156538
82 57 -0.325637
83 57 -0.250920
84 57 -0.019587
85 57 0.095737
86 57 0.116551
87 57 0.770082
88 57 0.083643
89 57 0.303886
90 57 -0.069175
91 57 -0.206691
92 57 -0.212903
93 57 -0.309643
94 57 -0.309273
95 57 0.057539
96 57 0.026590
97 57 0.160545
98 57 -0.053902
99 57 -0.474829
100 57 -0.082490
101 57 -0.141895
102 57 0.283967
103 57 -0.164138
104 57 0.112845
105 57 0.220075
106 57 -0.310859
107 57 0.026098
108 57 -0.065264
109 57 -0.118088
110 57 -0.176406
111 57 0.200472
112 57 -0.199241
113 57 0.108817
114 57 -0.596042
115 57 0.487357
116 57 -0.098113
117 57 0.089903
118 57 -0.078734
119 57 0.452110
120 57 0.030033
121 57 0.235351
122 57 0.081129
123 57 0.004034
124 57 -0.048546
125 57 -0.431537
126 57 0.253991
127 57 -0.081962

0 58 -0.546572
1 58 -0.427314
2 58 0.170559
3 58 -0.148890
4 58 0.204551
5 58 0.198421
6 58 -0.106817
7 58 -0.591548
8 58 -0.288970
9 58 -0.252479
10 58 -0.053196
11 58 -0.052021
12 58 0.375795
13 58 -0.042338
14 58 -0.154220
15 58 -0.196927
16 58 -0.064646
17 58 -0.685781
18 58 -0.518518
19 58 0.386776
20 58 0.381826
21 58 -0.342709
22 58 0.307920
23 58 0.248471
24 58 -0.385817
25 58 -0.275781
26 58 -0.147502
27 58 -0.180494
28 58 0.101410
29 58 -0.256962
30 58 0.511045
31 58 -0.510525
32 58 0.277385
33 58 0.154934
34 58 -0.129026
35 58 0.133542
36 58 0.009018
37 58 0.866765
38 58 0.152001
39 58 -0.012409
40 58 -0.115905
41 58 0.196170
42 58 0.340701
43 58 -0.269848
44 58 0.876782
45 58 -0.393323
46 58 0.676127
47 58 0.306759
48 58 0.028564
49 58 -0.249855
50 58 -0.383503
51 58 0.220541
52 58 0.088343
53 58 0.057277
54 58 -0.016450
55 58 -0.182957
56 58 -0.030557
57 58 -0.107698
58 58 -0.513148
59 58 -0.501287
60 58 -0.599423
61 58 0.052395
62 58 -0.338312
63 58 0.140530
64 58 -0.793460
65 58 0.300133
66 58 -0.491418
67 58 -0.184887
68 58 -0.141467
69 58 0.198090
70 58 0.056179
71 58 0.697698
72 58 0.218663
73 58 -0.318209
74 58 0.242649
75 58 -0.278388
76 58 0.442788
77 58 0.416763
78 58 -0.149117
79 58 -0.018197
80 58 -0.548926
81 58 -0.313570
82 58 0.218475
83 58 -0.588743
84 58 0.171068
85 58 -0.097762
86 58 0.019265
87 58 0.746855
88 58 0.186019
89 58 0.701416
90 58 -0.237683
91 58 -0.051225
92 58 -0.000948
93 58 -0.431420
94 58 -0.353157
95 58 0.343500
96 58 0.215833
97 58 0.342297
98 58 -0.095134
99 58 -0.452085
100 58 -0.131365
101 58 -0.081250
102 58 0.614101
103 58 -0.553861
104 58 0.057070
105 58 0.056192
106 58 0.042261
107 58 -0.027754
108 58 -0.291338
109 58 0.061396
110 58 -0.694400
111 58 0.301556
112 58 -0.109445
113 58 0.022925
114 58 -0.724956
115 58 0.432317
116 58 -0.246147
117 58 0.137160
118 58 -0.523594
119 58 0.429538
120 58 -0.466799
121 58 -0.043082
122 58 0.250374
123 58 -0.014918
124 58 -0.333338
125 58 -0.409039
126 58 0.332849
127 58 -0.307464

0 59 -0.535669
1 59 -0.312562
2 59 0.363754
3 59 -0.081738
4 59 0.098774
5 59 -0.018632
6 59 -0.041017
7 59 -0.392942
8 59 -0.154969
9 59 -0.216068
10 59 -0.105686
11 59 0.070826
12 59 0.188042
13 59 -0.063508
14 59 -0.106478
15 59 -0.290090
16 59 -0.144665
17 59 -0.484446
18 59 -0.561207
19 59 0.384200
20 59 0.268278
21 59 -0.400705
22 59 0.250887
23 59 0.302361
24 59 -0.461102
25 59 -0.131962
26 59 -0.314560
27 59 -0.221041
28 59 0.145403
29 59 -0.367186
30 59 0.350900
31 59 -0.342194
32 59 0.176833
33 59 0.069600
34 59 -0.188533
35 59 0.072480
36 59 0.206531
37 59 0.586086
38 59 -0.079308
39 59 -0.049298
40 59 -0.123451
41 59 0.328253
42 59 0.356176
43 59 -0.399651
44 59 0.475942
45 59 -0.296523
46 59 0.212428
47 59 0.181900
48 59 0.101001
49 59 -0.150865
50 59 -0.029414
51 59 0.013384
52 59 0.018162
53 59 0.029934
54 59 0.084765
55 59 -0.227526
56 59 -0.075741
57 59 -0.011024
58 59 -0.369704
59 59 -0.309022
60 59 -0.357016
61 59 0.120274
62 59 -0.479399
63 59 -0.003261
64 59 -0.537399
65 59 0.242726
66 59 -0.331209
67 59 -0.386708
68 59 -0.242093
69 59 0.354446
70 59 0.127626
71 59 0.482928
72 59 0.368849
73 59 -0.422347
74 59 0.332980
75 59 -0.268845
76 59 0.293936
77 59 0.329732
78 59 -0.287619
79 59 -0.059038
80 59 -0.353136
81 59 -0.293264
82 59 0.201704
83 59 -0.458204
84 59 0.188476
85 59 -0.008990
86 59 0.175793
87 59 0.592422
88 59 0.108374
89 59 0.450545
90 59 -0.224441
91 59 -0.081953
92 59 0.011731
93 59 -0.379272
94 59 -0.134685
95 59 0.252344
96 59 0.363690
97 59 0.172092
98 59 0.015408
99 59 -0.557021
100 59 -0.146167
101 59 0.049548
102 59 0.517988
103 59 -0.506260
104 59 0.252487
105 59 0.065824
106 59 -0.154645
107 59 0.017815
108 59 -0.203527
109 59 -0.034273
110 59 -0.435920
111 59 0.280032
112 59 -0.334004
113 59 -0.044382
114 59 -0.759043
115 59 0.535093
116 59 -0.077370
117 59 0.054579
118 59 -0.315217
119 59 0.272101
120 59 -0.179927
121 59 -0.040909
122 59 0.245968
123 59 -0.048654
124 59 -0.152156
125 59 -0.312635
126 59 0.193899
127 59 -0.392212

0 60 -0.037400
1 60 0.229492
2 60 -0.061676
3 60 0.012444
4 60 0.111179
5 60 0.208844
6 60 0.396114
7 60 -0.757069
8 60 -0.464726
9 60 0.101425
10 60 0.022740
11 60 -0.372710
12 60 0.268693
13 60 -0.116811
14 60 0.348565
15 60 -0.028701
16 60 0.520935
17 60 0.305967
18 60 -0.030080
19 60 -0.077779
20 60 -0.148768
21 60 0.020582
22 60 -0.437405
23 60 0.181206
24 60 0.333665
25 60 -0.036058
26 60 -0.185441
27 60 0.056852
28 60 0.115188
29 60 0.118592
30 60 0.316781
31 60 -0.024405
32 60 -0.238395
33 60 0.029682
34 60 0.069946
35 60 0.003381
36 60 0.164195
37 60 0.166963
38 60 -0.051250
39 60 0.138047
40 60 -0.039859
41 60 -0.334354
42 60 -0.043507
43 60 0.150288
44 60 -0.300496
45 60 -0.165667
46 60 0.442683
47 60 0.018620
48 60 0.106011
49 60 -0.250698
50 60 0.351802
51 60 0.212999
52 60 0.084577
53 60 -0.112959
54 60 -0.170458
55 60 0.299898
56 60 -0.032484
57 60 -0.260726
58 60 -0.500559
59 60 0.406997
60 60 -0.037738
61 60 -0.240223
62 60 0.192197
63 60 0.440736
64 60 0.172469
65 60 0.426426
66 60 0.286459
67 60 -0.309866
68 60 -0.266966
69 60 -0.002668
70 60 -0.139915
71 60 -0.323960
72 60 -0.117284
73 60 -0.210420
74 60 -0.005174
75 60 -0.137099
76 60 0.330647
77 60 0.140657
78 60 0.552998
79 60 0.371877
80 60 0.269308
81 60 0.123715
82 60 -0.390298
83 60 0.371345
84 60 0.645100
85 60 -0.061820
86 60 0.284462
87 60 0.440878
88 60 -0.111035
89 60 -0.051134
90 60 -0.036453
91 60 -0.074563
92 60 0.076857
93 60 0.432833
94 60 -0.190975
95 60 -0.232775
96 60 -0.133213
97 60 -0.148601
98 60 -0.114152
99 60 0.206520
100 60 0.115043
101 60 0.027667
102 60 -0.041766
103 60 0.092587
104 60 0.121615
105 60 0.008361
106 60 0.082720
107 60 0.319191
108 60 -0.006305
109 60 -0.044525
110 60 -0.039770
111 60 -0.084645
112 60 0.005870
113 60 0.090378
114 60 -0.051334
115 60 -0.192401
116 60 -0.331058
117 60 0.211437
118 60 0.083991
119 60 0.501109
120 60 -0.454941
121 60 -0.064152
122 60 -0.335953
123 60 -0.289661
124 60 0.033570
125 60 0.308846
126 60 -0.347722
127 60 0.355320

0 61 0.021755
1 61 -0.344060
2 61 0.122255
3 61 0.115076
4 61 -0.064157
5 61 0.017792
6 61 0.207690
7 61 -0.040739
8 61 0.079981
9 61 0.035276
10 61 0.131110
11 61 -0.121936
12 61 0.213318
13 61 -0.134298
14 61 0.192315
15 61 0.266062
16 61 0.475290
17 61 0.621769
18 61 -0.092354
19 61 -0.009088
20 61 0.245779
21 61 0.213038
22 61 -0.519984
23 61 0.013504
24 61 -0.130280
25 61 0.074209
26 61 0.199379
27 61 0.347179
28 61 -0.205101
29 61 0.253531
30 61 0.390431
31 61 0.066879
32 61 -0.184957
33 61 0.292352
34 61 0.145601
35 61 -0.133979
36 61 0.184512
37 61 0.168399
38 61 -0.312957
39 61 0.191972
40 61 0.210898
41 61 -0.260882
42 61 -0.213018
43 61 0.217936
44 61 0.008639
45 61 0.237008
46 61 -0.029774
47 61 -0.148391
48 61 -0.067686
49 61 -0.015917
50 61 -0.115934
51 61 0.266657
52 61 -0.281809
53 61 0.060287
54 61 -0.200382
55 61 -0.027608
56 61 0.267809
57 61 0.019388
58 61 -0.265455
59 61 0.187395
60 61 0.127683
61 61 0.279025
62 61 0.112448
63 61 -0.158740
64 61 0.285475
65 61 -0.121228
66 61 -0.159319
67 61 0.073794
68 61 -0.123461
69 61 -0.388790
70 61 -0.143452
71 61 -0.226841
72 61 -0.216010
73 61 0.052933
74 61 0.013828
75 61 0.158343
76 61 -0.056624
77 61 -0.165961
78 61 0.682809
79 61 -0.079051
80 61 0.067760
81 61 0.500807
82 61 -0.535797
83 61 0.412772
84 61 -0.057994
85 61 0.117524
86 61 -0.069972
87 61 0.018084
88 61 -0.126450
89 61 0.063659
90 61 -0.059733
91 61 -0.533600
92 61 -0.112972
93 61 0.466722
94 61 -0.108578
95 61 -0.138471
96 61 -0.571492
97 61 0.368390
98 61 0.102116
99 61 0.494767
100 61 0.620047
101 61 -0.188687
102 61 -0.314485
103 61 0.298128
104 61 0.181663
105 61 -0.135233
106 61 0.014978
107 61 0.353307
108 61 0.029817
109 61 0.313582
110 61 0.136290
111 61 0.072548
112 61 0.057742
113 61 0.092680
114 61 -0.134201
115 61 -0.689954
116 61 -0.185939
117 61 -0.022080
118 61 -0.163841
119 61 0.166709
120 61 -0.093166
121 61 -0.047265
122 61 -0.161733
123 61 -0.068636
124 61 0.216702
125 61 0.278386
126 61 -0.004901
127 61 0.312009
