col row val
0 0 -0.067331
1 0 -0.238878
2 0 0.243592
3 0 0.168827
4 0 0.156829
5 0 -0.271982
6 0 0.225525
7 0 0.079749
8 0 -0.394453
9 0 0.502321
10 0 0.178445
11 0 0.163883
12 0 -0.141316
13 0 -0.061411
14 0 -0.187870
15 0 -0.457077
16 0 -0.345173
17 0 -0.225551
18 0 -0.060578
19 0 -0.178356
20 0 -0.215843
21 0 -0.221535
22 0 0.096949
23 0 0.509816
24 0 0.186228
25 0 0.012948
26 0 -0.256157
27 0 -0.297382
28 0 0.151213
29 0 -0.187300
30 0 0.080395
31 0 0.034934
32 0 0.117185
33 0 0.308609
34 0 -0.107188
35 0 0.428654
36 0 0.593010
37 0 0.556217
38 0 0.363991
39 0 -0.379431
40 0 -0.457281
41 0 -0.657365
42 0 -0.406906
43 0 -0.239955
44 0 -0.381523
45 0 0.010433
46 0 -0.315188
47 0 0.286582
48 0 0.060831
49 0 0.131518
50 0 -0.149352
51 0 -0.571433
52 0 -0.345618
53 0 -0.112879
54 0 -0.017294
55 0 -0.182211
56 0 0.166981
57 0 -0.266614
58 0 -0.214715
59 0 0.248315
60 0 -0.404719
61 0 0.427452
62 0 0.070325
63 0 -0.613327
64 0 0.044067
65 0 0.215004
66 0 -0.248007
67 0 -0.124447
68 0 0.142947
69 0 0.137222
70 0 -0.076689
71 0 -0.245237
72 0 -0.237859
73 0 0.165055
74 0 -0.015439
75 0 0.065452
76 0 -0.418493
77 0 -0.305543
78 0 0.265882
79 0 -0.333104
80 0 0.018663
81 0 -0.284182
82 0 0.565573
83 0 -0.403658
84 0 0.589053
85 0 0.274862
86 0 -0.146971
87 0 0.352209
88 0 -0.069934
89 0 0.306985
90 0 0.183721
91 0 -0.045416
92 0 -0.193197
93 0 0.186403
94 0 0.220311
95 0 0.030534
96 0 -0.406141
97 0 0.830103
98 0 0.225902
99 0 -0.138340
100 0 0.172891
101 0 -0.331063
102 0 0.358264
103 0 -0.778523
104 0 -0.249288
105 0 -0.076337
106 0 -0.134756
107 0 0.232718
108 0 -0.424540
109 0 0.284688
110 0 -0.507419
111 0 0.355730
112 0 0.158932
113 0 0.066206
114 0 -0.184773
115 0 -0.281284
116 0 -0.296519
117 0 -0.006317
118 0 -0.168698
119 0 -0.282623
120 0 0.019204
121 0 -0.002930
122 0 -0.089621
123 0 0.195574
124 0 -0.563243
125 0 -0.446964
126 0 0.386160
127 0 0.226818

0 1 -0.148577
1 1 -0.249399
2 1 0.323256
3 1 0.321635
4 1 0.090267
5 1 -0.334139
6 1 -0.030372
7 1 0.276038
8 1 -0.368695
9 1 0.313147
10 1 0.255043
11 1 -0.046363
12 1 -0.143253
13 1 -0.086658
14 1 0.123000
15 1 -0.482934
16 1 -0.433897
17 1 -0.089365
18 1 -0.105713
19 1 -0.579976
20 1 -0.065180
21 1 -0.103684
22 1 0.188289
23 1 0.394918
24 1 0.167446
25 1 -0.209621
26 1 -0.130958
27 1 -0.110335
28 1 0.288589
29 1 0.032227
30 1 0.183788
31 1 -0.056858
32 1 0.108576
33 1 -0.011622
34 1 0.123357
35 1 0.371057
36 1 0.557197
37 1 0.609822
38 1 0.400397
39 1 -0.161568
40 1 -0.535440
41 1 -0.638864
42 1 -0.326893
43 1 -0.321539
44 1 -0.364048
45 1 -0.037284
46 1 -0.304775
47 1 0.093288
48 1 -0.138253
49 1 0.235608
50 1 -0.022151
51 1 -0.370519
52 1 -0.349317
53 1 0.142484
54 1 0.134603
55 1 -0.320937
56 1 0.045975
57 1 -0.253918
58 1 -0.167111
59 1 0.099929
60 1 -0.233979
61 1 0.418911
62 1 0.138650
63 1 -0.623518
64 1 0.056440
65 1 0.180285
66 1 -0.231076
67 1 -0.106827
68 1 0.115441
69 1 0.264032
70 1 -0.140695
71 1 -0.180830
72 1 0.016696
73 1 0.159517
74 1 -0.176298
75 1 0.142652
76 1 -0.403715
77 1 -0.154994
78 1 0.328831
79 1 -0.150491
80 1 0.156198
81 1 -0.171184
82 1 0.573337
83 1 -0.406633
84 1 0.551622
85 1 0.331104
86 1 0.029740
87 1 0.282162
88 1 -0.064887
89 1 0.270314
90 1 0.322485
91 1 -0.003644
92 1 -0.328647
93 1 0.437018
94 1 0.352034
95 1 -0.067714
96 1 -0.278359
97 1 0.956862
98 1 0.141516
99 1 -0.261839
100 1 0.138089
101 1 -0.221722
102 1 0.228304
103 1 -0.853201
104 1 -0.228168
105 1 0.112976
106 1 -0.023027
107 1 0.340729
108 1 -0.324137
109 1 0.349826
110 1 -0.802555
111 1 0.228480
112 1 0.061333
113 1 0.204918
114 1 -0.161948
115 1 -0.161805
116 1 -0.165319
117 1 0.016499
118 1 -0.141770
119 1 -0.504271
120 1 0.088110
121 1 -0.026525
122 1 -0.138778
123 1 0.064024
124 1 -0.624075
125 1 -0.689609
126 1 0.433094
127 1 0.022241

0 2 -0.005186
1 2 -0.153172
2 2 -0.516808
3 2 0.273959
4 2 0.194723
5 2 -0.024845
6 2 0.000605
7 2 -0.166404
8 2 -0.103030
9 2 0.563273
10 2 0.402623
11 2 -0.495973
12 2 0.012814
13 2 0.227100
14 2 -0.012841
15 2 -0.117975
16 2 0.332897
17 2 -0.057238
18 2 -0.271962
19 2 0.147390
20 2 0.081958
21 2 -0.419504
22 2 -0.278450
23 2 0.627109
24 2 0.222331
25 2 -0.236891
26 2 0.071350
27 2 0.378246
28 2 0.082732
29 2 -0.194281
30 2 0.119655
31 2 -0.122666
32 2 0.031514
33 2 0.071652
34 2 -0.066084
35 2 0.022675
36 2 0.411695
37 2 0.242926
38 2 -0.120165
39 2 -0.271808
40 2 -0.637138
41 2 -0.288784
42 2 -0.569243
43 2 -0.121849
44 2 -0.302891
45 2 0.209346
46 2 -0.200351
47 2 -0.096366
48 2 -0.049647
49 2 -0.195135
50 2 0.174581
51 2 -0.419883
52 2 0.074110
53 2 -0.640564
54 2 -0.277634
55 2 0.012080
56 2 0.434197
57 2 0.075096
58 2 -0.073511
59 2 0.165070
60 2 -0.131190
61 2 0.390203
62 2 0.215551
63 2 -0.449906
64 2 0.087277
65 2 0.158829
66 2 0.025919
67 2 -0.254591
68 2 0.192238
69 2 0.041533
70 2 0.073934
71 2 -0.197883
72 2 0.065440
73 2 -0.255515
74 2 -0.154560
75 2 -0.061925
76 2 -0.200788
77 2 -0.271124
78 2 0.255501
79 2 0.117440
80 2 0.289783
81 2 -0.336440
82 2 0.345349
83 2 -0.427198
84 2 0.118838
85 2 0.371970
86 2 -0.095862
87 2 0.434712
88 2 0.229849
89 2 -0.031045
90 2 0.370978
91 2 0.079425
92 2 0.011352
93 2 0.152760
94 2 -0.077868
95 2 -0.078661
96 2 -0.208887
97 2 0.661028
98 2 0.258529
99 2 -0.253659
100 2 0.393236
101 2 -0.297771
102 2 0.173923
103 2 -0.610076
104 2 -0.049082
105 2 -0.361312
106 2 -0.387364
107 2 0.172277
108 2 -0.402965
109 2 0.411861
110 2 -0.121833
111 2 0.261237
112 2 0.165785
113 2 0.025864
114 2 -0.196903
115 2 -0.411334
116 2 -0.484315
117 2 -0.042813
118 2 -0.011792
119 2 -0.144209
120 2 -0.030028
121 2 -0.432793
122 2 -0.272274
123 2 0.344842
124 2 -0.191483
125 2 -0.371448
126 2 0.399444
127 2 0.469201

0 3 -0.178805
1 3 -0.253919
2 3 -0.357656
3 3 0.423538
4 3 0.124802
5 3 0.095316
6 3 -0.025577
7 3 -0.143931
8 3 0.041098
9 3 0.353908
10 3 0.428245
11 3 -0.544630
12 3 -0.003628
13 3 0.126599
14 3 0.169391
15 3 -0.027149
16 3 0.266249
17 3 0.067796
18 3 -0.259112
19 3 -0.099493
20 3 0.177041
21 3 -0.181820
22 3 -0.202182
23 3 0.550954
24 3 0.057046
25 3 -0.308913
26 3 0.069395
27 3 0.437488
28 3 0.317586
29 3 0.008453
30 3 0.250254
31 3 -0.223711
32 3 -0.115524
33 3 -0.215783
34 3 0.089237
35 3 -0.130204
36 3 0.421372
37 3 0.303412
38 3 -0.163811
39 3 -0.163820
40 3 -0.536038
41 3 -0.179689
42 3 -0.354641
43 3 -0.205954
44 3 -0.286129
45 3 0.260099
46 3 -0.144028
47 3 -0.213100
48 3 -0.159653
49 3 -0.112071
50 3 0.142679
51 3 -0.225643
52 3 -0.002818
53 3 -0.373921
54 3 -0.051639
55 3 -0.157665
56 3 0.307976
57 3 0.066672
58 3 0.053547
59 3 0.198191
60 3 0.073525
61 3 0.314876
62 3 0.091782
63 3 -0.245494
64 3 0.113869
65 3 -0.068831
66 3 0.031581
67 3 -0.283674
68 3 0.223669
69 3 0.180958
70 3 0.084684
71 3 -0.176880
72 3 0.170639
73 3 -0.172538
74 3 -0.171411
75 3 0.047323
76 3 -0.070252
77 3 -0.048800
78 3 0.343628
79 3 0.210413
80 3 0.242268
81 3 -0.211028
82 3 0.273531
83 3 -0.270766
84 3 0.172042
85 3 0.343898
86 3 -0.039307
87 3 0.340496
88 3 0.138104
89 3 -0.025864
90 3 0.365105
91 3 0.174928
92 3 -0.105521
93 3 0.096286
94 3 -0.065966
95 3 -0.147256
96 3 -0.165738
97 3 0.535093
98 3 0.252921
99 3 -0.286783
100 3 0.357328
101 3 -0.210885
102 3 0.079071
103 3 -0.487995
104 3 -0.089047
105 3 -0.395623
106 3 -0.278121
107 3 0.142573
108 3 -0.188495
109 3 0.296130
110 3 -0.200765
111 3 0.066165
112 3 0.116583
113 3 0.006123
114 3 -0.194563
115 3 -0.354759
116 3 -0.322324
117 3 -0.064869
118 3 -0.051749
119 3 -0.156246
120 3 0.034139
121 3 -0.331820
122 3 -0.242290
123 3 0.237931
124 3 -0.214731
125 3 -0.385044
126 3 0.246835
127 3 0.273345

0 4 -0.185096
1 4 -0.568463
2 4 -0.826292
3 4 0.319967
4 4 0.182786
5 4 0.384945
6 4 -0.137172
7 4 -0.680062
8 4 0.088469
9 4 0.316747
10 4 0.169225
11 4 -1.140504
12 4 0.263430
13 4 0.638686
14 4 -0.024966
15 4 0.096849
16 4 0.872629
17 4 -0.145644
18 4 -0.698249
19 4 0.652308
20 4 0.388453
21 4 -0.083223
22 4 -1.011374
23 4 0.438316
24 4 0.149219
25 4 -0.378734
26 4 -0.022594
27 4 0.526526
28 4 0.075299
29 4 -0.283366
30 4 -0.006515
31 4 -0.640577
32 4 0.022371
33 4 -0.206455
34 4 -0.129699
35 4 0.087010
36 4 0.264781
37 4 -0.193920
38 4 -0.721476
39 4 -0.062213
40 4 -0.700916
41 4 0.197304
42 4 -0.550543
43 4 0.252614
44 4 -0.289747
45 4 0.038299
46 4 -0.396773
47 4 -0.630342
48 4 -0.200354
49 4 -0.111100
50 4 0.521647
51 4 -0.112278
52 4 -0.237254
53 4 -1.011799
54 4 0.089067
55 4 0.215137
56 4 0.373311
57 4 0.582643
58 4 -0.021338
59 4 0.263737
60 4 0.656692
61 4 0.147076
62 4 0.248638
63 4 0.240748
64 4 0.113527
65 4 -0.244478
66 4 0.798931
67 4 -0.094284
68 4 -0.078010
69 4 -0.146692
70 4 0.113371
71 4 0.115827
72 4 0.166654
73 4 -0.547580
74 4 -0.329384
75 4 -0.079725
76 4 -0.205773
77 4 -0.199658
78 4 0.433432
79 4 0.478731
80 4 0.474536
81 4 -0.341461
82 4 0.024085
83 4 -0.413260
84 4 -0.228679
85 4 0.424240
86 4 0.194627
87 4 0.072163
88 4 0.621295
89 4 -0.499372
90 4 0.808389
91 4 0.195530
92 4 -0.176974
93 4 0.297754
94 4 -0.608822
95 4 -0.316733
96 4 -0.214496
97 4 0.533644
98 4 0.591598
99 4 -0.377324
100 4 0.723643
101 4 -0.121236
102 4 -0.134172
103 4 -0.145279
104 4 0.302526
105 4 -0.680187
106 4 -0.190340
107 4 0.048652
108 4 -0.457473
109 4 0.352444
110 4 0.374937
111 4 0.013368
112 4 -0.103605
113 4 0.055141
114 4 -0.493776
115 4 -0.629444
116 4 -0.494980
117 4 -0.373442
118 4 -0.083937
119 4 -0.100330
120 4 0.157696
121 4 -1.007299
122 4 -0.205137
123 4 0.736582
124 4 0.259180
125 4 0.171565
126 4 0.172128
127 4 0.778743

0 5 -0.033217
1 5 -0.634380
2 5 -0.559781
3 5 0.522657
4 5 0.253636
5 5 0.726669
6 5 -0.119341
7 5 -0.587398
8 5 -0.107494
9 5 0.124962
10 5 0.379283
11 5 -1.100483
12 5 0.281867
13 5 0.731544
14 5 -0.093038
15 5 -0.010149
16 5 0.641801
17 5 0.058361
18 5 -0.646136
19 5 0.504898
20 5 0.429869
21 5 -0.165818
22 5 -0.970011
23 5 0.356969
24 5 0.052937
25 5 -0.206465
26 5 -0.028774
27 5 0.340475
28 5 0.168499
29 5 -0.180153
30 5 0.007994
31 5 -0.806361
32 5 -0.025612
33 5 -0.356472
34 5 -0.094171
35 5 0.182429
36 5 0.118625
37 5 -0.221004
38 5 -0.493605
39 5 -0.152773
40 5 -0.461331
41 5 0.309538
42 5 -0.295880
43 5 0.095871
44 5 -0.292309
45 5 -0.012072
46 5 -0.509011
47 5 -0.503584
48 5 -0.218258
49 5 0.021086
50 5 0.423026
51 5 -0.009186
52 5 -0.345448
53 5 -0.864012
54 5 0.078964
55 5 -0.043566
56 5 0.031787
57 5 0.658584
58 5 0.031655
59 5 0.343606
60 5 0.741184
61 5 0.272795
62 5 0.249299
63 5 0.433798
64 5 0.109882
65 5 -0.554294
66 5 0.905057
67 5 -0.108462
68 5 0.123097
69 5 0.173974
70 5 -0.124254
71 5 -0.077180
72 5 -0.022393
73 5 -0.417860
74 5 -0.275384
75 5 0.130687
76 5 0.054121
77 5 -0.021555
78 5 0.315424
79 5 0.647782
80 5 0.277747
81 5 -0.302202
82 5 -0.152791
83 5 -0.463917
84 5 -0.267037
85 5 0.420258
86 5 -0.038602
87 5 0.068991
88 5 0.391015
89 5 -0.467139
90 5 0.710125
91 5 0.239915
92 5 -0.383006
93 5 0.190632
94 5 -0.685298
95 5 -0.141812
96 5 -0.140539
97 5 0.451657
98 5 0.875915
99 5 -0.287385
100 5 0.756588
101 5 -0.205465
102 5 -0.078094
103 5 -0.047803
104 5 0.084644
105 5 -0.809877
106 5 0.319806
107 5 -0.269007
108 5 -0.418112
109 5 0.244721
110 5 0.213243
111 5 -0.181030
112 5 -0.248305
113 5 0.167504
114 5 -0.700814
115 5 -0.527053
116 5 -0.562414
117 5 -0.491581
118 5 -0.070789
119 5 0.176782
120 5 0.179844
121 5 -0.693106
122 5 -0.201595
123 5 0.633589
124 5 0.222507
125 5 0.174943
126 5 -0.076796
127 5 0.585726

0 6 -0.146452
1 6 -0.296992
2 6 -0.082246
3 6 0.115102
4 6 0.387716
5 6 0.092061
6 6 0.206734
7 6 -0.237787
8 6 -0.106744
9 6 0.226690
10 6 0.042718
11 6 -0.161790
12 6 -0.009584
13 6 0.456411
14 6 -0.033271
15 6 -0.189145
16 6 0.433694
17 6 -0.102138
18 6 -0.159583
19 6 0.027800
20 6 -0.133968
21 6 -0.153159
22 6 -0.423994
23 6 0.426283
24 6 0.165560
25 6 -0.139396
26 6 -0.138232
27 6 0.000650
28 6 0.152153
29 6 -0.317556
30 6 0.143431
31 6 -0.180619
32 6 0.020795
33 6 0.129893
34 6 -0.298175
35 6 0.333933
36 6 0.501917
37 6 0.124884
38 6 -0.022965
39 6 -0.154759
40 6 -0.561949
41 6 -0.210654
42 6 -0.362973
43 6 -0.005387
44 6 -0.163618
45 6 -0.108101
46 6 -0.101813
47 6 0.017025
48 6 -0.117202
49 6 -0.161009
50 6 -0.076151
51 6 -0.537253
52 6 -0.128322
53 6 -0.571257
54 6 -0.238906
55 6 0.173262
56 6 0.239141
57 6 -0.114863
58 6 -0.032488
59 6 0.413273
60 6 -0.031788
61 6 0.428633
62 6 0.060842
63 6 -0.088669
64 6 0.011430
65 6 0.117350
66 6 0.008386
67 6 -0.126453
68 6 0.199367
69 6 0.000121
70 6 0.161763
71 6 -0.013286
72 6 -0.105230
73 6 -0.229393
74 6 0.255464
75 6 0.002938
76 6 -0.222644
77 6 -0.379168
78 6 0.176731
79 6 0.131908
80 6 0.033248
81 6 -0.206659
82 6 0.264735
83 6 -0.292316
84 6 0.020805
85 6 0.478717
86 6 -0.211907
87 6 0.351712
88 6 0.074760
89 6 -0.107454
90 6 0.458744
91 6 0.106979
92 6 0.039030
93 6 -0.029221
94 6 -0.134225
95 6 -0.096152
96 6 -0.187323
97 6 0.440607
98 6 0.280879
99 6 -0.305433
100 6 0.280251
101 6 -0.284293
102 6 0.255163
103 6 -0.557395
104 6 -0.092799
105 6 -0.451598
106 6 -0.231896
107 6 0.101523
108 6 -0.475752
109 6 0.272914
110 6 -0.003508
111 6 0.191964
112 6 0.070496
113 6 -0.084227
114 6 -0.347194
115 6 -0.318205
116 6 -0.430760
117 6 -0.091987
118 6 0.015381
119 6 -0.111620
120 6 0.122752
121 6 -0.565851
122 6 -0.149581
123 6 0.484868
124 6 -0.280113
125 6 -0.072691
126 6 0.170208
127 6 0.535747

0 7 0.024238
1 7 -0.164067
2 7 -0.006642
3 7 0.135284
4 7 0.278760
5 7 0.120516
6 7 0.100064
7 7 -0.102314
8 7 -0.285411
9 7 0.084641
10 7 0.176437
11 7 -0.040982
12 7 -0.071494
13 7 0.388717
14 7 0.093585
15 7 -0.232921
16 7 0.198394
17 7 0.167753
18 7 -0.083039
19 7 -0.031197
20 7 -0.003131
21 7 -0.298338
22 7 -0.192275
23 7 0.301481
24 7 0.224522
25 7 -0.013946
26 7 0.002873
27 7 -0.052799
28 7 0.147475
29 7 -0.271425
30 7 -0.021711
31 7 -0.160530
32 7 0.075600
33 7 0.062786
34 7 -0.315707
35 7 0.298494
36 7 0.290147
37 7 -0.054103
38 7 0.074077
39 7 0.000407
40 7 -0.474031
41 7 -0.066954
42 7 -0.296303
43 7 -0.149418
44 7 -0.030834
45 7 -0.007633
46 7 -0.075710
47 7 0.149445
48 7 -0.016364
49 7 -0.031904
50 7 -0.070355
51 7 -0.404332
52 7 -0.034744
53 7 -0.385532
54 7 -0.372486
55 7 -0.080203
56 7 0.212509
57 7 -0.149122
58 7 -0.013508
59 7 0.343944
60 7 -0.105220
61 7 0.448391
62 7 0.116294
63 7 -0.220822
64 7 -0.004073
65 7 0.147791
66 7 0.032621
67 7 -0.034632
68 7 0.322280
69 7 -0.096943
70 7 0.153259
71 7 0.012743
72 7 -0.191951
73 7 -0.173314
74 7 0.062143
75 7 -0.016749
76 7 -0.025992
77 7 -0.137137
78 7 0.017465
79 7 0.131371
80 7 -0.054727
81 7 -0.097359
82 7 0.130729
83 7 -0.301224
84 7 0.015566
85 7 0.425790
86 7 -0.300954
87 7 0.332305
88 7 -0.127471
89 7 0.137228
90 7 0.176580
91 7 0.039195
92 7 0.105182
93 7 -0.066259
94 7 0.008715
95 7 0.123663
96 7 -0.120919
97 7 0.318190
98 7 0.192379
99 7 -0.176970
100 7 0.125276
101 7 -0.164300
102 7 0.400943
103 7 -0.560392
104 7 -0.125975
105 7 -0.348107
106 7 0.077069
107 7 0.096467
108 7 -0.356216
109 7 0.236218
110 7 -0.308723
111 7 0.170216
112 7 0.040367
113 7 0.122790
114 7 -0.423597
115 7 -0.003735
116 7 -0.378866
117 7 -0.098094
118 7 0.144120
119 7 0.178968
120 7 0.164461
121 7 -0.172346
122 7 -0.184010
123 7 0.193378
124 7 -0.264145
125 7 -0.063306
126 7 0.069047
127 7 0.336132

0 8 -0.044036
1 8 -0.356445
2 8 -0.594431
3 8 0.369242
4 8 0.028835
5 8 0.625344
6 8 -0.307549
7 8 -0.518732
8 8 -0.239195
9 8 0.212873
10 8 0.650566
11 8 -0.873110
12 8 0.127549
13 8 0.322644
14 8 0.270037
15 8 -0.093163
16 8 0.384402
17 8 0.170752
18 8 -0.626750
19 8 0.295857
20 8 0.501343
21 8 -0.031795
22 8 -0.582180
23 8 0.482533
24 8 0.116084
25 8 -0.005833
26 8 0.217852
27 8 0.443384
28 8 0.219535
29 8 0.082486
30 8 0.019212
31 8 -0.812292
32 8 -0.288136
33 8 -0.365013
34 8 0.191966
35 8 -0.059855
36 8 -0.008313
37 8 -0.071064
38 8 -0.458690
39 8 -0.061809
40 8 -0.312787
41 8 0.363273
42 8 -0.175315
43 8 -0.018415
44 8 -0.166111
45 8 0.278593
46 8 -0.673441
47 8 -0.459365
48 8 -0.076975
49 8 -0.105059
50 8 0.205671
51 8 0.141159
52 8 -0.468123
53 8 -0.916990
54 8 -0.012861
55 8 -0.338751
56 8 0.140118
57 8 0.318631
58 8 0.147121
59 8 0.185707
60 8 0.503471
61 8 0.162479
62 8 0.111656
63 8 0.203426
64 8 0.118432
65 8 -0.593827
66 8 0.518917
67 8 -0.115829
68 8 0.237380
69 8 0.252104
70 8 -0.140482
71 8 -0.201914
72 8 -0.047017
73 8 -0.226242
74 8 -0.450036
75 8 0.047215
76 8 0.154968
77 8 0.039427
78 8 0.274437
79 8 0.526536
80 8 0.211069
81 8 -0.160323
82 8 -0.218911
83 8 -0.341203
84 8 -0.300218
85 8 0.316536
86 8 -0.133395
87 8 0.335561
88 8 0.246337
89 8 -0.165957
90 8 0.452012
91 8 0.244986
92 8 -0.185604
93 8 0.048320
94 8 -0.493083
95 8 -0.064291
96 8 -0.220439
97 8 0.163859
98 8 0.813579
99 8 -0.195578
100 8 0.702594
101 8 -0.153296
102 8 -0.048989
103 8 0.243235
104 8 0.003853
105 8 -0.770519
106 8 0.336027
107 8 -0.282413
108 8 -0.231510
109 8 0.175213
110 8 -0.064041
111 8 -0.170079
112 8 -0.054744
113 8 0.119535
114 8 -0.620274
115 8 -0.243759
116 8 -0.298209
117 8 -0.331543
118 8 0.091796
119 8 0.266114
120 8 0.248536
121 8 -0.067700
122 8 -0.361462
123 8 0.099591
124 8 0.141528
125 8 -0.061551
126 8 0.089876
127 8 0.175621

0 9 -0.064522
1 9 -0.301100
2 9 -0.425692
3 9 0.241996
4 9 -0.080281
5 9 0.558146
6 9 -0.243195
7 9 -0.259905
8 9 -0.311150
9 9 0.038315
10 9 0.375050
11 9 -0.524241
12 9 0.170777
13 9 0.284659
14 9 0.059633
15 9 -0.074145
16 9 0.289431
17 9 0.146236
18 9 -0.564699
19 9 0.314712
20 9 0.565613
21 9 -0.004404
22 9 -0.484692
23 9 0.280615
24 9 0.091905
25 9 0.089089
26 9 0.054569
27 9 0.133850
28 9 0.049014
29 9 0.075515
30 9 -0.208769
31 9 -0.666522
32 9 -0.276427
33 9 -0.361421
34 9 0.095430
35 9 -0.028297
36 9 -0.064448
37 9 -0.249192
38 9 -0.243967
39 9 -0.057784
40 9 -0.204991
41 9 0.441179
42 9 -0.062991
43 9 -0.053643
44 9 -0.066578
45 9 0.178269
46 9 -0.714695
47 9 -0.307983
48 9 0.020935
49 9 -0.043610
50 9 0.053388
51 9 0.037261
52 9 -0.413414
53 9 -0.760294
54 9 -0.100284
55 9 -0.290493
56 9 -0.072943
57 9 0.194478
58 9 0.043921
59 9 0.119546
60 9 0.355279
61 9 0.062818
62 9 0.043679
63 9 0.108637
64 9 0.031865
65 9 -0.575037
66 9 0.504529
67 9 -0.030217
68 9 0.250268
69 9 0.218279
70 9 -0.162233
71 9 -0.240115
72 9 -0.233982
73 9 -0.199499
74 9 -0.344886
75 9 -0.010938
76 9 0.083309
77 9 0.062309
78 9 0.132899
79 9 0.387088
80 9 0.017005
81 9 -0.093729
82 9 -0.291932
83 9 -0.269982
84 9 -0.277790
85 9 0.117924
86 9 -0.338194
87 9 0.275006
88 9 0.241311
89 9 -0.218014
90 9 0.229677
91 9 0.096678
92 9 -0.243116
93 9 -0.072065
94 9 -0.516722
95 9 0.032891
96 9 -0.229681
97 9 0.005084
98 9 0.716154
99 9 -0.014383
100 9 0.407931
101 9 -0.135529
102 9 -0.029639
103 9 0.424564
104 9 0.052043
105 9 -0.571173
106 9 0.517527
107 9 -0.293288
108 9 -0.086261
109 9 0.103581
110 9 -0.072957
111 9 -0.106458
112 9 -0.222363
113 9 0.225233
114 9 -0.667004
115 9 -0.142851
116 9 -0.202469
117 9 -0.320058
118 9 -0.051676
119 9 0.286019
120 9 0.144146
121 9 0.045741
122 9 -0.245308
123 9 0.167227
124 9 0.169841
125 9 0.142004
126 9 0.071610
127 9 0.128591

0 10 -0.013907
1 10 -0.139108
2 10 -0.428567
3 10 -0.108148
4 10 0.098671
5 10 0.031305
6 10 0.036702
7 10 -0.206457
8 10 -0.015365
9 10 0.108459
10 10 0.229778
11 10 -0.366950
12 10 0.111518
13 10 0.159610
14 10 0.084866
15 10 -0.045598
16 10 0.464481
17 10 0.034977
18 10 -0.166636
19 10 0.218060
20 10 0.210115
21 10 -0.167320
22 10 -0.434619
23 10 0.128564
24 10 -0.035294
25 10 -0.106801
26 10 -0.040295
27 10 0.326982
28 10 0.067276
29 10 -0.162183
30 10 -0.068633
31 10 -0.179637
32 10 0.003987
33 10 -0.129314
34 10 -0.260788
35 10 0.080243
36 10 0.182836
37 10 -0.219669
38 10 -0.439981
39 10 0.059747
40 10 -0.300908
41 10 0.385242
42 10 -0.258754
43 10 -0.015308
44 10 0.020932
45 10 0.100259
46 10 -0.121970
47 10 -0.228449
48 10 0.000401
49 10 -0.223974
50 10 0.172779
51 10 -0.128258
52 10 0.014475
53 10 -0.479947
54 10 -0.140207
55 10 0.060395
56 10 0.222689
57 10 0.220813
58 10 -0.070712
59 10 0.061540
60 10 -0.023670
61 10 0.036748
62 10 0.044558
63 10 0.120846
64 10 0.005455
65 10 -0.021487
66 10 0.273784
67 10 0.149160
68 10 -0.032972
69 10 -0.218594
70 10 0.145394
71 10 -0.002773
72 10 -0.085119
73 10 -0.168912
74 10 -0.017462
75 10 -0.117110
76 10 0.049602
77 10 -0.116623
78 10 0.114394
79 10 0.026548
80 10 0.084416
81 10 -0.094940
82 10 -0.061721
83 10 -0.116379
84 10 -0.245297
85 10 0.098132
86 10 -0.202655
87 10 0.065861
88 10 0.163522
89 10 -0.253839
90 10 0.137231
91 10 -0.026091
92 10 0.082947
93 10 0.051812
94 10 -0.202661
95 10 -0.075862
96 10 -0.068580
97 10 0.081397
98 10 0.281344
99 10 -0.346538
100 10 0.154237
101 10 -0.034160
102 10 0.043944
103 10 -0.062140
104 10 0.216093
105 10 -0.306240
106 10 0.043721
107 10 0.172518
108 10 -0.193602
109 10 0.176724
110 10 0.161504
111 10 0.131971
112 10 0.036262
113 10 0.048319
114 10 -0.144626
115 10 -0.148069
116 10 -0.118787
117 10 -0.123775
118 10 0.048423
119 10 0.048076
120 10 -0.094786
121 10 -0.285425
122 10 -0.182630
123 10 0.259454
124 10 0.072084
125 10 0.261975
126 10 0.122216
127 10 0.319729

0 11 0.161422
1 11 -0.092115
2 11 -0.521371
3 11 -0.192290
4 11 0.135069
5 11 0.061806
6 11 0.227848
7 11 -0.260636
8 11 -0.097193
9 11 0.240555
10 11 0.242985
11 11 -0.343151
12 11 0.105479
13 11 0.258634
14 11 -0.137708
15 11 -0.068656
16 11 0.444426
17 11 0.007919
18 11 -0.103779
19 11 0.303642
20 11 0.014203
21 11 -0.322617
22 11 -0.366115
23 11 0.148930
24 11 0.115020
25 11 0.085875
26 11 -0.163848
27 11 0.179876
28 11 0.047433
29 11 -0.362878
30 11 -0.037380
31 11 -0.092733
32 11 0.175658
33 11 0.038950
34 11 -0.479031
35 11 0.030065
36 11 0.170302
37 11 -0.200918
38 11 -0.338920
39 11 -0.109941
40 11 -0.240904
41 11 0.374913
42 11 -0.312763
43 11 -0.029889
44 11 0.002705
45 11 0.122655
46 11 -0.156706
47 11 0.020334
48 11 0.110304
49 11 -0.181080
50 11 0.032921
51 11 -0.237152
52 11 0.018563
53 11 -0.489468
54 11 -0.362446
55 11 0.126542
56 11 0.306966
57 11 0.165737
58 11 -0.138239
59 11 0.134965
60 11 -0.075576
61 11 0.179203
62 11 0.118736
63 11 0.101605
64 11 0.040648
65 11 0.104476
66 11 0.294854
67 11 0.180011
68 11 0.046284
69 11 -0.142947
70 11 0.108106
71 11 -0.133890
72 11 -0.223110
73 11 -0.143138
74 11 0.011517
75 11 -0.114195
76 11 0.071983
77 11 -0.146258
78 11 0.106423
79 11 -0.048146
80 11 0.077436
81 11 -0.139605
82 11 -0.071994
83 11 -0.289045
84 11 -0.147097
85 11 0.172425
86 11 -0.379071
87 11 0.106212
88 11 0.070145
89 11 -0.105078
90 11 0.043076
91 11 -0.060247
92 11 0.204579
93 11 -0.058453
94 11 -0.243172
95 11 -0.000329
96 11 -0.166644
97 11 0.125968
98 11 0.315386
99 11 -0.247796
100 11 0.131023
101 11 -0.246269
102 11 0.144791
103 11 -0.108741
104 11 0.147712
105 11 -0.387956
106 11 0.123584
107 11 0.035085
108 11 -0.372599
109 11 0.151348
110 11 0.135015
111 11 0.188743
112 11 0.071151
113 11 0.090757
114 11 -0.172194
115 11 -0.192933
116 11 -0.149969
117 11 -0.134464
118 11 0.005216
119 11 0.241214
120 11 -0.071773
121 11 -0.101841
122 11 -0.008007
123 11 0.286699
124 11 0.103832
125 11 0.177507
126 11 0.060699
127 11 0.420150

0 12 -0.225908
1 12 -0.306889
2 12 0.066330
3 12 0.257682
4 12 0.013047
5 12 -0.254039
6 12 0.054552
7 12 0.149760
8 12 -0.293003
9 12 0.269484
10 12 -0.083764
11 12 -0.100382
12 12 -0.242856
13 12 -0.156720
14 12 0.039303
15 12 -0.272241
16 12 -0.602347
17 12 -0.294312
18 12 -0.079410
19 12 -0.250781
20 12 -0.075783
21 12 0.004600
22 12 0.203584
23 12 0.669933
24 12 -0.026583
25 12 -0.061614
26 12 -0.188988
27 12 -0.279488
28 12 0.439295
29 12 -0.164648
30 12 0.270374
31 12 -0.071893
32 12 0.004777
33 12 0.220010
34 12 0.218298
35 12 0.201121
36 12 0.630562
37 12 0.622061
38 12 0.255633
39 12 -0.335918
40 12 -0.563557
41 12 -0.768998
42 12 -0.357413
43 12 0.017341
44 12 -0.558160
45 12 0.207145
46 12 -0.173730
47 12 0.069605
48 12 -0.164408
49 12 0.205600
50 12 -0.242828
51 12 -0.367410
52 12 -0.371342
53 12 0.030040
54 12 0.163470
55 12 0.086327
56 12 -0.003916
57 12 -0.523724
58 12 -0.096595
59 12 0.366138
60 12 -0.332300
61 12 0.122715
62 12 0.090469
63 12 -0.512051
64 12 -0.088819
65 12 0.136153
66 12 -0.293983
67 12 -0.087515
68 12 0.239357
69 12 0.364157
70 12 -0.107420
71 12 -0.075301
72 12 -0.224095
73 12 0.305853
74 12 0.022898
75 12 -0.141524
76 12 -0.413714
77 12 -0.080868
78 12 0.263871
79 12 -0.117581
80 12 0.020941
81 12 -0.121986
82 12 0.440291
83 12 -0.301105
84 12 0.596875
85 12 0.203866
86 12 -0.070913
87 12 0.540032
88 12 0.096730
89 12 0.246151
90 12 0.138277
91 12 -0.089023
92 12 -0.071611
93 12 -0.070347
94 12 0.461986
95 12 -0.155075
96 12 -0.494103
97 12 0.783912
98 12 0.229027
99 12 -0.133762
100 12 0.255663
101 12 -0.150325
102 12 0.084808
103 12 -0.522839
104 12 -0.172895
105 12 -0.409292
106 12 -0.209953
107 12 0.297619
108 12 -0.179463
109 12 0.145474
110 12 -0.446998
111 12 0.320361
112 12 0.112621
113 12 0.141149
114 12 0.076091
115 12 -0.390816
116 12 -0.161362
117 12 0.108429
118 12 -0.290994
119 12 -0.182818
120 12 0.354841
121 12 0.162589
122 12 0.021727
123 12 0.147035
124 12 -0.557969
125 12 -0.554521
126 12 0.430010
127 12 -0.077015

0 13 -0.238003
1 13 -0.282790
2 13 0.135150
3 13 0.382904
4 13 -0.019178
5 13 -0.322320
6 13 -0.129702
7 13 0.206616
8 13 -0.335859
9 13 0.175337
10 13 0.012443
11 13 -0.286006
12 13 -0.250102
13 13 -0.093254
14 13 0.208532
15 13 -0.341509
16 13 -0.640712
17 13 -0.155640
18 13 -0.095268
19 13 -0.516082
20 13 -0.034770
21 13 0.071373
22 13 0.292679
23 13 0.636494
24 13 0.016132
25 13 -0.142402
26 13 -0.051272
27 13 -0.102864
28 13 0.476086
29 13 0.075226
30 13 0.309264
31 13 -0.111670
32 13 0.003422
33 13 0.034810
34 13 0.379387
35 13 0.255811
36 13 0.587502
37 13 0.673033
38 13 0.343376
39 13 -0.139387
40 13 -0.571220
41 13 -0.774971
42 13 -0.242743
43 13 -0.120299
44 13 -0.487005
45 13 0.157822
46 13 -0.137039
47 13 -0.075918
48 13 -0.214556
49 13 0.242752
50 13 -0.182666
51 13 -0.218999
52 13 -0.392115
53 13 0.119809
54 13 0.196117
55 13 0.017429
56 13 -0.127135
57 13 -0.539140
58 13 -0.064243
59 13 0.258693
60 13 -0.229046
61 13 0.178864
62 13 0.185504
63 13 -0.522715
64 13 -0.047657
65 13 0.076026
66 13 -0.279126
67 13 -0.075254
68 13 0.171516
69 13 0.455660
70 13 -0.152362
71 13 -0.052683
72 13 -0.070562
73 13 0.277633
74 13 -0.074971
75 13 -0.000020
76 13 -0.330310
77 13 -0.078083
78 13 0.298590
79 13 0.021013
80 13 0.164870
81 13 -0.052499
82 13 0.516046
83 13 -0.324682
84 13 0.561981
85 13 0.296031
86 13 0.060471
87 13 0.516733
88 13 0.115376
89 13 0.192506
90 13 0.332913
91 13 -0.067533
92 13 -0.124507
93 13 0.133486
94 13 0.605812
95 13 -0.189701
96 13 -0.356623
97 13 0.909362
98 13 0.178097
99 13 -0.232043
100 13 0.236452
101 13 -0.099848
102 13 0.067616
103 13 -0.528748
104 13 -0.184394
105 13 -0.278455
106 13 -0.168454
107 13 0.356345
108 13 -0.199749
109 13 0.178118
110 13 -0.604842
111 13 0.274287
112 13 0.016164
113 13 0.239341
114 13 0.049689
115 13 -0.290496
116 13 -0.104222
117 13 0.149406
118 13 -0.233576
119 13 -0.375556
120 13 0.391926
121 13 0.132999
122 13 -0.019235
123 13 0.104658
124 13 -0.579768
125 13 -0.773924
126 13 0.426255
127 13 -0.187016

0 14 -0.129434
1 14 -0.200364
2 14 -0.693715
3 14 0.241803
4 14 -0.019007
5 14 -0.033509
6 14 -0.098602
7 14 -0.288731
8 14 0.067363
9 14 0.425374
10 14 0.269440
11 14 -0.668457
12 14 -0.042566
13 14 0.136499
14 14 0.221504
15 14 0.091026
16 14 0.207945
17 14 -0.070379
18 14 -0.267381
19 14 0.063338
20 14 0.198888
21 14 -0.039015
22 14 -0.173238
23 14 0.654014
24 14 0.017741
25 14 -0.280574
26 14 0.080514
27 14 0.333738
28 14 0.276169
29 14 -0.127206
30 14 0.253415
31 14 -0.089149
32 14 -0.183857
33 14 -0.102177
34 14 0.133272
35 14 -0.252746
36 14 0.407571
37 14 0.279499
38 14 -0.341554
39 14 -0.257399
40 14 -0.512176
41 14 -0.236347
42 14 -0.414858
43 14 0.007183
44 14 -0.404832
45 14 0.432794
46 14 -0.024331
47 14 -0.335345
48 14 -0.190369
49 14 -0.102769
50 14 0.040518
51 14 -0.168028
52 14 0.059465
53 14 -0.523412
54 14 -0.114069
55 14 0.269367
56 14 0.329010
57 14 -0.130648
58 14 0.028483
59 14 0.254218
60 14 -0.004710
61 14 0.126666
62 14 0.192793
63 14 -0.167511
64 14 -0.075829
65 14 0.011478
66 14 0.046446
67 14 -0.160573
68 14 0.189199
69 14 0.205681
70 14 0.163303
71 14 -0.009347
72 14 0.026540
73 14 -0.180620
74 14 -0.043093
75 14 -0.215099
76 14 -0.009641
77 14 0.028016
78 14 0.239253
79 14 0.282641
80 14 0.123303
81 14 -0.160078
82 14 0.315368
83 14 -0.300481
84 14 0.147484
85 14 0.171468
86 14 -0.057143
87 14 0.539509
88 14 0.311615
89 14 -0.118276
90 14 0.236397
91 14 0.050915
92 14 0.215175
93 14 -0.113359
94 14 0.101740
95 14 -0.196601
96 14 -0.277808
97 14 0.478734
98 14 0.287786
99 14 -0.292089
100 14 0.440613
101 14 0.002740
102 14 0.010149
103 14 -0.187394
104 14 0.085746
105 14 -0.712091
106 14 -0.364684
107 14 0.183932
108 14 -0.219294
109 14 0.213080
110 14 0.082661
111 14 0.247481
112 14 0.076127
113 14 0.064998
114 14 0.045992
115 14 -0.526716
116 14 -0.354946
117 14 0.057280
118 14 -0.093862
119 14 0.047169
120 14 0.163232
121 14 -0.163837
122 14 -0.238658
123 14 0.246714
124 14 -0.163854
125 14 -0.400149
126 14 0.360923
127 14 0.216845

0 15 -0.206380
1 15 -0.203196
2 15 -0.464876
3 15 0.297388
4 15 -0.058026
5 15 0.084861
6 15 -0.050008
7 15 -0.295395
8 15 0.055083
9 15 0.310133
10 15 0.221564
11 15 -0.661073
12 15 -0.028069
13 15 0.072334
14 15 0.246809
15 15 0.049336
16 15 0.044636
17 15 -0.026821
18 15 -0.239448
19 15 -0.038540
20 15 0.180115
21 15 0.008886
22 15 -0.142743
23 15 0.591587
24 15 -0.062261
25 15 -0.210217
26 15 0.037724
27 15 0.327162
28 15 0.416048
29 15 0.058204
30 15 0.310839
31 15 -0.181891
32 15 -0.238230
33 15 -0.196626
34 15 0.239461
35 15 -0.202164
36 15 0.399990
37 15 0.315717
38 15 -0.274512
39 15 -0.219909
40 15 -0.365007
41 15 -0.111618
42 15 -0.271736
43 15 -0.131725
44 15 -0.379498
45 15 0.368008
46 15 -0.028850
47 15 -0.242688
48 15 -0.160058
49 15 0.024388
50 15 -0.042798
51 15 -0.125103
52 15 -0.103027
53 15 -0.388433
54 15 -0.048981
55 15 0.084822
56 15 0.219663
57 15 -0.099877
58 15 0.137362
59 15 0.267787
60 15 0.104124
61 15 0.138834
62 15 0.118186
63 15 0.021960
64 15 -0.022689
65 15 -0.147202
66 15 0.039268
67 15 -0.185629
68 15 0.190513
69 15 0.326638
70 15 0.082071
71 15 -0.105097
72 15 -0.036226
73 15 -0.109860
74 15 -0.015740
75 15 0.021114
76 15 0.042527
77 15 0.131617
78 15 0.320802
79 15 0.321682
80 15 0.122009
81 15 -0.101874
82 15 0.267636
83 15 -0.231038
84 15 0.189417
85 15 0.111220
86 15 -0.158584
87 15 0.454337
88 15 0.156751
89 15 -0.123136
90 15 0.238771
91 15 0.170635
92 15 0.064077
93 15 -0.136691
94 15 0.084021
95 15 -0.218519
96 15 -0.251737
97 15 0.370598
98 15 0.292762
99 15 -0.331171
100 15 0.457963
101 15 -0.039112
102 15 -0.063336
103 15 -0.143646
104 15 -0.044137
105 15 -0.723667
106 15 -0.209013
107 15 0.058311
108 15 -0.200019
109 15 0.092112
110 15 -0.019557
111 15 0.120968
112 15 0.054005
113 15 0.023401
114 15 -0.011873
115 15 -0.490397
116 15 -0.283366
117 15 -0.004245
118 15 -0.127053
119 15 0.007051
120 15 0.219520
121 15 0.005329
122 15 -0.157813
123 15 0.120513
124 15 -0.177892
125 15 -0.380898
126 15 0.151227
127 15 0.068381

0 16 -0.266374
1 16 -0.342396
2 16 -0.919020
3 16 0.061996
4 16 -0.328476
5 16 0.293684
6 16 -0.102929
7 16 -0.569281
8 16 0.082781
9 16 0.118521
10 16 -0.033092
11 16 -0.979004
12 16 0.360139
13 16 0.399787
14 16 0.297506
15 16 0.151866
16 16 0.529315
17 16 -0.028344
18 16 -0.668037
19 16 0.650382
20 16 0.439481
21 16 0.201925
22 16 -0.850873
23 16 0.309705
24 16 -0.145942
25 16 -0.289059
26 16 -0.002685
27 16 0.454905
28 16 0.282559
29 16 -0.226563
30 16 0.055307
31 16 -0.542649
32 16 -0.299367
33 16 -0.200605
34 16 0.077419
35 16 -0.082404
36 16 0.169611
37 16 -0.132742
38 16 -0.813433
39 16 0.107760
40 16 -0.448998
41 16 0.356631
42 16 -0.397801
43 16 0.148512
44 16 -0.284740
45 16 0.156125
46 16 -0.144262
47 16 -0.651283
48 16 -0.196874
49 16 0.149562
50 16 0.230393
51 16 0.249038
52 16 -0.152669
53 16 -0.830869
54 16 0.107539
55 16 0.400645
56 16 0.348571
57 16 0.510666
58 16 -0.032371
59 16 0.314642
60 16 0.820366
61 16 -0.214668
62 16 0.224255
63 16 0.479876
64 16 -0.047457
65 16 -0.344830
66 16 0.860054
67 16 -0.032801
68 16 -0.191946
69 16 -0.111687
70 16 0.252039
71 16 0.280370
72 16 -0.005926
73 16 -0.438897
74 16 -0.268689
75 16 -0.249073
76 16 0.023003
77 16 0.160027
78 16 0.450184
79 16 0.664888
80 16 0.235535
81 16 -0.141240
82 16 -0.071855
83 16 -0.153655
84 16 -0.218238
85 16 -0.013936
86 16 0.048349
87 16 0.132405
88 16 0.532841
89 16 -0.515404
90 16 0.496283
91 16 0.225919
92 16 0.115963
93 16 -0.101655
94 16 -0.375817
95 16 -0.353304
96 16 -0.202188
97 16 0.213551
98 16 0.341862
99 16 -0.339702
100 16 0.607861
101 16 0.260264
102 16 -0.223666
103 16 0.254498
104 16 0.331078
105 16 -0.830974
106 16 0.054298
107 16 0.023378
108 16 -0.439186
109 16 0.143046
110 16 0.352981
111 16 -0.039252
112 16 -0.003128
113 16 0.114313
114 16 -0.190842
115 16 -0.705198
116 16 -0.259716
117 16 -0.301770
118 16 0.004921
119 16 0.105499
120 16 0.405067
121 16 -0.449423
122 16 -0.045812
123 16 0.224906
124 16 0.265901
125 16 0.221123
126 16 0.067019
127 16 0.460954

0 17 -0.113340
1 17 -0.349919
2 17 -0.787978
3 17 0.086311
4 17 -0.255411
5 17 0.455105
6 17 -0.015604
7 17 -0.451434
8 17 -0.070637
9 17 -0.044461
10 17 -0.022041
11 17 -0.918788
12 17 0.254879
13 17 0.456529
14 17 0.147702
15 17 0.163764
16 17 0.316789
17 17 0.080434
18 17 -0.594519
19 17 0.659230
20 17 0.369590
21 17 0.176362
22 17 -0.770867
23 17 0.294108
24 17 -0.199526
25 17 -0.131600
26 17 -0.072266
27 17 0.228447
28 17 0.350249
29 17 -0.212237
30 17 0.010219
31 17 -0.624134
32 17 -0.235183
33 17 -0.216611
34 17 0.058452
35 17 -0.055410
36 17 0.072522
37 17 -0.255149
38 17 -0.621055
39 17 -0.002271
40 17 -0.320040
41 17 0.395654
42 17 -0.191011
43 17 0.124262
44 17 -0.248831
45 17 0.125094
46 17 -0.132751
47 17 -0.521081
48 17 -0.177131
49 17 0.253147
50 17 0.162772
51 17 0.293788
52 17 -0.240596
53 17 -0.675259
54 17 0.025746
55 17 0.340358
56 17 0.114186
57 17 0.413808
58 17 -0.035787
59 17 0.351047
60 17 0.809985
61 17 -0.163495
62 17 0.188429
63 17 0.532955
64 17 -0.096878
65 17 -0.403011
66 17 0.878606
67 17 -0.022103
68 17 -0.078675
69 17 0.038174
70 17 0.233700
71 17 0.196718
72 17 -0.232027
73 17 -0.351901
74 17 -0.177106
75 17 -0.203813
76 17 0.119971
77 17 0.212564
78 17 0.339793
79 17 0.673599
80 17 0.084317
81 17 -0.094597
82 17 -0.254741
83 17 -0.202947
84 17 -0.231584
85 17 -0.006403
86 17 -0.087213
87 17 0.226090
88 17 0.350446
89 17 -0.422215
90 17 0.384600
91 17 0.238736
92 17 0.127036
93 17 -0.236999
94 17 -0.435267
95 17 -0.271486
96 17 -0.221097
97 17 0.106411
98 17 0.509444
99 17 -0.217254
100 17 0.553138
101 17 0.213986
102 17 -0.167427
103 17 0.398473
104 17 0.247205
105 17 -0.894351
106 17 0.394503
107 17 -0.144999
108 17 -0.482803
109 17 0.068411
110 17 0.250140
111 17 -0.059657
112 17 -0.023557
113 17 0.198533
114 17 -0.315593
115 17 -0.666719
116 17 -0.242410
117 17 -0.377414
118 17 -0.048054
119 17 0.382900
120 17 0.516748
121 17 -0.172750
122 17 0.064006
123 17 0.133696
124 17 0.273189
125 17 0.214290
126 17 -0.097440
127 17 0.336774

0 18 -0.286121
1 18 -0.452493
2 18 -0.359716
3 18 0.057115
4 18 -0.127785
5 18 0.088949
6 18 0.003788
7 18 -0.165718
8 18 -0.093265
9 18 0.021708
10 18 -0.208400
11 18 -0.349313
12 18 -0.133700
13 18 0.387330
14 18 0.062382
15 18 0.005310
16 18 0.191877
17 18 -0.097175
18 18 -0.229944
19 18 0.224542
20 18 0.271223
21 18 0.126107
22 18 -0.368449
23 18 0.380344
24 18 -0.130178
25 18 -0.242454
26 18 -0.025651
27 18 0.049955
28 18 0.350449
29 18 -0.361531
30 18 0.140225
31 18 -0.373259
32 18 -0.323006
33 18 0.044907
34 18 -0.166671
35 18 0.030301
36 18 0.409745
37 18 0.006148
38 18 -0.200840
39 18 -0.094088
40 18 -0.527109
41 18 -0.076417
42 18 -0.360425
43 18 0.224963
44 18 -0.207145
45 18 0.107278
46 18 -0.025886
47 18 -0.384773
48 18 -0.255944
49 18 0.089878
50 18 -0.155334
51 18 0.054042
52 18 -0.241783
53 18 -0.536220
54 18 0.051911
55 18 0.592167
56 18 -0.004705
57 18 -0.235231
58 18 0.046485
59 18 0.583946
60 18 0.176841
61 18 -0.096393
62 18 -0.112571
63 18 0.200846
64 18 -0.243127
65 18 0.099668
66 18 0.237595
67 18 0.107683
68 18 0.134441
69 18 0.002552
70 18 0.210678
71 18 0.224399
72 18 -0.207990
73 18 -0.239597
74 18 0.253901
75 18 -0.469322
76 18 -0.076130
77 18 -0.082325
78 18 0.196635
79 18 0.302244
80 18 -0.104132
81 18 -0.109290
82 18 -0.046469
83 18 -0.163978
84 18 -0.020765
85 18 0.272912
86 18 -0.162428
87 18 0.416084
88 18 0.379623
89 18 -0.288315
90 18 0.285156
91 18 0.013717
92 18 0.228509
93 18 -0.434450
94 18 -0.036450
95 18 -0.194352
96 18 -0.223289
97 18 0.349384
98 18 0.489395
99 18 -0.295487
100 18 0.283496
101 18 0.166694
102 18 -0.025872
103 18 0.062220
104 18 0.216482
105 18 -0.743742
106 18 -0.070804
107 18 0.151237
108 18 -0.376244
109 18 0.114885
110 18 0.155260
111 18 0.248925
112 18 0.115077
113 18 0.091780
114 18 -0.107952
115 18 -0.482992
116 18 -0.172050
117 18 -0.120913
118 18 -0.167203
119 18 0.108513
120 18 0.582722
121 18 -0.294955
122 18 0.065758
123 18 0.275603
124 18 -0.079507
125 18 -0.024530
126 18 0.224736
127 18 0.216008

0 19 -0.035936
1 19 -0.310946
2 19 -0.244095
3 19 0.051966
4 19 -0.089644
5 19 0.165731
6 19 -0.039444
7 19 -0.083497
8 19 -0.331227
9 19 -0.141689
10 19 -0.099244
11 19 -0.344023
12 19 -0.205042
13 19 0.376286
14 19 0.132241
15 19 -0.149935
16 19 -0.033635
17 19 0.109699
18 19 -0.241379
19 19 0.179395
20 19 0.256152
21 19 0.064824
22 19 -0.211883
23 19 0.371264
24 19 -0.011368
25 19 -0.119117
26 19 0.126859
27 19 -0.032888
28 19 0.396442
29 19 -0.312920
30 19 0.022226
31 19 -0.369881
32 19 -0.233420
33 19 0.019578
34 19 -0.121671
35 19 0.146567
36 19 0.252964
37 19 -0.148899
38 19 -0.136555
39 19 0.066143
40 19 -0.514169
41 19 -0.129778
42 19 -0.249794
43 19 0.142517
44 19 -0.064159
45 19 0.096491
46 19 -0.035678
47 19 -0.264274
48 19 -0.177781
49 19 0.136347
50 19 -0.157137
51 19 0.037898
52 19 -0.155956
53 19 -0.428924
54 19 -0.112736
55 19 0.418201
56 19 -0.099747
57 19 -0.320340
58 19 0.075867
59 19 0.609946
60 19 0.094678
61 19 -0.051269
62 19 0.018326
63 19 0.036877
64 19 -0.210978
65 19 0.090178
66 19 0.201349
67 19 0.153686
68 19 0.292966
69 19 0.070510
70 19 0.297345
71 19 0.349017
72 19 -0.251747
73 19 -0.184134
74 19 0.103056
75 19 -0.390773
76 19 0.017869
77 19 -0.031427
78 19 0.123297
79 19 0.404317
80 19 -0.124512
81 19 -0.011805
82 19 -0.163314
83 19 -0.282360
84 19 -0.060167
85 19 0.321793
86 19 -0.147901
87 19 0.491002
88 19 0.112356
89 19 -0.061483
90 19 0.247199
91 19 -0.040691
92 19 0.328277
93 19 -0.425672
94 19 0.090595
95 19 -0.078898
96 19 -0.210294
97 19 0.310885
98 19 0.314279
99 19 -0.289090
100 19 0.215686
101 19 0.178724
102 19 0.128315
103 19 -0.045053
104 19 0.062386
105 19 -0.727808
106 19 0.137494
107 19 0.109629
108 19 -0.317305
109 19 0.191226
110 19 -0.133969
111 19 0.190149
112 19 0.058398
113 19 0.214898
114 19 -0.194102
115 19 -0.296848
116 19 -0.257341
117 19 -0.095646
118 19 0.050002
119 19 0.247342
120 19 0.661590
121 19 -0.027579
122 19 0.020519
123 19 0.022518
124 19 -0.119331
125 19 -0.092644
126 19 0.159527
127 19 0.090833

0 20 -0.127978
1 20 -0.276291
2 20 -0.738497
3 20 0.119393
4 20 -0.173528
5 20 0.477487
6 20 -0.185497
7 20 -0.568764
8 20 -0.071411
9 20 0.168650
10 20 0.364641
11 20 -0.761748
12 20 0.161605
13 20 0.276671
14 20 0.262024
15 20 0.116813
16 20 0.143025
17 20 0.103866
18 20 -0.438466
19 20 0.452758
20 20 0.402703
21 20 0.142200
22 20 -0.520928
23 20 0.502821
24 20 -0.109817
25 20 0.043975
26 20 -0.021567
27 20 0.344707
28 20 0.360605
29 20 -0.075785
30 20 0.135713
31 20 -0.629549
32 20 -0.383032
33 20 -0.193475
34 20 0.176861
35 20 -0.167307
36 20 0.124890
37 20 0.015836
38 20 -0.588253
39 20 -0.117821
40 20 -0.175673
41 20 0.330154
42 20 -0.152113
43 20 0.010584
44 20 -0.258909
45 20 0.356017
46 20 -0.371774
47 20 -0.389433
48 20 -0.112835
49 20 0.075328
50 20 -0.023309
51 20 0.275440
52 20 -0.440154
53 20 -0.780341
54 20 0.019417
55 20 0.062073
56 20 0.103582
57 20 0.249651
58 20 0.154052
59 20 0.292682
60 20 0.559543
61 20 -0.022011
62 20 0.151062
63 20 0.422008
64 20 -0.087921
65 20 -0.526230
66 20 0.533043
67 20 -0.076582
68 20 0.143644
69 20 0.161898
70 20 0.016636
71 20 0.109921
72 20 -0.194062
73 20 -0.235889
74 20 -0.250882
75 20 -0.023295
76 20 0.264720
77 20 0.152091
78 20 0.401879
79 20 0.487459
80 20 0.106574
81 20 -0.013065
82 20 -0.144910
83 20 -0.171011
84 20 -0.130598
85 20 0.090659
86 20 -0.129041
87 20 0.395161
88 20 0.233781
89 20 -0.239770
90 20 0.316940
91 20 0.125684
92 20 0.139727
93 20 -0.202798
94 20 -0.273008
95 20 -0.236129
96 20 -0.274257
97 20 0.106647
98 20 0.648642
99 20 -0.237241
100 20 0.617849
101 20 0.078001
102 20 -0.090736
103 20 0.412357
104 20 0.200103
105 20 -0.921257
106 20 0.297880
107 20 -0.211821
108 20 -0.292747
109 20 -0.072193
110 20 0.219162
111 20 -0.057063
112 20 -0.061240
113 20 0.112658
114 20 -0.230712
115 20 -0.378906
116 20 -0.179692
117 20 -0.233103
118 20 0.028453
119 20 0.426130
120 20 0.391719
121 20 0.146128
122 20 -0.148288
123 20 0.049847
124 20 0.088747
125 20 -0.057687
126 20 0.063468
127 20 0.092954

0 21 -0.182541
1 21 -0.345453
2 21 -0.635612
3 21 0.157570
4 21 -0.228642
5 21 0.531701
6 21 -0.277407
7 21 -0.371856
8 21 -0.225767
9 21 -0.002731
10 21 0.191377
11 21 -0.641598
12 21 0.173762
13 21 0.339969
14 21 0.133160
15 21 0.110261
16 21 0.111911
17 21 0.121509
18 21 -0.534556
19 21 0.568796
20 21 0.560953
21 21 0.165765
22 21 -0.567158
23 21 0.454588
24 21 -0.156613
25 21 0.071438
26 21 -0.132162
27 21 0.168509
28 21 0.194631
29 21 -0.000079
30 21 -0.071504
31 21 -0.679607
32 21 -0.359948
33 21 -0.240826
34 21 0.180386
35 21 -0.046211
36 21 0.062279
37 21 -0.185443
38 21 -0.438670
39 21 -0.112895
40 21 -0.178313
41 21 0.501789
42 21 -0.003122
43 21 0.058442
44 21 -0.202533
45 21 0.280342
46 21 -0.563494
47 21 -0.426804
48 21 -0.124053
49 21 0.125854
50 21 -0.042974
51 21 0.250355
52 21 -0.546873
53 21 -0.808529
54 21 0.007819
55 21 0.025517
56 21 -0.193340
57 21 0.202456
58 21 0.105335
59 21 0.248875
60 21 0.578291
61 21 -0.125789
62 21 0.098488
63 21 0.366522
64 21 -0.158581
65 21 -0.625776
66 21 0.599791
67 21 -0.079882
68 21 0.135850
69 21 0.140681
70 21 -0.104768
71 21 0.058971
72 21 -0.367004
73 21 -0.238940
74 21 -0.214073
75 21 -0.142348
76 21 0.150276
77 21 0.149972
78 21 0.234076
79 21 0.509161
80 21 -0.015781
81 21 -0.000491
82 21 -0.296237
83 21 -0.125720
84 21 -0.182402
85 21 -0.050979
86 21 -0.259781
87 21 0.320277
88 21 0.279257
89 21 -0.335465
90 21 0.207514
91 21 0.102803
92 21 0.003126
93 21 -0.236673
94 21 -0.348428
95 21 -0.148972
96 21 -0.327745
97 21 0.003657
98 21 0.744053
99 21 -0.076929
100 21 0.441615
101 21 0.144126
102 21 -0.132392
103 21 0.653054
104 21 0.170869
105 21 -0.785472
106 21 0.514690
107 21 -0.320947
108 21 -0.161804
109 21 -0.116485
110 21 0.210034
111 21 -0.012046
112 21 -0.171639
113 21 0.263835
114 21 -0.437087
115 21 -0.315347
116 21 -0.155155
117 21 -0.295682
118 21 -0.094388
119 21 0.433676
120 21 0.404436
121 21 0.134256
122 21 -0.107542
123 21 0.119161
124 21 0.173891
125 21 0.179882
126 21 0.080235
127 21 0.054331

0 22 -0.124147
1 22 -0.152840
2 22 -0.671062
3 22 -0.162572
4 22 -0.231773
5 22 0.100782
6 22 0.047380
7 22 -0.308957
8 22 -0.074809
9 22 -0.089782
10 22 0.034732
11 22 -0.636205
12 22 0.252298
13 22 0.150519
14 22 0.204388
15 22 0.102183
16 22 0.419869
17 22 0.123087
18 22 -0.325030
19 22 0.370187
20 22 0.409839
21 22 0.072685
22 22 -0.585582
23 22 0.020208
24 22 -0.147686
25 22 -0.094844
26 22 -0.015577
27 22 0.433454
28 22 0.195337
29 22 -0.240857
30 22 -0.041598
31 22 -0.329538
32 22 -0.102856
33 22 -0.255643
34 22 -0.096406
35 22 -0.031390
36 22 0.074401
37 22 -0.193001
38 22 -0.617489
39 22 0.219898
40 22 -0.336075
41 22 0.586269
42 22 -0.266602
43 22 0.035556
44 22 0.021715
45 22 0.090833
46 22 -0.083753
47 22 -0.433780
48 22 -0.096400
49 22 0.040872
50 22 0.195612
51 22 0.130904
52 22 -0.050643
53 22 -0.560827
54 22 -0.060406
55 22 0.269914
56 22 0.204891
57 22 0.372817
58 22 -0.083244
59 22 0.055501
60 22 0.383167
61 22 -0.252846
62 22 0.229104
63 22 0.385956
64 22 -0.046034
65 22 -0.204407
66 22 0.602888
67 22 0.159504
68 22 -0.210927
69 22 -0.303834
70 22 0.271171
71 22 0.165986
72 22 -0.121899
73 22 -0.252773
74 22 -0.171249
75 22 -0.203392
76 22 0.070351
77 22 0.093672
78 22 0.280453
79 22 0.325107
80 22 0.080955
81 22 0.032161
82 22 -0.138627
83 22 -0.144772
84 22 -0.222449
85 22 -0.129601
86 22 -0.151899
87 22 0.070953
88 22 0.278069
89 22 -0.404783
90 22 0.175930
91 22 0.081629
92 22 0.193814
93 22 -0.057670
94 22 -0.261878
95 22 -0.217555
96 22 -0.081132
97 22 -0.070052
98 22 0.212868
99 22 -0.369678
100 22 0.283383
101 22 0.185627
102 22 -0.089457
103 22 0.233591
104 22 0.329202
105 22 -0.506294
106 22 0.223550
107 22 0.063739
108 22 -0.274927
109 22 0.111249
110 22 0.197537
111 22 0.083628
112 22 -0.104165
113 22 0.185809
114 22 -0.131793
115 22 -0.338802
116 22 -0.125676
117 22 -0.277368
118 22 0.094655
119 22 0.109691
120 22 0.152623
121 22 -0.311207
122 22 -0.064679
123 22 0.108960
124 22 0.238525
125 22 0.338799
126 22 0.031117
127 22 0.295993

0 23 0.038523
1 23 -0.151125
2 23 -0.755117
3 23 -0.219894
4 23 -0.153670
5 23 0.071567
6 23 0.169745
7 23 -0.314179
8 23 -0.062788
9 23 0.115813
10 23 -0.008451
11 23 -0.518289
12 23 0.197922
13 23 0.213907
14 23 0.028721
15 23 0.110577
16 23 0.333860
17 23 -0.002729
18 23 -0.259555
19 23 0.360968
20 23 0.148131
21 23 0.030441
22 23 -0.363088
23 23 0.155073
24 23 -0.039961
25 23 0.045827
26 23 -0.170410
27 23 0.193693
28 23 0.193406
29 23 -0.403457
30 23 0.061494
31 23 -0.137469
32 23 0.000101
33 23 -0.041737
34 23 -0.260783
35 23 -0.182071
36 23 0.123181
37 23 -0.163857
38 23 -0.478268
39 23 -0.056021
40 23 -0.211465
41 23 0.352332
42 23 -0.303083
43 23 0.157492
44 23 -0.138131
45 23 0.184497
46 23 -0.012802
47 23 -0.179650
48 23 -0.012711
49 23 0.054991
50 23 -0.024122
51 23 -0.008987
52 23 -0.013050
53 23 -0.457770
54 23 -0.203099
55 23 0.399768
56 23 0.278209
57 23 0.139817
58 23 -0.137469
59 23 0.236704
60 23 0.219847
61 23 -0.098628
62 23 0.157881
63 23 0.284135
64 23 -0.126882
65 23 -0.033808
66 23 0.481791
67 23 0.193257
68 23 -0.048149
69 23 -0.053461
70 23 0.270225
71 23 0.061342
72 23 -0.273449
73 23 -0.140219
74 23 -0.037388
75 23 -0.280804
76 23 0.110797
77 23 0.102387
78 23 0.201836
79 23 0.247196
80 23 -0.010957
81 23 0.015444
82 23 -0.093771
83 23 -0.266842
84 23 -0.089176
85 23 -0.049679
86 23 -0.299824
87 23 0.241086
88 23 0.246446
89 23 -0.197556
90 23 0.004241
91 23 -0.029242
92 23 0.343893
93 23 -0.273431
94 23 -0.193303
95 23 -0.186353
96 23 -0.219691
97 23 0.014448
98 23 0.287802
99 23 -0.230892
100 23 0.209217
101 23 0.004059
102 23 0.006112
103 23 0.216381
104 23 0.254422
105 23 -0.695293
106 23 0.185545
107 23 -0.018731
108 23 -0.358575
109 23 0.056757
110 23 0.208546
111 23 0.160774
112 23 -0.055614
113 23 0.172914
114 23 -0.062222
115 23 -0.455568
116 23 -0.129278
117 23 -0.183028
118 23 0.002493
119 23 0.379265
120 23 0.217426
121 23 0.001074
122 23 0.085239
123 23 0.185616
124 23 0.153969
125 23 0.164119
126 23 0.034381
127 23 0.313403

0 24 -0.174191
1 24 -0.176178
2 24 0.401319
3 24 0.078260
4 24 -0.025623
5 24 -0.273222
6 24 0.078609
7 24 0.341515
8 24 -0.094880
9 24 0.312258
10 24 -0.057160
11 24 0.364514
12 24 -0.214856
13 24 -0.062984
14 24 -0.007669
15 24 -0.586051
16 24 -0.246557
17 24 -0.257231
18 24 0.037173
19 24 -0.344403
20 24 -0.011895
21 24 -0.015981
22 24 0.018252
23 24 0.221040
24 24 0.034138
25 24 -0.032764
26 24 -0.067607
27 24 -0.238710
28 24 0.174345
29 24 0.062584
30 24 0.085612
31 24 0.034419
32 24 -0.028688
33 24 0.309210
34 24 -0.248887
35 24 0.512342
36 24 0.647358
37 24 0.463586
38 24 0.258338
39 24 -0.179411
40 24 -0.266233
41 24 -0.451172
42 24 -0.415432
43 24 -0.176478
44 24 -0.141051
45 24 -0.017364
46 24 -0.059239
47 24 0.049823
48 24 0.037920
49 24 0.111670
50 24 -0.165129
51 24 -0.224611
52 24 -0.252450
53 24 -0.004564
54 24 0.188716
55 24 -0.038354
56 24 -0.138555
57 24 -0.442443
58 24 0.026202
59 24 0.171067
60 24 -0.419469
61 24 0.212709
62 24 -0.169522
63 24 -0.433829
64 24 -0.047718
65 24 0.276889
66 24 -0.435058
67 24 -0.070709
68 24 0.127043
69 24 0.178940
70 24 -0.186009
71 24 -0.014716
72 24 -0.042218
73 24 0.203301
74 24 0.234644
75 24 0.004270
76 24 -0.252867
77 24 -0.253576
78 24 0.050512
79 24 -0.316100
80 24 -0.012884
81 24 -0.104003
82 24 0.355736
83 24 -0.107394
84 24 0.495284
85 24 0.270341
86 24 -0.007212
87 24 0.122825
88 24 0.031418
89 24 0.203723
90 24 0.260075
91 24 -0.067989
92 24 -0.298235
93 24 0.025273
94 24 0.351296
95 24 0.034166
96 24 -0.034936
97 24 0.568132
98 24 0.064176
99 24 -0.074155
100 24 -0.065463
101 24 -0.147229
102 24 0.190558
103 24 -0.528542
104 24 -0.126576
105 24 0.055625
106 24 -0.179877
107 24 0.387723
108 24 -0.093163
109 24 0.191740
110 24 -0.366680
111 24 0.218926
112 24 0.066457
113 24 -0.024218
114 24 -0.083485
115 24 -0.063927
116 24 -0.074766
117 24 0.133371
118 24 -0.082870
119 24 -0.345043
120 24 -0.086097
121 24 -0.127622
122 24 -0.030080
123 24 0.087851
124 24 -0.381517
125 24 -0.403648
126 24 0.197909
127 24 0.124380

0 25 0.026993
1 25 -0.226299
2 25 0.439625
3 25 -0.001299
4 25 -0.056253
5 25 -0.334259
6 25 0.064830
7 25 0.369283
8 25 -0.333281
9 25 0.214033
10 25 0.102767
11 25 0.418328
12 25 -0.297201
13 25 -0.013204
14 25 -0.013899
15 25 -0.616706
16 25 -0.623905
17 25 -0.191523
18 25 0.184204
19 25 -0.327713
20 25 -0.083146
21 25 -0.120844
22 25 0.246358
23 25 0.135022
24 25 0.170045
25 25 0.105083
26 25 -0.109014
27 25 -0.333067
28 25 0.188631
29 25 -0.021383
30 25 0.040534
31 25 -0.015369
32 25 -0.033147
33 25 0.332385
34 25 -0.324581
35 25 0.623585
36 25 0.532213
37 25 0.367795
38 25 0.313840
39 25 -0.081497
40 25 -0.162540
41 25 -0.411506
42 25 -0.348602
43 25 -0.158797
44 25 -0.040290
45 25 -0.071962
46 25 -0.215371
47 25 0.103058
48 25 0.041305
49 25 0.203340
50 25 -0.177133
51 25 -0.120495
52 25 -0.346665
53 25 0.127491
54 25 0.128395
55 25 -0.036502
56 25 -0.259817
57 25 -0.481273
58 25 -0.059809
59 25 0.141742
60 25 -0.449946
61 25 0.209433
62 25 -0.003463
63 25 -0.350049
64 25 -0.061168
65 25 0.336187
66 25 -0.335916
67 25 0.002044
68 25 0.243488
69 25 0.023011
70 25 -0.233141
71 25 0.087821
72 25 -0.133246
73 25 0.227376
74 25 0.083599
75 25 0.012647
76 25 -0.160110
77 25 -0.214637
78 25 0.087969
79 25 -0.298146
80 25 -0.050725
81 25 0.004430
82 25 0.278660
83 25 -0.227375
84 25 0.453744
85 25 0.322131
86 25 0.001620
87 25 0.081973
88 25 -0.124453
89 25 0.412856
90 25 0.271285
91 25 -0.237312
92 25 -0.222307
93 25 0.039957
94 25 0.435778
95 25 0.073769
96 25 -0.113229
97 25 0.612664
98 25 0.013915
99 25 -0.116986
100 25 -0.111372
101 25 -0.062634
102 25 0.286925
103 25 -0.532139
104 25 -0.004091
105 25 0.131018
106 25 0.075378
107 25 0.359553
108 25 -0.188633
109 25 0.120443
110 25 -0.496607
111 25 0.302464
112 25 -0.042653
113 25 0.073313
114 25 -0.151955
115 25 0.109113
116 25 0.034829
117 25 0.177679
118 25 -0.018050
119 25 -0.167367
120 25 0.170510
121 25 0.130444
122 25 -0.017038
123 25 0.085911
124 25 -0.404383
125 25 -0.386182
126 25 0.146778
127 25 -0.017536

0 26 -0.018722
1 26 -0.002010
2 26 -0.169431
3 26 0.029408
4 26 0.215974
5 26 0.000892
6 26 0.184932
7 26 -0.096264
8 26 -0.185875
9 26 0.267188
10 26 0.047598
11 26 -0.295495
12 26 0.001686
13 26 0.243454
14 26 0.074746
15 26 -0.162414
16 26 0.317060
17 26 -0.061979
18 26 -0.071273
19 26 0.247779
20 26 -0.091055
21 26 -0.401525
22 26 -0.229975
23 26 0.397770
24 26 0.236325
25 26 0.120337
26 26 -0.058454
27 26 0.164471
28 26 0.001942
29 26 -0.158356
30 26 -0.080675
31 26 -0.097992
32 26 0.198883
33 26 0.179425
34 26 -0.332521
35 26 0.310840
36 26 0.366429
37 26 0.016768
38 26 -0.102490
39 26 -0.144589
40 26 -0.389923
41 26 0.003671
42 26 -0.403771
43 26 -0.127863
44 26 -0.008120
45 26 0.026001
46 26 -0.071985
47 26 0.070524
48 26 0.120715
49 26 -0.293968
50 26 0.119616
51 26 -0.484723
52 26 -0.055455
53 26 -0.623191
54 26 -0.460063
55 26 -0.017040
56 26 0.310353
57 26 -0.083080
58 26 -0.048593
59 26 0.108039
60 26 -0.110870
61 26 0.309327
62 26 0.184844
63 26 -0.214781
64 26 0.119518
65 26 0.134052
66 26 -0.049585
67 26 -0.222973
68 26 0.118671
69 26 -0.097824
70 26 0.206855
71 26 -0.005677
72 26 0.005908
73 26 -0.265874
74 26 0.151339
75 26 -0.017624
76 26 -0.187941
77 26 -0.282560
78 26 0.194294
79 26 0.017259
80 26 0.054827
81 26 -0.184829
82 26 0.217665
83 26 -0.329984
84 26 0.055276
85 26 0.281498
86 26 -0.147198
87 26 0.261981
88 26 0.019811
89 26 -0.016612
90 26 0.279098
91 26 0.068975
92 26 0.109285
93 26 -0.006988
94 26 -0.200484
95 26 0.086055
96 26 -0.233540
97 26 0.230991
98 26 0.078848
99 26 -0.205737
100 26 0.155857
101 26 -0.274578
102 26 0.214621
103 26 -0.455238
104 26 -0.064103
105 26 -0.372059
106 26 -0.191280
107 26 0.081198
108 26 -0.458981
109 26 0.179831
110 26 0.062646
111 26 0.223289
112 26 0.121448
113 26 -0.077787
114 26 -0.252109
115 26 -0.120989
116 26 -0.474604
117 26 -0.085110
118 26 0.101961
119 26 0.019929
120 26 -0.126286
121 26 -0.299771
122 26 0.014268
123 26 0.236046
124 26 -0.132839
125 26 -0.018959
126 26 0.077593
127 26 0.486267

0 27 -0.000592
1 27 -0.048181
2 27 -0.094366
3 27 0.087248
4 27 0.182923
5 27 0.183024
6 27 0.165006
7 27 -0.096390
8 27 -0.198080
9 27 0.080669
10 27 0.187688
11 27 -0.338333
12 27 0.006323
13 27 0.267736
14 27 0.161248
15 27 0.033811
16 27 0.179902
17 27 0.072666
18 27 -0.041473
19 27 0.156214
20 27 -0.122143
21 27 -0.271380
22 27 -0.181792
23 27 0.264493
24 27 0.198902
25 27 0.190034
26 27 -0.090950
27 27 0.179771
28 27 0.253925
29 27 -0.101637
30 27 -0.029418
31 27 -0.227565
32 27 0.067986
33 27 -0.039530
34 27 -0.288575
35 27 0.224145
36 27 0.286926
37 27 0.007934
38 27 -0.135309
39 27 0.014141
40 27 -0.227120
41 27 0.136806
42 27 -0.133566
43 27 -0.170295
44 27 0.048347
45 27 0.070015
46 27 -0.079261
47 27 0.011670
48 27 0.083888
49 27 -0.224225
50 27 0.091317
51 27 -0.250218
52 27 -0.085815
53 27 -0.425629
54 27 -0.389730
55 27 -0.125358
56 27 0.200198
57 27 -0.056155
58 27 -0.026143
59 27 0.078373
60 27 0.149790
61 27 0.242040
62 27 0.175824
63 27 0.065752
64 27 0.214451
65 27 -0.076001
66 27 0.150891
67 27 -0.176135
68 27 0.183596
69 27 -0.159372
70 27 0.203931
71 27 0.055848
72 27 0.027657
73 27 -0.188557
74 27 0.043922
75 27 0.110135
76 27 0.020036
77 27 -0.163270
78 27 0.252739
79 27 0.188568
80 27 0.065677
81 27 0.018761
82 27 0.060124
83 27 -0.192630
84 27 0.009531
85 27 0.316984
86 27 -0.095405
87 27 0.160501
88 27 -0.115662
89 27 0.133221
90 27 0.261167
91 27 0.208276
92 27 0.076631
93 27 -0.124500
94 27 -0.220245
95 27 0.089133
96 27 -0.236483
97 27 0.079913
98 27 0.052713
99 27 -0.154906
100 27 0.088661
101 27 -0.202489
102 27 0.222673
103 27 -0.337433
104 27 -0.004102
105 27 -0.355882
106 27 0.070884
107 27 0.021301
108 27 -0.369434
109 27 0.033565
110 27 -0.040179
111 27 -0.035391
112 27 -0.036513
113 27 -0.094917
114 27 -0.347835
115 27 0.029114
116 27 -0.282552
117 27 -0.160573
118 27 0.119970
119 27 0.188272
120 27 0.062724
121 27 -0.196164
122 27 0.051853
123 27 0.173453
124 27 -0.077966
125 27 0.018707
126 27 -0.153986
127 27 0.279698

0 28 -0.185295
1 28 -0.824755
2 28 -0.536509
3 28 0.134164
4 28 0.254398
5 28 0.606383
6 28 -0.101194
7 28 -0.706450
8 28 0.183727
9 28 0.345975
10 28 0.129407
11 28 -0.992795
12 28 0.247610
13 28 0.685926
14 28 -0.177037
15 28 -0.388352
16 28 0.951734
17 28 -0.125003
18 28 -0.741428
19 28 0.636679
20 28 0.520486
21 28 0.035792
22 28 -0.906890
23 28 0.304991
24 28 0.071574
25 28 -0.214911
26 28 0.286873
27 28 0.251769
28 28 0.033295
29 28 -0.133774
30 28 0.058023
31 28 -0.913204
32 28 -0.305030
33 28 -0.121524
34 28 -0.387929
35 28 0.405431
36 28 0.344085
37 28 -0.300656
38 28 -0.610746
39 28 -0.032964
40 28 -0.625613
41 28 0.087797
42 28 -0.613555
43 28 0.328356
44 28 -0.159073
45 28 -0.255863
46 28 -0.380997
47 28 -0.737713
48 28 -0.239264
49 28 0.044381
50 28 0.189095
51 28 -0.084825
52 28 -0.338001
53 28 -1.070257
54 28 0.085580
55 28 0.333917
56 28 0.180764
57 28 0.156448
58 28 0.087869
59 28 0.522087
60 28 0.404475
61 28 0.116228
62 28 -0.125575
63 28 0.332921
64 28 0.032860
65 28 -0.141670
66 28 0.617428
67 28 0.155172
68 28 0.243550
69 28 0.442360
70 28 -0.069232
71 28 0.141829
72 28 0.402016
73 28 -0.504356
74 28 0.211595
75 28 -0.133179
76 28 -0.135433
77 28 -0.413484
78 28 0.213629
79 28 0.423942
80 28 0.349936
81 28 -0.273729
82 28 -0.253051
83 28 -0.405284
84 28 -0.294225
85 28 0.695832
86 28 0.266777
87 28 0.158922
88 28 0.889891
89 28 -0.726983
90 28 0.847178
91 28 -0.014953
92 28 -0.322408
93 28 0.323027
94 28 -0.640579
95 28 -0.260516
96 28 0.275959
97 28 0.668347
98 28 0.825107
99 28 -0.347879
100 28 0.600704
101 28 -0.433320
102 28 -0.210426
103 28 0.121084
104 28 0.389168
105 28 -0.564495
106 28 -0.186551
107 28 -0.056839
108 28 -0.304792
109 28 0.362148
110 28 0.505431
111 28 -0.202543
112 28 -0.125898
113 28 -0.238119
114 28 -0.478868
115 28 -0.454102
116 28 -0.513932
117 28 -0.385643
118 28 -0.025859
119 28 -0.009749
120 28 0.030997
121 28 -1.118562
122 28 -0.076852
123 28 0.955239
124 28 0.230376
125 28 0.133493
126 28 0.121068
127 28 0.922700

0 29 -0.137609
1 29 -0.860798
2 29 -0.385502
3 29 0.392608
4 29 0.312909
5 29 0.790827
6 29 -0.171533
7 29 -0.503779
8 29 0.082016
9 29 0.132625
10 29 0.282958
11 29 -0.921344
12 29 0.210932
13 29 0.791141
14 29 -0.173397
15 29 -0.406816
16 29 0.848561
17 29 0.026492
18 29 -0.704108
19 29 0.333425
20 29 0.626780
21 29 -0.031985
22 29 -0.962244
23 29 0.283108
24 29 0.025092
25 29 -0.173250
26 29 0.253906
27 29 0.151026
28 29 0.188814
29 29 -0.077577
30 29 0.027278
31 29 -0.975489
32 29 -0.359733
33 29 -0.344268
34 29 -0.223941
35 29 0.443540
36 29 0.337923
37 29 -0.308348
38 29 -0.424109
39 29 -0.064668
40 29 -0.519414
41 29 0.164150
42 29 -0.419449
43 29 0.190428
44 29 -0.126085
45 29 -0.177602
46 29 -0.447045
47 29 -0.726158
48 29 -0.380941
49 29 0.163282
50 29 0.073464
51 29 0.051863
52 29 -0.330781
53 29 -0.841301
54 29 0.094702
55 29 0.208576
56 29 -0.147596
57 29 0.207465
58 29 0.060208
59 29 0.521744
60 29 0.467746
61 29 0.184103
62 29 -0.131372
63 29 0.443146
64 29 -0.068941
65 29 -0.339877
66 29 0.630062
67 29 0.163536
68 29 0.380754
69 29 0.640005
70 29 -0.299175
71 29 0.025968
72 29 0.176838
73 29 -0.418031
74 29 0.308197
75 29 -0.056071
76 29 0.076136
77 29 -0.162580
78 29 0.034935
79 29 0.561972
80 29 0.165815
81 29 -0.255062
82 29 -0.307318
83 29 -0.417814
84 29 -0.303685
85 29 0.657139
86 29 0.128732
87 29 0.214834
88 29 0.740699
89 29 -0.754490
90 29 0.739350
91 29 0.016742
92 29 -0.490250
93 29 0.199613
94 29 -0.647651
95 29 -0.163480
96 29 0.314189
97 29 0.584555
98 29 1.011947
99 29 -0.261583
100 29 0.484773
101 29 -0.411770
102 29 -0.193848
103 29 0.183366
104 29 0.221479
105 29 -0.636177
106 29 0.213898
107 29 -0.182884
108 29 -0.179235
109 29 0.351064
110 29 0.293583
111 29 -0.308699
112 29 -0.307180
113 29 -0.035049
114 29 -0.631110
115 29 -0.330324
116 29 -0.513192
117 29 -0.482830
118 29 0.003254
119 29 0.212792
120 29 0.012408
121 29 -0.918706
122 29 -0.076256
123 29 0.874765
124 29 0.178431
125 29 -0.017111
126 29 -0.047687
127 29 0.650173

0 30 -0.289483
1 30 -0.512503
2 30 -0.057880
3 30 0.185729
4 30 0.294736
5 30 0.244847
6 30 0.016022
7 30 -0.063400
8 30 0.209652
9 30 0.346663
10 30 0.123444
11 30 -0.104745
12 30 -0.144451
13 30 0.383506
14 30 -0.113955
15 30 -0.536861
16 30 0.589800
17 30 -0.119874
18 30 -0.234199
19 30 -0.226203
20 30 0.326966
21 30 0.001426
22 30 -0.452557
23 30 0.305631
24 30 -0.054300
25 30 -0.413372
26 30 0.350014
27 30 0.034499
28 30 0.267728
29 30 -0.087174
30 30 0.417838
31 30 -0.275456
32 30 -0.363625
33 30 0.080270
34 30 -0.346373
35 30 0.351046
36 30 0.699609
37 30 0.139843
38 30 -0.014600
39 30 -0.149386
40 30 -0.599990
41 30 -0.370561
42 30 -0.672172
43 30 0.072982
44 30 -0.129649
45 30 -0.130180
46 30 0.041549
47 30 -0.387427
48 30 -0.363392
49 30 -0.052452
50 30 -0.255308
51 30 -0.213710
52 30 0.025205
53 30 -0.524755
54 30 0.102866
55 30 0.430973
56 30 0.019061
57 30 -0.389382
58 30 0.156749
59 30 0.576439
60 30 -0.305838
61 30 0.322781
62 30 -0.309247
63 30 -0.088445
64 30 -0.172756
65 30 0.331283
66 30 -0.293246
67 30 0.134044
68 30 0.578673
69 30 0.593862
70 30 -0.136642
71 30 0.048815
72 30 0.200041
73 30 -0.183999
74 30 0.605528
75 30 -0.193333
76 30 -0.064777
77 30 -0.371979
78 30 -0.086067
79 30 0.133683
80 30 0.044278
81 30 -0.212298
82 30 -0.009092
83 30 -0.262128
84 30 -0.019802
85 30 0.669462
86 30 -0.058162
87 30 0.394458
88 30 0.441767
89 30 -0.525246
90 30 0.522225
91 30 -0.130573
92 30 -0.172111
93 30 -0.047656
94 30 -0.000254
95 30 -0.200649
96 30 0.439653
97 30 0.708692
98 30 0.484723
99 30 -0.317535
100 30 0.227547
101 30 -0.379067
102 30 0.030783
103 30 -0.408828
104 30 0.038110
105 30 -0.373788
106 30 -0.465348
107 30 0.219824
108 30 -0.042187
109 30 0.356764
110 30 0.080980
111 30 0.133096
112 30 0.054219
113 30 -0.209642
114 30 -0.077854
115 30 -0.311826
116 30 -0.388181
117 30 0.043609
118 30 0.121879
119 30 -0.185888
120 30 -0.070424
121 30 -0.778723
122 30 -0.203085
123 30 0.710850
124 30 -0.219796
125 30 -0.319070
126 30 0.252343
127 30 0.544926

0 31 -0.184028
1 31 -0.485387
2 31 -0.093652
3 31 0.150272
4 31 0.267628
5 31 0.276997
6 31 -0.010453
7 31 -0.037709
8 31 0.132699
9 31 0.239998
10 31 0.217697
11 31 -0.052029
12 31 -0.178136
13 31 0.486342
14 31 -0.084262
15 31 -0.531143
16 31 0.479916
17 31 0.032589
18 31 -0.174970
19 31 -0.226257
20 31 0.328018
21 31 -0.175839
22 31 -0.373018
23 31 0.214192
24 31 -0.023993
25 31 -0.343110
26 31 0.404884
27 31 0.059564
28 31 0.272178
29 31 -0.100250
30 31 0.366262
31 31 -0.313901
32 31 -0.323294
33 31 0.020449
34 31 -0.418181
35 31 0.320157
36 31 0.581453
37 31 0.000301
38 31 -0.024545
39 31 -0.059802
40 31 -0.556373
41 31 -0.244245
42 31 -0.658262
43 31 0.010521
44 31 0.025532
45 31 -0.092270
46 31 0.073661
47 31 -0.305026
48 31 -0.298494
49 31 0.077788
50 31 -0.289887
51 31 -0.102196
52 31 0.070256
53 31 -0.399209
54 31 0.041148
55 31 0.301816
56 31 0.026942
57 31 -0.306530
58 31 0.190777
59 31 0.606469
60 31 -0.295521
61 31 0.424746
62 31 -0.274081
63 31 -0.099234
64 31 -0.180893
65 31 0.331519
66 31 -0.247794
67 31 0.226644
68 31 0.641236
69 31 0.465615
70 31 -0.181949
71 31 0.056101
72 31 0.145809
73 31 -0.209448
74 31 0.587900
75 31 -0.180494
76 31 0.078003
77 31 -0.204337
78 31 -0.167044
79 31 0.077925
80 31 -0.011033
81 31 -0.155990
82 31 -0.065700
83 31 -0.281098
84 31 0.028056
85 31 0.747005
86 31 -0.127658
87 31 0.350258
88 31 0.293189
89 31 -0.388496
90 31 0.422131
91 31 -0.271001
92 31 -0.137886
93 31 -0.075822
94 31 0.021457
95 31 -0.200082
96 31 0.470575
97 31 0.654954
98 31 0.414873
99 31 -0.336857
100 31 0.133397
101 31 -0.329709
102 31 0.127571
103 31 -0.421487
104 31 0.086847
105 31 -0.291231
106 31 -0.288373
107 31 0.187794
108 31 -0.029844
109 31 0.349502
110 31 -0.087905
111 31 0.057999
112 31 -0.025696
113 31 -0.087701
114 31 -0.131565
115 31 -0.080706
116 31 -0.344416
117 31 0.029825
118 31 0.164784
119 31 -0.004209
120 31 -0.056268
121 31 -0.600880
122 31 -0.177438
123 31 0.588993
124 31 -0.162533
125 31 -0.320249
126 31 0.169480
127 31 0.453534

0 32 -0.035855
1 32 -0.237140
2 32 -0.469748
3 32 0.096205
4 32 -0.159868
5 32 0.640257
6 32 -0.338563
7 32 -0.483333
8 32 -0.258845
9 32 -0.085809
10 32 0.384443
11 32 -0.841997
12 32 0.139773
13 32 0.323913
14 32 0.292272
15 32 -0.084817
16 32 0.394062
17 32 0.219901
18 32 -0.454675
19 32 0.387946
20 32 0.556827
21 32 0.167127
22 32 -0.499806
23 32 0.190462
24 32 0.058356
25 32 0.264423
26 32 0.214677
27 32 0.167403
28 32 0.194334
29 32 0.061406
30 32 -0.218392
31 32 -0.895369
32 32 -0.265529
33 32 -0.341452
34 32 -0.027241
35 32 0.067870
36 32 -0.068557
37 32 -0.308132
38 32 -0.538564
39 32 0.100334
40 32 -0.129954
41 32 0.611306
42 32 0.046015
43 32 0.044744
44 32 0.092764
45 32 0.125322
46 32 -0.591650
47 32 -0.472268
48 32 0.001722
49 32 -0.000619
50 32 0.110155
51 32 0.347094
52 32 -0.502726
53 32 -0.840855
54 32 -0.062260
55 32 -0.179964
56 32 -0.026494
57 32 0.141422
58 32 0.037415
59 32 0.091855
60 32 0.496450
61 32 -0.072619
62 32 0.164006
63 32 0.335199
64 32 0.047632
65 32 -0.661777
66 32 0.637784
67 32 0.095982
68 32 0.237871
69 32 0.150830
70 32 -0.068756
71 32 -0.061456
72 32 -0.096977
73 32 -0.219251
74 32 -0.317989
75 32 0.007200
76 32 0.138320
77 32 0.065260
78 32 0.168887
79 32 0.399528
80 32 0.027145
81 32 0.129976
82 32 -0.367891
83 32 -0.194766
84 32 -0.340193
85 32 0.254493
86 32 -0.063790
87 32 0.289756
88 32 0.286945
89 32 -0.272985
90 32 0.308360
91 32 0.104598
92 32 -0.019173
93 32 -0.040969
94 32 -0.510407
95 32 0.082888
96 32 -0.063213
97 32 -0.087554
98 32 0.774134
99 32 -0.042647
100 32 0.499345
101 32 -0.078238
102 32 -0.039796
103 32 0.576804
104 32 0.215000
105 32 -0.657583
106 32 0.598098
107 32 -0.246264
108 32 -0.183516
109 32 -0.063642
110 32 0.106697
111 32 -0.248207
112 32 -0.237986
113 32 0.150030
114 32 -0.587444
115 32 0.123752
116 32 -0.148315
117 32 -0.406114
118 32 0.060785
119 32 0.471747
120 32 0.238099
121 32 -0.046672
122 32 -0.131594
123 32 0.112433
124 32 0.290852
125 32 0.089556
126 32 -0.038382
127 32 0.073538

0 33 -0.152807
1 33 -0.434226
2 33 -0.414705
3 33 0.206956
4 33 0.077406
5 33 0.662657
6 33 -0.185985
7 33 -0.349154
8 33 -0.145339
9 33 0.002388
10 33 0.381039
11 33 -0.713611
12 33 0.114854
13 33 0.457132
14 33 -0.103241
15 33 -0.238214
16 33 0.387309
17 33 0.207892
18 33 -0.482778
19 33 0.105818
20 33 0.622311
21 33 0.068103
22 33 -0.519783
23 33 0.212176
24 33 0.032109
25 33 0.038208
26 33 0.148009
27 33 0.028663
28 33 0.111626
29 33 0.102590
30 33 -0.081719
31 33 -0.679999
32 33 -0.300498
33 33 -0.479958
34 33 -0.038703
35 33 0.055757
36 33 0.064599
37 33 -0.176067
38 33 -0.186601
39 33 -0.056477
40 33 -0.238320
41 33 0.406331
42 33 -0.093176
43 33 -0.035995
44 33 -0.019126
45 33 0.037641
46 33 -0.599522
47 33 -0.496235
48 33 -0.078680
49 33 0.055706
50 33 -0.104688
51 33 0.207640
52 33 -0.369316
53 33 -0.674277
54 33 0.018116
55 33 -0.113490
56 33 -0.206288
57 33 0.160496
58 33 -0.035872
59 33 0.235101
60 33 0.234981
61 33 0.150936
62 33 0.003139
63 33 0.210506
64 33 -0.076060
65 33 -0.585509
66 33 0.456947
67 33 0.174549
68 33 0.396315
69 33 0.522566
70 33 -0.225947
71 33 -0.209067
72 33 -0.040211
73 33 -0.211936
74 33 0.055000
75 33 -0.095679
76 33 0.085888
77 33 -0.041591
78 33 -0.008765
79 33 0.332230
80 33 -0.078050
81 33 -0.113921
82 33 -0.316801
83 33 -0.374547
84 33 -0.144998
85 33 0.278536
86 33 -0.190349
87 33 0.379305
88 33 0.302097
89 33 -0.521965
90 33 0.300716
91 33 -0.183485
92 33 -0.258411
93 33 -0.019395
94 33 -0.603489
95 33 -0.064759
96 33 0.025266
97 33 0.173492
98 33 0.834867
99 33 -0.157292
100 33 0.334202
101 33 -0.239072
102 33 -0.012710
103 33 0.465594
104 33 0.132371
105 33 -0.521782
106 33 0.395845
107 33 -0.298759
108 33 -0.146913
109 33 0.113829
110 33 0.074607
111 33 -0.168539
112 33 -0.407529
113 33 0.299169
114 33 -0.549651
115 33 -0.096726
116 33 -0.238031
117 33 -0.305441
118 33 -0.140869
119 33 0.290993
120 33 -0.101888
121 33 -0.276405
122 33 -0.047378
123 33 0.368510
124 33 0.198131
125 33 -0.069522
126 33 0.078735
127 33 0.191963

0 34 0.087137
1 34 -0.351217
2 34 -0.284359
3 34 -0.241148
4 34 0.369069
5 34 0.306634
6 34 0.358816
7 34 -0.381561
8 34 -0.013192
9 34 0.288667
10 34 0.248503
11 34 -0.216820
12 34 0.034796
13 34 0.382843
14 34 -0.409396
15 34 -0.247657
16 34 0.485724
17 34 0.054903
18 34 -0.084336
19 34 0.308566
20 34 0.007732
21 34 -0.249491
22 34 -0.344469
23 34 0.254591
24 34 0.103215
25 34 0.183574
26 34 -0.080957
27 34 0.005735
28 34 0.124214
29 34 -0.376322
30 34 0.107831
31 34 -0.246943
32 34 0.035430
33 34 0.126394
34 34 -0.527567
35 34 0.161876
36 34 0.262325
37 34 -0.260884
38 34 -0.078191
39 34 -0.155318
40 34 -0.364962
41 34 0.176529
42 34 -0.364159
43 34 0.064963
44 34 -0.027520
45 34 -0.056585
46 34 -0.139160
47 34 0.083468
48 34 0.046317
49 34 -0.099065
50 34 -0.239079
51 34 -0.369725
52 34 -0.122954
53 34 -0.621899
54 34 -0.406424
55 34 0.083356
56 34 0.265229
57 34 -0.147588
58 34 -0.067407
59 34 0.369961
60 34 -0.227202
61 34 0.358562
62 34 -0.145719
63 34 0.150752
64 34 -0.012035
65 34 0.196706
66 34 0.116022
67 34 0.409129
68 34 0.257778
69 34 0.173339
70 34 0.017376
71 34 -0.164069
72 34 -0.255294
73 34 -0.190237
74 34 0.449908
75 34 -0.065771
76 34 0.206560
77 34 -0.382051
78 34 -0.067887
79 34 -0.065853
80 34 -0.055884
81 34 -0.178592
82 34 -0.231866
83 34 -0.442599
84 34 -0.145039
85 34 0.493584
86 34 -0.393042
87 34 0.295965
88 34 0.168164
89 34 -0.279804
90 34 0.017262
91 34 -0.180311
92 34 0.102078
93 34 -0.080171
94 34 -0.378290
95 34 0.014407
96 34 0.017311
97 34 0.246089
98 34 0.548239
99 34 -0.324679
100 34 0.160901
101 34 -0.458903
102 34 0.272530
103 34 -0.071304
104 34 0.148937
105 34 -0.466470
106 34 0.072827
107 34 -0.136027
108 34 -0.380395
109 34 0.141452
110 34 0.196615
111 34 0.121529
112 34 -0.001593
113 34 -0.108672
114 34 -0.229054
115 34 -0.156454
116 34 -0.339807
117 34 -0.170542
118 34 -0.010568
119 34 0.382585
120 34 -0.096232
121 34 -0.173305
122 34 0.126814
123 34 0.635378
124 34 -0.014339
125 34 0.183429
126 34 0.047784
127 34 0.527680

0 35 -0.108557
1 35 -0.115377
2 35 -0.321844
3 35 -0.091549
4 35 0.147629
5 35 0.147845
6 35 0.138705
7 35 -0.145748
8 35 0.168874
9 35 0.171085
10 35 0.169315
11 35 -0.384285
12 35 0.048626
13 35 0.260079
14 35 -0.059078
15 35 -0.144652
16 35 0.628112
17 35 0.093932
18 35 -0.135054
19 35 -0.020377
20 35 0.115620
21 35 -0.069549
22 35 -0.395262
23 35 0.157267
24 35 -0.035958
25 35 -0.078071
26 35 0.009131
27 35 0.103440
28 35 0.197913
29 35 -0.161591
30 35 0.082153
31 35 -0.143237
32 35 0.059854
33 35 -0.101814
34 35 -0.381196
35 35 0.035439
36 35 0.349468
37 35 -0.122909
38 35 -0.200213
39 35 -0.066181
40 35 -0.314928
41 35 0.207721
42 35 -0.279589
43 35 -0.101217
44 35 0.003134
45 35 0.002130
46 35 -0.024673
47 35 -0.065176
48 35 -0.087585
49 35 -0.126120
50 35 -0.070538
51 35 -0.173662
52 35 0.065970
53 35 -0.411480
54 35 -0.266444
55 35 0.112503
56 35 0.250390
57 35 -0.043513
58 35 -0.096687
59 35 0.140970
60 35 -0.062113
61 35 0.151092
62 35 -0.019421
63 35 0.097663
64 35 -0.030226
65 35 0.111893
66 35 0.122215
67 35 0.260234
68 35 0.145507
69 35 0.192245
70 35 0.088089
71 35 -0.174605
72 35 -0.044942
73 35 -0.180647
74 35 0.330513
75 35 -0.050286
76 35 0.089268
77 35 -0.182513
78 35 -0.018211
79 35 -0.025112
80 35 0.014900
81 35 -0.023558
82 35 -0.116430
83 35 -0.193516
84 35 -0.099813
85 35 0.299167
86 35 -0.227341
87 35 0.270618
88 35 0.194255
89 35 -0.381715
90 35 0.052162
91 35 -0.022705
92 35 0.105303
93 35 0.027549
94 35 -0.238875
95 35 -0.066783
96 35 0.101873
97 35 0.160949
98 35 0.313165
99 35 -0.298318
100 35 0.056656
101 35 -0.336761
102 35 0.061519
103 35 -0.140979
104 35 0.082158
105 35 -0.381196
106 35 0.013836
107 35 0.099112
108 35 -0.284119
109 35 0.166202
110 35 0.123253
111 35 0.028670
112 35 0.055037
113 35 0.017407
114 35 -0.084215
115 35 -0.147109
116 35 -0.166187
117 35 -0.104940
118 35 -0.001268
119 35 0.168000
120 35 -0.236712
121 35 -0.315622
122 35 0.079040
123 35 0.396915
124 35 -0.003264
125 35 -0.027095
126 35 0.074104
127 35 0.386855

0 36 0.033555
1 36 -0.040848
2 36 0.011415
3 36 -0.168275
4 36 0.030654
5 36 -0.140971
6 36 0.128165
7 36 0.081408
8 36 0.004838
9 36 0.240727
10 36 0.204466
11 36 0.210651
12 36 -0.098495
13 36 0.002828
14 36 -0.045914
15 36 -0.291507
16 36 -0.072208
17 36 -0.014156
18 36 0.112132
19 36 -0.121900
20 36 0.038908
21 36 -0.123480
22 36 0.042836
23 36 0.072509
24 36 0.097013
25 36 0.075205
26 36 -0.115441
27 36 -0.118404
28 36 -0.025877
29 36 0.024639
30 36 -0.064813
31 36 0.138061
32 36 -0.005584
33 36 0.140163
34 36 -0.376342
35 36 0.169053
36 36 0.247455
37 36 0.209133
38 36 0.075800
39 36 -0.180897
40 36 -0.040694
41 36 -0.037889
42 36 -0.179937
43 36 -0.250250
44 36 0.002779
45 36 0.089332
46 36 -0.016722
47 36 0.117380
48 36 0.230419
49 36 -0.038202
50 36 -0.119414
51 36 -0.150921
52 36 -0.019203
53 36 -0.122049
54 36 -0.150595
55 36 -0.137167
56 36 0.096885
57 36 -0.160372
58 36 -0.122496
59 36 -0.006584
60 36 -0.333527
61 36 0.186080
62 36 -0.097428
63 36 -0.269778
64 36 0.024351
65 36 0.146689
66 36 -0.165727
67 36 0.080256
68 36 0.103584
69 36 -0.099778
70 36 -0.005556
71 36 -0.174574
72 36 -0.184497
73 36 0.093922
74 36 0.163694
75 36 0.011587
76 36 0.042341
77 36 -0.199746
78 36 -0.047059
79 36 -0.297016
80 36 -0.152219
81 36 -0.153133
82 36 0.166761
83 36 -0.109540
84 36 0.182210
85 36 0.118603
86 36 -0.210070
87 36 0.098246
88 36 -0.017226
89 36 0.131620
90 36 -0.071608
91 36 -0.102828
92 36 -0.033642
93 36 -0.019911
94 36 -0.042084
95 36 0.072090
96 36 -0.083823
97 36 0.162496
98 36 0.061619
99 36 -0.128644
100 36 -0.160208
101 36 -0.099160
102 36 0.326328
103 36 -0.147977
104 36 0.048152
105 36 -0.007538
106 36 0.052431
107 36 0.195231
108 36 -0.190885
109 36 0.136601
110 36 -0.175871
111 36 0.177522
112 36 0.035520
113 36 0.141715
114 36 -0.115716
115 36 -0.035488
116 36 -0.051844
117 36 0.052218
118 36 -0.100219
119 36 0.024055
120 36 -0.247895
121 36 0.106675
122 36 -0.067591
123 36 0.036622
124 36 -0.181936
125 36 -0.093752
126 36 0.090285
127 36 0.127448

0 37 0.134093
1 37 -0.073900
2 37 0.002113
3 37 -0.213568
4 37 0.046870
5 37 -0.182638
6 37 0.114517
7 37 0.079877
8 37 -0.128183
9 37 0.310700
10 37 0.291855
11 37 0.256367
12 37 -0.116554
13 37 0.042572
14 37 -0.064679
15 37 -0.339824
16 37 -0.067753
17 37 0.043490
18 37 0.108649
19 37 -0.057260
20 37 0.059869
21 37 -0.160451
22 37 0.092224
23 37 0.133858
24 37 0.246703
25 37 0.124363
26 37 -0.150713
27 37 -0.132037
28 37 -0.048651
29 37 -0.048807
30 37 -0.127500
31 37 0.069967
32 37 -0.040601
33 37 0.146396
34 37 -0.406108
35 37 0.127110
36 37 0.191798
37 37 0.160843
38 37 0.113646
39 37 -0.160896
40 37 -0.085275
41 37 -0.066454
42 37 -0.221774
43 37 -0.246479
44 37 -0.048187
45 37 0.025691
46 37 -0.106028
47 37 0.169128
48 37 0.252544
49 37 -0.010871
50 37 -0.068192
51 37 -0.184551
52 37 -0.035073
53 37 -0.138068
54 37 -0.251039
55 37 -0.135238
56 37 0.141426
57 37 -0.156197
58 37 -0.131284
59 37 -0.070588
60 37 -0.306749
61 37 0.158010
62 37 -0.011333
63 37 -0.282588
64 37 0.018556
65 37 0.191795
66 37 -0.108539
67 37 0.105064
68 37 0.138212
69 37 -0.224284
70 37 0.010391
71 37 -0.216824
72 37 -0.204484
73 37 0.069633
74 37 0.047207
75 37 -0.003145
76 37 0.075980
77 37 -0.245830
78 37 -0.023970
79 37 -0.242660
80 37 -0.164372
81 37 -0.166973
82 37 0.135471
83 37 -0.215155
84 37 0.133092
85 37 0.162804
86 37 -0.270425
87 37 0.092214
88 37 0.001011
89 37 0.283036
90 37 -0.078780
91 37 -0.077543
92 37 0.007614
93 37 0.018284
94 37 -0.040008
95 37 0.144747
96 37 -0.158574
97 37 0.195357
98 37 0.031103
99 37 -0.075784
100 37 -0.252354
101 37 -0.091276
102 37 0.405024
103 37 -0.183219
104 37 0.105897
105 37 0.034642
106 37 0.155917
107 37 0.158026
108 37 -0.255589
109 37 0.204572
110 37 -0.294950
111 37 0.254584
112 37 -0.004945
113 37 0.141397
114 37 -0.201288
115 37 0.011100
116 37 -0.084867
117 37 0.047700
118 37 -0.018500
119 37 0.124912
120 37 -0.186511
121 37 0.121734
122 37 -0.084709
123 37 0.028576
124 37 -0.190250
125 37 -0.112485
126 37 0.145359
127 37 0.132626

0 38 0.336702
1 38 0.100424
2 38 -0.161973
3 38 -0.327247
4 38 0.055279
5 38 -0.045925
6 38 0.186345
7 38 0.006312
8 38 -0.202976
9 38 0.261074
10 38 0.234668
11 38 0.207053
12 38 0.048784
13 38 0.173069
14 38 -0.059836
15 38 -0.134218
16 38 0.046088
17 38 0.133895
18 38 0.130875
19 38 0.244487
20 38 0.051965
21 38 -0.367019
22 38 0.032375
23 38 0.118406
24 38 0.234065
25 38 0.322478
26 38 -0.217150
27 38 -0.027645
28 38 -0.132636
29 38 -0.201505
30 38 -0.198543
31 38 0.094257
32 38 0.155278
33 38 0.191676
34 38 -0.427102
35 38 0.005048
36 38 -0.001741
37 38 -0.035627
38 38 0.027014
39 38 -0.142585
40 38 -0.087790
41 38 0.192439
42 38 -0.255378
43 38 -0.219423
44 38 0.058111
45 38 0.081772
46 38 -0.032986
47 38 0.259444
48 38 0.354987
49 38 -0.075197
50 38 -0.083435
51 38 -0.242943
52 38 -0.014619
53 38 -0.355906
54 38 -0.587370
55 38 -0.134850
56 38 0.304981
57 38 -0.119684
58 38 -0.030590
59 38 -0.088352
60 38 -0.238662
61 38 0.269265
62 38 0.095620
63 38 -0.235477
64 38 0.052519
65 38 0.241713
66 38 0.035785
67 38 0.108589
68 38 0.112756
69 38 -0.355219
70 38 0.106511
71 38 -0.181292
72 38 -0.329655
73 38 -0.134044
74 38 0.095208
75 38 -0.069237
76 38 0.214067
77 38 -0.247188
78 38 -0.088143
79 38 -0.122761
80 38 -0.169927
81 38 -0.065275
82 38 0.071468
83 38 -0.207797
84 38 -0.004514
85 38 0.192889
86 38 -0.372273
87 38 0.140330
88 38 0.001594
89 38 0.255059
90 38 -0.200216
91 38 -0.047224
92 38 0.233043
93 38 -0.097469
94 38 -0.157216
95 38 0.243684
96 38 -0.177331
97 38 -0.098640
98 38 -0.025255
99 38 -0.033060
100 38 -0.232079
101 38 -0.137677
102 38 0.438336
103 38 -0.059158
104 38 0.141551
105 38 -0.067123
106 38 0.182617
107 38 0.021330
108 38 -0.357392
109 38 0.105812
110 38 -0.105724
111 38 0.234890
112 38 0.018710
113 38 0.044031
114 38 -0.247999
115 38 0.117738
116 38 -0.125134
117 38 -0.029840
118 38 0.122906
119 38 0.474714
120 38 -0.119834
121 38 0.193655
122 38 -0.008614
123 38 0.074875
124 38 -0.069723
125 38 0.088353
126 38 -0.029727
127 38 0.251347

0 39 0.248646
1 39 0.089028
2 39 -0.137327
3 39 -0.187205
4 39 0.065355
5 39 -0.015160
6 39 0.119961
7 39 0.072041
8 39 -0.228697
9 39 0.200924
10 39 0.215692
11 39 0.091897
12 39 0.018811
13 39 0.174120
14 39 0.044418
15 39 -0.141769
16 39 0.088343
17 39 0.147502
18 39 0.003421
19 39 0.111639
20 39 0.034716
21 39 -0.333359
22 39 -0.006565
23 39 0.127325
24 39 0.274823
25 39 0.243768
26 39 -0.050292
27 39 0.003760
28 39 -0.034885
29 39 -0.103514
30 39 -0.170188
31 39 0.026987
32 39 0.039442
33 39 0.056797
34 39 -0.320703
35 39 -0.010415
36 39 0.009532
37 39 -0.070594
38 39 -0.018693
39 39 -0.019350
40 39 -0.110846
41 39 0.220723
42 39 -0.201248
43 39 -0.272649
44 39 0.097434
45 39 0.091813
46 39 -0.030531
47 39 0.113949
48 39 0.292584
49 39 -0.063796
50 39 -0.043462
51 39 -0.222793
52 39 0.073105
53 39 -0.308288
54 39 -0.545320
55 39 -0.135714
56 39 0.272179
57 39 -0.150587
58 39 0.002486
59 39 -0.093469
60 39 -0.116105
61 39 0.228444
62 39 0.104012
63 39 -0.204182
64 39 0.116228
65 39 0.150624
66 39 0.036162
67 39 0.063252
68 39 0.185589
69 39 -0.231976
70 39 0.143030
71 39 -0.273783
72 39 -0.230547
73 39 -0.074851
74 39 0.016341
75 39 -0.105318
76 39 0.186154
77 39 -0.166746
78 39 -0.053933
79 39 0.011448
80 39 -0.102166
81 39 -0.026278
82 39 -0.030276
83 39 -0.208765
84 39 -0.059717
85 39 0.238455
86 39 -0.317374
87 39 0.180823
88 39 0.019213
89 39 0.259720
90 39 -0.152756
91 39 0.062504
92 39 0.177298
93 39 -0.121913
94 39 -0.156221
95 39 0.208475
96 39 -0.108336
97 39 -0.099516
98 39 -0.039052
99 39 -0.008520
100 39 -0.249405
101 39 -0.165169
102 39 0.352890
103 39 -0.079074
104 39 0.119861
105 39 -0.080463
106 39 0.191926
107 39 0.092845
108 39 -0.238198
109 39 0.169138
110 39 -0.234925
111 39 0.134011
112 39 -0.029442
113 39 0.031190
114 39 -0.300994
115 39 0.065631
116 39 -0.133535
117 39 -0.030229
118 39 0.177913
119 39 0.344865
120 39 -0.079578
121 39 0.128507
122 39 -0.058415
123 39 0.052552
124 39 -0.045461
125 39 0.034018
126 39 -0.071255
127 39 0.192273

0 40 0.091155
1 40 -0.489765
2 40 -0.378105
3 40 0.021479
4 40 0.307325
5 40 0.495889
6 40 -0.133961
7 40 -0.445357
8 40 -0.065096
9 40 0.160526
10 40 0.342780
11 40 -0.602906
12 40 0.130345
13 40 0.571691
14 40 -0.109213
15 40 -0.367573
16 40 0.611981
17 40 0.060670
18 40 -0.352212
19 40 0.434711
20 40 0.371984
21 40 -0.192928
22 40 -0.688368
23 40 0.254775
24 40 0.108165
25 40 0.081590
26 40 0.136809
27 40 0.108726
28 40 0.055816
29 40 -0.233207
30 40 -0.098920
31 40 -0.691368
32 40 -0.018470
33 40 -0.103907
34 40 -0.270613
35 40 0.279707
36 40 0.133879
37 40 -0.299668
38 40 -0.250686
39 40 -0.064367
40 40 -0.344291
41 40 0.271018
42 40 -0.288968
43 40 0.122435
44 40 0.025803
45 40 -0.113706
46 40 -0.373613
47 40 -0.319924
48 40 0.025901
49 40 0.059324
50 40 0.080772
51 40 -0.077008
52 40 -0.428233
53 40 -0.815207
54 40 -0.191401
55 40 -0.041729
56 40 0.156474
57 40 0.083438
58 40 0.010492
59 40 0.164595
60 40 0.136638
61 40 0.281902
62 40 0.020444
63 40 0.176668
64 40 0.043993
65 40 -0.205525
66 40 0.491309
67 40 0.317061
68 40 0.247996
69 40 0.116541
70 40 -0.198851
71 40 -0.143557
72 40 -0.043480
73 40 -0.317407
74 40 0.093550
75 40 0.041919
76 40 0.172021
77 40 -0.311049
78 40 -0.049878
79 40 0.235362
80 40 0.101345
81 40 -0.142731
82 40 -0.217453
83 40 -0.369989
84 40 -0.274031
85 40 0.580029
86 40 -0.149653
87 40 0.192638
88 40 0.518255
89 40 -0.278590
90 40 0.288632
91 40 -0.044006
92 40 -0.176441
93 40 0.229904
94 40 -0.523581
95 40 0.068202
96 40 0.000915
97 40 0.346359
98 40 0.772820
99 40 -0.259353
100 40 0.402204
101 40 -0.361741
102 40 0.126689
103 40 0.120204
104 40 0.175521
105 40 -0.544443
106 40 0.273626
107 40 -0.127897
108 40 -0.383174
109 40 0.161535
110 40 0.215648
111 40 -0.087824
112 40 -0.163111
113 40 -0.032854
114 40 -0.502855
115 40 0.022576
116 40 -0.390800
117 40 -0.383915
118 40 0.134953
119 40 0.497219
120 40 -0.014678
121 40 -0.456904
122 40 -0.124023
123 40 0.649452
124 40 0.052076
125 40 0.195631
126 40 0.009360
127 40 0.501442

0 41 0.039631
1 41 -0.407635
2 41 -0.301620
3 41 0.167211
4 41 0.319260
5 41 0.583310
6 41 -0.091807
7 41 -0.303037
8 41 -0.069241
9 41 0.100947
10 41 0.420434
11 41 -0.577231
12 41 0.130773
13 41 0.594846
14 41 -0.144909
15 41 -0.346560
16 41 0.580976
17 41 0.184065
18 41 -0.382437
19 41 0.088318
20 41 0.437569
21 41 -0.184175
22 41 -0.646419
23 41 0.183802
24 41 0.109635
25 41 0.042722
26 41 0.130218
27 41 0.032849
28 41 0.181536
29 41 -0.103465
30 41 -0.082382
31 41 -0.556937
32 41 -0.075294
33 41 -0.317632
34 41 -0.183163
35 41 0.193897
36 41 0.136660
37 41 -0.178402
38 41 -0.151746
39 41 -0.072108
40 41 -0.270843
41 41 0.297367
42 41 -0.217071
43 41 -0.109814
44 41 0.036041
45 41 -0.085843
46 41 -0.364922
47 41 -0.330578
48 41 -0.071815
49 41 0.097032
50 41 -0.038809
51 41 -0.000732
52 41 -0.279816
53 41 -0.622748
54 41 -0.188275
55 41 -0.093118
56 41 -0.015625
57 41 0.163236
58 41 -0.033176
59 41 0.209001
60 41 0.167570
61 41 0.319961
62 41 0.009794
63 41 0.204725
64 41 0.028284
65 41 -0.292146
66 41 0.423962
67 41 0.294332
68 41 0.344161
69 41 0.374424
70 41 -0.229450
71 41 -0.308724
72 41 -0.083347
73 41 -0.241171
74 41 0.210322
75 41 0.014447
76 41 0.188466
77 41 -0.136597
78 41 -0.106622
79 41 0.284154
80 41 0.006536
81 41 -0.131643
82 41 -0.192828
83 41 -0.419021
84 41 -0.198104
85 41 0.502967
86 41 -0.206664
87 41 0.294325
88 41 0.332764
89 41 -0.418347
90 41 0.227949
91 41 -0.085097
92 41 -0.220042
93 41 0.097764
94 41 -0.561140
95 41 0.039861
96 41 0.072766
97 41 0.280143
98 41 0.712040
99 41 -0.269816
100 41 0.274845
101 41 -0.375112
102 41 0.069914
103 41 0.090285
104 41 0.086453
105 41 -0.537704
106 41 0.355044
107 41 -0.159868
108 41 -0.352397
109 41 0.232756
110 41 0.077461
111 41 -0.139102
112 41 -0.298044
113 41 0.185664
114 41 -0.508400
115 41 -0.072049
116 41 -0.374403
117 41 -0.305201
118 41 0.040968
119 41 0.427102
120 41 -0.220235
121 41 -0.414789
122 41 -0.041564
123 41 0.530348
124 41 0.073314
125 41 -0.038791
126 41 -0.067173
127 41 0.335647

0 42 -0.028228
1 42 -0.292434
2 42 -0.171049
3 42 -0.073645
4 42 0.269690
5 42 0.205100
6 42 0.119342
7 42 -0.143383
8 42 0.243035
9 42 0.172312
10 42 0.254732
11 42 -0.088680
12 42 -0.043263
13 42 0.301648
14 42 -0.092794
15 42 -0.322923
16 42 0.354258
17 42 0.122645
18 42 -0.109320
19 42 -0.074600
20 42 0.158838
21 42 -0.167640
22 42 -0.281930
23 42 0.107088
24 42 0.010176
25 42 -0.139884
26 42 0.163111
27 42 0.054062
28 42 0.116401
29 42 -0.002307
30 42 0.184866
31 42 -0.123034
32 42 -0.147961
33 42 -0.043977
34 42 -0.348490
35 42 0.155230
36 42 0.322011
37 42 -0.023911
38 42 -0.005487
39 42 -0.118622
40 42 -0.287848
41 42 0.053451
42 42 -0.319053
43 42 -0.134750
44 42 0.057397
45 42 -0.027435
46 42 0.113340
47 42 -0.113811
48 42 -0.040527
49 42 0.021032
50 42 -0.221051
51 42 -0.112409
52 42 -0.004354
53 42 -0.336131
54 42 -0.232884
55 42 -0.017086
56 42 0.182674
57 42 -0.136591
58 42 0.004275
59 42 0.271324
60 42 -0.255274
61 42 0.367820
62 42 -0.239917
63 42 -0.096246
64 42 -0.000407
65 42 0.147682
66 42 -0.137380
67 42 0.247575
68 42 0.354727
69 42 0.182632
70 42 -0.046645
71 42 -0.124406
72 42 -0.005648
73 42 -0.086797
74 42 0.488644
75 42 -0.053323
76 42 0.181723
77 42 -0.281335
78 42 -0.185557
79 42 -0.036760
80 42 -0.111874
81 42 -0.184261
82 42 -0.099374
83 42 -0.136232
84 42 -0.097351
85 42 0.539801
86 42 -0.182652
87 42 0.282941
88 42 0.118194
89 42 -0.239745
90 42 0.125768
91 42 -0.253076
92 42 -0.118740
93 42 -0.031516
94 42 -0.244790
95 42 -0.113202
96 42 0.241938
97 42 0.388348
98 42 0.254961
99 42 -0.328876
100 42 -0.002680
101 42 -0.340958
102 42 0.209242
103 42 -0.160956
104 42 0.115172
105 42 -0.197580
106 42 -0.090547
107 42 0.083443
108 42 -0.170297
109 42 0.265849
110 42 -0.060549
111 42 -0.076829
112 42 -0.040081
113 42 0.009021
114 42 -0.150874
115 42 -0.097994
116 42 -0.216756
117 42 -0.044417
118 42 0.038702
119 42 0.153133
120 42 -0.244235
121 42 -0.360095
122 42 -0.090999
123 42 0.313937
124 42 -0.117228
125 42 -0.103683
126 42 0.054501
127 42 0.356128

0 43 0.070501
1 43 -0.236449
2 43 -0.192446
3 43 -0.101661
4 43 0.207566
5 43 0.203290
6 43 0.118473
7 43 -0.112719
8 43 0.114948
9 43 0.200666
10 43 0.299901
11 43 0.015304
12 43 -0.039266
13 43 0.255118
14 43 -0.096880
15 43 -0.313054
16 43 0.316334
17 43 0.184298
18 43 -0.110088
19 43 -0.042150
20 43 0.208357
21 43 -0.200079
22 43 -0.192010
23 43 0.121996
24 43 0.118979
25 43 -0.065684
26 43 0.133217
27 43 0.022710
28 43 0.111137
29 43 -0.090312
30 43 0.096124
31 43 -0.108535
32 43 -0.114487
33 43 -0.027926
34 43 -0.356658
35 43 0.029940
36 43 0.221960
37 43 -0.092391
38 43 -0.024184
39 43 -0.067658
40 43 -0.255152
41 43 0.087880
42 43 -0.350528
43 43 -0.195739
44 43 0.070929
45 43 0.011930
46 43 0.035125
47 43 -0.046225
48 43 0.024716
49 43 0.071303
50 43 -0.218444
51 43 -0.096302
52 43 0.006420
53 43 -0.298349
54 43 -0.272607
55 43 -0.042527
56 43 0.214199
57 43 -0.117050
58 43 0.039491
59 43 0.243846
60 43 -0.255492
61 43 0.375769
62 43 -0.164545
63 43 -0.138927
64 43 -0.004982
65 43 0.201269
66 43 -0.085229
67 43 0.271069
68 43 0.366436
69 43 0.086804
70 43 -0.023744
71 43 -0.195562
72 43 -0.089466
73 43 -0.112709
74 43 0.323630
75 43 -0.099158
76 43 0.185103
77 43 -0.210260
78 43 -0.203390
79 43 -0.066319
80 43 -0.110098
81 43 -0.140955
82 43 -0.082150
83 43 -0.201667
84 43 -0.105838
85 43 0.473552
86 43 -0.275191
87 43 0.241939
88 43 0.081725
89 43 -0.126880
90 43 0.015153
91 43 -0.245013
92 43 -0.033448
93 43 -0.067481
94 43 -0.202627
95 43 -0.049746
96 43 0.197514
97 43 0.281841
98 43 0.213517
99 43 -0.218645
100 43 -0.044659
101 43 -0.303138
102 43 0.245026
103 43 -0.136680
104 43 0.126612
105 43 -0.197719
106 43 0.035600
107 43 0.060409
108 43 -0.170197
109 43 0.252912
110 43 -0.138761
111 43 0.032221
112 43 -0.051265
113 43 0.100028
114 43 -0.197584
115 43 -0.068898
116 43 -0.210237
117 43 -0.029954
118 43 0.072697
119 43 0.245674
120 43 -0.234969
121 43 -0.185744
122 43 -0.093393
123 43 0.281042
124 43 -0.069553
125 43 -0.099575
126 43 0.049104
127 43 0.328401

0 44 0.011738
1 44 -0.034165
2 44 -0.308654
3 44 -0.005650
4 44 -0.045173
5 44 0.316654
6 44 -0.207834
7 44 -0.236944
8 44 -0.212208
9 44 0.046607
10 44 0.374476
11 44 -0.505663
12 44 0.090864
13 44 0.196749
14 44 0.236170
15 44 -0.113149
16 44 0.388836
17 44 0.260677
18 44 -0.296164
19 44 0.084518
20 44 0.431749
21 44 0.048743
22 44 -0.308724
23 44 0.150099
24 44 0.159777
25 44 0.155654
26 44 0.221164
27 44 0.109530
28 44 0.147178
29 44 0.055741
30 44 -0.179328
31 44 -0.475516
32 44 -0.163731
33 44 -0.289933
34 44 -0.092961
35 44 -0.100800
36 44 -0.047842
37 44 -0.213957
38 44 -0.259929
39 44 0.071908
40 44 -0.172094
41 44 0.444481
42 44 -0.053583
43 44 -0.167671
44 44 0.140637
45 44 0.085885
46 44 -0.337209
47 44 -0.274030
48 44 0.103466
49 44 -0.065463
50 44 0.032697
51 44 0.117219
52 44 -0.177176
53 44 -0.614329
54 44 -0.230565
55 44 -0.210600
56 44 0.177605
57 44 -0.046593
58 44 0.000180
59 44 -0.006957
60 44 0.128631
61 44 0.096278
62 44 0.091791
63 44 -0.013696
64 44 0.065506
65 44 -0.319801
66 44 0.303259
67 44 0.185555
68 44 0.224591
69 44 0.072078
70 44 0.099471
71 44 -0.229921
72 44 -0.133994
73 44 -0.099521
74 44 -0.178600
75 44 -0.049522
76 44 0.154215
77 44 -0.055555
78 44 -0.014332
79 44 0.207840
80 44 -0.037835
81 44 0.086665
82 44 -0.238452
83 44 -0.261159
84 44 -0.269527
85 44 0.262522
86 44 -0.234323
87 44 0.360005
88 44 0.162680
89 44 -0.083575
90 44 0.026548
91 44 0.026406
92 44 0.098680
93 44 -0.077805
94 44 -0.340374
95 44 0.101175
96 44 -0.035007
97 44 -0.132128
98 44 0.452344
99 44 -0.074678
100 44 0.174143
101 44 -0.133514
102 44 0.130881
103 44 0.218376
104 44 0.115367
105 44 -0.448981
106 44 0.339826
107 44 -0.044637
108 44 -0.149822
109 44 0.063512
110 44 -0.134907
111 44 -0.030160
112 44 -0.144870
113 44 0.168398
114 44 -0.446661
115 44 0.114884
116 44 -0.108650
117 44 -0.184323
118 44 0.097529
119 44 0.307075
120 44 0.017174
121 44 -0.010939
122 44 -0.174314
123 44 0.061103
124 44 0.163014
125 44 -0.003383
126 44 0.045685
127 44 0.047413

0 45 -0.053700
1 45 -0.085877
2 45 -0.268160
3 45 0.052055
4 45 0.109765
5 45 0.344195
6 45 -0.031713
7 45 -0.152581
8 45 -0.044762
9 45 0.027095
10 45 0.299536
11 45 -0.354107
12 45 0.037885
13 45 0.204735
14 45 -0.002957
15 45 -0.099804
16 45 0.292486
17 45 0.237962
18 45 -0.255852
19 45 -0.070063
20 45 0.404882
21 45 0.077623
22 45 -0.283374
23 45 0.097462
24 45 0.074012
25 45 0.023580
26 45 0.106302
27 45 0.002806
28 45 0.132729
29 45 0.114635
30 45 -0.114592
31 45 -0.261155
32 45 -0.120748
33 45 -0.375566
34 45 -0.150546
35 45 -0.086108
36 45 0.112738
37 45 -0.177584
38 45 -0.136857
39 45 -0.024725
40 45 -0.188210
41 45 0.342998
42 45 -0.073725
43 45 -0.246215
44 45 0.089092
45 45 0.086999
46 45 -0.281598
47 45 -0.208599
48 45 0.043272
49 45 -0.023022
50 45 -0.132804
51 45 0.056117
52 45 -0.074253
53 45 -0.439849
54 45 -0.214384
55 45 -0.150086
56 45 0.052860
57 45 -0.044232
58 45 -0.049605
59 45 0.086554
60 45 0.016856
61 45 0.195360
62 45 -0.025428
63 45 -0.072441
64 45 -0.033217
65 45 -0.249094
66 45 0.197679
67 45 0.182491
68 45 0.287371
69 45 0.263354
70 45 0.068516
71 45 -0.207280
72 45 -0.121969
73 45 -0.087785
74 45 0.087657
75 45 -0.098362
76 45 0.129363
77 45 -0.057887
78 45 -0.071630
79 45 0.093528
80 45 -0.102203
81 45 -0.022477
82 45 -0.214720
83 45 -0.260393
84 45 -0.206302
85 45 0.230437
86 45 -0.308870
87 45 0.407474
88 45 0.022630
89 45 -0.244996
90 45 0.027519
91 45 -0.160119
92 45 0.024036
93 45 -0.162430
94 45 -0.381526
95 45 -0.051307
96 45 0.008480
97 45 -0.049461
98 45 0.404357
99 45 -0.095199
100 45 0.048429
101 45 -0.210851
102 45 0.118924
103 45 0.172137
104 45 0.090316
105 45 -0.386921
106 45 0.240431
107 45 -0.001883
108 45 -0.074745
109 45 0.118650
110 45 -0.068739
111 45 0.009042
112 45 -0.211186
113 45 0.265908
114 45 -0.355946
115 45 -0.042129
116 45 -0.072376
117 45 -0.089751
118 45 -0.001742
119 45 0.205070
120 45 -0.174920
121 45 -0.036880
122 45 -0.082225
123 45 0.175532
124 45 0.089979
125 45 -0.116113
126 45 0.058759
127 45 0.069420

0 46 0.122700
1 46 -0.175432
2 46 -0.206301
3 46 -0.251574
4 46 0.299677
5 46 0.297781
6 46 0.253884
7 46 -0.312428
8 46 -0.022919
9 46 0.126085
10 46 0.327221
11 46 -0.070589
12 46 -0.042692
13 46 0.322198
14 46 -0.271854
15 46 -0.208258
16 46 0.298767
17 46 0.190037
18 46 -0.052473
19 46 0.147655
20 46 0.080987
21 46 -0.211377
22 46 -0.294159
23 46 0.070230
24 46 0.150287
25 46 0.198853
26 46 -0.066055
27 46 -0.077803
28 46 0.089808
29 46 -0.259357
30 46 -0.026461
31 46 -0.164713
32 46 0.075028
33 46 0.010727
34 46 -0.418733
35 46 0.103446
36 46 0.128139
37 46 -0.190367
38 46 0.033062
39 46 -0.156181
40 46 -0.191114
41 46 0.303285
42 46 -0.148103
43 46 -0.160044
44 46 0.095522
45 46 -0.027547
46 46 -0.098291
47 46 0.158116
48 46 0.145814
49 46 -0.098741
50 46 -0.232689
51 46 -0.190375
52 46 -0.168362
53 46 -0.461121
54 46 -0.412947
55 46 -0.144031
56 46 0.235992
57 46 -0.044759
58 46 -0.104282
59 46 0.199476
60 46 -0.221789
61 46 0.393708
62 46 -0.131619
63 46 -0.002667
64 46 0.056605
65 46 0.048911
66 46 0.078943
67 46 0.375450
68 46 0.263579
69 46 -0.021898
70 46 0.062114
71 46 -0.271344
72 46 -0.320144
73 46 -0.111534
74 46 0.327483
75 46 0.022674
76 46 0.288861
77 46 -0.307030
78 46 -0.118794
79 46 -0.137593
80 46 -0.136533
81 46 -0.159849
82 46 -0.171266
83 46 -0.252000
84 46 -0.193115
85 46 0.467748
86 46 -0.444782
87 46 0.321026
88 46 -0.038678
89 46 -0.088119
90 46 -0.054283
91 46 -0.272066
92 46 0.069329
93 46 -0.086226
94 46 -0.386848
95 46 0.072598
96 46 -0.056866
97 46 0.150291
98 46 0.414350
99 46 -0.296712
100 46 0.082679
101 46 -0.356422
102 46 0.377428
103 46 -0.059024
104 46 0.162089
105 46 -0.344683
106 46 0.302160
107 46 0.001267
108 46 -0.409460
109 46 0.130620
110 46 -0.014810
111 46 0.109961
112 46 -0.035256
113 46 0.105449
114 46 -0.269646
115 46 0.004723
116 46 -0.205530
117 46 -0.157809
118 46 0.007281
119 46 0.466951
120 46 -0.147079
121 46 0.055537
122 46 -0.002864
123 46 0.345159
124 46 -0.044666
125 46 0.122983
126 46 0.033437
127 46 0.260737

0 47 0.040129
1 47 -0.065481
2 47 -0.245439
3 47 -0.118142
4 47 0.214916
5 47 0.257358
6 47 0.116772
7 47 -0.194194
8 47 0.079432
9 47 0.169062
10 47 0.346424
11 47 -0.233980
12 47 0.015993
13 47 0.300795
14 47 -0.106446
15 47 -0.224906
16 47 0.463188
17 47 0.191527
18 47 -0.102984
19 47 -0.085480
20 47 0.159403
21 47 -0.153209
22 47 -0.384157
23 47 0.100900
24 47 0.073323
25 47 0.029202
26 47 0.023155
27 47 -0.015954
28 47 0.133570
29 47 -0.163868
30 47 -0.023698
31 47 -0.143520
32 47 0.049620
33 47 -0.099973
34 47 -0.389449
35 47 0.000520
36 47 0.207003
37 47 -0.106664
38 47 -0.066901
39 47 -0.136263
40 47 -0.189767
41 47 0.275816
42 47 -0.180966
43 47 -0.303682
44 47 0.109724
45 47 -0.009579
46 47 -0.106912
47 47 0.051585
48 47 0.047682
49 47 -0.123688
50 47 -0.160176
51 47 -0.114837
52 47 -0.022346
53 47 -0.370772
54 47 -0.375219
55 47 -0.029755
56 47 0.232790
57 47 0.014634
58 47 -0.085049
59 47 0.117073
60 47 -0.110705
61 47 0.322809
62 47 0.006622
63 47 -0.022566
64 47 0.047214
65 47 0.015572
66 47 0.137192
67 47 0.284603
68 47 0.238101
69 47 0.140673
70 47 0.058560
71 47 -0.322742
72 47 -0.194778
73 47 -0.139121
74 47 0.295353
75 47 0.020596
76 47 0.270739
77 47 -0.204557
78 47 -0.077871
79 47 -0.097506
80 47 -0.068068
81 47 -0.102969
82 47 -0.074812
83 47 -0.183740
84 47 -0.098732
85 47 0.393292
86 47 -0.375238
87 47 0.330277
88 47 0.054679
89 47 -0.221680
90 47 -0.043410
91 47 -0.185045
92 47 0.048863
93 47 0.018273
94 47 -0.312843
95 47 0.004429
96 47 0.039087
97 47 0.142454
98 47 0.355330
99 47 -0.306758
100 47 0.055415
101 47 -0.349465
102 47 0.257416
103 47 -0.108176
104 47 0.064644
105 47 -0.403861
106 47 0.203486
107 47 0.144249
108 47 -0.358960
109 47 0.163325
110 47 -0.021937
111 47 0.072919
112 47 0.018428
113 47 0.131714
114 47 -0.166907
115 47 -0.053772
116 47 -0.168873
117 47 -0.102424
118 47 0.039834
119 47 0.326785
120 47 -0.254512
121 47 -0.093185
122 47 -0.051866
123 47 0.292604
124 47 -0.035131
125 47 -0.055387
126 47 0.070988
127 47 0.250270

0 48 -0.283550
1 48 -0.330230
2 48 0.346532
3 48 0.032741
4 48 -0.251121
5 48 -0.188575
6 48 -0.064303
7 48 0.408776
8 48 -0.180603
9 48 -0.040143
10 48 -0.183133
11 48 0.319420
12 48 -0.424190
13 48 -0.035131
14 48 0.096411
15 48 -0.528583
16 48 -0.643046
17 48 -0.297401
18 48 0.074737
19 48 -0.387165
20 48 0.019340
21 48 0.062068
22 48 0.073673
23 48 0.240415
24 48 -0.160843
25 48 -0.091380
26 48 -0.049562
27 48 -0.261620
28 48 0.415895
29 48 -0.047739
30 48 0.263245
31 48 -0.064987
32 48 -0.117125
33 48 0.318410
34 48 -0.155933
35 48 0.421223
36 48 0.664921
37 48 0.498555
38 48 0.243675
39 48 -0.125842
40 48 -0.305353
41 48 -0.435225
42 48 -0.372731
43 48 0.035954
44 48 -0.091490
45 48 0.118513
46 48 -0.006983
47 48 -0.057228
48 48 -0.113269
49 48 0.146876
50 48 -0.255184
51 48 0.044522
52 48 -0.368875
53 48 0.228635
54 48 0.437267
55 48 0.263253
56 48 -0.431607
57 48 -0.634890
58 48 0.026084
59 48 0.351026
60 48 -0.404895
61 48 -0.068594
62 48 -0.175560
63 48 -0.238538
64 48 -0.102398
65 48 0.253185
66 48 -0.455856
67 48 0.010711
68 48 0.296250
69 48 0.167010
70 48 -0.201333
71 48 0.084303
72 48 -0.104629
73 48 0.268880
74 48 0.271718
75 48 -0.207247
76 48 -0.185032
77 48 -0.169362
78 48 0.140563
79 48 -0.296291
80 48 -0.125169
81 48 0.044614
82 48 0.105350
83 48 0.085093
84 48 0.602343
85 48 0.326791
86 48 0.032529
87 48 0.122266
88 48 -0.016550
89 48 0.282435
90 48 0.219669
91 48 -0.200745
92 48 -0.309736
93 48 -0.120739
94 48 0.580510
95 48 -0.018451
96 48 -0.100890
97 48 0.631882
98 48 0.041945
99 48 -0.175057
100 48 -0.040206
101 48 0.023105
102 48 0.069356
103 48 -0.327638
104 48 -0.018475
105 48 -0.163956
106 48 -0.120332
107 48 0.468011
108 48 0.115154
109 48 0.064847
110 48 -0.363314
111 48 0.262990
112 48 0.045978
113 48 0.132089
114 48 0.107716
115 48 0.026062
116 48 0.195523
117 48 0.195963
118 48 -0.035557
119 48 -0.208227
120 48 0.319138
121 48 -0.042122
122 48 0.111607
123 48 0.049088
124 48 -0.378385
125 48 -0.334939
126 48 0.290812
127 48 -0.151660

0 49 -0.136745
1 49 -0.315794
2 49 0.365585
3 49 0.070570
4 49 -0.267428
5 49 -0.298062
6 49 -0.192338
7 49 0.423494
8 49 -0.396244
9 49 0.027877
10 49 -0.032776
11 49 0.227162
12 49 -0.440508
13 49 -0.043734
14 49 0.106635
15 49 -0.611262
16 49 -0.756510
17 49 -0.243704
18 49 0.121330
19 49 -0.405396
20 49 0.050813
21 49 0.102326
22 49 0.229641
23 49 0.347099
24 49 -0.043968
25 49 -0.059222
26 49 0.101701
27 49 -0.227537
28 49 0.357976
29 49 0.062556
30 49 0.199904
31 49 -0.145184
32 49 -0.164571
33 49 0.309174
34 49 -0.096288
35 49 0.465578
36 49 0.555180
37 49 0.415644
38 49 0.265256
39 49 -0.002413
40 49 -0.296583
41 49 -0.578358
42 49 -0.313265
43 49 0.018210
44 49 -0.094090
45 49 0.056052
46 49 -0.127339
47 49 -0.150811
48 49 -0.138809
49 49 0.190636
50 49 -0.208366
51 49 0.055479
52 49 -0.379013
53 49 0.178250
54 49 0.331310
55 49 0.288150
56 49 -0.509073
57 49 -0.760047
58 49 0.002783
59 49 0.285470
60 49 -0.440317
61 49 -0.093953
62 49 -0.031987
63 49 -0.378000
64 49 -0.137687
65 49 0.275658
66 49 -0.428572
67 49 0.076767
68 49 0.384939
69 49 0.196623
70 49 -0.211514
71 49 0.174251
72 49 -0.126521
73 49 0.264207
74 49 0.135041
75 49 -0.225136
76 49 -0.098580
77 49 -0.238124
78 49 0.090344
79 49 -0.083237
80 49 -0.073721
81 49 0.097769
82 49 0.133728
83 49 -0.129836
84 49 0.468079
85 49 0.320905
86 49 0.066002
87 49 0.217172
88 49 0.018787
89 49 0.282159
90 49 0.313038
91 49 -0.270649
92 49 -0.220339
93 49 -0.093029
94 49 0.729563
95 49 -0.008827
96 49 -0.083377
97 49 0.755516
98 49 0.067545
99 49 -0.193735
100 49 -0.008439
101 49 0.051099
102 49 0.095948
103 49 -0.308270
104 49 0.011408
105 49 -0.138284
106 49 -0.032556
107 49 0.444515
108 49 0.057561
109 49 0.108528
110 49 -0.439430
111 49 0.356863
112 49 -0.098337
113 49 0.155494
114 49 0.026046
115 49 0.041641
116 49 0.087463
117 49 0.276253
118 49 0.040734
119 49 -0.236490
120 49 0.463529
121 49 0.023788
122 49 -0.017140
123 49 0.077723
124 49 -0.395930
125 49 -0.451047
126 49 0.315427
127 49 -0.227091

0 50 -0.121841
1 50 -0.120429
2 50 -0.406183
3 50 -0.019617
4 50 -0.191420
5 50 0.213015
6 50 -0.012162
7 50 -0.255504
8 50 -0.161774
9 50 0.068790
10 50 0.028393
11 50 -0.612643
12 50 0.104446
13 50 0.156109
14 50 0.430760
15 50 -0.083784
16 50 0.145223
17 50 0.119360
18 50 -0.331281
19 50 0.281307
20 50 0.160041
21 50 0.084743
22 50 -0.161545
23 50 0.370356
24 50 0.058019
25 50 0.079786
26 50 0.159133
27 50 0.136417
28 50 0.195131
29 50 -0.021754
30 50 -0.007177
31 50 -0.319596
32 50 -0.168686
33 50 -0.171396
34 50 -0.177375
35 50 0.089540
36 50 0.188680
37 50 -0.039735
38 50 -0.537383
39 50 0.087758
40 50 -0.253361
41 50 0.310966
42 50 -0.180546
43 50 -0.037252
44 50 -0.011127
45 50 0.163100
46 50 -0.066769
47 50 -0.283121
48 50 -0.070037
49 50 -0.122373
50 50 0.099252
51 50 0.037383
52 50 -0.061672
53 50 -0.501857
54 50 -0.267040
55 50 0.211959
56 50 0.117573
57 50 -0.110123
58 50 0.020284
59 50 0.213891
60 50 0.197125
61 50 -0.170192
62 50 0.156010
63 50 0.094803
64 50 0.019548
65 50 -0.210875
66 50 0.205456
67 50 -0.074906
68 50 0.170465
69 50 0.080169
70 50 0.359046
71 50 0.154296
72 50 0.136587
73 50 -0.180512
74 50 0.115443
75 50 -0.307106
76 50 0.035907
77 50 0.046642
78 50 0.213963
79 50 0.402417
80 50 -0.069067
81 50 0.105452
82 50 -0.087175
83 50 -0.106125
84 50 -0.050964
85 50 0.091198
86 50 0.005729
87 50 0.388597
88 50 0.152888
89 50 -0.014295
90 50 0.151974
91 50 0.008837
92 50 0.166304
93 50 -0.279992
94 50 -0.066512
95 50 0.065300
96 50 -0.138734
97 50 0.061295
98 50 0.115593
99 50 -0.227295
100 50 0.198511
101 50 0.035192
102 50 -0.080288
103 50 0.122343
104 50 0.198847
105 50 -0.688308
106 50 -0.013313
107 50 0.070353
108 50 -0.267314
109 50 0.032461
110 50 0.119378
111 50 0.103780
112 50 -0.059558
113 50 0.005340
114 50 -0.113354
115 50 -0.202516
116 50 -0.184635
117 50 -0.122468
118 50 0.126594
119 50 0.266034
120 50 0.249436
121 50 -0.149467
122 50 0.056204
123 50 0.039909
124 50 0.032003
125 50 0.052029
126 50 0.067983
127 50 0.196299

0 51 -0.151119
1 51 -0.049746
2 51 -0.277970
3 51 -0.010834
4 51 -0.301328
5 51 0.338146
6 51 -0.008954
7 51 -0.246129
8 51 -0.160172
9 51 -0.086754
10 51 0.059104
11 51 -0.575770
12 51 0.092334
13 51 0.152075
14 51 0.460387
15 51 0.056232
16 51 0.086984
17 51 0.168449
18 51 -0.286812
19 51 0.291949
20 51 0.155464
21 51 0.222528
22 51 -0.248991
23 51 0.238414
24 51 -0.094183
25 51 0.179347
26 51 0.024043
27 51 0.120075
28 51 0.319751
29 51 0.124832
30 51 -0.042194
31 51 -0.498384
32 51 -0.277540
33 51 -0.265819
34 51 -0.036775
35 51 0.049704
36 51 0.118197
37 51 -0.092446
38 51 -0.528822
39 51 0.177349
40 51 -0.113507
41 51 0.435006
42 51 0.062885
43 51 -0.118726
44 51 0.053507
45 51 0.129876
46 51 -0.096869
47 51 -0.321477
48 51 -0.122566
49 51 -0.031799
50 51 0.034888
51 51 0.206395
52 51 -0.238854
53 51 -0.433729
54 51 -0.221569
55 51 0.135616
56 51 -0.022576
57 51 -0.115052
58 51 0.067008
59 51 0.139406
60 51 0.436460
61 51 -0.210704
62 51 0.078192
63 51 0.292840
64 51 0.109544
65 51 -0.391315
66 51 0.382192
67 51 -0.144929
68 51 0.130985
69 51 0.033889
70 51 0.290848
71 51 0.184767
72 51 0.060665
73 51 -0.169136
74 51 0.079097
75 51 -0.178892
76 51 0.138998
77 51 0.036816
78 51 0.270706
79 51 0.473547
80 51 -0.006922
81 51 0.205345
82 51 -0.229880
83 51 0.006025
84 51 -0.107519
85 51 -0.021618
86 51 -0.021941
87 51 0.312727
88 51 -0.039576
89 51 -0.090129
90 51 0.266843
91 51 0.184934
92 51 0.140173
93 51 -0.306259
94 51 -0.104411
95 51 0.025375
96 51 -0.113808
97 51 -0.151734
98 51 0.119681
99 51 -0.156559
100 51 0.223388
101 51 0.061710
102 51 -0.145897
103 51 0.293782
104 51 0.211973
105 51 -0.618494
106 51 0.201154
107 51 0.003809
108 51 -0.287508
109 51 -0.114172
110 51 0.070407
111 51 -0.090807
112 51 -0.064377
113 51 -0.087262
114 51 -0.230319
115 51 -0.152000
116 51 0.013686
117 51 -0.227649
118 51 0.090824
119 51 0.286451
120 51 0.421966
121 51 -0.132403
122 51 0.120190
123 51 -0.141366
124 51 0.154324
125 51 0.053282
126 51 -0.131707
127 51 0.013996

0 52 -0.270858
1 52 -0.630403
2 52 -0.589598
3 52 -0.037718
4 52 -0.363901
5 52 0.565715
6 52 -0.158496
7 52 -0.654163
8 52 0.150748
9 52 0.099783
10 52 0.095895
11 52 -0.906038
12 52 0.206554
13 52 0.340713
14 52 0.116127
15 52 -0.233081
16 52 0.551007
17 52 0.107958
18 52 -0.633570
19 52 0.583212
20 52 0.645910
21 52 0.400700
22 52 -0.652943
23 52 0.192749
24 52 -0.160171
25 52 -0.121369
26 52 0.265492
27 52 0.210117
28 52 0.186866
29 52 -0.059001
30 52 0.037197
31 52 -0.886271
32 52 -0.544229
33 52 -0.235109
34 52 -0.229236
35 52 0.052735
36 52 0.171823
37 52 -0.297712
38 52 -0.794262
39 52 0.094325
40 52 -0.377446
41 52 0.422404
42 52 -0.269755
43 52 0.204911
44 52 -0.043612
45 52 0.000479
46 52 -0.342104
47 52 -0.814210
48 52 -0.291642
49 52 0.238755
50 52 0.025373
51 52 0.458017
52 52 -0.335662
53 52 -0.872471
54 52 0.237925
55 52 0.382691
56 52 0.007529
57 52 0.069658
58 52 0.032498
59 52 0.479959
60 52 0.501784
61 52 -0.288597
62 52 -0.223493
63 52 0.404964
64 52 -0.083347
65 52 -0.333960
66 52 0.650671
67 52 0.197675
68 52 0.180967
69 52 0.290949
70 52 0.160430
71 52 0.237264
72 52 0.218623
73 52 -0.360387
74 52 0.084576
75 52 -0.419587
76 52 0.097866
77 52 -0.049048
78 52 0.173942
79 52 0.497171
80 52 0.067420
81 52 -0.021184
82 52 -0.448884
83 52 -0.124891
84 52 -0.298817
85 52 0.271738
86 52 0.185004
87 52 0.227270
88 52 0.683256
89 52 -0.556206
90 52 0.486590
91 52 -0.045319
92 52 -0.126706
93 52 -0.045106
94 52 -0.444056
95 52 -0.164555
96 52 0.230366
97 52 0.387952
98 52 0.763941
99 52 -0.312461
100 52 0.532103
101 52 -0.019624
102 52 -0.279414
103 52 0.575991
104 52 0.555157
105 52 -0.606274
106 52 0.145400
107 52 -0.020361
108 52 -0.294194
109 52 0.202223
110 52 0.419611
111 52 -0.210970
112 52 -0.021543
113 52 -0.036451
114 52 -0.303948
115 52 -0.423747
116 52 -0.134523
117 52 -0.301158
118 52 -0.009852
119 52 0.246119
120 52 0.344272
121 52 -0.574177
122 52 0.012849
123 52 0.448942
124 52 0.374600
125 52 0.182351
126 52 0.155608
127 52 0.453995

0 53 -0.271833
1 53 -0.661539
2 53 -0.527840
3 53 0.060523
4 53 -0.260059
5 53 0.600057
6 53 -0.142955
7 53 -0.530793
8 53 0.156618
9 53 0.010963
10 53 0.159396
11 53 -0.845053
12 53 0.092465
13 53 0.360952
14 53 -0.044559
15 53 -0.182270
16 53 0.507970
17 53 0.140968
18 53 -0.576564
19 53 0.397590
20 53 0.630474
21 53 0.356690
22 53 -0.652591
23 53 0.201385
24 53 -0.196966
25 53 -0.161272
26 53 0.167278
27 53 0.149783
28 53 0.294016
29 53 -0.091744
30 53 0.048484
31 53 -0.825573
32 53 -0.458372
33 53 -0.302756
34 53 -0.154365
35 53 -0.004338
36 53 0.217729
37 53 -0.229398
38 53 -0.617078
39 53 -0.027399
40 53 -0.370727
41 53 0.372903
42 53 -0.212421
43 53 0.138720
44 53 -0.060884
45 53 0.047427
46 53 -0.315086
47 53 -0.743504
48 53 -0.373528
49 53 0.271676
50 53 -0.020973
51 53 0.491851
52 53 -0.352496
53 53 -0.695839
54 53 0.278326
55 53 0.357006
56 53 -0.106549
57 53 0.090849
58 53 0.012374
59 53 0.471133
60 53 0.446411
61 53 -0.185771
62 53 -0.217457
63 53 0.376302
64 53 -0.101444
65 53 -0.364524
66 53 0.568191
67 53 0.234287
68 53 0.210628
69 53 0.341186
70 53 0.071397
71 53 0.092574
72 53 0.118299
73 53 -0.327666
74 53 0.181664
75 53 -0.334102
76 53 0.152415
77 53 -0.001384
78 53 0.144966
79 53 0.406698
80 53 -0.033083
81 53 -0.020048
82 53 -0.404952
83 53 -0.154833
84 53 -0.140205
85 53 0.312332
86 53 0.094848
87 53 0.240680
88 53 0.564954
89 53 -0.607246
90 53 0.415783
91 53 -0.066817
92 53 -0.175896
93 53 -0.043593
94 53 -0.483738
95 53 -0.170991
96 53 0.220424
97 53 0.364170
98 53 0.822889
99 53 -0.286445
100 53 0.407528
101 53 -0.056181
102 53 -0.259777
103 53 0.554793
104 53 0.471453
105 53 -0.553590
106 53 0.266927
107 53 -0.040413
108 53 -0.273969
109 53 0.208402
110 53 0.306676
111 53 -0.216047
112 53 -0.081749
113 53 0.088363
114 53 -0.338373
115 53 -0.417082
116 53 -0.100587
117 53 -0.378615
118 53 -0.085630
119 53 0.308131
120 53 0.256339
121 53 -0.540860
122 53 0.063114
123 53 0.443773
124 53 0.335991
125 53 0.061219
126 53 0.116584
127 53 0.346187

0 54 -0.319889
1 54 -0.560006
2 54 -0.204299
3 54 0.021701
4 54 -0.136546
5 54 0.310723
6 54 -0.112655
7 54 -0.121986
8 54 0.201542
9 54 0.053181
10 54 0.042686
11 54 -0.286562
12 54 -0.336224
13 54 0.311075
14 54 -0.088410
15 54 -0.189843
16 54 0.259085
17 54 -0.034365
18 54 -0.163585
19 54 -0.076522
20 54 0.468471
21 54 0.231692
22 54 -0.278182
23 54 0.177643
24 54 -0.233642
25 54 -0.385523
26 54 0.185243
27 54 0.017820
28 54 0.330085
29 54 -0.175290
30 54 0.329405
31 54 -0.382858
32 54 -0.347961
33 54 -0.040693
34 54 -0.314843
35 54 0.001418
36 54 0.514652
37 54 0.091875
38 54 -0.137723
39 54 -0.165914
40 54 -0.474000
41 54 -0.057172
42 54 -0.387186
43 54 0.198149
44 54 -0.033501
45 54 0.083776
46 54 0.001564
47 54 -0.486909
48 54 -0.326666
49 54 0.122520
50 54 -0.291525
51 54 0.294039
52 54 -0.195450
53 54 -0.385711
54 54 0.344661
55 54 0.520004
56 54 -0.193290
57 54 -0.419600
58 54 0.189814
59 54 0.604343
60 54 -0.126653
61 54 0.025722
62 54 -0.338451
63 54 0.062265
64 54 -0.242508
65 54 0.194781
66 54 -0.073122
67 54 0.284326
68 54 0.469977
69 54 0.299602
70 54 -0.062186
71 54 0.062388
72 54 0.064184
73 54 -0.214821
74 54 0.433137
75 54 -0.333598
76 54 0.059546
77 54 -0.129761
78 54 -0.046486
79 54 0.061469
80 54 -0.178494
81 54 -0.062775
82 54 -0.208401
83 54 -0.047599
84 54 0.053595
85 54 0.535676
86 54 -0.022773
87 54 0.302767
88 54 0.358050
89 54 -0.427784
90 54 0.310878
91 54 -0.189022
92 54 -0.052552
93 54 -0.233532
94 54 -0.009598
95 54 -0.187909
96 54 0.234080
97 54 0.517661
98 54 0.627842
99 54 -0.306150
100 54 0.234545
101 54 0.005202
102 54 -0.057606
103 54 0.096093
104 54 0.346886
105 54 -0.389207
106 54 -0.177441
107 54 0.241602
108 54 -0.051247
109 54 0.111217
110 54 0.146988
111 54 0.160049
112 54 0.081557
113 54 0.048461
114 54 -0.038493
115 54 -0.181050
116 54 0.015495
117 54 -0.030399
118 54 -0.093256
119 54 0.097859
120 54 0.237382
121 54 -0.417878
122 54 -0.019675
123 54 0.498372
124 54 0.004031
125 54 -0.194241
126 54 0.260084
127 54 0.213377

0 55 -0.174818
1 55 -0.476589
2 55 -0.190362
3 55 -0.009142
4 55 -0.097909
5 55 0.298036
6 55 -0.193684
7 55 -0.040792
8 55 0.041506
9 55 0.052471
10 55 0.091132
11 55 -0.226571
12 55 -0.413476
13 55 0.309378
14 55 -0.153595
15 55 -0.291769
16 55 0.269638
17 55 0.080463
18 55 -0.102008
19 55 -0.141590
20 55 0.497328
21 55 0.213855
22 55 -0.198901
23 55 0.231643
24 55 -0.101036
25 55 -0.399034
26 55 0.354520
27 55 0.054613
28 55 0.385406
29 55 -0.147126
30 55 0.281730
31 55 -0.314482
32 55 -0.321067
33 55 -0.028912
34 55 -0.353451
35 55 -0.055910
36 55 0.460708
37 55 -0.079201
38 55 -0.149850
39 55 -0.066540
40 55 -0.518586
41 55 -0.169864
42 55 -0.445807
43 55 0.116949
44 55 0.054237
45 55 0.106869
46 55 0.016873
47 55 -0.424435
48 55 -0.284651
49 55 0.152308
50 55 -0.272255
51 55 0.243520
52 55 -0.020357
53 55 -0.311974
54 55 0.261415
55 55 0.476997
56 55 -0.175672
57 55 -0.486358
58 55 0.190404
59 55 0.646222
60 55 -0.268920
61 55 0.085608
62 55 -0.249886
63 55 -0.083494
64 55 -0.273596
65 55 0.283405
66 55 -0.193826
67 55 0.428713
68 55 0.604458
69 55 0.285386
70 55 -0.007648
71 55 0.114436
72 55 0.041057
73 55 -0.218048
74 55 0.396489
75 55 -0.380448
76 55 0.124376
77 55 -0.105015
78 55 -0.138898
79 55 0.101858
80 55 -0.203694
81 55 -0.021171
82 55 -0.226646
83 55 -0.162689
84 55 0.029650
85 55 0.598751
86 55 -0.086865
87 55 0.364565
88 55 0.281409
89 55 -0.318311
90 55 0.242299
91 55 -0.246766
92 55 0.022717
93 55 -0.274488
94 55 0.133227
95 55 -0.149484
96 55 0.281598
97 55 0.563577
98 55 0.479698
99 55 -0.340424
100 55 0.136081
101 55 -0.011916
102 55 0.073599
103 55 -0.019680
104 55 0.261917
105 55 -0.376243
106 55 -0.107826
107 55 0.230302
108 55 0.034623
109 55 0.235829
110 55 -0.032923
111 55 0.156395
112 55 -0.019513
113 55 0.141299
114 55 -0.072798
115 55 -0.095280
116 55 -0.095856
117 55 0.028228
118 55 0.005580
119 55 0.092724
120 55 0.210359
121 55 -0.357865
122 55 -0.064435
123 55 0.441463
124 55 -0.029081
125 55 -0.248482
126 55 0.307842
127 55 0.142142

0 56 -0.198766
1 56 -0.273276
2 56 -0.550063
3 56 -0.016146
4 56 -0.424225
5 56 0.711608
6 56 -0.181881
7 56 -0.633188
8 56 -0.092135
9 56 -0.091858
10 56 0.247309
11 56 -0.891447
12 56 0.251298
13 56 0.254295
14 56 0.331796
15 56 -0.053810
16 56 0.237933
17 56 0.281226
18 56 -0.533318
19 56 0.555715
20 56 0.573284
21 56 0.347375
22 56 -0.534100
23 56 0.204176
24 56 -0.083560
25 56 0.294807
26 56 0.100612
27 56 0.170264
28 56 0.237017
29 56 0.100270
30 56 -0.092699
31 56 -0.907160
32 56 -0.443092
33 56 -0.351619
34 56 -0.049604
35 56 0.056496
36 56 -0.002690
37 56 -0.196876
38 56 -0.824266
39 56 0.157800
40 56 -0.098737
41 56 0.738868
42 56 0.044529
43 56 -0.003226
44 56 0.048592
45 56 0.128303
46 56 -0.507758
47 56 -0.590258
48 56 -0.143670
49 56 0.110095
50 56 0.044621
51 56 0.526293
52 56 -0.529397
53 56 -0.818406
54 56 0.053691
55 56 0.021056
56 56 -0.082945
57 56 0.222556
58 56 0.043347
59 56 0.258700
60 56 0.661129
61 56 -0.286403
62 56 0.021957
63 56 0.518547
64 56 0.040937
65 56 -0.698148
66 56 0.739042
67 56 -0.030185
68 56 0.177769
69 56 0.136379
70 56 0.094441
71 56 0.175491
72 56 0.009380
73 56 -0.267893
74 56 -0.182424
75 56 -0.196404
76 56 0.144554
77 56 0.102892
78 56 0.330637
79 56 0.463989
80 56 0.059090
81 56 0.222001
82 56 -0.440136
83 56 -0.025705
84 56 -0.234349
85 56 0.044224
86 56 0.055542
87 56 0.302059
88 56 0.305327
89 56 -0.377064
90 56 0.366875
91 56 0.033626
92 56 0.047308
93 56 -0.138293
94 56 -0.436406
95 56 0.001050
96 56 0.010503
97 56 -0.059362
98 56 0.653615
99 56 -0.108571
100 56 0.523128
101 56 0.037829
102 56 -0.211026
103 56 0.719157
104 56 0.418290
105 56 -0.642124
106 56 0.466883
107 56 -0.198731
108 56 -0.281218
109 56 -0.128059
110 56 0.341125
111 56 -0.258586
112 56 -0.163393
113 56 0.095247
114 56 -0.365667
115 56 -0.107899
116 56 0.010923
117 56 -0.361760
118 56 0.030113
119 56 0.452308
120 56 0.397913
121 56 -0.123723
122 56 0.021627
123 56 0.027550
124 56 0.410243
125 56 0.163227
126 56 -0.029113
127 56 0.126770

0 57 -0.256795
1 57 -0.607151
2 57 -0.522556
3 57 0.117121
4 57 -0.156698
5 57 0.699465
6 57 -0.184211
7 57 -0.448241
8 57 -0.008767
9 57 -0.016445
10 57 0.278010
11 57 -0.720315
12 57 0.000747
13 57 0.430039
14 57 -0.138013
15 57 -0.170725
16 57 0.305652
17 57 0.135058
18 57 -0.479510
19 57 0.324675
20 57 0.649843
21 57 0.210455
22 57 -0.583225
23 57 0.291789
24 57 -0.202597
25 57 -0.032479
26 57 0.042854
27 57 0.041829
28 57 0.219312
29 57 -0.056623
30 57 0.027640
31 57 -0.823902
32 57 -0.365237
33 57 -0.326886
34 57 -0.037147
35 57 -0.019602
36 57 0.177158
37 57 -0.159135
38 57 -0.363232
39 57 -0.117748
40 57 -0.283302
41 57 0.420305
42 57 -0.093347
43 57 0.103568
44 57 -0.087795
45 57 0.122802
46 57 -0.567388
47 57 -0.636782
48 57 -0.287841
49 57 0.227040
50 57 -0.148316
51 57 0.415278
52 57 -0.590915
53 57 -0.707723
54 57 0.186396
55 57 0.192441
56 57 -0.284880
57 57 0.084933
58 57 0.051116
59 57 0.360013
60 57 0.349403
61 57 -0.052002
62 57 -0.084322
63 57 0.332784
64 57 -0.146060
65 57 -0.536320
66 57 0.515235
67 57 0.191410
68 57 0.345963
69 57 0.431731
70 57 -0.209278
71 57 -0.027943
72 57 -0.050027
73 57 -0.309354
74 57 0.115915
75 57 -0.263394
76 57 0.127768
77 57 -0.060302
78 57 0.083772
79 57 0.342867
80 57 -0.055003
81 57 -0.050952
82 57 -0.419183
83 57 -0.243040
84 57 -0.031276
85 57 0.249588
86 57 -0.117789
87 57 0.335391
88 57 0.386403
89 57 -0.580483
90 57 0.364513
91 57 -0.199507
92 57 -0.173185
93 57 -0.075289
94 57 -0.502430
95 57 -0.164864
96 57 0.022614
97 57 0.304725
98 57 0.968980
99 57 -0.191646
100 57 0.398517
101 57 -0.097252
102 57 -0.192939
103 57 0.669801
104 57 0.332356
105 57 -0.570370
106 57 0.397360
107 57 -0.265114
108 57 -0.212070
109 57 0.007745
110 57 0.267748
111 57 -0.153773
112 57 -0.265897
113 57 0.194482
114 57 -0.400164
115 57 -0.244126
116 57 -0.144493
117 57 -0.359797
118 57 -0.168014
119 57 0.392682
120 57 0.185255
121 57 -0.330329
122 57 0.048988
123 57 0.396778
124 57 0.273869
125 57 -0.035394
126 57 0.149420
127 57 0.198316

0 58 -0.107533
1 58 -0.561211
2 58 -0.506836
3 58 -0.158347
4 58 0.034559
5 58 0.348823
6 58 0.037291
7 58 -0.404754
8 58 0.025539
9 58 0.182683
10 58 0.047889
11 58 -0.477788
12 58 -0.081437
13 58 0.304640
14 58 -0.296357
15 58 -0.155546
16 58 0.496098
17 58 0.020261
18 58 -0.297056
19 58 0.311115
20 58 0.400379
21 58 0.209894
22 58 -0.401005
23 58 0.299047
24 58 -0.053237
25 58 -0.059005
26 58 0.127622
27 58 0.091844
28 58 0.279846
29 58 -0.338925
30 58 0.150627
31 58 -0.519394
32 58 -0.234725
33 58 -0.015684
34 58 -0.302819
35 58 -0.017873
36 58 0.252380
37 58 -0.308850
38 58 -0.284812
39 58 -0.118989
40 58 -0.428045
41 58 0.060793
42 58 -0.364366
43 58 0.307315
44 58 -0.108481
45 58 0.046256
46 58 -0.158469
47 58 -0.338716
48 58 -0.219036
49 58 0.191189
50 58 -0.169829
51 58 0.063114
52 58 -0.230048
53 58 -0.635970
54 58 0.005441
55 58 0.376349
56 58 0.092225
57 58 -0.292031
58 58 -0.021373
59 58 0.491061
60 58 -0.018084
61 58 0.039953
62 58 -0.196239
63 58 0.232873
64 58 -0.258411
65 58 0.135822
66 58 0.267456
67 58 0.524922
68 58 0.239355
69 58 0.307417
70 58 0.071364
71 58 0.116237
72 58 -0.130351
73 58 -0.262336
74 58 0.342775
75 58 -0.345439
76 58 0.199250
77 58 -0.172202
78 58 -0.058784
79 58 0.188084
80 58 -0.073366
81 58 0.017228
82 58 -0.347222
83 58 -0.372978
84 58 -0.165898
85 58 0.433313
86 58 -0.113384
87 58 0.327392
88 58 0.493216
89 58 -0.457967
90 58 0.122426
91 58 -0.118648
92 58 0.121495
93 58 -0.222220
94 58 -0.241210
95 58 -0.170914
96 58 0.075887
97 58 0.366612
98 58 0.714215
99 58 -0.245883
100 58 0.282388
101 58 -0.153417
102 58 -0.007509
103 58 0.306273
104 58 0.352916
105 58 -0.647253
106 58 0.157433
107 58 -0.069433
108 58 -0.211784
109 58 0.142812
110 58 0.257679
111 58 0.040212
112 58 -0.088525
113 58 -0.011615
114 58 -0.224651
115 58 -0.338406
116 58 -0.217032
117 58 -0.184563
118 58 -0.050490
119 58 0.376587
120 58 0.224343
121 58 -0.233616
122 58 0.103786
123 58 0.610531
124 58 0.145976
125 58 0.003486
126 58 0.102768
127 58 0.395872

0 59 -0.151548
1 59 -0.280598
2 59 -0.463453
3 59 -0.129786
4 59 -0.140748
5 59 0.251948
6 59 -0.020244
7 59 -0.283438
8 59 0.153842
9 59 0.064695
10 59 0.071435
11 59 -0.563540
12 59 0.038884
13 59 0.164713
14 59 0.004777
15 59 -0.097128
16 59 0.526901
17 59 0.106443
18 59 -0.332610
19 59 0.142635
20 59 0.343894
21 59 0.261153
22 59 -0.377495
23 59 0.130187
24 59 -0.121888
25 59 -0.135687
26 59 0.154350
27 59 0.137344
28 59 0.279470
29 59 -0.159502
30 59 0.134212
31 59 -0.377834
32 59 -0.152994
33 59 -0.181482
34 59 -0.251065
35 59 -0.120206
36 59 0.221251
37 59 -0.182965
38 59 -0.412609
39 59 0.030706
40 59 -0.311063
41 59 0.231977
42 59 -0.261722
43 59 0.083651
44 59 -0.004984
45 59 0.044165
46 59 -0.053102
47 59 -0.337984
48 59 -0.199422
49 59 0.122689
50 59 -0.066386
51 59 0.165640
52 59 -0.025498
53 59 -0.410203
54 59 0.060539
55 59 0.221311
56 59 0.144426
57 59 -0.094036
58 59 -0.076331
59 59 0.311693
60 59 0.082121
61 59 -0.114594
62 59 -0.131113
63 59 0.175265
64 59 -0.064836
65 59 -0.020429
66 59 0.239678
67 59 0.371778
68 59 0.160458
69 59 0.246736
70 59 0.187736
71 59 -0.032555
72 59 0.031773
73 59 -0.174036
74 59 0.232777
75 59 -0.250629
76 59 0.094488
77 59 -0.013044
78 59 0.029611
79 59 0.173583
80 59 -0.063558
81 59 0.098053
82 59 -0.253279
83 59 -0.147982
84 59 -0.089687
85 59 0.252197
86 59 -0.051610
87 59 0.253060
88 59 0.348618
89 59 -0.381424
90 59 0.077930
91 59 -0.013503
92 59 0.042683
93 59 -0.105638
94 59 -0.208656
95 59 -0.158071
96 59 0.167721
97 59 0.233464
98 59 0.397475
99 59 -0.332156
100 59 0.192196
101 59 -0.147862
102 59 -0.106282
103 59 0.185660
104 59 0.279826
105 59 -0.483577
106 59 0.113765
107 59 0.032657
108 59 -0.230745
109 59 0.156479
110 59 0.136818
111 59 -0.067743
112 59 0.001683
113 59 0.055023
114 59 -0.122973
115 59 -0.278661
116 59 -0.048467
117 59 -0.186278
118 59 0.009287
119 59 0.210081
120 59 0.042369
121 59 -0.325394
122 59 0.097035
123 59 0.344249
124 59 0.180303
125 59 0.036690
126 59 0.095885
127 59 0.266441

0 60 -0.073746
1 60 -0.019457
2 60 -0.218207
3 60 -0.005506
4 60 0.093153
5 60 -0.166732
6 60 -0.045819
7 60 0.061438
8 60 0.177639
9 60 0.020826
10 60 0.162984
11 60 0.113476
12 60 0.201996
13 60 -0.072413
14 60 0.092487
15 60 0.137636
16 60 -0.196183
17 60 -0.071308
18 60 0.260681
19 60 -0.126718
20 60 0.038639
21 60 -0.027552
22 60 0.305837
23 60 0.135783
24 60 -0.131823
25 60 -0.038563
26 60 0.075021
27 60 -0.066008
28 60 0.019882
29 60 0.305460
30 60 0.096641
31 60 0.013859
32 60 -0.054825
33 60 0.016876
34 60 0.002375
35 60 -0.299693
36 60 0.118199
37 60 0.220097
38 60 0.046766
39 60 -0.123822
40 60 0.168456
41 60 -0.058344
42 60 0.067360
43 60 -0.073341
44 60 -0.046057
45 60 0.122844
46 60 0.262715
47 60 0.200045
48 60 -0.152358
49 60 -0.143760
50 60 -0.117750
51 60 -0.186032
52 60 0.238496
53 60 0.253892
54 60 -0.086244
55 60 -0.059317
56 60 -0.253350
57 60 -0.276819
58 60 -0.131638
59 60 -0.108112
60 60 -0.371129
61 60 -0.009723
62 60 -0.276020
63 60 -0.124075
64 60 -0.054566
65 60 -0.039487
66 60 -0.159676
67 60 -0.109749
68 60 0.357570
69 60 0.410727
70 60 0.370307
71 60 -0.335535
72 60 -0.085118
73 60 0.291540
74 60 0.001389
75 60 0.258163
76 60 0.084482
77 60 0.136628
78 60 0.119462
79 60 -0.098148
80 60 -0.001026
81 60 -0.087219
82 60 0.009273
83 60 -0.163552
84 60 0.157672
85 60 -0.182243
86 60 -0.127196
87 60 0.235193
88 60 0.189596
89 60 -0.208010
90 60 -0.220408
91 60 0.008924
92 60 -0.144561
93 60 -0.143087
94 60 -0.114656
95 60 -0.071475
96 60 0.025271
97 60 0.108936
98 60 0.000316
99 60 -0.141882
100 60 -0.197362
101 60 -0.148041
102 60 0.056099
103 60 0.049505
104 60 0.161375
105 60 -0.372579
106 60 -0.143186
107 60 -0.041154
108 60 0.092626
109 60 -0.119479
110 60 -0.241288
111 60 -0.038542
112 60 -0.199114
113 60 0.006573
114 60 0.092038
115 60 -0.196567
116 60 0.195389
117 60 -0.118314
118 60 -0.210686
119 60 -0.078626
120 60 -0.013340
121 60 0.128953
122 60 0.104822
123 60 0.189874
124 60 -0.380837
125 60 -0.109909
126 60 -0.093306
127 60 -0.043140

0 61 -0.273423
1 61 0.029646
2 61 0.145670
3 61 0.020628
4 61 0.111079
5 61 -0.310863
6 61 -0.045322
7 61 0.195983
8 61 0.213358
9 61 -0.026627
10 61 0.382162
11 61 -0.202913
12 61 0.272075
13 61 -0.161301
14 61 0.156140
15 61 -0.027898
16 61 -0.081997
17 61 0.315667
18 61 0.257142
19 61 -0.633950
20 61 0.037111
21 61 0.227093
22 61 0.591546
23 61 -0.195047
24 61 0.241012
25 61 -0.170864
26 61 -0.033532
27 61 -0.022893
28 61 0.014385
29 61 0.626450
30 61 0.271896
31 61 0.111480
32 61 0.090992
33 61 -0.414440
34 61 0.155821
35 61 -0.264898
36 61 0.006953
37 61 0.485745
38 61 0.327604
39 61 0.068622
40 61 0.137322
41 61 -0.343755
42 61 0.457192
43 61 -0.279284
44 61 -0.202318
45 61 -0.043458
46 61 0.010116
47 61 0.041988
48 61 -0.017091
49 61 0.063289
50 61 -0.066508
51 61 -0.150306
52 61 0.080291
53 61 0.257166
54 61 0.088230
55 61 -0.228289
56 61 -0.279929
57 61 -0.071883
58 61 -0.556381
59 61 -0.294535
60 61 -0.331370
61 61 0.301429
62 61 -0.240976
63 61 -0.394052
64 61 0.155223
65 61 0.142636
66 61 -0.283363
67 61 0.215537
68 61 0.157740
69 61 0.159275
70 61 0.449413
71 61 -0.082486
72 61 0.209380
73 61 0.315102
74 61 -0.029299
75 61 0.720624
76 61 -0.189933
77 61 0.109236
78 61 0.303798
79 61 0.017257
80 61 0.119599
81 61 -0.120186
82 61 0.419946
83 61 -0.295803
84 61 -0.101138
85 61 -0.166537
86 61 0.030435
87 61 -0.191928
88 61 0.068536
89 61 -0.173276
90 61 0.271134
91 61 -0.056216
92 61 -0.197792
93 61 0.288241
94 61 -0.005333
95 61 -0.257273
96 61 -0.221054
97 61 0.398034
98 61 -0.149592
99 61 -0.333663
100 61 -0.339323
101 61 -0.255898
102 61 0.163731
103 61 -0.228353
104 61 0.120763
105 61 0.348736
106 61 -0.065780
107 61 -0.001224
108 61 0.039670
109 61 -0.056577
110 61 -0.278100
111 61 -0.057745
112 61 -0.233927
113 61 0.354026
114 61 -0.073911
115 61 -0.070509
116 61 0.410892
117 61 -0.070254
118 61 -0.471068
119 61 -0.621499
120 61 -0.164295
121 61 0.282184
122 61 -0.173358
123 61 0.236656
124 61 -0.240227
125 61 -0.193106
126 61 -0.166743
127 61 -0.056537
