distance,path_loss,shadowing,fast_fading,total
0.0,-0.0,-11.42053247277451,-1.2028095675035329,-12.623342040278043
5.002501250625313,-0.05462560193621416,-11.417824969246048,-18.603636713509523,-30.076087284691788
10.005002501250626,-0.10900691465015823,-11.411852251947838,-4.018647797818957,-15.539506964416955
15.007503751875939,-0.16314611337205165,-11.404125118206043,-6.972728729774986,-18.539999961353082
20.010005002501252,-0.2170453444074139,-11.393579623972325,5.367213678956026,-6.243411289423713
25.012506253126567,-0.27070672564762993,-11.379797704192214,-6.016142432143167,-17.66664686198301
30.015007503751878,-0.32413234706929916,-11.363465440159047,6.64139253116209,-5.046205256066255
35.01750875437719,-0.3773242712226636,-11.344105296737204,-1.7289987509923144,-13.450428318952182
40.020010005002504,-0.4302845337093997,-11.322338444826629,-3.7197448396728525,-15.47236781820888
45.02251125562782,-0.4830151436500479,-11.298269841144004,-0.9274231764343466,-12.7087081612284
50.025012506253134,-0.5355180841413649,-11.271513375667768,2.12420370953868,-9.682827750270453
55.02751375687844,-0.5877953127038184,-11.242052324690006,2.0779128835589145,-9.75193475383491
60.030015007503756,-0.6398487617195303,-11.209748081288966,-0.06376969495702589,-11.913366537965523
65.03251625812906,-0.6916803388608734,-11.174159700135506,-2.3484931352250196,-14.2143331742214
70.03501750875438,-0.743291927509975,-11.135912768777075,-3.5846524630154923,-15.463857159302544
75.0375187593797,-0.794685387169356,-11.095305745836665,-6.28345538097056,-18.17344651397658
80.04002001000501,-0.8458625538639284,-11.052022423487138,-7.211893948907171,-19.109778926258237
85.04252126063032,-0.8968252405345696,-11.005602445370968,4.53223540486027,-7.370192281045268
90.04502251125564,-0.9475752374234832,-10.956439023874085,-3.7278477804213135,-15.631862041718882
95.04752376188095,-0.9981143124515525,-10.904502114264965,-0.11487334570406027,-12.017489772420577
100.05002501250627,-1.0484442115878838,-10.850034163654357,4.732252556303817,-7.166225818938423
105.05252626313157,-1.098566659211735,-10.792865182977156,1.2300655980884825,-10.661366244100407
110.05502751375688,-1.1484833584670153,-10.733585099377844,5.2269259088149145,-6.655142549029945
115.0575287643822,-1.198195991609537,-10.67091827356114,1.6680078784181491,-10.201106386752528
120.06003001500751,-1.2477062203472011,-10.60563194698661,7.812752890561407,-4.040585276772404
125.06253126563283,-1.2970156861732831,-10.538005547119525,-10.69422518364933,-22.529246416942136
130.06503251625813,-1.3461260106929875,-10.467126708600086,3.8569144240338424,-7.956338295259231
135.06753376688346,-1.3950387959434465,-10.394097327204348,0.04793750472529679,-11.741198618422496
140.07003501750876,-1.4437556247072847,-10.31827076593704,2.148532600631759,-9.613493790012566
145.0725362681341,-1.4922780608199508,-10.240347756664544,-2.5299970878836717,-14.262622905368167
150.0750375187594,-1.5406076494709326,-10.159217831834052,-0.5546431378103454,-12.254468619115329
155.07753876938472,-1.588745917499009,-10.075506885511416,2.7033569250669425,-8.960895877943482
160.08004002001002,-1.6366943736816832,-9.989599739076713,-0.09088233839219018,-11.717176451150586
165.08254127063532,-1.6844545090189313,-9.901446741872329,7.1990757226870095,-4.38682552820425
170.08504252126065,-1.7320277970114004,-9.810433229934874,0.5021070044708571,-11.040354022475416
175.08754377188595,-1.7794156939331869,-9.717771910391814,7.310001719467259,-4.187185884857742
180.09004502251128,-1.826619639099319,-9.62266648637386,-5.754869007577348,-17.204155133050527
185.09254627313658,-1.8736410551280676,-9.52453422151047,-7.112912487098815,-18.51108776373735
190.0950475237619,-1.9204813481982084,-9.424914037418615,-31.387933495840187,-42.73332888145701
195.0975487743872,-1.967141908301342,-9.322854602544302,3.5680802058640406,-7.721916304981603
200.10005002501254,-2.0136241094893994,-9.218755373567348,-4.802110101712312,-16.03448958476906
205.10255127563784,-2.0599293101174254,-9.112525772213997,-3.225816254056193,-14.398271336387616
210.10505252626314,-2.1060588530817723,-9.004247404485309,2.6026002251277873,-8.507706032439295
215.10755377688847,-2.1520140660537708,-8.893459554548746,-11.469186973851206,-22.514660594453723
220.11005502751377,-2.197796261709022,-8.78176560636956,-0.1084407464669388,-11.088002614545523
225.1125562781391,-2.2434067379523785,-8.668314567407162,-0.44962298580367666,-11.361344291163217
230.1150575287644,-2.2888467781387285,-8.552694383447907,-5.08934968177868,-15.930890843365315
235.11755877938973,-2.3341176512896618,-8.436109888601345,6.988549097900377,-3.78167844199063
240.12006003001503,-2.379220612306126,-8.317353352777868,-11.266396278238322,-21.962970243322317
245.12256128064033,-2.4241569021771494,-8.19623517030325,-9.47694223807727,-20.09733431055767
250.12506253126566,-2.468927748184721,-8.074081214162213,-1.1168122508578504,-11.659821213204786
255.12756378189096,-2.5135343641049137,-7.950977398690856,-3.052593810116111,-13.51710557291188
260.13006503251626,-2.557977950405335,-7.826778518516746,-3.9046231568465446,-14.289379625768625
265.1325662831416,-2.602259694438976,-7.701497195879439,-10.853455278207004,-21.15721216852542
270.1350675337669,-2.6463807706345523,-7.575840911628,2.5501962273549417,-7.672025454907612
275.1375687843922,-2.6903423406833933,-7.448562827076954,-3.46442548265565,-13.603330650415998
280.1400700350175,-2.7341455537229775,-7.320678273876833,1.7379501980285976,-8.316873629571214
285.1425712856428,-2.777791546517163,-7.191756390267223,-2.1509908917696205,-12.120538828554006
290.1450725362682,-2.8212814436332128,-7.06236055453437,-2.0245731361181645,-11.908215134285747
295.1475737868935,-2.8646163576156285,-6.932222161645151,-12.28484205948214,-22.08168057874292
300.1500750375188,-2.9077973891569475,-6.800743678897302,-0.9063149341493664,-10.614856002203615
305.1525762881441,-2.950825627265484,-6.670210888366265,-12.138486583162496,-21.759523098794247
310.15507753876943,-2.993702149430118,-6.538754623650945,-1.7605075233764553,-11.292964296457518
315.15757878939473,-3.0364280217821973,-6.407683971108789,-11.503542495884735,-20.947654488775722
320.16008004002003,-3.0790042992546005,-6.276158571928038,-1.7720906430798407,-11.12725351426248
325.16258129064533,-3.1214320257380272,-6.143678184090698,-3.306831343071851,-12.571941552900576
330.16508254127064,-3.1637122342345676,-6.011691732005906,5.7696794912480875,-3.405724474992386
335.167583791896,-3.2058459470086147,-5.880054176423439,-11.731193917635068,-20.817094041067122
340.1700850425213,-3.2478341757351705,-5.748352669847634,3.363672749685188,-5.632514095897617
345.1725862931466,-3.2896779216455987,-5.616870204870988,0.9419299269475023,-7.964618199569085
350.1750875437719,-3.3313781756708827,-5.485724817605046,-0.9991098069014321,-9.816212800177361
355.17758879439725,-3.372935918582428,-5.354714487034215,1.0635238805888436,-7.6641265250277995
360.18009004502255,-3.4143521211304764,-5.223804024245261,1.7511966019448195,-6.886959543430919
365.18259129564785,-3.455627744180163,-5.093673559316648,-14.223497403661494,-22.772798707158305
370.18509254627315,-3.496763738845277,-4.963365942794081,-4.363027823823325,-12.823157505462683
375.18759379689845,-3.5377610466197607,-4.833500182603485,-11.480652425020157,-19.851913654243404
380.1900950475238,-3.578620599507019,-4.704761366978786,-4.9155545768532,-13.198936543339006
385.1925962981491,-3.6193433201470238,-4.5761016588096535,5.387188007687407,-2.8082569712692704
390.1950975487744,-3.6599301219413505,-4.448716338273826,-9.688909206849681,-17.797555667064856
395.1975987993997,-3.700381909176086,-4.321218630536866,-7.286005864866227,-15.307606404579179
400.20010005002507,-3.7406995771427285,-4.194594681027798,-5.962857076562294,-13.89815133473282
405.2026013006504,-3.780884012257082,-4.068008270448839,-2.711269213008196,-10.560161495714118
410.2051025512757,-3.8209360921761872,-3.9424417235746354,4.904322533447953,-2.8590552823028696
415.207603801901,-3.860856685913342,-3.817304224586851,7.506966106551536,-0.17119480394865683
420.2101050525263,-3.900646653951234,-3.693435089831181,1.058350653377115,-6.5357310904053
425.21260630315163,-3.940306848353228,-3.570179667901222,-0.12350186627731041,-7.6339883825317605
430.21510755377693,-3.979838112872853,-3.446753737008825,-2.012645010342541,-9.43923686022422
435.21760880440223,-4.019241283061499,-3.3250925490893737,-17.496384898499645,-24.84071873065052
440.22011005502753,-4.058517186374393,-3.202992002628938,-0.2274611709820067,-7.488970359985338
445.22261130565283,-4.097666642274865,-3.0821920580729465,1.5405294402310683,-5.639329260116742
450.2251125562782,-4.136690462336911,-2.9620869757205592,-0.8149421971707191,-7.913719635228189
455.2276138069035,-4.17558945034618,-2.841743263632056,1.238947663276066,-5.77838505070217
460.2301150575288,-4.214364402399273,-2.721850496433076,-5.979187426442692,-12.915402325275041
465.2326163081541,-4.253016107001537,-2.60284551879779,-0.7094557428760864,-7.565317368675413
470.23511755877945,-4.291545345163245,-2.4846839895677952,2.1570194968019774,-4.619209837929063
475.23761880940475,-4.329952890494313,-2.367074420221422,-1.7034361600543644,-8.400463470770099
480.24012006003005,-4.368239509297488,-2.249253324105328,-2.9466095305839026,-9.564102363986718
485.24262131065535,-4.4064059606600825,-2.1317932318449313,-0.24820629727867338,-6.786405489783687
490.24512256128065,-4.444452996544289,-2.0144262695082875,1.858983932971392,-4.599895333081185
495.247623811906,-4.482381361876066,-1.8974967990520337,-3.7123203190174023,-10.092198479945502
500.2501250625313,-4.520191794632654,-1.7811782884962812,1.7882467447852535,-4.513123338343682
505.2526263131566,-4.557885025928733,-1.665215215158748,-0.4762476069217443,-6.699347848009225
510.2551275637819,-4.595461780101242,-1.5500824512440987,2.119077657859889,-4.026466573485451
515.2576288144072,-4.632922774792903,-1.4343979711716592,1.1216429290710308,-4.945677816893532
520.2601300650325,-4.670268721034459,-1.3184928386547385,-0.4813258452584961,-6.4700874049476935
525.2626313156578,-4.70750032332564,-1.20334588462294,2.405129141988268,-3.5057170659603116
530.2651325662832,-4.744618279714923,-1.0874575508543822,-2.4687053580496596,-8.300781188618965
535.2676338169085,-4.781623281878038,-0.9721726164912101,1.517697874029376,-4.236098024339872
540.2701350675338,-4.81851601519532,-0.8562476683333081,-10.293532885956154,-15.968296569484782
545.2726363181591,-4.855297158827872,-0.740144035235353,-5.792542437891771,-11.387983631954995
550.2751375687844,-4.891967385792585,-0.6237023912527961,0.06676177475011169,-5.448908002295269
555.2776388194097,-4.928527363036023,-0.5072747377157345,-4.001028378985321,-9.436830479737079
560.280140070035,-4.9649777515072175,-0.3905011335956837,1.8587393470809257,-3.4967395380219752
565.2826413206603,-5.001319206229346,-0.2738930636631819,3.2461572267456793,-2.0290550431468484
570.2851425712856,-5.037552376370379,-0.15684959640306972,3.0576761957819736,-2.136725776991475
575.287643821911,-5.073677905312653,-0.039060234540707305,-5.95476680317424,-11.0675049430276
580.2901450725363,-5.109696430721407,0.07919801717190797,-11.540491038488376,-16.570989452037875
585.2926463231616,-5.145608584612326,0.1973134761557234,4.590476103896638,-0.35781900455996496
590.295147573787,-5.1814149934180955,0.31594795589772473,6.30742088951647,1.4419538519960993
595.2976488244122,-5.217116278053948,0.43481402602360386,-1.516789345649546,-6.29909159767989
600.3001500750375,-5.252713053982273,0.5541061593067312,5.916869483205779,1.2182625885302372
605.3026513256629,-5.288205931276286,0.6741409038646722,-3.975969920386164,-8.590034947797777
610.3051525762882,-5.323595514682754,0.7952636037772282,-2.3728235533531126,-6.901155464258638
615.3076538269135,-5.358882403683839,0.9162480988379046,-11.499655748753103,-15.942290053599038
620.3101550775389,-5.394067192558002,1.037985525335679,-12.215015760108459,-16.571097427330784
625.3126563281642,-5.429150470440083,1.1594908264008075,-0.24052933920310338,-4.510188983242379
630.3151575787895,-5.46413282138047,1.281344960974348,1.3646907437050748,-2.818097116701047
635.3176588294148,-5.499014824403454,1.4042947239211803,4.509991744579912,0.41527164409763806
640.3201600800401,-5.533797053564716,1.5273069299789976,-1.7786414887348139,-5.785131612320533
645.3226613306654,-5.568480078008033,1.6500186850845813,3.130599080452156,-0.7878623124712956
650.3251625812907,-5.603064462021139,1.773819363610814,-7.9973887302633875,-11.826633828673714
655.327663831916,-5.637550765090826,1.8977689232663197,-36.088820394657574,-39.828602236482084
660.3301650825413,-5.671939541957241,2.022030855476295,0.03691942689212091,-3.612989259588825
665.3326663331667,-5.706231342667432,2.146652986543108,0.9401500946652548,-2.619428261459069
670.335167583792,-5.740426712628141,2.271741173650646,-10.613050391927185,-14.08173593090468
675.3376688344173,-5.774526192657847,2.3963727353319824,-5.1898351150855575,-8.567988572411423
680.3401700850426,-5.808530319038092,2.521667903977562,-20.696082821292972,-23.9829452363535
685.3426713356679,-5.8424396235640845,2.647064702062271,2.003097687208271,-1.1922772342935426
690.3451725862932,-5.8762546335946055,2.7721857401802508,1.673202454318579,-1.4308664390957757
695.3476738369185,-5.909975872101208,2.897264402607646,1.3317478212212075,-1.6809636482723547
700.3501750875438,-5.943603857716764,3.021397373360439,-5.8703993511358075,-8.792605835492132
705.3526763381691,-5.977139104783306,3.1460788570166276,2.2923730691977804,-0.5386871785688978
710.3551775887945,-6.010582123399249,3.270624431991613,-9.558606055546768,-12.298563746954404
715.3576788394198,-6.0439334194659295,3.3944411297908528,-10.050954803897577,-12.700447093572654
720.3601800900451,-6.07719349473353,3.5179561821661034,1.7234287768526526,-0.835808535714774
725.3626813406704,-6.110362846846375,3.640808023348213,7.609668227640363,5.140113404142201
730.3651825912957,-6.143441969387608,3.7635847336354056,2.3356651663738894,-0.04419206937831266
735.367683841921,-6.176431351923244,3.8851507868052213,-3.577659662350377,-5.8689402274684
740.3701850925463,-6.209331480045677,4.00559558478987,-7.596219188239198,-9.799955083495004
745.3726863431716,-6.242142835416532,4.125090227829812,2.408109502897074,0.29105689531035406
750.3751875937969,-6.274865895808998,4.2435186809535095,-16.61258134085338,-18.643928555708868
755.3776888444223,-6.307501135149566,4.360888476575172,4.055605264207754,2.108992605633361
760.3801900950476,-6.340049023559207,4.477215279866008,-23.050569319291533,-24.91340306298473
765.3826913456729,-6.372510027394015,4.591885252356216,-4.138754204440809,-5.919378979478608
770.3851925962982,-6.404884609285293,4.705056784656902,2.0967017162617774,0.39687389163338604
775.3876938469235,-6.437173228179122,4.816811035372297,-5.695240306344685,-7.3156024991515105
780.3901950975488,-6.469376339375388,4.927038841633472,-5.788100005645434,-7.33043750338735
785.3926963481741,-6.501494394566318,5.03477826671379,-6.829838431560087,-8.296554559412616
790.3951975987994,-6.533527841874477,5.141003909012661,1.1489603740789511,-0.24356355878286484
795.3976988494247,-6.5654771258903,5.245282368074098,-6.9743140186513335,-8.294508776467536
800.4002001000501,-6.597342687709102,5.347307009394817,-1.0815606764813566,-2.331596354795642
805.4027013506754,-6.629124964967632,5.447212150542495,-7.361091156809561,-8.543003971234697
810.4052026013007,-6.660824391880116,5.544540479491758,-6.943136579327406,-8.059420491715763
815.407703851926,-6.692441399273877,5.639939860393027,4.695174360740487,3.6426728218596374
820.4102051025513,-6.723976414624441,5.731767776740472,2.290093236425731,1.2978845985417626
825.4127063531766,-6.755429862090242,5.821263764012654,0.20255612521781474,-0.7316099728597734
830.415207603802,-6.786802162546835,5.9085333523509975,-3.2730632976173832,-4.1513321078132215
835.4177088544272,-6.8180937336206915,5.992362954510719,0.15427860001056048,-0.6714521790994117
840.4202101050525,-6.84930498972256,6.0733735817954235,-1.8813199281729278,-2.6572513361000643
845.4227113556778,-6.880436342080393,6.151588643443016,-3.400239505094514,-4.129087203731891
850.4252126063033,-6.911488198771864,6.226164830932484,3.2570174338974773,2.5716940660580976
855.4277138569286,-6.942460964756448,6.297439188190412,-17.0071283671014,-17.652150143667438
860.4302151075539,-6.973355041907124,6.365525519951321,-6.727222480847884,-7.335052002803687
865.4327163581792,-7.004170829041655,6.42972809856369,-2.1924127727930545,-2.766855503271019
870.4352176088045,-7.034908721953489,6.491296324920985,-3.3773664080862256,-3.920978805118729
875.4377188594298,-7.065569113442238,6.54883376429683,4.634888956494239,4.118153607348831
880.4402201100551,-7.096152393343822,6.602126789243661,2.1240346475176084,1.6300090434174468
885.4427213606804,-7.126658948560195,6.65182202553933,-10.915484334385006,-11.390321257405871
890.4452226113057,-7.157089163088715,6.697485954578733,6.682581390074477,6.2229781815644944
895.4477238619311,-7.1874434180511475,6.739267949475388,-11.295478047461032,-11.74365351603679
900.4502251125564,-7.217722091722307,6.777073392384975,-11.446492055257377,-11.887140754594709
905.4527263631817,-7.2479255595583405,6.810367202754108,-6.1221556007185916,-6.559713957522824
910.455227613807,-7.27805419422466,6.840021617526968,-3.255959247993947,-3.693991824691639
915.4577288644323,-7.308108365623537,6.865271458805916,1.4768704357584506,1.0340335289408298
920.4602301150576,-7.338088440921343,6.886711876314406,5.094008136169392,4.642631571562455
925.4627313656829,-7.367994784575485,6.903883050542694,1.9456405147387335,1.4815287807059425
930.4652326163082,-7.397827758360952,6.916221005183773,6.7770592461755275,6.295452492998348
935.4677338669335,-7.427587721396611,6.924604142665985,-4.3371979100405795,-4.840181488771205
940.4702351175589,-7.457275030171127,6.928488782045148,-6.463263856130052,-6.99205010425603
945.4727363681842,-7.486890038568586,6.928481958974312,-6.5546135327761155,-7.11302161237039
950.4752376188095,-7.51643309789381,6.924269575098565,2.330747544241718,1.7385840214464734
955.4777388694348,-7.54590455689736,6.916205521816037,-7.481175026210025,-8.110874061291348
960.4802401200601,-7.575304761800236,6.903187481619215,5.594209033446865,4.9220917532658435
965.4827413706854,-7.604634056318288,6.886223580198216,6.890562902700832,6.172152426580761
970.4852426213107,-7.633892781686313,6.865383214705188,5.584139567066086,4.815630000084961
975.487743871936,-7.663081276681897,6.839676122602225,-3.6487052816355954,-4.472110435715267
980.4902451225613,-7.692199877648926,6.810644123205259,-0.5840989087508415,-1.4656546631945087
985.4927463731867,-7.721248918520869,6.777140203998092,1.894532258625535,0.9504235441027582
990.495247623812,-7.750228730843723,6.740361014269919,7.757698175141567,6.747830458567762
995.4977488744373,-7.779139643798752,6.6991910121593135,-4.485166711803473,-5.565115343442911
1000.5002501250626,-7.807981984224895,6.6541451809708025,3.20488896777416,2.0510521645200672
1005.5027513756879,-7.836756076640956,6.6055288571119375,-1.1186439764807654,-2.349871196009784
1010.5052526263132,-7.865462243267492,6.553031277807259,-0.2700620454439411,-1.5824930109041746
1015.5077538769385,-7.894100804048483,6.497200759342361,2.1713240007056367,0.7744239559995147
1020.5102551275638,-7.92267207667272,6.438064512489304,-2.3292560695976476,-3.8138636337810636
1025.5127563781891,-7.951176376594943,6.375609682388994,-4.108153272718761,-5.68371996692471
1030.5152576288144,-7.979614017056752,6.30988956876783,1.8858064076807008,0.21608195939177888
1035.5177588794397,-8.00798530910725,6.2409631040132005,7.17786593473631,5.410843729642261
1040.520260130065,-8.036290561623469,6.168738071544566,-2.797720540019486,-4.665273030098389
1045.5227613806903,-8.06453008133053,6.0936746877931744,-0.9688142282567249,-2.9396696217940796
1050.5252626313156,-8.092704172821598,6.01665697567137,0.1198241036133707,-1.9562230935368579
1055.5277638819412,-8.1208131385776,5.936702551494019,-3.838023502050521,-6.022134089134101
1060.5302651325665,-8.14885727898669,5.854837151461202,-0.4922320241837448,-2.7862521517092325
1065.5327663831918,-8.176836892363532,5.770743567840668,3.6366128020126824,1.2305194774898185
1070.535267633817,-8.204752274968325,5.6846395012078546,-8.51677424362222,-11.03688701738269
1075.5377688844424,-8.232603721025628,5.595871555938969,-6.174471441382358,-8.811203606469016
1080.5402701350677,-8.260391522742976,5.50589299769061,3.608464390506864,0.8539658654544979
1085.542771385693,-8.28811597032926,5.414703770609531,-8.26220323766816,-11.135615437387889
1090.5452726363183,-8.315777352012928,5.322591428510098,4.545716546421901,1.552530622919071
1095.5477738869436,-8.34337595405995,5.228447450003593,3.204760221435146,0.08983171737878948
1100.5502751375689,-8.370912060791596,5.133192317717185,5.6714563208205755,2.4337365777461644
1105.5527763881942,-8.398385954602034,5.037611222012157,-1.4578767070412884,-4.818651439631165
1110.5552776388195,-8.425797915975663,4.940972242184182,-4.566057953507084,-8.050883627298564
1115.5577788894448,-8.453148223504332,4.844565694632813,-0.47181540199947714,-4.080397930870996
1120.56028014007,-8.48043715390432,4.74791641566144,1.6322090849824082,-2.100311653260472
1125.5627813906954,-8.507664982033114,4.651013108934753,1.0452124196458366,-2.8114394534525253
1130.5652826413207,-8.534831980906047,4.5542897256179975,5.409744408839124,1.429202153551075
1135.567783891946,-8.561938421712709,4.458798371291826,-4.7029975715832695,-8.806137622004151
1140.5702851425713,-8.588984573833194,4.36348036891377,3.515071746449501,-0.7104324584699233
1145.5727863931968,-8.615970704854163,4.268792395480947,-1.9346676842295776,-6.2818459936027935
1150.575287643822,-8.642897080584714,4.175284837240911,2.6781322628426416,-1.7894799805011612
1155.5777888944474,-8.669763965072118,4.08308878014424,1.9140565951156163,-2.6726185898122616
1160.5802901450727,-8.696571620617346,3.991559781231411,4.288440476352585,-0.4165713630333503
1165.582791395698,-8.72332030779041,3.9028590877738703,-1.7830086373296505,-6.603469857346189
1170.5852926463233,-8.750010285445594,3.8154312500441017,3.9217827755627885,-1.0127962598387041
1175.5877938969486,-8.776641810736471,3.7306166273343204,0.8446261061005202,-4.20139907730163
1180.590295147574,-8.803215139130764,3.6467120034709315,1.1379966000884272,-4.018506535571405
1185.5927963981992,-8.82973052442505,3.5661062511807593,-1.869017306245479,-7.13264157948977
1190.5952976488245,-8.856188218759312,3.4877319639653868,1.5749426606098988,-3.793513594184027
1195.5977988994498,-8.882588472631321,3.4122720410124927,-5.213422862135379,-10.683739293754208
1200.600300150075,-8.908931534910868,3.339408586267397,3.319641668467594,-2.2498812801758774
1205.6028014007004,-8.935217652853831,3.2692601099206393,-1.4411612671918426,-7.107118810125035
1210.6053026513257,-8.961447072116119,3.202222877819874,4.288271247024005,-1.4709529472722398
1215.607803901951,-8.98762003676742,3.138179149867013,2.6761075104081247,-3.173333376492283
1220.6103051525763,-9.01373678930486,3.077893441816898,2.176397485587625,-3.7594458619003364
1225.6128064032016,-9.039797570666455,3.021429123351461,1.7878006225200234,-4.230567824794971
1230.615307653827,-9.065802620244465,2.9680365363605006,-2.784146797718522,-8.881912881602487
1235.6178089044524,-9.091752175898579,2.9182124578104873,6.190916675797444,0.017376957709352325
1240.6203101550777,-9.117646473968978,2.8724150488001357,-7.547038493960845,-13.792269919129687
1245.622811405703,-9.143485749289239,2.8308203452498693,-2.691796872793676,-9.004462276833046
1250.6253126563283,-9.16927023519913,2.792980081056527,-1.3083818056568959,-7.684671959799499
1255.6278139069536,-9.195000163557232,2.758799959495381,1.6697745878865637,-4.766425616175288
1260.630315157579,-9.220675764753464,2.7283441378716953,1.3240118521264952,-5.168319774755274
1265.6328164082042,-9.246297267721458,2.7031403695760723,-1.2379965826545827,-7.7811534807999685
1270.6353176588295,-9.271864899950803,2.6817554761974005,0.10365141506724607,-6.4864580086861565
1275.6378189094548,-9.297378887499164,2.664269846357822,-1.1923963290626751,-7.825505370204017
1280.6403201600801,-9.32283945500428,2.6518147915030488,-0.28107123506442,-6.952095898565651
1285.6428214107054,-9.348246825695831,2.6427457420605496,1.436505558605894,-5.268995525029387
1290.6453226613307,-9.37360122140717,2.638165642685852,6.31891508060588,-0.4165204981154389
1295.647823911956,-9.39890286258696,2.6375554429479213,-2.821191371597271,-9.58253879123631
1300.6503251625813,-9.42415196831066,2.641678562690535,-1.259115306164909,-8.041588711785035
1305.6528264132066,-9.449348756291919,2.650158758523999,-8.095856828816915,-14.895046826584835
1310.655327663832,-9.474493442893836,2.6619350905899224,1.2304996492541918,-5.5820587030497215
1315.6578289144572,-9.499586243140095,2.678008278189614,-1.0929092277815347,-7.914487192732016
1320.6603301650825,-9.524627370726023,2.6980619024622787,-5.313596224415318,-12.140161692679062
1325.6628314157078,-9.549617038029481,2.722015458972815,0.21590487258376578,-6.6116967064729
1330.6653326663334,-9.574555456121697,2.7490200793835067,3.116153376321182,-3.7093820004170084
1335.6678339169587,-9.599442834777944,2.779775529291055,4.11120226449001,-2.70846504099688
1340.670335167584,-9.624279382488131,2.8146852425028324,-0.20624942055114515,-7.015843560536444
1345.6728364182093,-9.6490653064673,2.8523161801824157,-2.602567360456149,-9.399316486741032
1350.6753376688346,-9.67380081266597,2.893481646696196,-10.590553196291637,-17.37087236226141
1355.6778389194599,-9.698486105780434,2.9380397958240785,-4.909963369475052,-11.670409679431408
1360.6803401700852,-9.723121389262896,2.98558341934502,1.6216281205538832,-5.115909849363993
1365.6828414207105,-9.747706865331555,3.036289938369583,-1.3293029339683102,-8.040719860930283
1370.6853426713358,-9.772242734980551,3.0894241302939767,5.21791946954313,-1.4648991351434448
1375.687843921961,-9.796729197989833,3.145543096321784,-1.247180775215071,-7.89836687688312
1380.6903451725864,-9.821166452934898,3.2044197321761283,-2.8635799506090835,-9.480326671367854
1385.6928464232117,-9.84555469719649,3.264925414500662,1.529577433720148,-5.05105184897568
1390.695347673837,-9.869894126970134,3.327715735116867,-5.4812800022669705,-12.023458394120238
1395.6978489244623,-9.89418493727562,3.3922739079852713,-6.603402246796756,-13.105313276087106
1400.7003501750876,-9.918427321966377,3.4588543399155975,6.668711139415372,0.20913815736459274
1405.7028514257129,-9.942621473738747,3.5269471225602222,2.38524206570192,-4.030432285476604
1410.7053526763382,-9.966767584141191,3.5963501913939933,2.4248943794235274,-3.9455230133236707
1415.7078539269635,-9.990865843583382,3.666888003587193,0.8094523695973916,-5.514525470398798
1420.710355177589,-10.014916441345205,3.738869859499825,-2.847812998819415,-9.123859580664796
1425.7128564282143,-10.038919565585683,3.811705438126212,-7.937918455198929,-14.1651325826584
1430.7153576788396,-10.062875403351821,3.884799244395447,-2.8453215995805228,-9.023397758536897
1435.717858929465,-10.08678414058733,3.9588908888085337,-12.09874080953728,-18.226634061316076
1440.7203601800902,-10.11064596214131,4.033279259279653,2.2069735372247488,-3.8703931656369086
1445.7228614307155,-10.134461051776801,4.10749216818558,1.783788084304887,-4.243180799286335
1450.7253626813408,-10.158229592179296,4.182076969778368,3.1619871723615223,-2.8141654500394058
1455.727863931966,-10.181951764965138,4.256988179631758,-1.4182870676219428,-7.343250652955323
1460.7303651825914,-10.205627750689846,4.330627369963318,1.443339781099446,-4.431660599627081
1465.7328664332167,-10.229257728856362,4.404406035697971,-3.5692148193779176,-9.394066512536309
1470.735367683842,-10.252841877923222,4.476858509920976,1.315368488339074,-4.460614879663172
1475.7378689344673,-10.276380375312637,4.548758879287856,2.1585151376951455,-3.569106358329636
1480.7403701850926,-10.299873397418503,4.619237304672802,-0.89992888644604,-6.580564979191742
1485.742871435718,-10.323321119614333,4.688960731124377,0.96757776635011,-4.666782622139846
1490.7453726863432,-10.346723716261105,4.757411939197,-0.5616413860059668,-6.150953163070072
1495.7478739369685,-10.370081360715057,4.824022246181048,2.604985002205291,-2.9410741123287174
1500.7503751875938,-10.393394225335378,4.890467703276587,-0.9074905251253802,-6.41041704718417
1505.7528764382191,-10.416662481491844,4.954460178747643,2.56523308957755,-2.896969213166651
1510.7553776888446,-10.439886299572377,5.016293045061543,-1.6005184497361147,-7.024111704246948
1515.75787893947,-10.463065848990531,5.077281101968293,-4.538244826819235,-9.924029573841473
1520.7603801900952,-10.48620129819291,5.13581630469905,5.552576030891865,0.2021910373980056
1525.7628814407205,-10.509292814666502,5.19232759364661,8.872413642547599,3.555448421527707
1530.7653826913458,-10.532340564945965,5.246883904587369,-3.163133904053205,-8.448590564411802
1535.7678839419711,-10.555344714620835,5.2998844123028945,-4.4464366693993265,-9.701896971717268
1540.7703851925964,-10.578305428342658,5.350377590099852,-6.888194457413093,-12.116122295655899
1545.7728864432218,-10.601222869832053,5.398148023606229,-1.9836676902451238,-7.186742536470948
1550.775387693847,-10.624097201885743,5.443791693880415,-11.796576598745204,-16.97688210675053
1555.7778889444724,-10.646928586383456,5.48661060806843,5.972868137991773,0.8125501596767464
1560.7803901950977,-10.669717184294838,5.527239882335493,-7.262704209320766,-12.40518151128011
1565.782891445723,-10.692463155686234,5.566513375451521,-6.036551914957968,-11.162501695192681
1570.7853926963483,-10.715166659727444,5.6033077473906,-4.139669379395833,-9.251528291732676
1575.7878939469736,-10.737827854698411,5.6372800969468395,-1.2459196429506085,-6.3464674007021795
1580.7903951975989,-10.760446897995829,5.669374933818739,0.9558218824812221,-4.135250081695867
1585.7928964482242,-10.783023946139714,5.698443078700205,0.18320193456813705,-4.901378932871372
1590.7953976988495,-10.805559154779907,5.726333474783933,-6.742179834399163,-11.821405514395137
1595.7978989494748,-10.828052678702488,5.751915313763788,-0.7824095051005451,-5.858546870039245
1600.8004002001003,-10.85050467183618,5.774474848940856,-9.131927036932804,-14.20795685982813
1605.8029014507256,-10.872915287258667,5.7950194441668135,-4.088374157082492,-9.166270000174347
1610.8054027013509,-10.895284677202834,5.812756420079293,0.3010296886056203,-4.781498568517921
1615.8079039519762,-10.917612993062999,5.828752702083964,3.980419186179451,-1.1084411047995841
1620.8104052026015,-10.93990038540105,5.842943038963504,-4.354749982244109,-9.451707328681653
1625.8129064532268,-10.962147003952529,5.854477474019276,-0.17831074148047033,-5.285980271413723
1630.815407703852,-10.984352997632682,5.864390874178049,-0.10657752831686307,-5.226539651771495
1635.8179089544774,-11.006518514542423,5.872193846384488,-2.173642920776464,-7.307967588934399
1640.8204102051027,-11.02864370197428,5.878643998334051,3.2786894613222826,-1.8713102423179464
1645.822911455728,-11.050728706418257,5.883730058300229,-2.5432778818540758,-7.710276529972103
1650.8254127063533,-11.072773673567644,5.8870322333311895,-4.591076470569904,-9.776817910806358
1655.8279139569786,-11.094778748324812,5.889134862114005,-0.74150526367901,-5.947149149889817
1660.830415207604,-11.116744074806892,5.889326495805883,2.5842073247997286,-2.6432102542012803
1665.8329164582292,-11.138669796351467,5.887611498054065,-9.766604215215118,-15.01766251351252
1670.8354177088545,-11.160556055522175,5.8850226205025695,-1.9287236845037414,-7.204257119523347
1675.8379189594798,-11.182402994114263,5.880921595173554,-3.2631670104615695,-8.564648409402277
1680.840420210105,-11.204210753160107,5.875046237172494,2.785469127110546,-2.543695388877066
1685.8429214607304,-11.225979472934675,5.868414776497185,-7.922012360599341,-13.279577057036832
1690.8454227113557,-11.247709292960941,5.86013942316413,4.291732682443363,-1.0958371873534487
1695.8479239619812,-11.269400352015246,5.851111985998129,-4.702398068663875,-10.120686434680993
1700.8504252126065,-11.291052788132614,5.840950770519377,-0.6195496485008407,-6.069651666114078
1705.8529264632318,-11.31266673861203,5.830721526017493,-8.694990497008757,-14.176935709603294
1710.8554277138571,-11.334242340021667,5.819159168777071,4.061793936534757,-1.453289234709839
1715.8579289644824,-11.35577972820405,5.807296458242488,-0.7694537354616406,-6.317937005423202
1720.8604302151077,-11.377279038281191,5.79395303294548,5.045339028297831,-0.53798697703788
1725.862931465733,-11.398740404659693,5.780094935453427,-1.1919676744257546,-6.81061314363202
1730.8654327163583,-11.42016396103576,5.76527754823476,-8.353940547079585,-14.008826959880585
1735.8679339669836,-11.441549840400231,5.749794605432527,3.1157126906461006,-2.576042544321604
1740.870435217609,-11.4628981750435,5.734050481762843,-0.647836401051078,-6.376684094331736
1745.8729364682342,-11.484209096560447,5.717654887748975,-5.29636583371248,-11.062920042523952
1750.8754377188595,-11.505482735855297,5.701089238024788,5.217825190714641,-0.5865683071158685
1755.8779389694848,-11.52671922314645,5.683581085846596,-6.168556903561213,-12.011695040861067
1760.8804402201101,-11.547918687971254,5.665136616473324,-4.7629498516721664,-10.645731923170096
1765.8829414707354,-11.569081259190757,5.646126268220602,4.687966256249624,-1.234988734720531
1770.8854427213607,-11.590207064994399,5.626975805694393,0.12772379560073466,-5.835507463699271
1775.887943971986,-11.611296232904674,5.607219651899191,-4.360290085831241,-10.364366666836723
1780.8904452226113,-11.63234888978175,5.586781993422983,-9.260495059648957,-15.306061956007724
1785.8929464732369,-11.653365161828045,5.5656727905352525,-11.010780175350892,-17.098472546643684
1790.8954477238622,-11.674345174592762,5.543921356629796,3.4466515114994074,-2.683772306463559
1795.8979489744875,-11.695289052976404,5.521711053642068,-4.008684727984123,-10.18226272731846
1800.9004502251128,-11.71619692123522,5.498466783931778,-1.3775555922497542,-7.595285729553196
1805.902951475738,-11.737068902985634,5.4746395172265085,1.9962220280985967,-4.266207357660528
1810.9054527263634,-11.757905121208632,5.449677426243271,1.7913965189398366,-4.516831176025524
1815.9079539769887,-11.778705698254107,5.42407685890936,2.2606362719079405,-4.093992567436807
1820.910455227614,-11.799470755845176,5.397272978343352,-3.238175902768341,-9.640373680270166
1825.9129564782393,-11.820200415082436,5.36982775914428,6.295398464288414,-0.15497419164974158
1830.9154577288646,-11.840894796448225,5.341219697084984,-4.4920544559934985,-10.99172955535674
1835.9179589794899,-11.861554019810816,5.311551756170852,2.6480560150021777,-3.9019462486377865
1840.9204602301152,-11.882178204428564,5.2807926010376125,0.3015853731483933,-6.299800230242559
1845.9229614807405,-11.902767468954076,5.24850505026558,-0.021462134120596277,-6.6757245528090925
1850.9254627313658,-11.923321931438256,5.214497106307801,2.8567042489949905,-3.852120576135464
1855.927963981991,-11.943841709334414,5.179382392021017,-4.227322747496394,-10.99178206480979
1860.9304652326164,-11.964326919502264,5.143045342009759,-1.1423344005477936,-7.963615978040298
1865.9329664832417,-11.984777678211925,5.104904842345798,-7.684715844710757,-14.564588680576884
1870.935467733867,-12.005194101147882,5.065325565234443,1.497641497121215,-5.4422270387922245
1875.9379689844925,-12.025576303412917,5.024426629412639,2.006198350697799,-4.9949513233024785
1880.9404702351178,-12.045924399531987,4.981194657500652,5.599850736653404,-1.4648790053779317
1885.942971485743,-12.066238503456102,4.936548159369786,5.729412298147019,-1.400278045939297
1890.9454727363684,-12.086518728566146,4.890122275987547,-7.881384982223336,-15.077781434801935
1895.9479739869937,-12.10676518767667,4.841280686397685,-3.7347372853663,-11.000221786645286
1900.950475237619,-12.12697799303967,4.790499383543709,-2.20669987831197,-9.54317848780793
1905.9529764882443,-12.14715725634831,4.73644337926497,-2.2356714715828407,-9.64638534866618
1910.9554777388696,-12.16730308874063,4.6815568877314355,-4.495862508123014,-11.981608709132207
1915.957978989495,-12.187415600803208,4.623874592853205,-15.815538056782536,-23.37907906473254
1920.9604802401202,-12.207494902574824,4.563297264287753,-6.316829998327884,-13.961027636614954
1925.9629814907455,-12.227541103550056,4.500256803032067,-3.314591264083894,-11.041875564601883
1930.9654827413708,-12.24755431268287,4.43457462754446,-4.806160526788345,-12.619140211926755
1935.967983991996,-12.267534638390156,4.36631006539621,2.634082682770371,-5.267141890223575
1940.9704852426214,-12.287482188555277,4.295747501439457,-2.8952421573155465,-10.886976844431366
1945.9729864932467,-12.307397070531554,4.222041239390231,-0.4945335641883071,-8.57988939532963
1950.975487743872,-12.327279391145726,4.145320380653262,3.650817868601613,-4.531141141890852
1955.9779889944973,-12.347129256701393,4.066019525391113,-0.1353305532968203,-8.4164402846071
1960.9804902451226,-12.36694677298243,3.9839046000627043,1.701051355923401,-6.681990816996326
1965.982991495748,-12.386732045256363,3.8986713523131495,-3.5099384047239015,-11.997999097667115
1970.9854927463734,-12.406485178277737,3.810655954964103,-3.4752165314566605,-12.071045754770296
1975.9879939969987,-12.426206276291413,3.7187513522565196,3.9597270704073466,-4.747727853627547
1980.990495247624,-12.44589544303591,3.624207286767108,0.2037864105054057,-8.617901745763398
1985.9929964982493,-12.46555278174665,3.5272806358070863,0.8726685648593193,-8.065603581080245
1990.9954977488746,-12.485178395159219,3.4269286418305835,-1.174010082258648,-10.232259835587282
1995.9979989995,-12.50477238551258,3.323529209627826,-2.488282541559148,-11.6695257174439
2001.0005002501252,-12.524334854552272,3.2168815994328863,-3.2011800203475858,-12.508633275466972
2006.0030015007505,-12.543865903533588,3.1081048557732824,-1.2800786627412821,-10.715839710501587
2011.0055027513758,-12.563365633224711,2.9958641507682042,-1.6980629773226343,-11.26556445977914
2016.0080040020011,-12.582834143909825,2.8801882681901474,-9.092642760873405,-18.79528863659308
2021.0105052526264,-12.602271535392235,2.761882671742586,2.4964969748650283,-7.343891888784622
2026.0130065032517,-12.621677906997412,2.6407811275614863,2.003730694298648,-7.977166085137279
2031.015507753877,-12.641053357576048,2.516119079532249,0.31007528452489996,-9.8148589935189
2036.0180090045023,-12.660397985507085,2.388877090750728,-2.7746297806315647,-13.04615067538792
2041.0205102551276,-12.67971188870069,2.2586331475140895,-2.2184396394714128,-12.639518380658012
2046.023011505753,-12.698995164601254,2.125425793810988,1.193519836694593,-9.380049534095672
2051.0255127563782,-12.71824791019033,1.990022706027316,-1.519148957112522,-12.247374161275536
2056.0280140070035,-12.73747022198955,1.852886640210324,1.745586119996669,-9.138997461782559
2061.030515257629,-12.756662196063555,1.712363974408175,1.7665056506115886,-9.277792571043792
2066.033016508254,-12.775823928022838,1.569006018854705,6.501632980202544,-4.70518492896559
2071.0355177588795,-12.794955513026641,1.423891729080478,-1.6826082015073278,-13.05367198545349
2076.0380190095048,-12.814057045785766,1.2763693053853042,-5.5215223458795775,-17.05921008628004
2081.04052026013,-12.833128620565386,1.126988645773301,-6.285181612735943,-17.991321587528027
2086.0430215107554,-12.85217033118786,0.9752528774408176,3.9293049867279892,-7.947612467019053
2091.0455227613807,-12.871182271035472,0.8214770353813089,-7.595023938929961,-19.644729174584125
2096.048024012006,-12.890164533053206,0.6662027221265077,6.248151501640319,-5.975810309286379
2101.0505252626313,-12.909117209751452,0.5089161918049865,2.7318840909236757,-9.66831692702279
2106.053026513257,-12.928040393208724,0.35021980680675424,2.061065732445785,-10.516754853956185
2111.0555277638823,-12.946934175074333,0.19002408144875887,0.1182998658315384,-12.638610227794036
2116.0580290145076,-12.965798646571066,0.02963129141290516,-2.474208211759282,-15.410375566917445
2121.060530265133,-12.984633898497808,-0.13317474496464476,2.9904797538711065,-10.127328889591347
2126.063031515758,-13.003440021232189,-0.29734543793615215,-0.10324525947712448,-13.404030718645465
2131.0655327663835,-13.022217104733159,-0.4625211769470103,-5.46778795321135,-18.95252623489152
2136.068034017009,-13.040965238543592,-0.629480503409461,-3.446318121113828,-17.11676386306688
2141.070535267634,-13.059684511792838,-0.7960561228443277,-0.9460101567991863,-14.801750791436351
2146.0730365182594,-13.078375013199265,-0.964044179416958,-6.625208213321263,-20.667627405937484
2151.0755377688847,-13.097036831072783,-1.132546923493373,3.4298780896514245,-10.799705664914732
2156.07803901951,-13.115670053317352,-1.3019864996306745,5.792141834557077,-8.62551471839095
2161.0805402701353,-13.13427476743346,-1.4708181234595425,-14.844942722310995,-29.450035613203998
2166.0830415207606,-13.15285106052059,-1.640595952371266,-6.612421952217099,-21.405868965108954
2171.085542771386,-13.171399019279669,-1.8100142696421835,-6.477309763506672,-21.458723052428525
2176.088044022011,-13.189918730015494,-1.9796165406722865,-4.070646383694735,-19.240181654382518
2181.0905452726365,-13.208410278639144,-2.14947304487829,-0.556587798516937,-15.91447112203437
2186.093046523262,-13.226873750670372,-2.319281685160255,-3.211138287846583,-18.75729372367721
2191.095547773887,-13.245309231239961,-2.488508966765979,-7.131864366924023,-22.865682564929962
2196.0980490245124,-13.263716805092113,-2.6573451877774614,2.519756169609769,-13.401305823259806
2201.1005502751377,-13.282096556586755,-2.8255059505073703,4.9040147743389015,-11.203587732755224
2206.103051525763,-13.300448569701873,-2.9936847140484266,0.9185985346840289,-15.375534749066269
2211.1055527763883,-13.318772928035813,-3.1609131732893747,0.9546175688622753,-15.52506853246291
2216.1080540270136,-13.337069714809559,-3.3274914011940284,-2.276073760077627,-18.940634876081212
2221.110555277639,-13.355339012869015,-3.492782411198715,4.02493488611807,-12.823186537949661
2226.113056528264,-13.373580904687245,-3.6576619889922006,-3.8769684823918453,-20.90821137607129
2231.1155577788895,-13.3917954723667,-3.821234559561701,-2.6655615412887044,-19.878591573217104
2236.118059029515,-13.40998279764146,-3.9844464334286234,-13.875919176813577,-31.27034840788366
2241.12056028014,-13.428142961879406,-4.146966606721101,-2.7293571721188776,-20.304466740719384
2246.1230615307654,-13.446276046084417,-4.307466938636584,2.340878783821217,-15.412864200899783
2251.1255627813907,-13.464382130898546,-4.466774851783699,-1.6481111067152268,-19.579268089397473
2256.128064032016,-13.482461296604159,-4.6251683558496035,-2.2710017510921627,-20.378631403545924
2261.1305652826413,-13.500513623126075,-4.782161943417894,-0.7737176274782713,-19.056393194022238
2266.1330665332666,-13.51853919003369,-4.938224518086888,-4.216531855127456,-22.673295563248036
2271.135567783892,-13.536538076543073,-5.09239956739804,1.164181248450073,-17.46475639549104
2276.1380690345172,-13.55451036151906,-5.245631114791029,1.608328317334037,-17.19181315897605
2281.1405702851425,-13.57245612347733,-5.397212135849209,0.2411349063553585,-18.72853335297118
2286.143071535768,-13.590375440586463,-5.54761095554624,0.6352854087665234,-18.50270098736618
2291.1455727863936,-13.608268390669975,-5.696449127979597,2.2437119893571085,-17.061005529292462
2296.148074037019,-13.626135051208347,-5.843995076012348,-3.7973364703502615,-23.26746659757096
2301.150575287644,-13.643975499341051,-5.990260137224917,-0.481609818635244,-20.115845455201214
2306.1530765382695,-13.661789811868537,-6.134342396568126,3.9897835099856405,-15.806348698451023
2311.155577788895,-13.679578065254214,-6.276606120232317,-2.253084305696838,-22.20926849118337
2316.15807903952,-13.69734033562643,-6.417760312816156,2.5999553152979757,-17.51514533314461
2321.1605802901454,-13.71507669878042,-6.557209811062571,-1.6183654002866128,-21.890651910129606
2326.1630815407707,-13.732787230180245,-6.695445124764099,1.272736145069321,-19.15549620987502
2331.165582791396,-13.750472004960722,-6.832274211966042,-0.8430944292839841,-21.425840646210748
2336.1680840420213,-13.76813109792934,-6.967582450851441,-9.547428261899926,-30.283141810680704
2341.1705852926466,-13.785764583568147,-7.100755909649341,-5.201336636052967,-26.087857129270457
2346.173086543272,-13.803372536035651,-7.2323194989719175,-9.124917661187082,-30.160609696194648
2351.175587793897,-13.820955029168674,-7.362766196219748,-1.0110347166937346,-22.194755942082157
2356.1780890445225,-13.838512136484225,-7.490740863543937,6.595032936883557,-14.734220063144603
2361.180590295148,-13.856043931181336,-7.617773912912991,1.6073759445861482,-19.866441899508178
2366.183091545773,-13.873550486142891,-7.743090578722155,1.4310516870761139,-20.185589377788933
2371.1855927963984,-13.891031873937454,-7.866830484748039,-2.927562412651656,-24.68542477133715
2376.1880940470237,-13.90848816682106,-7.989122641269075,-3.051786124926986,-24.94939693301712
2381.190595297649,-13.925919436739026,-8.108681502045142,-7.75156236119053,-29.786163299974696
2386.1930965482743,-13.943325755327706,-8.226775348469706,2.2884021886407604,-19.881698915156655
2391.1955977988996,-13.960707193916276,-8.343133761905216,3.7246289264174246,-18.57921202940407
2396.198099049525,-13.978063823528487,-8.457807835211689,0.01622031270729174,-22.419651346032886
2401.20060030015,-13.995395714884394,-8.57021817543641,0.5381091256980315,-22.027504764622773
2406.2031015507755,-14.01270293840209,-8.68018810231993,2.825797502215683,-19.867093538506335
2411.205602801401,-14.029985564199436,-8.78872149834844,4.7065421766247235,-18.112164885923153
2416.208104052026,-14.047243662095742,-8.895152290855538,-2.486616600439333,-25.429012553390614
2421.2106053026514,-14.064477301613481,-8.999864751409849,-7.183224191238014,-30.247566244261346
2426.2131065532767,-14.081686551979956,-9.10157957379014,3.1615682436392927,-20.021697882130802
2431.215607803902,-14.09887148212897,-9.20164438732931,-6.8564045628046335,-30.156920432262915
2436.2181090545273,-14.116032160702492,-9.299322576074227,-6.7359015145178915,-30.151256251294612
2441.2206103051526,-14.133168656052286,-9.39450020069721,-3.0954314601931734,-26.62310031694267
2446.223111555778,-14.150281036241566,-9.486861401936933,3.664547910855986,-19.972594527322514
2451.225612806403,-14.167369369046597,-9.576278330552444,-10.053490392384067,-33.79713809198311
2456.2281140570285,-14.184433721958312,-9.66297017066146,-0.5615405413647867,-24.40894443398456
2461.230615307654,-14.201474162183928,-9.746991360178841,-4.287928975157255,-28.236394497520024
2466.233116558279,-14.2184907566485,-9.82859663183412,1.6067344213333636,-22.440352967149256
2471.235617808905,-14.235483571996536,-9.906052078411653,1.6412844838913347,-22.500251166516854
2476.23811905953,-14.252452674593538,-9.981405726640908,3.409418824829679,-20.824439576404767
2481.2406203101555,-14.269398130527565,-10.053235812202942,-3.389904846776039,-27.712538789506546
2486.2431215607808,-14.286320005610772,-10.121560826701321,-1.0732577652684188,-25.481138597580514
2491.245622811406,-14.303218365380955,-10.186494775310697,5.269054394581534,-19.220658746110118
2496.2481240620314,-14.320093275103066,-10.248103449220963,-0.11993589742660205,-24.68813262175063
2501.2506253126567,-14.336944799770723,-10.30586385464035,-1.0488112005443668,-25.69161985495544
2506.253126563282,-14.353773004107722,-10.359738928723953,2.4195599401027286,-22.293951992728946
2511.2556278139073,-14.370577952569514,-10.40979843259253,2.1788958287708136,-22.60148055639123
2516.2581290645326,-14.3873597093447,-10.455892822435624,-4.632833370057163,-29.476085901837486
2521.260630315158,-14.404118338356493,-10.497636617512264,-1.124398148026424,-26.02615310389518
2526.263131565783,-14.42085390326419,-10.534853592393699,-2.8341394131155218,-27.789846908773413
2531.2656328164085,-14.437566467464608,-10.56787253595074,7.625544969907228,-17.37989403350812
2536.2681340670338,-14.454256094093536,-10.595416864592615,0.09455937365581946,-24.955113585030333
2541.270635317659,-14.470922846027158,-10.619354328402837,1.5373438884729262,-23.552933285957067
2546.2731365682844,-14.48756678588348,-10.637715756382653,0.43962678371917585,-24.685655758546957
2551.2756378189097,-14.504187976023747,-10.651182073132283,0.15147802233201713,-25.003892026824012
2556.278139069535,-14.520786478553827,-10.660553102383187,-0.48179967422791226,-25.663139255164925
2561.2806403201603,-14.537362355325628,-10.664598364077003,-3.8820617970613442,-29.084022516463975
2566.2831415707856,-14.553915667938455,-10.663181080532091,-2.267137543080852,-27.4842342915514
2571.285642821411,-14.5704464777404,-10.65639133760789,-15.24280833357113,-40.46964614891942
2576.288144072036,-14.586954845829705,-10.644022274020342,-2.2653557991345044,-27.49633291898455
2581.2906453226615,-14.60344083305611,-10.625950316532283,-9.408226213562422,-34.63761736315082
2586.293146573287,-14.619904500022212,-10.601745694307086,5.027464264241177,-20.194185930088125
2591.295647823912,-14.63634590708478,-10.571909041599348,-9.590769262058632,-34.79902421074276
2596.2981490745374,-14.652765114356097,-10.536298809739137,-0.15027151058739419,-25.339335434682628
2601.3006503251627,-14.669162181705286,-10.494634979471982,-7.709658320784873,-32.87345548196214
2606.303151575788,-14.685537168759605,-10.447853390755581,8.02855317554857,-17.104837383966615
2611.3056528264133,-14.701890134905751,-10.395184665607387,-6.1855571871211215,-31.28263198763426
2616.3081540770386,-14.718221139291163,-10.335800159657238,4.438666166524365,-20.615355132424035
2621.310655327664,-14.734530240825283,-10.270933931293666,1.507170581112974,-23.498293591005975
2626.313156578289,-14.750817498180862,-10.199568815179322,-0.11804609947742528,-25.06843241283761
2631.3156578289145,-14.767082969795197,-10.122074591556371,1.2276874202562151,-23.66147014109535
2636.31815907954,-14.783326713871412,-10.038696823786315,-2.2147698698419114,-27.03679340749964
2641.320660330165,-14.799548788379692,-9.94890245896547,4.26565337995331,-20.482797867391852
2646.3231615807904,-14.81574925105853,-9.853118747915751,-0.0065913511204085395,-24.67545935009469
2651.3256628314157,-14.831928159415964,-9.751289874542545,-7.9764145147453975,-32.55963254870391
2656.3281640820414,-14.84808557073079,-9.643277279306032,0.4343663328348639,-24.05699651720196
2661.3306653326667,-14.864221542053794,-9.529995962928053,-4.5225690058264485,-28.916786510808294
2666.333166583292,-14.88033613020895,-9.410616387293018,0.08361027719744785,-24.20734224030452
2671.3356678339173,-14.896429391794626,-9.28525321415573,-3.3939832456332097,-27.575665851583565
2676.3381690845426,-14.912501383184768,-9.154644387459163,-5.066284287199785,-29.133430057843718
2681.340670335168,-14.9285521605301,-9.017470987825027,-2.0036068190320746,-25.9496299673872
2686.3431715857932,-14.94458177975929,-8.875586405341412,-2.2891914999755527,-26.109359685076253
2691.3456728364185,-14.960590296580117,-8.727537727858312,0.04042404865229621,-23.64770397578613
2696.348174087044,-14.976577766480645,-8.574939184090834,-4.290404927966936,-27.841921878538415
2701.350675337669,-14.992544244730361,-8.416487708295042,0.0016803921416794765,-23.407351560883725
2706.3531765882944,-15.008489786381336,-8.252617467963043,5.297816400601201,-17.96329085374318
2711.3556778389197,-15.024414446269358,-8.084392993800524,3.267850886157948,-19.840956553911933
2716.358179089545,-15.04031827901506,-7.9113074663948035,-5.445078452516896,-28.39670419792676
2721.3606803401703,-15.056201339025048,-7.7341958073700905,5.800298299516114,-16.99009884687902
2726.3631815907956,-15.072063680493015,-7.552143666974372,-4.766451094257906,-27.390658441725293
2731.365682841421,-15.087905357400862,-7.366650413000533,0.8056137816959881,-21.648941988705406
2736.3681840920462,-15.103726423519774,-7.1764532126605864,-6.917890574387551,-29.198070210567913
2741.3706853426715,-15.11952693241135,-6.9838390856940755,-1.165779367378891,-23.269145385484318
2746.373186593297,-15.135306937428664,-6.786458168951423,4.449293621775456,-17.47247148460463
2751.375687843922,-15.151066491717351,-6.5857222464904,4.489741359119007,-17.24704737908874
2756.3781890945475,-15.166805648216691,-6.381913085875828,4.27224752476441,-17.276471209328108
2761.3806903451728,-15.182524459660666,-6.17573369253293,4.296473801182011,-17.061784351011585
2766.383191595798,-15.198222978579029,-5.9662574792211505,-1.6446699545138261,-22.809150412314008
2771.3856928464234,-15.213901257298346,-5.755322917027357,-3.190522598262291,-24.159746772587994
2776.3881940970487,-15.229559347943052,-5.541775929515516,-6.2468737548707765,-27.018209032329345
2781.390695347674,-15.245197302436488,-5.3261915160968165,7.008257783831253,-13.563131034702051
2786.3931965982993,-15.260815172501932,-5.1087217862203556,-10.869608087911582,-31.239145046633865
2791.3956978489246,-15.276413009663624,-4.890850673145845,-6.017242978853378,-26.184506661662848
2796.39819909955,-15.291990865247797,-4.671469103355274,-0.914926589878915,-20.878386558481985
2801.400700350175,-15.307548790383674,-4.451546533173715,1.3711867757743414,-18.38790854778305
2806.4032016008005,-15.323086836004489,-4.230940454620268,2.7164999095486344,-16.83752738107612
2811.4057028514258,-15.338605052848475,-4.010341104742812,0.20061771369179437,-19.14832844389949
2816.408204102051,-15.354103491459874,-3.7894362474790633,-11.457149814287826,-30.600689553226765
2821.4107053526764,-15.369582202189905,-3.569010844449061,-0.4506314878165174,-19.389224534455487
2826.4132066033017,-15.385041235197765,-3.3491683041957043,-5.078788655660676,-23.812998195054146
2831.415707853927,-15.400480640451594,-3.1304391383922874,0.3511190242340767,-18.179800754609804
2836.4182091045527,-15.415900467729433,-2.9123666295670683,0.8665195320407086,-17.46174756525579
2841.420710355178,-15.431300766620216,-2.6962170348812196,2.541714304489896,-15.58580349701154
2846.4232116058033,-15.446681586524704,-2.481930251434512,-14.576911930281568,-32.505523768240785
2851.4257128564286,-15.46204297665644,-2.269486612186122,-6.471265924200373,-24.202795513042936
2856.428214107054,-15.477384986042694,-2.0596477862616833,1.4003279193510223,-16.136704852953358
2861.430715357679,-15.492707663525406,-1.851529834778842,-3.2833573333147026,-20.62759483161895
2866.4332166083045,-15.508011057762117,-1.6466831286908779,-6.633046097878678,-23.78774028433167
2871.43571785893,-15.523295217226899,-1.4449129524139015,6.709942715297403,-10.258265454343396
2876.438219109555,-15.538560190211264,-1.2463006050545131,-0.9091132097658929,-17.69397400503167
2881.4407203601804,-15.553806024825098,-1.0510063481370822,3.476584024557077,-13.128228348405102
2886.4432216108057,-15.569032768997554,-0.8598669813477011,4.342865352586634,-12.08603439775862
2891.445722861431,-15.584240470477965,-0.6721473633302535,-5.9841840356789735,-22.24057186948719
2896.4482241120563,-15.59942917683674,-0.489051319127454,3.779892859941416,-12.308587636022779
2901.4507253626816,-15.614598935466262,-0.3108504762790814,-9.391175761028482,-25.316625172773826
2906.453226613307,-15.629749793581764,-0.13769885988622083,-1.5049040912255975,-17.272352744693585
2911.455727863932,-15.644881798222226,0.030839443431330826,-27.440498815236992,-43.05454117002789
2916.4582291145575,-15.65999499625123,0.19498357913891623,1.2464891275758916,-14.218522289536422
2921.460730365183,-15.675089434357858,0.3536905106638441,-1.0738913160977086,-16.395290239791724
2926.463231615808,-15.69016515905753,0.5067364413671932,0.5887437292896109,-14.594684988400726
2931.4657328664334,-15.705222216692885,0.654233840029243,2.446547009368926,-12.604441367294717
2936.4682341170587,-15.720260653434625,0.7963079316116974,-2.527596216681866,-17.451548938504793
2941.470735367684,-15.73528051528237,0.9320538403314769,-2.6989387309802764,-17.50216540593117
2946.4732366183093,-15.750281848065491,1.0614347998090312,-1.3177884534480808,-16.00663550170454
2951.4757378689346,-15.765264697443968,1.1854211067175873,0.8051984294454906,-13.77464516128089
2956.47823911956,-15.78022910890921,1.3027722381809679,-8.061874286259716,-22.53933115698796
2961.4807403701852,-15.795175127784882,1.4139461490438945,-7.232886538676978,-21.614115517417964
2966.4832416208105,-15.810102799227739,1.5186429481377317,4.738581684114107,-9.552878166975901
2971.485742871436,-15.825012168228435,1.6159866710976782,-3.4272735221142296,-17.636299019244987
2976.488244122061,-15.839903279612347,1.7074159928223742,5.05307997079263,-9.079407315997344
2981.4907453726864,-15.854776178040371,1.7919860160017154,-5.515267339160091,-19.578057501198746
2986.4932466233117,-15.86963090800974,1.8693224062588218,0.3351109818460061,-13.665197519904911
2991.495747873937,-15.884467513854805,1.940321253490419,0.09002119103473127,-13.854125069329655
2996.4982491245623,-15.899286039747848,2.0048972341139155,0.9193928740126136,-12.974995931621319
3001.5007503751876,-15.914086529699855,2.061833275114928,3.5243567922992565,-10.32789646228567
3006.503251625813,-15.928869027561309,2.1119511298303135,-0.986288615205422,-14.803206512936418
3011.5057528764382,-15.943633577022968,2.155956278308892,2.8814548867936303,-10.906222411920446
3016.5082541270635,-15.958380221616649,2.1929499865713327,2.9635479092293995,-10.801882325815916
3021.5107553776893,-15.97310900471597,2.222916088795856,-0.006342101052051019,-13.756535016972165
3026.5132566283146,-15.98781996953715,2.245921071180999,-12.069997818757656,-25.811896717113807
3031.51575787894,-16.002513159139742,2.2618381993738135,-5.143883155183257,-18.884558114949186
3036.518259129565,-16.01718861642742,2.271647374589689,5.079014447513675,-8.666526794324055
3041.5207603801905,-16.03184638414868,2.2745770006459414,-0.9421435066156083,-14.699412890118346
3046.523261630816,-16.046486504897647,2.2714876202823704,1.6717830667707703,-12.103215817844507
3051.525762881441,-16.061109021114778,2.2618335744473397,-5.674587226745385,-19.47386267341282
3056.5282641320664,-16.07571397508762,2.245258139759991,5.3033282384648,-8.52712759686283
3061.5307653826917,-16.090301408951525,2.222515974332176,1.2629575614039608,-12.604827873215388
3066.533266633317,-16.104871364690393,2.1942678073586426,-7.807550775056429,-21.71815433238818
3071.5357678839423,-16.119423884137394,2.1595882029864772,-6.416809084322929,-20.376644765473845
3076.5382691345676,-16.133959008975694,2.118759755090351,-4.655506631768397,-18.67070588565374
3081.540770385193,-16.14847678073916,2.072466061532645,0.6773251451364173,-13.398685574070097
3086.543271635818,-16.162977240813078,2.020545457414708,7.062362138465138,-7.08006964493323
3091.5457728864435,-16.177460430434863,1.9634935544362335,-8.790621661480081,-23.00458853747871
3096.548274137069,-16.191926390694764,1.9012559309164905,1.2850523367194286,-13.005618123058845
3101.550775387694,-16.206375162536553,1.8340040096660046,-3.5359147830066653,-17.908285935877213
3106.5532766383194,-16.220806786758224,1.760681719307886,3.5660019722919296,-10.89412309515841
3111.5557778889447,-16.235221304012704,1.6836026086491651,-2.9997144034929333,-17.55133309885647
3116.55827913957,-16.24961875480851,1.602262752493997,2.1247135674318898,-12.522642434882622
3121.5607803901953,-16.263999179510442,1.5163701557728921,-7.304407033933051,-22.052036057670602
3126.5632816408206,-16.278362618340285,1.4265975284079726,1.6789672141099965,-13.172797875822315
3131.565782891446,-16.292709111377448,1.332894989747674,1.8284313655027913,-13.131382756126984
3136.568284142071,-16.307038698559648,1.2351972688010875,-1.895675761352526,-16.967517191111085
3141.5707853926965,-16.321351419683594,1.1338489559227263,-0.545993192910653,-15.733495656671522
3146.573286643322,-16.335647314405634,1.0291103193841067,-5.863571736573773,-21.1701087315953
3151.575787893947,-16.349926422242415,0.9218010642883776,1.9353808212965786,-13.492744536657458
3156.5782891445724,-16.36418878257154,0.8114857070267776,-4.963733097537687,-20.516436173082447
3161.5807903951977,-16.378434434632215,0.6990211342546864,-9.253439373326211,-24.932852673703742
3166.583291645823,-16.39266341752591,0.5834645251561719,-2.975826144689359,-18.785025037059096
3171.5857928964483,-16.406875770216992,0.4649700623159833,3.2520155982770156,-12.689890109623994
3176.5882941470736,-16.42107153153337,0.3449728819039042,7.841262587487623,-8.234836062141845
3181.590795397699,-16.435250740167128,0.22340787948632757,-7.084920283940837,-23.296763144621636
3186.593296648324,-16.449413434675158,0.10023783395766303,1.7570899693159587,-14.592085631401535
3191.5957978989495,-16.463559653479788,-0.024391152162632768,5.106048420718237,-11.381902384924183
3196.598299149575,-16.477689434869415,-0.1508541560784804,7.127753938853022,-9.500789652094873
3201.6008004002006,-16.49180281699912,-0.27749427234769064,3.9507211566152254,-12.818575932731585
3206.603301650826,-16.505899837891285,-0.40493971422178676,-13.932337098261463,-30.843176650374534
3211.605802901451,-16.51998053543621,-0.5326080552257684,-3.13845515451681,-20.19104374517879
3216.6083041520765,-16.534044947392733,-0.6606611256059611,1.7191872587769979,-15.475518814221697
3221.6108054027018,-16.54809311138882,-0.7893728002339409,0.02347409485446672,-17.313991816768294
3226.613306653327,-16.562125064922178,-0.9178119993337561,3.089708028611163,-14.390229035644772
3231.6158079039524,-16.576140845360865,-1.045776972654283,1.174340598876583,-16.447577219138566
3236.6183091545777,-16.59014048994386,-1.1737663699593626,0.9596545470085585,-16.804252312894665
3241.620810405203,-16.60412403578169,-1.300658121181057,2.1730659162638206,-15.73171624069893
3246.6233116558283,-16.618091519857003,-1.4280593004875095,-2.62121005031611,-20.667360870660623
3251.6258129064536,-16.632042979025147,-1.5541651614885494,-2.526490639391983,-20.71269877990568
3256.628314157079,-16.64597845001477,-1.6790579621899027,2.3150340620659016,-16.01000235013877
3261.630815407704,-16.659897969428393,-1.80261672195595,-7.800696410257919,-26.263211101642263
3266.6333166583295,-16.673801573742985,-1.9247463065835957,-0.38412568634851363,-18.982673566675096
3271.635817908955,-16.687689299310534,-2.0449246894110362,-2.326512827297867,-21.059126816019436
3276.63831915958,-16.70156118235863,-2.164714110528462,5.302920833705158,-13.563354459181934
3281.6408204102054,-16.715417258991017,-2.282034396887152,-0.888277079886147,-19.885728735764317
3286.6433216608307,-16.72925756518817,-2.396899242334087,0.24808607452040876,-18.87807073300185
3291.645822911456,-16.743082136807843,-2.510177064652871,-12.453431566570707,-31.70669076803142
3296.6483241620813,-16.756891009585633,-2.62090093904419,-2.223951998463229,-21.601743947093052
3301.6508254127066,-16.770684219135536,-2.7296792604615887,3.536683006351131,-15.963680473245992
3306.653326663332,-16.784461800950496,-2.836202322205657,-2.5484544138535044,-22.16911853700966
3311.655827913957,-16.79822379040295,-2.9402193236087646,-3.6969485536514757,-23.43539166766319
3316.6583291645825,-16.811970222745384,-3.0414997575632396,-1.5019977475391533,-21.355467727847778
3321.660830415208,-16.82570113311085,-3.14069094312646,-3.362706023928075,-23.32909810016539
3326.663331665833,-16.839416556513537,-3.2363651786311327,0.7736848493758459,-19.302096885768822
3331.6658329164584,-16.85311652784928,-3.3292298625782415,-1.4648525088008586,-21.647198899228382
3336.6683341670837,-16.86680108189612,-3.419730752246066,4.32711389582441,-15.959417938317777
3341.670835417709,-16.880470253314797,-3.5072248651659566,-1.837766994546481,-22.225462113027234
3346.6733366683343,-16.8941240766493,-3.5919286178418597,-6.0596231161892495,-26.54567581068041
3351.6758379189596,-16.907762586327415,-3.6736440242918085,-2.4048434866147934,-22.986250097234016
3356.678339169585,-16.921385816661175,-3.7524479409079046,2.7712258186631855,-17.90260793890589
3361.68084042021,-16.934993801847458,-3.828045742433044,-7.25084295668819,-28.01388250096869
3366.6833416708355,-16.94858657596845,-3.9003488183794834,-0.5275578861404546,-21.376493280488386
3371.685842921461,-16.962164172992175,-3.969064716069318,0.2895289973622446,-20.64169989169925
3376.688344172086,-16.975726626773003,-4.034516149077092,4.793003676487592,-16.2172390993625
3381.6908454227114,-16.989273971052153,-4.096611433038563,-4.202707249500555,-25.288592653591273
3386.693346673337,-17.002806239458206,-4.155897638588645,3.6484051431460784,-17.510298734900772
3391.6958479239624,-17.01632346550759,-4.2109093823801675,-3.24265578524227,-24.469888633130026
3396.6983491745877,-17.029825682605097,-4.263070598640032,-10.775710573026492,-32.06860685427162
3401.700850425213,-17.043312924044358,-4.3118911559922815,-4.8841627020859555,-26.239366782122595
3406.7033516758383,-17.056785223008358,-4.3564340281764995,-5.73155802652822,-27.144777277713075
3411.7058529264636,-17.070242612569906,-4.398511651529166,1.564998605939306,-19.903755658159767
3416.708354177089,-17.083685125692135,-4.43638533986806,-1.8930651889807733,-23.41313565454097
3421.7108554277143,-17.097112795228977,-4.471077714957635,-1.2526767585713743,-22.820867268757986
3426.7133566783396,-17.11052565392565,-4.501780059798529,-4.654638591058243,-26.26694430478242
3431.715857928965,-17.123923734419137,-4.52871178764834,-2.6851879783916455,-24.337823500459123
3436.71835917959,-17.137307069238663,-4.551546237637133,3.1329784323390424,-18.555874874536755
3441.7208604302155,-17.150675690806175,-4.5719710671356815,2.2434617296311226,-19.479185028310734
3446.7233616808408,-17.164029631436794,-4.588800875818809,-4.158679499030839,-25.91151000628644
3451.725862931466,-17.177368923339298,-4.601738238385757,-1.8276360897792912,-23.606743251504344
3456.7283641820914,-17.190693598616598,-4.611416869046876,-11.256632086310157,-33.05874255397363
3461.7308654327167,-17.204003689266166,-4.616898567062816,-2.4261847378341037,-24.247086994163084
3466.733366683342,-17.21729922718055,-4.618665635404038,-7.291328033999465,-29.127292896584052
3471.7358679339673,-17.23058024414778,-4.616383342259905,-10.300474434100735,-32.14743802050842
3476.7383691845926,-17.243846771851846,-4.611069119456769,1.1974971071923153,-20.6574187841163
3481.740870435218,-17.257098841873166,-4.602323860683196,-0.4451824127098363,-22.3046051152662
3486.743371685843,-17.27033648568901,-4.589324814710898,3.2392249353799496,-18.620436365019962
3491.7458729364685,-17.283559734673968,-4.573011949390044,-5.947743303606836,-27.804314987670846
3496.7483741870938,-17.296768620100384,-4.553026115406247,0.9801150374293122,-20.86967969807732
3501.750875437719,-17.30996317313881,-4.529011529805518,-1.4484968413892325,-23.287471544333563
3506.7533766883444,-17.323143424858447,-4.502085705252398,3.1572241600734667,-18.66800497003738
3511.7558779389697,-17.336309406227567,-4.470162946552233,4.525506876291339,-17.28096547648846
3516.758379189595,-17.349461148113967,-4.434839815361713,-0.5947925864887837,-22.379093549964463
3521.7608804402203,-17.3625986812854,-4.396595482260964,-6.028497609870106,-27.78769177341647
3526.7633816908456,-17.37572203641001,-4.3536016209712045,-1.5516120774852107,-23.280935734866425
3531.765882941471,-17.388831244056746,-4.307183805856964,1.0112940811555156,-20.684720968758196
3536.768384192096,-17.401926334695812,-4.257379215636587,-8.290392047469457,-29.949697597801855
3541.7708854427215,-17.415007338699066,-4.203563740779118,-1.8462713176979573,-23.46484239717614
3546.7733866933468,-17.42807428634047,-4.145808474387755,1.8841425391645505,-19.689740221563675
3551.775887943972,-17.44112720779648,-4.084642733481654,-1.8300168365150007,-23.355786777793135
3556.7783891945974,-17.45416613314651,-4.020142752733015,2.312419852383628,-19.1618890334959
3561.7808904452227,-17.467191092373284,-3.952086933981592,-5.7917098916838565,-27.210987918038732
3566.783391695848,-17.480202115363312,-3.880566651468429,1.1920755404369459,-20.168693226394794
3571.7858929464737,-17.493199231907262,-3.8050013776888147,-10.48408968432292,-31.782290293918997
3576.788394197099,-17.506182471700377,-3.725359002796134,4.445909320493507,-16.785632154003004
3581.7908954477243,-17.519151864342895,-3.6425192957524875,5.850151106699438,-15.311520053395942
3586.7933966983496,-17.532107439340447,-3.555935027536206,1.3966974223641944,-19.691345044512456
3591.795897948975,-17.54504922610445,-3.465913793428317,-2.5880456519956567,-23.599008671528424
3596.7983991996,-17.55797725395252,-3.372294772685946,-17.565322775113668,-38.495594801752134
3601.8009004502255,-17.570891552108865,-3.274629376233988,4.84225502780396,-16.003265900538892
3606.803401700851,-17.583792149704685,-3.174485400610199,-4.805872345950517,-25.5641498962654
3611.805902951476,-17.59667907577856,-3.071400836934402,-1.5001799391756871,-22.16825985188865
3616.8084042021014,-17.609552359276854,-2.964260841745472,1.5935687616851797,-18.980244439337145
3621.8109054527267,-17.622412029054082,-2.853618347110408,3.863955535520514,-16.612074840643977
3626.813406703352,-17.63525811387333,-2.7398179419562614,8.022357595783495,-12.352718460046097
3631.8159079539773,-17.64809064240661,-2.6227396052423595,-1.7166865727575535,-21.987516820406523
3636.8184092046026,-17.66090964323527,-2.502427404058279,1.0923966188606973,-19.070940428432852
3641.820910455228,-17.673715144850366,-2.3791482872352447,2.8966049327689865,-17.156258499316625
3646.8234117058532,-17.686507175653016,-2.2525773863982654,-8.272795207685927,-28.21187976973721
3651.8259129564785,-17.699285763954833,-2.1235852626130964,2.6667282308934768,-17.156142795674455
3656.828414207104,-17.712050937978248,-1.9919463592805466,2.5358757261139706,-17.168121571144823
3661.830915457729,-17.724802725856918,-1.857820435143049,-0.5041014348697361,-20.0867245958697
3666.8334167083544,-17.737541155636087,-1.7206339082022315,-2.007877084782114,-21.46605214862043
3671.8359179589797,-17.75026625527294,-1.5806724784486668,4.0563492329809545,-15.274589500740651
3676.838419209605,-17.762978052637003,-1.438674376840895,-1.2104071579453382,-20.412059587423233
3681.8409204602303,-17.77567657551048,-1.2937613637251666,-3.320546734725749,-22.389984673961397
3686.8434217108556,-17.788361851588647,-1.147154137861877,-11.26825339503582,-30.203769384486343
3691.845922961481,-17.80103390848017,-0.9982241130255929,4.313117473446434,-14.48614054805933
3696.8484242121062,-17.813692773707526,-0.8471875438181465,-1.131527879369191,-19.792408196894865
3701.8509254627315,-17.826338474707295,-0.6945824652727418,-5.552260348536256,-24.073181288516295
3706.853426713357,-17.838971038830575,-0.540117416043922,-5.368091461112224,-23.74717991598672
3711.855927963982,-17.851590493343302,-0.383644512303029,-29.221278459383903,-47.456513465030234
3716.8584292146074,-17.864196865426614,-0.22550295124176448,-5.1555298221981065,-23.245229638866483
3721.8609304652327,-17.876790182177203,-0.06651970205113766,7.529172502376545,-10.414137381851797
3726.863431715858,-17.889370470607656,0.09434892306674728,-9.71459210662029,-27.5096136541612
3731.8659329664833,-17.901937757646824,0.2560647749381557,-13.109294412388246,-30.75516739509691
3736.8684342171086,-17.91449207014014,0.41959484807994973,1.9872168781886215,-15.507680343871566
3741.870935467734,-17.92703343484998,0.5841867943676007,-2.442531918117854,-19.785378558600236
3746.8734367183592,-17.93956187845601,0.7496394927275791,-14.892403832823913,-32.082326218552346
3751.875937968985,-17.95207742755551,0.91566128130645,4.33505238090334,-12.70136376534572
3756.8784392196103,-17.964580108663714,1.0821930672558457,2.048458420060924,-14.833928621346942
3761.8809404702356,-17.977069948214172,1.2493735831273487,-7.6442406712098405,-24.371937036296664
3766.883441720861,-17.989546972559058,1.4170514227268693,-9.251321113328686,-25.823816663160876
3771.885942971486,-18.002011207969513,1.5846297395786801,-7.354613631037765,-23.771995099428597
3776.8884442221115,-18.014462680635976,1.7522836165268725,-7.361003814390552,-23.623182878499655
3781.890945472737,-18.02690141666852,1.920453867847689,1.5789964500473115,-14.52745109877352
3786.893446723362,-18.039327442097168,2.0883627115178474,1.4553014552822514,-14.495663275297069
3791.8959479739874,-18.051740782872237,2.2560664296217716,0.3580052056167258,-15.43766914763374
3796.8984492246127,-18.064141464864647,2.4234611360113463,-2.414772496861384,-18.055452825714685
3801.900950475238,-18.07652951386625,2.5904649742984653,1.030240200649997,-14.45582433891779
3806.9034517258633,-18.08890495559017,2.7563280966605284,-1.608751253610385,-16.941328112540027
3811.9059529764886,-18.10126781567108,2.9222726859527586,-1.0198969722201954,-16.198892101938515
3816.908454227114,-18.113618119665563,3.086817444468359,-4.624085143359148,-19.650885818556354
3821.910955477739,-18.125955893052414,3.2509369059856246,-1.7757957943554112,-16.6508147814222
3826.9134567283645,-18.138281161232943,3.4137145557787036,-3.3357170168200323,-18.06028362227427
3831.91595797899,-18.150593949531313,3.5753724652374475,-0.536388290795961,-15.111609775089827
3836.918459229615,-18.16289428319483,3.736877301883363,-7.675461419619893,-22.101478400931363
3841.9209604802404,-18.175182187394267,3.897654910506393,-0.7732846317016768,-15.05081190858955
3846.9234617308657,-18.18745768722417,4.056923432146006,-3.717700492087508,-17.848234747165673
3851.925962981491,-18.199720807703162,4.213952995247155,-15.705024593800221,-29.69079240625623
3856.9284642321163,-18.211971573774257,4.370533312185252,-0.21706067983212263,-14.058498941421128
3861.9309654827416,-18.224210010305146,4.525082779138435,-5.486903854523617,-19.186031085690328
3866.933466733367,-18.236436142088518,4.677887961020107,1.7995679154515756,-11.758980265616835
3871.935967983992,-18.248649993842374,4.830223058169037,5.501299756765119,-7.917127178908219
3876.9384692346175,-18.260851590210283,4.97992770560738,-3.5885116216881503,-16.869435506291055
3881.940970485243,-18.27304095576171,5.128575128801338,-13.790416760008714,-26.93488258696909
3886.943471735868,-18.285218114992333,5.276116780337072,-0.22691522570289768,-13.236016560358157
3891.9459729864934,-18.297383092324285,5.421843614284424,-1.1957832686749859,-14.071322746714849
3896.9484742371187,-18.30953591210649,5.565868739403985,8.137348763990218,-4.606318408712287
3901.950975487744,-18.32167659861495,5.708190548694393,-2.743435427103925,-15.356921477024482
3906.9534767383693,-18.333805176053012,5.84973836925582,-4.948171351154402,-17.432238157951595
3911.9559779889946,-18.345921668551686,5.989371079032994,4.340803644883497,-8.015746944635195
3916.95847923962,-18.358026100169923,6.126957638998243,1.1033594351291525,-11.127709026042528
3921.960980490245,-18.37011849489489,6.263728580691002,6.936836320696841,-5.169553593507047
3926.9634817408705,-18.38219887664227,6.398261643756257,-8.630472885687128,-20.61441011857314
3931.965982991496,-18.39426726925654,6.5317488981993135,-1.4800095892584213,-13.342527960315648
3936.9684842421216,-18.406323696511265,6.664117703023652,1.2289639395396872,-10.513242053947925
3941.970985492747,-18.41836818210935,6.795051706272732,4.606200435327056,-7.017116040509563
3946.973486743372,-18.430400749683347,6.924713331269629,-14.082848716492137,-25.588536134905855
3951.9759879939975,-18.442421422795725,7.0527597474877535,-5.720140289066617,-17.10980196437459
3956.978489244623,-18.454430224939145,7.180480831475361,-5.273267911295328,-16.547217304759112
3961.980990495248,-18.466427179536733,7.3058513602715704,-9.358678592101114,-20.519254411366276
3966.9834917458734,-18.478412309942367,7.431318541382974,-2.3216782462186467,-13.368772014778038
3971.9859929964987,-18.490385639440927,7.555515860978708,-18.28497681437708,-29.2198465928393
3976.988494247124,-18.502347191248585,7.679285580439952,1.6502775216892438,-9.17278408911939
3981.9909954977493,-18.51429698851308,7.802218649820562,-4.480659888578957,-15.192738227271477
3986.9934967483746,-18.52623505431396,7.923853546387769,6.444379922897243,-4.15800158502895
3991.995997999,-18.53816141166288,8.045127413436838,4.368186771069989,-6.124847227156054
3996.998499249625,-18.550076083503843,8.166203993849289,-3.9582413916551262,-14.342113481309681
4002.0010005002505,-18.561979092713482,8.286900877810757,-7.363090036378847,-17.638168251281574
4007.003501750876,-18.57387046210132,8.407222573694282,6.6068078681703835,-3.5598400202366527
4012.006003001501,-18.58575021441002,8.526573495664977,1.1589409320545467,-8.900235786690496
4017.0085042521264,-18.59761837231567,8.646464919668603,-0.21234921125396422,-10.163502663901031
4022.0110055027517,-18.609474958428013,8.766446798042807,-13.070750413585772,-22.91377857397098
4027.013506753377,-18.621319995290733,8.886588885156684,5.560217744758344,-4.174513365375706
4032.0160080040023,-18.633153505381696,9.006401957193663,-4.57542221043852,-14.202173758626552
4037.0185092546276,-18.644975511113213,9.127740412313273,-1.509692046434017,-11.026927145233957
4042.021010505253,-18.656786034832287,9.248332552592977,2.5865899070027156,-6.821863575236594
4047.023511755878,-18.668585098820866,9.369099514062997,-5.206447717688855,-14.505933302446724
4052.0260130065035,-18.68037272529611,9.49061610203529,-4.3216989796432115,-13.511455602904032
4057.028514257129,-18.692148936410636,9.612349148167379,4.09333938402856,-4.9864604042146965
4062.031015507754,-18.703913754252753,9.735470018949586,3.388852639775992,-5.579591095527174
4067.0335167583794,-18.71566720084673,9.85944233169851,-3.2521099804775,-12.10833484962572
4072.0360180090047,-18.727409298153034,9.984595794699219,3.3816219642199004,-5.361191539233915
4077.03851925963,-18.739140068068565,10.109460752013952,-3.4012687574358056,-12.030948073490418
4082.0410205102553,-18.750859532426936,10.236430291265302,0.9576089215745762,-7.556820319587058
4087.0435217608806,-18.762567712998667,10.364036512454561,-2.454671714208963,-10.85320291475307
4092.046023011506,-18.774264631491487,10.49303842191354,-4.60454570799663,-12.885771917574576
4097.048524262132,-18.78595030955052,10.623851916119357,3.7910259157884427,-4.371072477642719
4102.0510255127565,-18.79762476875855,10.756113306247613,-11.878524089007836,-19.920035551518772
4107.053526763382,-18.809288030636264,10.889781675009253,-3.2604368305031928,-11.179943186130203
4112.056028014007,-18.82094011664249,11.024493040078905,-3.441454499586712,-11.237901576150296
4117.058529264633,-18.832581048174426,11.160745572516564,0.9551372500913082,-6.716698225566553
4122.061030515258,-18.84421084656787,11.298615466227728,-23.758073542233397,-31.303668922573536
4127.063531765883,-18.855829533097467,11.437706572106041,2.7161034110705256,-4.7020195499209
4132.066033016508,-18.867437128976945,11.57877600361581,-0.0635231672250971,-7.352184292586233
4137.068534267134,-18.879033655359336,11.721323440093778,-3.9338608510232436,-11.091571066288802
4142.071035517759,-18.890619133337214,11.86467992623006,0.4504947556080543,-6.5754444514990995
4147.073536768385,-18.902193583942925,12.010635392729345,-1.0723138190672559,-7.963872010280836
4152.0760380190095,-18.913757028148805,12.157142440855493,3.6323705756658526,-3.124244011627459
4157.078539269635,-18.92530948686743,12.304483842270194,1.5449864491991563,-5.07583919539808
4162.08104052026,-18.936850980951828,12.454479675197838,2.4532327618368956,-4.029138543917094
4167.083541770886,-18.948381531195704,12.605223873307265,-5.380469528365975,-11.723627186254413
4172.086043021511,-18.95990115833366,12.7571438552037,3.696510230611265,-2.506247072518695
4177.0885442721365,-18.971409883041446,12.91068008175447,-12.06351813687125,-18.124247938158227
4182.091045522761,-18.982907725936155,13.06570614464724,3.849217301812625,-2.0679842794762893
4187.093546773387,-18.994394707576447,13.221573461778744,3.0778399290476557,-2.694981316750047
4192.096048024012,-19.005870848462777,13.377359335979603,6.291614131337235,0.6631026188540616
4197.098549274638,-19.017336169037623,13.534512156523455,-5.442933207300838,-10.925757219815006
4202.1010505252625,-19.028790689685685,13.69255673399708,-3.321569595546894,-8.6578035512355
4207.103551775888,-19.040234430734124,13.851261543547242,1.628469381889376,-3.560503505297506
4212.106053026514,-19.051667412452748,14.01067508262466,2.2347010858865097,-2.806291243941578
4217.108554277139,-19.063089655054263,14.170033530789166,-0.5893502121961944,-5.482406336461292
4222.111055527765,-19.074501178694458,14.32962986753768,-0.5157878274682932,-5.260659138625072
4227.1135567783895,-19.08590200347244,14.489580411182532,-0.2797885515542011,-4.876110143844111
4232.116058029015,-19.097292149430835,14.648999535848532,5.068345477839031,0.6200528642567278
4237.11855927964,-19.108671636555997,14.808266658187161,-2.08178885995598,-6.382193838324815
4242.121060530266,-19.12004048477823,14.967149007532468,-3.6419603392690156,-7.794851816514777
4247.123561780891,-19.131398713971986,15.124633323174404,-4.836291541707397,-8.843056932504979
4252.126063031516,-19.142746343956084,15.281751483650476,6.5674479115650435,2.7064530512594356
4257.128564282141,-19.154083394493895,15.437674684940362,6.5684339277409265,2.852025218187393
4262.131065532767,-19.165409885293595,15.592382413588638,-0.23124677500162782,-3.8042742467065853
4267.133566783392,-19.176725836008305,15.745414578301117,-13.499494210087022,-16.930805467794208
4272.136068034018,-19.18803126623635,15.896858151321858,2.5932111969818736,-0.6979619179326191
4277.1385692846425,-19.199326195521458,16.045950468116626,5.601271855753408,2.4478961283485763
4282.141070535268,-19.210610643352922,16.192818331354463,-0.9496447636504661,-3.9674370756489252
4287.143571785893,-19.22188462916583,16.337082833176343,-2.207303665144609,-5.092105461134098
4292.146073036519,-19.233148172341295,16.479061444077306,-0.5114096198289984,-3.265496348092987
4297.148574287144,-19.244401292206575,16.61772913199403,-14.387691598120227,-17.014363758332774
4302.151075537769,-19.25564400803538,16.753542003351207,-4.936493204894362,-7.438595209578534
4307.153576788394,-19.26687633904795,16.885729116109967,-2.378212668906273,-4.759359891844256
4312.15607803902,-19.27809830441137,17.013991496354727,0.2712444209728764,-1.9928623870837656
4317.158579289645,-19.28930992323966,17.139378868368304,1.595038877432819,-0.5548921774385369
4322.161080540271,-19.300511214594053,17.260725186243782,-9.626664000812333,-11.666450029162604
4327.1635817908955,-19.31170219748314,17.37740385440194,2.672899850683076,0.738601507601877
4332.166083041521,-19.32288289086309,17.4888286440796,-3.309589065275688,-5.143643312059179
4337.168584292146,-19.334053313637828,17.59592183151597,-3.037367694497874,-4.775499176619732
4342.171085542772,-19.34521348465923,17.69733276512403,-7.1198604591058015,-8.767741178641
4347.173586793397,-19.35636342272732,17.794021171496034,0.511548633521512,-1.0507936177097736
4352.176088044022,-19.36750314659044,17.88443272547028,7.9445929386293805,6.46152251750922
4357.178589294647,-19.37863267494548,17.96916057325565,1.1387431073857708,-0.2707289943040583
4362.181090545273,-19.38975202643801,18.048568932330635,5.711881146501693,4.370698052394318
4367.183591795898,-19.40086121966253,18.122054783834123,-6.022988510476607,-7.301794946305015
4372.186093046524,-19.41196027316261,18.18872185048389,-6.310522506548037,-7.533760929226756
4377.1885942971485,-19.42304920543107,18.24957154388564,0.6874010832083712,-0.48607657833705886
4382.191095547774,-19.434128034910223,18.302797207695576,2.2697253084157225,1.1383944812010753
4387.193596798399,-19.445196779992,18.34939234929439,-3.9877415800705673,-5.083546010768176
4392.196098049025,-19.456255459018145,18.389439974171466,-4.599093308429307,-5.665908793275985
4397.198599299651,-19.467304090280436,18.422746915426192,-2.1243232301661976,-3.1688804050204418
4402.201100550275,-19.478342692020806,18.448948840927105,5.779544808543546,4.750150957449845
4407.203601800901,-19.489371282431584,18.467200911366824,6.051615733292106,5.029445362227346
4412.206103051526,-19.500389879655614,18.478915452931822,-1.6064595513053355,-2.6279339780291275
4417.208604302152,-19.511398501786502,18.482710271055726,-5.610622287059274,-6.63931051779005
4422.211105552777,-19.52239716686872,18.47833685806738,7.003005425213553,5.958945116412211
4427.213606803402,-19.533385892897854,18.466743387400733,-5.236949689489328,-6.303592194986449
4432.216108054027,-19.544364697820736,18.447497362052047,-2.592003393828865,-3.688870729597554
4437.218609304653,-19.55533359953563,18.41988130065466,4.549499332003944,3.4140470331229738
4442.221110555278,-19.5662926158924,18.385202008960274,-8.989783231979594,-10.17087383891172
4447.223611805904,-19.577241764692726,18.342994024105842,-4.587415805813438,-5.821663546400322
4452.226113056528,-19.58818106369021,18.292577542929866,-3.575389518368901,-4.870993039129246
4457.228614307154,-19.5991105305906,18.23443584918117,5.800268308655983,4.435593627246554
4462.231115557779,-19.610030183051947,18.168931900550625,-2.3885648100535004,-3.8296630925548225
4467.233616808405,-19.62094003868477,18.095386272348232,-14.091734728568099,-15.617288494904635
4472.23611805903,-19.631840115052228,18.014588542838382,-0.5670370781471523,-2.184288650360998
4477.238619309655,-19.64273042967031,17.925561834463366,9.879559096873605,8.162390501666662
4482.24112056028,-19.653611000007963,17.8294678010053,6.570052357291695,4.745909158289033
4487.243621810906,-19.6644818434873,17.726485115757363,4.262463897105279,2.3244671693753407
4492.246123061531,-19.675342977483748,17.616050167250517,-4.734781886182132,-6.794074696415363
4497.248624312157,-19.68619441932622,17.49823978402995,-5.495750371579194,-7.683705006875466
4502.251125562781,-19.69703618629727,17.374071837896675,-10.078822273439476,-12.401786621840072
4507.253626813407,-19.707868295633286,17.242986215852806,-1.1513048264233432,-3.6161869062038234
4512.256128064032,-19.71869076452461,17.106208773296004,-0.6003669883776985,-3.2128489796063042
4517.258629314658,-19.729503610115746,16.962190205904154,-8.05714380391138,-10.824457208122972
4522.261130565283,-19.740306849505497,16.812219841388284,2.3412482048428718,-0.5868388032743415
4527.263631815908,-19.751100499747132,16.656033723227416,-0.4618234689781089,-3.556890245497824
4532.266133066533,-19.761884577848566,16.49442631515552,-5.7699734811417605,-9.037431743834809
4537.268634317159,-19.77265910077248,16.32778199494284,2.1624122022144086,-1.2824649036152316
4542.271135567784,-19.783424085436522,16.1557951357752,-7.618505342182868,-11.24613429184419
4547.27363681841,-19.794179548713448,15.979051558415133,1.5384586174715316,-2.2766693728267833
4552.2761380690345,-19.804925507431275,15.797751070383255,-4.5557443783459375,-8.562918815393957
4557.27863931966,-19.81566197837346,15.612079875320177,0.7527580604128339,-3.4508240426404484
4562.281140570285,-19.826388978279034,15.422325561701221,-1.1420404677226397,-5.546103884300453
4567.283641820911,-19.837106523842778,15.228311014008376,-4.2228223682336985,-8.8316178780681
4572.286143071536,-19.847814631715348,15.030882555988018,1.1966784275369164,-3.6202536481904133
4577.288644322161,-19.858513318503483,14.830422050215219,3.3933247370246864,-1.634766531263578
4582.291145572787,-19.86920260077011,14.625913270466597,-1.3551834355233257,-6.598472765826838
4587.293646823412,-19.879882495034504,14.419696573810342,-4.3047505444928555,-9.764936465717017
4592.296148074038,-19.890553017772486,14.211833194281338,0.6366601298693264,-5.042059693621821
4597.298649324663,-19.901214185416517,14.002176635170922,3.251062597614572,-2.6479749526310226
4602.301150575288,-19.91186601435588,13.790234995977526,3.1649927222374856,-2.956638296140868
4607.303651825913,-19.922508520936837,13.577347748939083,-3.8828676392994512,-10.228028411297206
4612.306153076539,-19.93314172146276,13.363339095251334,-6.168737510556435,-12.738540136767861
4617.308654327164,-19.943765632194292,13.14876635437394,1.0190764449033756,-5.775922832916977
4622.31115557779,-19.954380269349496,12.934216345844789,-8.807276420797805,-15.827440344302513
4627.313656828414,-19.964985649104,12.71942684759529,-7.0188133851061245,-14.264372186614835
4632.31615807904,-19.975581787591153,12.50565121951041,-8.681682250849732,-16.151612818930474
4637.318659329665,-19.98616870090215,12.29220057491521,-11.871196976896996,-19.565165102883938
4642.321160580291,-19.996746405086224,12.079194180970283,4.18676101902993,-3.7307912050860104
4647.323661830916,-20.007314916150726,11.8681432886686,-2.0364850350980226,-10.175656662580149
4652.326163081541,-20.017874250061336,11.65814505377843,0.9177837029009894,-7.441945493381917
4657.328664332166,-20.02842442274216,11.450399686957207,4.997605429262158,-3.580419306522794
4662.331165582792,-20.038965450075914,11.24541338286716,2.9767375221175074,-5.816814545091247
4667.333666833417,-20.049497347904026,11.04248725914324,1.3692440915471678,-7.637765997213618
4672.336168084043,-20.060020132026807,10.842489720070033,-2.092876328347025,-11.310406740303799
4677.338669334667,-20.070533818203586,10.645492870727702,1.916464337703998,-7.508576609771886
4682.341170585293,-20.08103842215285,10.452442902921902,-6.379421883273992,-16.00801740250494
4687.343671835918,-20.091533959552386,10.262221150585182,-0.053278167695223866,-9.882590976662428
4692.346173086544,-20.102020446039422,10.076470417260634,3.6271796492659254,-6.398370379512863
4697.348674337169,-20.112497897210766,9.894665351723315,1.2515255950297601,-8.96630695045769
4702.351175587794,-20.122966328622944,9.717231148111049,-0.7353417345816022,-11.141076915093498
4707.353676838419,-20.13342575579234,9.543485545422888,-7.851924620040492,-18.441864830409948
4712.356178089045,-20.14387619419534,9.376158962182318,-5.797852137108897,-16.565569369121917
4717.35867933967,-20.154317659268454,9.212837503525233,-4.467803448953901,-15.409283604697123
4722.361180590296,-20.164750166408464,9.054987062708683,2.998239696751819,-8.111523406947962
4727.36368184092,-20.175173730972567,8.90198445628258,1.8001651032018202,-9.473024171488166
4732.366183091546,-20.185588368278495,8.754815500726561,-4.560811990839759,-15.991584858391693
4737.368684342171,-20.195994093604657,8.612986912522382,8.305219981210765,-3.2777871998715096
4742.371185592797,-20.20639092219027,8.477179669629997,-9.35953374527801,-21.088744997838283
4747.373686843422,-20.2167788692355,8.348123950951297,2.5442339727754053,-9.324420945508798
4752.376188094047,-20.22715794990161,8.225007043082188,-0.2041327663343533,-12.206283673153775
4757.378689344673,-20.237528179311038,8.107623158926216,1.3740016705113045,-10.755903349873517
4762.381190595298,-20.247889572547592,7.996751546254632,-2.7481430912329445,-14.999281117525904
4767.383691845924,-20.25824214465655,7.892138151441718,3.1235401992730267,-9.242563793941805
4772.386193096549,-20.268585910644788,7.79423807121712,-1.9685107538722961,-14.442858593299965
4777.388694347174,-20.278920885480936,7.702784856794213,4.975282845335783,-7.60085318335094
4782.391195597799,-20.28924708409547,7.617848682294886,-2.4225912795508147,-15.0939896813514
4787.393696848425,-20.29956452138089,7.5391406322333285,-1.282105069815561,-14.042528958963123
4792.39619809905,-20.30987321219179,7.466870094629936,-0.8864077882739994,-13.729410905835852
4797.398699349676,-20.320173171345036,7.40155006432053,-0.3062384034792258,-13.224861510503732
4802.4012006003,-20.330464413619875,7.342802071568926,-3.071132036593155,-16.058794378644105
4807.403701850926,-20.34074695375805,7.2903901162109195,-0.4439256930186102,-13.49428253056574
4812.406203101551,-20.351020806463957,7.244703561796669,-7.301320927486074,-20.407638172153362
4817.408704352177,-20.36128598640475,7.204810973499968,-1.1656031631486228,-14.322078176053404
4822.411205602802,-20.371542508210446,7.172117902357527,0.8462439158248758,-12.353180690028044
4827.413706853427,-20.381790386474115,7.144979440197778,-11.116321428146705,-24.35313237442304
4832.416208104052,-20.39202963575193,7.124342388265902,-1.9703482188141708,-15.238035466300197
4837.418709354678,-20.402260270563335,7.109377925902118,-0.018902855796941065,-13.311785200458159
4842.421210605303,-20.412482305391165,7.100723277918224,3.316450120509046,-9.995308906963896
4847.423711855929,-20.42269575468176,7.0975856344666886,1.391392037363676,-11.933718082851396
4852.426213106553,-20.432900632845083,7.100715560983307,5.777014563077428,-7.555170508784348
4857.428714357179,-20.443096954254855,7.109252284186743,-21.477262959875162,-34.81110762994327
4862.431215607804,-20.453284733248672,7.123587007426135,2.607858572859988,-10.721839152962549
4867.43371685843,-20.46346398412812,7.142435894159932,7.190904331769595,-6.130123758198593
4872.436218109055,-20.473634721158895,7.166524427737221,2.7675559223076016,-10.539554371114072
4877.43871935968,-20.483796958570938,7.1956242491602564,0.7843484688650593,-12.503824240545622
4882.441220610305,-20.49395071055854,7.230145258248861,3.4371215944656646,-9.826683857844014
4887.443721860931,-20.504095991280465,7.268095595245234,-3.36875848945448,-16.60475888548971
4892.446223111556,-20.514232814860065,7.310657843891781,-5.495355758988968,-18.69893072995725
4897.448724362182,-20.524361195385417,7.357566613241506,4.963733116265306,-8.203061465878605
4902.451225612806,-20.5344811469094,7.407858025025627,-0.2251251055118899,-13.351748227395662
4907.453726863432,-20.54459268344985,7.462640667141561,1.8125843008601596,-11.26936771544813
4912.456228114057,-20.554695818989675,7.519986155976879,-4.084608736902229,-17.119318399915024
4917.458729364683,-20.56479056747694,7.580400780372116,-11.786835431798167,-24.77122521890299
4922.461230615308,-20.574876942825014,7.644378195326422,2.8539477624112415,-10.076550985087351
4927.463731865933,-20.584954958912668,7.7111090396271535,3.560036216828901,-9.313809702456613
4932.466233116558,-20.59502462958419,7.77952628312063,-13.943818973345369,-26.75931731980893
4937.468734367184,-20.605085968649526,7.850033731783466,-20.686839132766394,-33.44189136963246
4942.47123561781,-20.615138989884343,7.9238161207628375,-0.8125459688119265,-13.503868837933434
4947.473736868435,-20.62518370703019,7.998655604439772,8.621445703118901,-4.005082399471515
4952.47623811906,-20.63522013379458,8.074850450205702,6.265119661667928,-6.29525002192095
4957.478739369685,-20.645248283851114,8.152170350652808,-2.8126730388296513,-15.305750972027957
4962.481240620311,-20.65526817083961,8.230666367736113,-19.35917660353869,-31.783778406642185
4967.483741870936,-20.66527980836617,8.30967919478935,-6.362071453966184,-18.717672067543003
4972.4862431215615,-20.67528321000334,8.389844559161217,-0.7345060133405155,-13.019944664182638
4977.488744372186,-20.685278389290186,8.469927136463625,-22.756790952559506,-34.97214220538606
4982.491245622812,-20.695265359732417,8.549523456799173,-4.42193115997358,-16.567673062906824
4987.493746873437,-20.7052441348025,8.629351695880391,8.504640254723363,-3.5712521841987446
4992.496248124063,-20.715214727939752,8.70910523900266,-3.1656777305417907,-15.171787219478883
4997.498749374688,-20.725177152550465,8.787364906973282,-3.2882381312032605,-15.226050376780442
5002.501250625313,-20.73513142200801,8.86446959462422,3.8198399418598203,-8.05082188552397
5007.503751875938,-20.745077549652933,8.941655616479592,-2.2417923756167872,-14.045214308790129
5012.506253126564,-20.7550155487931,9.016453239776252,3.30891448406528,-8.429647824951568
5017.508754377189,-20.76494543270373,9.090118514838498,3.649410177517372,-8.025416740347861
5022.5112556278145,-20.774867214627598,9.16239808082939,-2.722243594604631,-14.334712728402838
5027.513756878439,-20.78478090777504,9.2333082791026,3.323948885062882,-8.22752374360956
5032.516258129065,-20.79468652532416,9.301928350200791,-0.7434077690627234,-12.236165944186093
5037.51875937969,-20.804584080420835,9.368279505910092,2.2029808042518866,-9.233323770258856
5042.521260630316,-20.81447358617891,9.431847695189635,0.33330842603536937,-11.049317464953905
5047.523761880941,-20.824355055680233,9.493887425476276,-8.162042389207645,-19.492510019411604
5052.526263131566,-20.8342285019748,9.553340504413361,2.0881643706519224,-9.192723626909515
5057.528764382191,-20.844093938080846,9.610047322481792,1.6093956496798247,-9.62465096591923
5062.531265632817,-20.853951376984934,9.663940435884552,0.19287701910326138,-10.997133921997122
5067.533766883442,-20.863800831642088,9.714972625487205,1.0285725827919134,-10.12025562336297
5072.5362681340675,-20.873642314975868,9.762463574204212,-6.603505047102006,-17.71468378787366
5077.538769384692,-20.883475839878475,9.80707500695395,-0.7285223527605207,-11.804923185685047
5082.541270635318,-20.89330141921088,9.848806404441799,6.285556906934779,-4.7589381078343
5087.543771885943,-20.903119065802887,9.887918693622712,8.860605610157414,-2.154594762022761
5092.546273136569,-20.912928792453247,9.923380231258122,-8.426938662750937,-19.416487223946064
5097.548774387194,-20.92273061192978,9.95595819755342,-5.344760852679153,-16.311533267055513
5102.551275637819,-20.93252453696944,9.985463014662486,-0.4043834807983897,-11.351445003105344
5107.553776888444,-20.942310580278438,10.012342204034205,-3.2210185418750275,-14.15098691811926
5112.55627813907,-20.952088754532326,10.03650540396701,-8.907110884313903,-19.822694234879222
5117.558779389695,-20.961859072376114,10.056243383706917,3.8989941567031963,-7.006621531966001
5122.561280640321,-20.97162154642435,10.073116509366093,7.385726050047111,-3.512778987011144
5127.563781890946,-20.981376189261226,10.088205405691092,0.24006583620063893,-10.653104947369496
5132.566283141571,-20.99112301344067,10.099905208126561,-1.5812761771232533,-12.472493982437364
5137.568784392197,-21.00086203148646,10.108863779973824,-6.027155846555053,-16.91915409806769
5142.571285642822,-21.01059325589229,10.115366208012697,0.8308446566427907,-10.064382391236801
5147.5737868934475,-21.020316699121892,10.118857565988206,-30.54898622318536,-41.450445356319044
5152.576288144072,-21.03003237360913,10.119862118222567,6.876063148262743,-4.0341071071238215
5157.578789394698,-21.03974029175809,10.11874425444077,1.0247286217248188,-9.8962674155925
5162.581290645323,-21.04944046594315,10.11574221866331,-3.307494599411315,-14.241192846691154
5167.583791895949,-21.059132908509124,10.111038995360214,-1.0142072303738399,-11.96230114352275
5172.586293146574,-21.068817631771324,10.103737125022656,-4.875568540698381,-15.840649047447048
5177.588794397199,-21.078494648015656,10.094998938476284,5.732497483625449,-5.250998225913923
5182.591295647824,-21.088163969498726,10.084112493463735,4.894846422710323,-6.1092050533246685
5187.59379689845,-21.097825608447913,10.072550825956736,-5.004780458516803,-16.03005524100798
5192.596298149075,-21.107479577061493,10.059460214400017,3.519202041209242,-7.528817321452234
5197.5987993997005,-21.11712588750869,10.04565465340213,-9.22376845805142,-20.295239692157978
5202.601300650325,-21.126764551929806,10.030349753363865,-4.065865345430895,-15.162280143996837
5207.603801900951,-21.1363955824363,10.013871674336114,2.6066050562723273,-8.515918851827859
5212.606303151576,-21.14601899111086,9.997774845965177,-6.282326770352316,-17.430570915498
5217.608804402202,-21.155634790007532,9.981393433778544,-3.4815777404440302,-14.655819096673017
5222.611305652827,-21.165242991151768,9.964317577850554,-1.221422709899341,-12.422348123200555
5227.613806903452,-21.174843606540552,9.94734236943094,5.283109742581031,-5.944391494528581
5232.616308154077,-21.18443664814247,9.930071126550468,5.518136585035818,-5.736228936556183
5237.618809404703,-21.194022127897803,9.913484291228944,-11.448022113792533,-22.728559950461392
5242.621310655328,-21.203600057718628,9.897437783653071,-0.41753661179284585,-11.723698885858402
5247.6238119059535,-21.213170449488878,9.882641704615034,-0.3320021783242719,-11.662530923198116
5252.626313156578,-21.222733315064467,9.86783113676937,1.8256137694561456,-9.529288408838951
5257.628814407204,-21.23228866627335,9.854244317678432,-4.029931683041712,-15.40797603163663
5262.631315657829,-21.24183651491563,9.841893492566543,-8.989872373115602,-20.389815395464687
5267.633816908455,-21.25137687276363,9.831145449066693,-3.6248643391767628,-15.0450957628737
5272.63631815908,-21.260909751561982,9.821559627862491,4.522534768761785,-6.916815354937706
5277.638819409705,-21.27043516302773,9.813946176463821,0.9926497903922264,-10.463839196171683
5282.64132066033,-21.279953118850404,9.807780302932862,-2.9054388381145424,-14.377611654032084
5287.643821910956,-21.28946363069209,9.803900356658438,-15.751663602423601,-27.237226876457253
5292.646323161581,-21.298966710187557,9.80159493821535,-0.34355367902840395,-11.84092545100061
5297.6488244122065,-21.3084623689443,9.801857578880234,-6.733428814186232,-18.2400336042503
5302.651325662831,-21.31795061854265,9.803941216332683,-9.123845539084215,-20.63785494129418
5307.653826913457,-21.327431470535846,9.808304282709894,-1.1835737354117208,-12.702700923237671
5312.656328164083,-21.33690493645014,9.8152416648394,-11.168210719709043,-22.689873991319782
5317.658829414708,-21.34637102778485,9.824370034245328,1.1778075345165515,-10.344193459022971
5322.6613306653335,-21.355829756012465,9.835439689105552,2.5433228535920716,-8.977067213314841
5327.663831915958,-21.365281132578737,9.84923912288425,-10.37445626416429,-21.89049827385878
5332.666333166584,-21.374725168902724,9.86556687431736,2.8866009229654415,-8.622557371619923
5337.668834417209,-21.384161876376915,9.884641613061175,2.1240117549142044,-9.375508508401534
5342.671335667835,-21.39359126636731,9.905920896532262,-14.910129392743816,-26.397799762578863
5347.6738369184595,-21.40301335021346,9.930043161384166,-4.491122357720977,-15.96409254655027
5352.676338169085,-21.412428139228602,9.955547980432272,2.7727475186889254,-8.684132640107405
5357.67883941971,-21.4218356446997,9.983847284241945,2.6935225725570913,-8.744465787900666
5362.681340670336,-21.43123587788756,10.014637961721569,-5.846192768031237,-17.262790684197228
5367.683841920961,-21.44062885002687,10.048393196440678,5.06046999858716,-6.331765654999031
5372.6863431715865,-21.450014572326328,10.083178024519732,-4.383155818832474,-15.74999236663907
5377.688844422211,-21.45939305596868,10.121133401615168,3.205500794975383,-8.132758859378129
5382.691345672837,-21.468764312110824,10.161045676229751,-4.199919939875535,-15.507638575756609
5387.693846923462,-21.478128351883893,10.202222952764053,-0.5963278992465337,-11.872233298366373
5392.696348174088,-21.487485186393315,10.245573283293393,-9.78281821890484,-21.02473012200476
5397.6988494247125,-21.496834826718892,10.291019463373122,1.5149927214102252,-9.690822641935545
5402.701350675338,-21.50617728391492,10.337307732605597,1.8533746201046108,-9.31549493120471
5407.703851925963,-21.515512569010202,10.384778409403578,-16.18205242864038,-27.312786588247
5412.706353176589,-21.524840693008183,10.433869707403506,3.8843954823827787,-7.206575503221899
5417.708854427214,-21.534161666886998,10.483547764842097,1.7865417952821874,-9.264072106762715
5422.7113556778395,-21.543475501599556,10.534348605960911,-2.227160432631794,-13.23628732827044
5427.713856928464,-21.552782208073616,10.585164440992049,5.403789040875046,-5.563828726206521
5432.71635817909,-21.562081797211867,10.637440027019903,-26.56992474197297,-37.49456651216494
5437.718859429715,-21.571374279892012,10.689500982401581,0.40782827461477567,-10.474045022875655
5442.721360680341,-21.580659666966824,10.741638487185163,3.8137406800294613,-7.025280499752199
5447.7238619309655,-21.589937969264234,10.792884812398118,-4.758711789015495,-15.555764945881611
5452.726363181591,-21.59920919758742,10.844671545106054,6.208721893037605,-4.5458157594437605
5457.728864432216,-21.60847336271486,10.896143284751862,-1.6847884325329472,-12.397118510495947
5462.731365682842,-21.61773047540041,10.945485209338166,0.8924784468373095,-9.779766819224935
5467.733866933467,-21.626980546373396,10.99524374091348,2.885558520613369,-7.746178284846547
5472.7363681840925,-21.636223586338673,11.044146647083515,-3.194470560904559,-13.786547500159717
5477.738869434717,-21.645459605976708,11.09027981642043,0.4469530059921736,-10.108226783564103
5482.741370685343,-21.65468861594364,11.135711922741205,0.7318301235727462,-9.78714656962969
5487.743871935968,-21.66391062687138,11.179065715255645,0.03807582893682815,-10.446769082678909
5492.746373186594,-21.673125649367652,11.219568562638822,-4.183486027417561,-14.63704311414639
5497.7488744372195,-21.68233369401609,11.258019724878865,-6.674133786111097,-17.098447755248323
5502.751375687844,-21.69153477137631,11.29428120497376,-0.07415057982409068,-10.471404146226641
5507.75387693847,-21.700728891983967,11.327823081872094,-2.0715350053099995,-12.444440815421874
5512.756378189095,-21.70991606635084,11.357968600088192,2.4442777432615337,-7.9076697230011135
5517.758879439721,-21.7190963049649,11.384641735013208,-1.3843091345377627,-11.718763704489454
5522.7613806903455,-21.72826961829038,11.408409102919123,-3.5957488899398435,-13.9156094053111
5527.763881940971,-21.73743601676786,11.427721590978575,-9.662771906682831,-19.972486332472116
5532.766383191596,-21.746595510814313,11.444347065064488,2.3664883859586503,-7.935760059791175
5537.768884442222,-21.7557481108232,11.456913957294523,-6.818099762334352,-17.11693391586303
5542.771385692847,-21.764893827164524,11.465168881493558,-0.6778810720519861,-10.977606017722954
5547.7738869434725,-21.77403267018492,11.46950548788353,3.4441379403783134,-6.860389241923075
5552.776388194097,-21.7831646502077,11.46936302053702,-0.011329236483204719,-10.325130866153883
5557.778889444723,-21.79228977753294,11.46470334498388,6.148218342513214,-4.179368090035846
5562.781390695348,-21.80140806243755,11.454785907176376,-12.357019434427318,-22.70364158968849
5567.783891945974,-21.810519515175336,11.440653922856793,3.3589174572919154,-7.010948135026628
5572.7863931965985,-21.81962414597707,11.421339920698202,-9.713205173723711,-20.11148939900258
5577.788894447224,-21.828721965050562,11.397179101339043,-6.77591655595172,-17.207459419663238
5582.791395697849,-21.837812982580733,11.368229199387601,2.529951586019089,-7.939632197174043
5587.793896948475,-21.846897208729676,11.333884842315525,-2.368381380372035,-12.881393746786186
5592.7963981991,-21.855974653636714,11.294262107988537,3.567685056412939,-6.994027489235238
5597.7988994497255,-21.865045327418507,11.249228938192108,3.324480250504684,-7.291336138721715
5602.80140070035,-21.874109240169062,11.199046205704956,1.3039033211518527,-9.371159713312252
5607.803901950976,-21.88316640195986,11.143425483221584,-4.479669996829653,-15.219410915567927
5612.806403201601,-21.89221682283987,11.082539132345419,-7.119384430085003,-17.929062120579456
5617.808904452227,-21.901260512835655,11.01670338266624,-10.760378250613494,-21.64493538078291
5622.8114057028515,-21.910297481951424,10.944980664102847,-5.059397844790025,-16.0247146626386
5627.813906953477,-21.9193277401691,10.868001228003642,-1.937725142649244,-12.9890516548147
5632.816408204102,-21.928351297448362,10.785214351936151,3.7060928996419484,-7.4370440458702625
5637.818909454728,-21.93736816372677,10.698335736194755,0.40080921991371987,-10.838223207618295
5642.821410705353,-21.946378348919765,10.605266954031782,-17.58116304574653,-28.92227444063451
5647.8239119559785,-21.95538186292078,10.507295272657286,-9.473975146319042,-20.922061736582535
5652.826413206603,-21.964378715601274,10.405281681438073,-9.031949578588936,-20.591046612752137
5657.828914457229,-21.973368916810834,10.298527774847745,-3.4662022237554058,-15.141043365718495
5662.831415707854,-21.98235247637719,10.186584352043667,2.9847865555871653,-8.810981568746358
5667.83391695848,-21.99132940410633,10.069820763590451,1.8749307137876614,-10.046577926728219
5672.836418209105,-22.000299709782535,9.94873123110477,1.9883164739671848,-10.06325200471058
5677.83891945973,-22.009263403168436,9.823145453923992,-9.016410575794598,-21.202528525039043
5682.841420710356,-22.01822049400511,9.693937845545486,-1.4486088139381716,-13.772891462397796
5687.843921960981,-22.02717099201211,9.559972566684015,-0.029599476346328313,-12.496797901674423
5692.846423211607,-22.03611490688755,9.422725051695634,-3.5272032074772683,-16.140593062669186
5697.8489244622315,-22.04505224830816,9.281529354057811,-4.958799367462614,-17.72232226171296
5702.851425712857,-22.05398302592935,9.135956201147694,-1.802141526505527,-14.720168351287185
5707.853926963482,-22.062907249385265,8.987502152137814,4.824010965266258,-8.251394131981193
5712.856428214108,-22.07182492828887,8.835749326367612,-1.6708735738642093,-14.906949175785467
5717.858929464733,-22.08073607223197,8.681272797245771,-4.762025420193472,-18.16148869517967
5722.861430715358,-22.089640690785338,8.52417888935529,-1.9514283036172793,-15.516890105047326
5727.863931965983,-22.09853879349869,8.364227293768863,-8.267406976835563,-22.00171847656539
5732.866433216609,-22.107430389900834,8.20252747607815,-4.87197681142213,-18.776879725244815
5737.868934467234,-22.11631548949967,8.038123108144848,-4.581593533817708,-18.659785915172527
5742.87143571786,-22.125194101782277,7.872409224697298,-4.44372569349304,-18.69651057057802
5747.8739369684845,-22.134066236214966,7.705291800345282,-2.40973784971165,-16.838512285581334
5752.87643821911,-22.14293190224335,7.536671222245569,5.69991250313355,-8.906348176864231
5757.878939469735,-22.151791109292393,7.367156694583374,-2.64190143825977,-17.426535852968787
5762.881440720361,-22.16064386676647,7.197533890774358,7.404671698625865,-7.558438277366246
5767.883941970986,-22.169490184049437,7.026655112462529,-5.761872338305963,-20.904707409892872
5772.886443221611,-22.17833007050469,6.855405225947284,0.6345453433401018,-14.688379501217304
5777.888944472236,-22.187163535475207,6.683767236829359,2.2507406826208785,-13.25265561602497
5782.891445722862,-22.19599058828363,6.512106814821211,-0.09642976522602864,-15.78031353868845
5787.893946973487,-22.204811238232313,6.340493413105652,7.30832275883091,-8.555995066295752
5792.896448224113,-22.213625494603377,6.169728908253845,0.550785088068968,-15.493111498280564
5797.8989494747375,-22.22243336665878,6.000213938020541,-0.6157461897506715,-16.83796561838891
5802.901450725363,-22.23123486364036,5.831540441463698,-5.542033259484798,-21.94172768166146
5807.903951975988,-22.24002999476991,5.66410620792897,4.543671583017757,-12.03225220382318
5812.906453226614,-22.248818769249226,5.498191314609231,-8.59119900089661,-25.341826455536605
5817.908954477239,-22.25760119626016,5.334386460471263,-5.162988748820528,-22.086203484609424
5822.911455727864,-22.266377284964697,5.17259522690388,0.9312886543561363,-16.16249340370468
5827.913956978489,-22.275147044504987,5.012065414224402,4.038850145925379,-13.224231484355204
5832.916458229115,-22.283910484003425,4.854193805420028,-5.918775790956875,-23.348492469540272
5837.91895947974,-22.292667612562692,4.698927068015988,-15.217959643002386,-32.81170018754909
5842.921460730366,-22.301418439265813,4.546165725471894,-4.245517522382859,-22.000770236176777
5847.9239619809905,-22.31016297317623,4.396653601429596,-0.3996579650478089,-18.313167336794443
5852.926463231616,-22.318901223337836,4.250862984750401,-2.0415850495291163,-20.109623288116552
5857.928964482242,-22.32763319877505,4.107776671598981,0.9928575410320151,-17.226998986144054
5862.931465732867,-22.33635890849285,3.968004731791142,0.8029420182436926,-17.565412158458017
5867.933966983493,-22.34507836147686,3.8317370529977057,0.02104129988679837,-18.49230000859236
5872.9364682341175,-22.35379156669338,3.6995057065618733,-0.8386048435724043,-19.492890703703914
5877.938969484743,-22.36249853308945,3.570304643401238,3.8107418198635576,-14.981452069824655
5882.941470735368,-22.371199269592903,3.445308676908035,3.8496298801008635,-15.076260712584006
5887.943971985994,-22.37989378511243,3.3245647530173117,3.6644711035547557,-15.39085792854036
5892.946473236619,-22.388582088537614,3.20780224143852,-2.146493764390512,-21.32727361148961
5897.948974487244,-22.397264188739012,3.0952812726525125,-7.749245308905369,-27.051228224991867
5902.951475737869,-22.40594009456818,2.986802759723573,-1.9778134126364955,-21.396950747481103
5907.953976988495,-22.414609814857762,2.882565647166598,-5.262099935511627,-24.794144103202793
5912.95647823912,-22.423273358421493,2.783068759368197,-1.0020088692770879,-20.642213468330386
5917.958979489746,-22.431930734054315,2.6880284192328485,-8.11747047755794,-27.86137279237941
5922.9614807403705,-22.440581950532373,2.5968566798667037,0.28196799303147246,-19.561757277634197
5927.963981990996,-22.44922701661311,2.5096619063600505,5.476172737992732,-14.463392372260328
5932.966483241621,-22.45786594103531,2.426955842601959,-0.04537801650226947,-20.07628811493562
5937.968984492247,-22.466498732519124,2.3496791752980712,-2.734467553062524,-22.85128711028358
5942.971485742872,-22.47512539976616,2.276241655087925,0.1485622606765391,-20.050321484001696
5947.973986993497,-22.48374595145952,2.2073901729250656,6.023945525257597,-14.252410253276858
5952.976488244122,-22.492360396263845,2.143097086926839,-4.429162742172528,-24.778426051509534
5957.978989494748,-22.50096874282538,2.0827648358727076,-4.931901252816512,-25.350105159769182
5962.981490745373,-22.509570999772013,2.0276736184838935,5.4155305097812825,-15.066366871506839
5967.983991995999,-22.518167175713355,1.9763893106480594,-3.3602384414791757,-23.90201630654447
5972.9864932466235,-22.52675727924074,1.9289358564408983,5.608882393234103,-14.988939029565739
5977.988994497249,-22.535341318927344,1.8853665730183584,3.7033069447776867,-16.946667801131298
5982.991495747874,-22.543919303328163,1.8458349086970203,-0.04735297912047276,-20.745437373751614
5987.9939969985,-22.55249124098013,1.8112368489461024,3.6345177937038553,-17.106736598330173
5992.996498249125,-22.561057140402124,1.7800663249374626,-2.6799705863483756,-23.460961401813037
5997.99899949975,-22.569617010095037,1.7526510047742694,-1.7959236336220938,-22.612889638942864
6003.001500750375,-22.578170858541817,1.7286841136273305,-10.425371531300861,-31.274858276215348
6008.004002001001,-22.586718694207537,1.7083268222642112,-5.55298167660245,-26.431373548545775
6013.006503251626,-22.595260525539416,1.6918841257657529,-13.441786830377634,-34.3451632301513
6018.009004502252,-22.603796360966896,1.6781109341001974,1.482179281429726,-19.443506145436974
6023.0115057528765,-22.612326208901667,1.6684056408165655,6.181906362343124,-14.762014205741977
6028.014007003502,-22.620850077737746,1.6614884501494793,-1.4208981835658783,-22.380259811154144
6033.016508254127,-22.62936797585149,1.6572991666876118,0.8830096352881514,-20.08905917387573
6038.019009504753,-22.637879911601697,1.6557649985205602,-2.2446698776205096,-23.226784790701647
6043.021510755379,-22.6463858933296,1.6575724260979594,0.7024152463613165,-20.286398220870325
6048.024012006003,-22.65488592935894,1.6610108890520128,-8.830039050945839,-29.823914091252767
6053.026513256629,-22.663380027996027,1.667069794929289,-0.5012142990289061,-21.497524532095643
6058.029014507254,-22.671868197529772,1.676392904113061,2.067053544388342,-18.928421749028367
6063.03151575788,-22.680350446231742,1.686774425568286,2.487626370899388,-18.50594964976407
6068.034017008505,-22.688826782356198,1.6989952774397494,1.9440097153930678,-19.04582178952338
6073.03651825913,-22.69729721414017,1.7138702800147476,-3.732625146192431,-24.71605208031785
6078.039019509755,-22.70576174980347,1.7301922675050223,3.3518187152908014,-17.62375076700765
6083.041520760381,-22.714220397548765,1.7479112397256624,2.5164230053607586,-18.44988615246234
6088.044022011006,-22.72267316556161,1.7672604563585215,-4.740037796638033,-25.695450505841123
6093.046523261632,-22.73112006201052,1.7871252620420273,-2.9433090165989126,-23.887303816567403
6098.049024512256,-22.739561095046966,1.8088794002274473,0.9181642922416624,-20.012517402577856
6103.051525762882,-22.747996272805498,1.8315402533413514,4.322768062285365,-16.59368795717878
6108.054027013507,-22.756425603403713,1.85441445789867,-4.411033810165633,-25.313044955670676
6113.056528264133,-22.764849094942363,1.8795332975393402,0.8531606658573558,-20.032155131545668
6118.059029514758,-22.77326675550536,1.9034557239747647,-0.709672647363714,-21.57948367889431
6123.061530765383,-22.781678593159853,1.9288431627193046,7.39449458559066,-13.45834084484989
6128.064032016008,-22.790084615956257,1.9540193018450724,1.2795668484197646,-19.55649846569142
6133.066533266634,-22.798484831928295,1.9797854399648536,-2.4524286598038625,-23.271128051767306
6138.069034517259,-22.806879249093072,2.0056892567617925,0.39166212416705903,-20.409527868164222
6143.071535767885,-22.815267875451077,2.0305027043564294,-2.1428597432044794,-22.927624914299127
6148.074037018509,-22.82365071898627,2.055317247227583,-2.3661061025678314,-23.134439574326517
6153.076538269135,-22.83202778766611,2.0799002315445363,3.3682309295953177,-17.38389662652626
6158.07903951976,-22.840399089441597,2.103856608398896,4.394957638827359,-16.34158484221534
6163.081540770386,-22.84876463224732,2.1278420966027616,1.5447838371753408,-19.176138698469217
6168.084042021011,-22.857124424001505,2.150841182971895,3.704896683409175,-17.001386557620435
6173.086543271636,-22.865478472606064,2.1732980152780286,0.39131045127030717,-20.30087000605773
6178.089044522261,-22.87382678594663,2.194473205623995,4.348259323008062,-16.33109425731457
6183.091545772887,-22.882169371892598,2.2147018763742294,2.725814555342213,-17.941652940176155
6188.094047023512,-22.890506238297196,2.2342250845951876,2.801537663207327,-17.85474349049468
6193.096548274138,-22.898837392997493,2.2528935714658314,-13.772623487447424,-34.418567308979085
6198.099049524762,-22.907162843814472,2.269443408774253,-0.008908330526262054,-20.64662776556648
6203.101550775388,-22.915482598553062,2.284812656279129,-21.763708230350584,-42.39437817262451
6208.104052026013,-22.923796665002175,2.299559042297655,7.512125963126001,-13.112111659578519
6213.106553276639,-22.93210505093477,2.313085602845028,3.247897841942242,-17.371121606147497
6218.109054527264,-22.940407764107874,2.3250420070639195,-0.0989641691203258,-20.71432992616428
6223.111555777889,-22.948704812262644,2.334983045066044,-2.1110444586976,-22.7247662258942
6228.114057028515,-22.956996203124397,2.3433642543393085,-4.2472624145801,-24.860894363365187
6233.11655827914,-22.96528194440266,2.3499095026254824,-4.560683264614783,-25.176055706391956
6238.119059529766,-22.97356204379121,2.3553737503758536,2.7236656533564343,-17.89452264005892
6243.121560780391,-22.98183650896812,2.358865865926559,-3.4037428076581455,-24.026713450699702
6248.124062031016,-22.990105347595797,2.360708521399557,3.600836682504541,-17.0285601436917
6253.126563281641,-22.998368567321037,2.3611156317888047,-0.8717936544445266,-21.50904658997676
6258.129064532267,-23.006626175775047,2.3594481402913594,-6.214065451558942,-26.86124348704263
6263.131565782892,-23.0148781805735,2.3558549633050685,-4.03598725502542,-24.695010472293852
6268.134067033518,-23.023124589316588,2.3506078164496715,3.209885685444932,-17.462631087421986
6273.136568284142,-23.03136540958902,2.3428802373745876,-2.9487963609510013,-23.637281533165435
6278.139069534768,-23.039600648960143,2.3333952906370987,-0.8355771969252206,-21.541782555248265
6283.141570785393,-23.047830314983887,2.3218910120887544,-2.239159303645848,-22.96509860654098
6288.144072036019,-23.05605441519889,2.3083531151289822,-1.7759950604651698,-22.523696360535077
6293.146573286644,-23.064272957128487,2.2935897804119443,4.080427000024872,-16.69025617669167
6298.149074537269,-23.072485948280782,2.2757477386668317,5.891525970008409,-14.90521223960554
6303.151575787894,-23.080693396148668,2.2559795484596994,0.11001631664224254,-20.714697531046728
6308.15407703852,-23.08889530820987,2.2340932864664946,-4.153916129796641,-25.008718151540016
6313.156578289145,-23.09709169192701,2.210676791040403,-2.493720268280538,-23.380135169167144
6318.159079539771,-23.105282554747614,2.1836941656134705,-0.09770381549338003,-21.019292204627522
6323.161580790395,-23.113467904104176,2.155059842731991,0.6985488954538761,-20.25985916591831
6328.164082041021,-23.121647747414194,2.1236661325008344,4.472302873721633,-16.525678741191726
6333.166583291646,-23.1298220920802,2.0916512253649397,0.9317435409940473,-20.106427325721214
6338.169084542272,-23.137990945489815,2.056221288840936,-5.53507860977911,-26.61684826642799
6343.171585792897,-23.14615431501577,2.0192147192171372,0.6436809029486694,-20.48325869284996
6348.174087043522,-23.15431220801598,1.9798526300092456,-2.2580044865596256,-23.43246406456636
6353.176588294147,-23.162464631833533,1.9378057510891291,0.3364829130615239,-20.88817596768288
6358.179089544773,-23.170611593796774,1.8942557143125938,6.727000490235273,-14.549355389248909
6363.181590795398,-23.17875310121934,1.8484362864276163,1.456128588277985,-19.874188226513738
6368.184092046024,-23.18688916140016,1.7999103552044722,-1.9631335864285713,-23.35011239262426
6373.186593296648,-23.195019781623543,1.7494108061497573,-1.9675697679345747,-23.41317874340836
6378.189094547274,-23.203144969159194,1.6969521206139753,1.8932134909916059,-19.612979357553613
6383.191595797899,-23.211264731262247,1.642155209820154,3.479843636026094,-18.089265885416
6388.194097048525,-23.219379075173315,1.5852271272871317,0.07532864662513283,-21.55882330126105
6393.19659829915,-23.22748800811853,1.5265821782437872,-4.1586964602656735,-25.859602290140415
6398.199099549775,-23.23559153730958,1.465862678959272,-7.0415698396288455,-28.811298697979154
6403.201600800401,-23.24368966994374,1.4028857122154252,-1.3797586067948167,-23.22056256452313
6408.204102051026,-23.251782413203916,1.3380532410506154,-5.612567120488876,-27.526296292642176
6413.206603301652,-23.25986977425868,1.27101018679769,5.549036542433413,-16.439823045027577
6418.209104552277,-23.267951760262314,1.2017970838643108,-1.478188486801011,-23.544343163199013
6423.211605802902,-23.27602837835485,1.1315539740718934,5.040418872782212,-17.104055531500748
6428.214107053527,-23.284099635662088,1.0584957631516216,1.8617476753853563,-20.36385619712511
6433.216608304153,-23.292165539295667,0.9843777959295072,0.013471039163920562,-22.294316704202238
6438.219109554778,-23.30022609635307,0.9084374289592334,0.7957533775463048,-21.596035289847535
6443.2216108054035,-23.308281313917682,0.8312906734197623,-3.190356157042391,-25.66734679754031
6448.224112056028,-23.31633119905882,0.7520810872998934,-2.400869626208721,-24.965119737967647
6453.226613306654,-23.32437575883176,0.6713479575274011,4.521370825586149,-18.131656975718208
6458.229114557279,-23.332415000277805,0.5895849814023334,6.060276626771696,-16.682553392103777
6463.231615807905,-23.340448930424287,0.5061299446810672,3.87613523080646,-18.958183754936762
6468.23411705853,-23.348477556284625,0.42180203217370255,-2.189186175572366,-25.11586169968329
6473.236618309155,-23.356500884858356,0.3361886965550887,3.0603858289836987,-19.95992635931957
6478.23911955978,-23.364518923131165,0.2491272674379949,-1.2631858433738872,-24.378577499067056
6483.241620810406,-23.37253167807494,0.16148530378023715,2.497291113468985,-20.713755260825717
6488.244122061031,-23.380539156647778,0.07294310049562644,-0.3274242035734456,-23.6350202597256
6493.246623311657,-23.388541365794058,-0.015395661220610687,0.5889647218475491,-22.81497230516712
6498.249124562281,-23.396538312444445,-0.10486588934505339,-0.628948550649179,-24.130352752438675
6503.251625812907,-23.404530003515948,-0.19493282009624774,-10.009018629086755,-33.60848145269895
6508.254127063532,-23.412516445911947,-0.2852776310463643,-2.098983648485672,-25.79677772544398
6513.256628314158,-23.42049764652222,-0.375889144839619,-3.0628440174883,-26.85923080885014
6518.259129564783,-23.428473612223,-0.4662143927826931,-0.6690589831151812,-24.563746988120876
6523.261630815408,-23.43644434987699,-0.556339929450864,-0.9346539394077937,-24.92743821873565
6528.264132066033,-23.4444098663334,-0.6457057593617194,1.6125086676117397,-22.47760695808338
6533.266633316659,-23.452370168428022,-0.7342559516243596,-7.233416623758421,-31.420042743810804
6538.269134567284,-23.460325262983186,-0.8220913067970125,-2.674617135960046,-26.957033705740244
6543.27163581791,-23.468275156807877,-0.9093559101650432,3.6559048591262338,-20.721726207846686
6548.274137068534,-23.47621985669772,-0.9958636949894945,-2.186645375018191,-26.658728926705408
6553.27663831916,-23.484159369435034,-1.0802175715372142,-0.3237738799816865,-24.888150820953935
6558.279139569785,-23.49209370178885,-1.1635001600466697,0.3656305477579025,-24.289963314077617
6563.281640820411,-23.50002286051497,-1.244702867882142,4.989500735705828,-19.755224992691286
6568.284142071036,-23.507946852355992,-1.3243707302127028,-1.7254440398596393,-26.557761622428334
6573.286643321661,-23.515865684041334,-1.4019752492015232,-4.503438829076766,-29.421279762319624
6578.289144572286,-23.523779362287264,-1.4776306954201472,-8.176441242062408,-33.17785129976982
6583.291645822912,-23.53168789379698,-1.5507351544017276,1.5853067773327556,-23.497116270865952
6588.294147073538,-23.539591285260578,-1.620506028881007,-1.9415163632944914,-27.101613677436077
6593.296648324163,-23.547489543355127,-1.6883741297056614,-0.8736590439752081,-26.109522717035997
6598.299149574788,-23.555382674744703,-1.7526007070516425,5.539276014784643,-19.7687073670117
6603.301650825413,-23.563270686080404,-1.8127965141941729,-12.539315206484199,-37.91538240675877
6608.304152076039,-23.571153584000395,-1.8691416220681125,1.528543165959479,-23.91175204010903
6613.306653326664,-23.57903137512994,-1.9223321963782223,3.5324744139906095,-21.968889157517552
6618.3091545772895,-23.58690406608144,-1.971061743178094,-11.555426548824947,-37.11339235808448
6623.311655827914,-23.594771663454456,-2.0153588076644007,-1.0035209551323936,-26.613651426251252
6628.31415707854,-23.602634173835746,-2.0556876693090946,-8.461439419353903,-34.11976126249874
6633.316658329165,-23.61049160379931,-2.092273951758401,-7.717379298172377,-33.420144853730086
6638.319159579791,-23.618343959906397,-2.123813599988675,-6.037560480441169,-31.779718040336242
6643.321660830416,-23.62619124870557,-2.1500556632476058,-0.4801584127402274,-26.256405324693404
6648.324162081041,-23.63403347673271,-2.1703514214697597,3.7385222432624428,-22.065862654940027
6653.326663331666,-23.641870650511066,-2.185728573200664,-1.48754137000455,-27.31514059371628
6658.329164582292,-23.649702776551287,-2.1946466779283074,1.8992384845891923,-23.9451109698904
6663.331665832917,-23.657529861351435,-2.19842638547631,2.138379147798865,-23.71757709902888
6668.3341670835425,-23.665351911397053,-2.196031813668598,0.4391788714697378,-25.42220485359591
6673.336668334167,-23.67316893316116,-2.187129085887756,2.0729724585630356,-23.787325560485883
6678.339169584793,-23.680980933104312,-2.171645728674428,1.1159979571300802,-24.73662870464866
6683.341670835418,-23.688787917674613,-2.1498305256377606,1.2800567162557481,-24.558561727056627
6688.344172086044,-23.696589893307753,-2.1213182719234105,-3.774146143363322,-29.592054308594484
6693.346673336669,-23.704386866427058,-2.086585835704023,-6.279063623481314,-32.07003632561239
6698.349174587294,-23.71217884344349,-2.044946105829024,3.821825238894461,-21.93529971037805
6703.351675837919,-23.719965830755704,-1.9963491536826146,0.06587537830390744,-25.650439606134412
6708.354177088545,-23.727747834750065,-1.9414415944247965,-8.16329377058036,-33.83248319975522
6713.35667833917,-23.73552486180069,-1.8798447760535975,3.965866450982883,-21.649503186871407
6718.3591795897955,-23.743296918269476,-1.8107738823772423,0.6197660844613551,-24.934304716185363
6723.36168084042,-23.751064010506116,-1.7339409060375868,-1.8329260505450462,-27.31793096708875
6728.364182091046,-23.758826144848165,-1.6501407610392271,5.369591075318896,-20.039375830568495
6733.366683341671,-23.766583327621024,-1.559276768444236,-10.057884219024253,-35.383744315089515
6738.369184592297,-23.77433556513802,-1.4605578563981128,6.677870015877373,-18.55702340565876
6743.371685842922,-23.782082863700406,-1.3549668716912682,4.489943551440518,-20.647106183951156
6748.374187093547,-23.789825229597383,-1.2419135643311783,-19.005847365319127,-44.03758615924769
6753.376688344172,-23.79756266910617,-1.1218786135670586,-3.8944003272067995,-28.81384160988003
6758.379189594798,-23.805295188492003,-0.9946745762275946,-7.89753888564417,-32.69750865036377
6763.381690845423,-23.813022794008166,-0.8600829503128167,-8.746179100821688,-33.41928484514267
6768.3841920960485,-23.82074549189604,-0.718906580206506,-0.6748400596058872,-25.214492131708436
6773.386693346674,-23.828463288385116,-0.5704937387376714,-3.912688108220288,-28.311645135343074
6778.389194597299,-23.836176189693035,-0.4146655648016063,-2.818130372700491,-27.06897212719513
6783.391695847925,-23.843884202025606,-0.2520763373964932,2.2645382901444275,-21.831422249277672
6788.39419709855,-23.851587331576855,-0.08281331527281999,5.283894515995804,-18.65050613085387
6793.3966983491755,-23.859285584529044,0.0925084234300623,3.409943778844612,-20.356833382254372
6798.3991995998,-23.866978967052688,0.27515100071449944,-1.848945164081377,-25.44077313041957
6803.401700850426,-23.874667485306617,0.4637380907610145,-0.7539284368136403,-24.164857831359242
6808.404202101051,-23.882351145437966,0.6586957077961191,2.5638882488136367,-20.65976718882821
6813.406703351677,-23.890029953582243,0.8595937652983356,3.0810933986302667,-19.94934278965364
6818.4092046023015,-23.89770391586333,1.0659671973876952,2.309764445910277,-20.521972272565357
6823.411705852927,-23.905373038393524,1.277999980150123,-4.684899649634556,-27.312272707877955
6828.414207103552,-23.913037327273567,1.4959671646983619,5.822982825889918,-16.59408733668529
6833.416708354178,-23.92069678859267,1.719386610895815,1.293862178284793,-20.907447999412064
6838.419209604803,-23.92835142842855,1.9479338432680366,-11.07335864660891,-33.05377623176942
6843.4217108554285,-23.936001252847444,2.1807139687247683,-5.985973997599537,-27.741261281722213
6848.424212106053,-23.943646267904157,2.4180013296999494,2.0516007581820332,-19.474044180022176
6853.426713356679,-23.951286479642075,2.6590788353185,-0.09899817276593992,-21.391205817089514
6858.429214607304,-23.95892189409321,2.904441282668419,2.306672945976463,-18.747807665448327
6863.43171585793,-23.96655251727821,3.1539148897881235,3.1941971618132534,-17.618440465676834
6868.434217108555,-23.974178355206387,3.406757244466828,3.146229486344879,-17.42119162439468
6873.43671835918,-23.981799413875784,3.6623297777970354,2.7966831221155184,-17.522786513963233
6878.439219609805,-23.989415699273138,3.9208484743934298,0.029660378922402586,-20.038906845957307
6883.441720860431,-23.997027217373976,4.182176191711542,6.256502663186007,-13.558348362476428
6888.444222111056,-24.004633974142585,4.446115963341373,5.774470883381596,-13.784047127419615
6893.4467233616815,-24.012235975532086,4.7117207717533836,-4.030372240667269,-23.33088744444597
6898.449224612306,-24.019833227484426,4.978923193607639,-2.75320274419563,-21.794112778072417
6903.451725862932,-24.02742573593044,5.247583001806212,5.016845730738282,-13.762997003385944
6908.454227113557,-24.035013506789838,5.518802853902505,0.5563991881265173,-17.959811464760815
6913.456728364183,-24.042596545971286,5.7905801341769845,-2.5995689832483055,-20.851585395042605
6918.459229614808,-24.050174859372365,6.062411640635867,3.902090626350885,-14.085672592385611
6923.461730865433,-24.05774845287967,6.334621623108117,0.8611512837823931,-16.86197554598916
6928.464232116058,-24.065317332368792,6.607330320966432,-6.967885497584637,-24.425872508987
6933.466733366684,-24.07288150370435,6.879430629815899,1.9645290000918014,-15.22892187379665
6938.469234617309,-24.08044097274004,7.151316632019499,1.6056505466011353,-15.323473794119407
6943.4717358679345,-24.087995745318633,7.4226146913854425,2.0022583413069865,-14.663122712626201
6948.474237118559,-24.095545827272023,7.692745711599366,4.778697524986541,-11.624102590686118
6953.476738369185,-24.103091224421256,7.960971782746324,2.7364731616059794,-13.405646280068954
6958.479239619811,-24.11063194257654,8.228323239421782,-3.734888524136641,-19.6171972272914
6963.481740870436,-24.118167987537277,8.493845353893953,-19.944743221187537,-35.56906585483086
6968.4842421210615,-24.125699365092107,8.756938365884427,-17.524033959331902,-32.89279495853958
6973.486743371686,-24.13322608101891,9.017201864343194,5.69525317000225,-9.420771046673467
6978.489244622312,-24.140748141084845,9.275939056678311,2.092600568840073,-12.772208515566462
6983.491745872937,-24.148265551046386,9.53142845702376,-7.043976275644068,-21.660813369666695
6988.494247123563,-24.155778316649318,9.783499226265226,2.4009424087538305,-11.971336681630262
6993.4967483741875,-24.1632864436288,10.033512578633186,7.416124220604882,-6.713649644390731
6998.499249624813,-24.170789937709372,10.279370999109412,-7.840858689236455,-21.732277627836417
7003.501750875438,-24.178288804604975,10.521413530850907,0.1808605690301026,-13.476014704723966
7008.504252126064,-24.18578305001899,10.759963065274025,-5.165093144372646,-18.59091312911761
7013.506753376689,-24.193272679644263,10.99398647758742,-6.897782139059602,-20.097068341116447
7018.5092546273145,-24.20075769916313,11.224737894187651,-19.430798484115552,-32.406818289091035
7023.511755877939,-24.20823811424743,11.451222173976035,-2.3848641931450327,-15.141880133416427
7028.514257128565,-24.215713930558543,11.672849489060015,6.070144821154127,-6.472719620344401
7033.51675837919,-24.223185153747426,11.890053870764312,2.4883291320066068,-9.844802150976507
7038.519259629816,-24.230651789454615,12.102281338640449,-0.7320776443918022,-12.86044809520597
7043.5217608804405,-24.238113843310266,12.309274206864833,-12.379309929526014,-24.308149565971448
7048.524262131066,-24.245571320934175,12.511236154791394,5.3566266816929895,-6.3777084844497915
7053.526763381691,-24.253024227935807,12.708864312411825,-3.3503140211793774,-14.89447393670336
7058.529264632317,-24.26047256991432,12.900261743349253,-5.599142108270881,-16.959352934835948
7063.531765882942,-24.267916352458588,13.086629355059793,4.58036785516911,-6.600919142229685
7068.5342671335675,-24.27535558114723,13.267888552020988,-0.35645129257858943,-11.363918321704832
7073.536768384192,-24.282790261548627,13.443526990827896,-2.9370839429372433,-13.776347213657974
7078.539269634818,-24.290220399220956,13.613333358212188,-5.59399573939951,-16.27088278040828
7083.541770885443,-24.297645999712216,13.77776788696029,-2.6899786590363832,-13.209856771788308
7088.544272136069,-24.30506706856024,13.936559850445613,3.963345534367363,-6.405161683747265
7093.5467733866935,-24.31248361129274,14.089563586125102,1.0019065459884553,-9.221013479179184
7098.549274637319,-24.319895633427315,14.237122646390098,0.23625602772260557,-9.846516959314611
7103.551775887944,-24.327303140471468,14.379045003144169,-6.317644699619184,-16.265902836946484
7108.55427713857,-24.334706137922662,14.515349896931157,-0.4678482492354765,-10.287204490226982
7113.556778389195,-24.34210463126832,14.645502620178705,-1.8347946885344038,-11.531396699624018
7118.5592796398205,-24.349498625985852,14.770070261573212,-9.370961826784324,-18.950390191196966
7123.561780890445,-24.356888127542682,14.889370940030453,3.032127943979755,-6.435389243532474
7128.564282141071,-24.36427314139628,15.002745814281779,-0.06273118479317263,-9.424258511907672
7133.566783391696,-24.371653672994167,15.110685291616727,-2.030911651963483,-11.291880033340924
7138.569284642322,-24.379029727773958,15.212455354591315,0.8269753603353704,-8.339599012847273
7143.571785892947,-24.386401311163386,15.308630759897603,-3.012407911419028,-12.090178462684811
7148.574287143572,-24.39376842858031,15.399345755675888,4.394745815218652,-4.599676857685768
7153.576788394198,-24.401131085432745,15.483673686164943,-3.6220406091814263,-12.539498008449229
7158.579289644823,-24.408489287118897,15.561996142417856,1.410930377381725,-7.4355627673193165
7163.581790895449,-24.415843039027173,15.635770289022133,-7.463651911716262,-16.243724661721302
7168.5842921460735,-24.423192346536215,15.704635964109418,-10.903750055843528,-19.622306438270325
7173.586793396699,-24.430537215014915,15.767015174237166,5.510643163748167,-3.1528788770295826
7178.589294647324,-24.437877649822447,15.823943841518622,-1.3325098500765544,-9.94644365838038
7183.59179589795,-24.445213656308276,15.876245862481909,-6.782914875520775,-15.351882669347141
7188.594297148575,-24.4525452398122,15.923152761961301,2.8155430231038947,-5.713849454747003
7193.5967983992,-24.459872405664367,15.964875368977873,0.4958501177409347,-7.999146918945559
7198.599299649825,-24.467195159185284,16.001295816848497,-12.492124500468119,-20.958023842804906
7203.601800900451,-24.474513505685863,16.032864347955602,-6.1621930959987194,-14.603842253728981
7208.604302151076,-24.481827450467424,16.059682901866058,-3.08948662809623,-11.511631176697597
7213.606803401702,-24.48913699882174,16.08108217939875,-3.2876632730166495,-11.69571809243964
7218.6093046523265,-24.49644215603103,16.097282243892117,2.4969802809970947,-5.902179631141818
7223.611805902952,-24.503742927368016,16.108628681740694,-1.7690586578956942,-10.164172903523017
7228.614307153577,-24.51103931809591,16.115460369615654,-0.6930131225563785,-9.088592071036635
7233.616808404203,-24.518331333468478,16.117899570940903,0.6347547008129304,-7.765677061714644
7238.619309654828,-24.525618978730023,16.116121103059523,3.7684719687136834,-4.641025906956816
7243.6218109054535,-24.532902259115428,16.108770188007078,-7.974137512254587,-16.398269583362936
7248.624312156078,-24.54018117985018,16.097075215893422,1.3255310890613679,-7.117574874895389
7253.626813406704,-24.547455746150394,16.081037872269246,-5.732739930873699,-14.199157804754847
7258.629314657329,-24.554725963222804,16.05948114791178,0.0075766514347686,-8.487668163876258
7263.631815907955,-24.561991836264845,16.033576705405558,2.6566979592456557,-5.871717171613631
7268.6343171585795,-24.56925337046461,16.00368029277366,-0.1186095061852317,-8.684182583876185
7273.636818409205,-24.576510571000927,15.969162034150342,7.792899569814411,-0.8144489670361743
7278.63931965983,-24.583763443043345,15.931392551062892,5.905143148455469,-2.7472277435249843
7283.641820910456,-24.591011991752172,15.888662493352895,-0.011709896958143062,-8.71405939535742
7288.644322161081,-24.598256222278486,15.841128664687645,-8.603179681579057,-17.3603072391699
7293.6468234117065,-24.60549613976418,15.78972212639859,-1.6887805733794796,-10.504554586745071
7298.649324662331,-24.612731749341954,15.73435190552231,-0.4949827387304051,-9.37336258255005
7303.651825912957,-24.619963056135358,15.674520383996668,2.5891192015600213,-6.356323470578668
7308.654327163582,-24.62719006525881,15.610336445624682,4.058265879699388,-4.958587739934739
7313.656828414208,-24.634412781817602,15.542154907662358,-1.161202505666929,-10.253460379822172
7318.659329664833,-24.641631210907953,15.469720863663333,0.06086866553513648,-9.111041681709484
7323.661830915458,-24.64884535761699,15.393937449089588,3.9118634426444183,-5.343044465882985
7328.664332166084,-24.65605522702282,15.313523793760504,0.5219411178552025,-8.820590315407111
7333.666833416709,-24.663260824194484,15.228964448970462,-7.921626751440043,-17.355923126664067
7338.669334667335,-24.670462154192055,15.14048883950923,-12.990096205235766,-22.520069519918593
7343.6718359179595,-24.677659222066605,15.047616029343837,-7.039993527994202,-16.670036720716972
7348.674337168585,-24.68485203286024,14.950575283709949,-13.981002416556208,-23.715279165706498
7353.67683841921,-24.692040591606126,14.849517344484127,1.6265714637142112,-8.215951783407789
7358.679339669836,-24.699224903328517,14.744129925935303,-10.174075935778742,-20.129170913171954
7363.681840920461,-24.70640497304275,14.6344459277793,-10.472991779254347,-20.544950824517798
7368.684342171086,-24.713580805755306,14.520942583495437,-0.6167173027624,-10.80935552502227
7373.686843421711,-24.720752406463784,14.40319754282779,-4.6523057875475615,-14.969860651183556
7378.689344672337,-24.727919780156967,14.28142426832914,4.363950536029246,-6.082544975798581
7383.691845922962,-24.7350829318148,14.15565786207695,-2.0448660061727333,-12.624291075910584
7388.694347173588,-24.742241866408463,14.025981142072839,4.468094853112149,-6.248165871223476
7393.6968484242125,-24.74939658890033,13.892377525892506,-0.05930708757328884,-10.916326150581112
7398.699349674838,-24.756547104244035,13.75388864530125,2.955067439966843,-8.047591018975941
7403.701850925463,-24.763693417384484,13.611374132362485,3.946439012693765,-7.205880272328234
7408.704352176089,-24.770835533257863,13.464991148049481,6.438165222111541,-4.86767916309684
7413.706853426714,-24.777973456791663,13.31395517589382,-10.62023774345205,-22.08425602434989
7418.709354677339,-24.785107192904714,13.159039303139362,-24.61807611911056,-36.244144008875914
7423.711855927964,-24.792236746507182,12.999416184520488,6.26478290354939,-5.528037658437304
7428.71435717859,-24.799362122500607,12.83610281873004,-2.858156702719473,-14.82141600649004
7433.716858429215,-24.806483325777915,12.668961774265604,1.7281960878979885,-10.409325463614323
7438.719359679841,-24.813600361223447,12.497672744299082,-4.0369975860949,-16.352925203019264
7443.7218609304655,-24.82071323371297,12.322107720773488,-0.6614275058556283,-13.160033018795108
7448.724362181091,-24.82782194811369,12.143083774140354,2.3138470610822406,-10.370891112891096
7453.726863431716,-24.83492650928431,11.959029990364867,-7.592769104595971,-20.468665623515413
7458.729364682342,-24.842026922074982,11.770649670359965,-1.6286153940097976,-14.699992645724814
7463.731865932967,-24.8491231913274,11.578321625040155,-6.093000778145264,-19.363802344432507
7468.734367183592,-24.856215321874778,11.382228028839876,4.650213944714485,-8.823773348320417
7473.736868434217,-24.86330331854187,11.18193179563809,-5.494261137069743,-19.175632659973523
7478.739369684843,-24.870387186145006,10.977921369075476,5.301511545819901,-8.590954271249629
7483.741870935468,-24.877466929492094,10.770284943463047,-3.6649203966038506,-17.772102382632898
7488.744372186094,-24.884542553382666,10.559215157023907,-5.69579275630883,-20.02112015266759
7493.7468734367185,-24.891614062607868,10.34373265420448,4.856395123964154,-9.691486284439234
7498.749374687344,-24.898681461950495,10.125149076584957,2.2902887835782604,-12.483243601787278
7503.75187593797,-24.90574475618501,9.902916359634158,0.760761447296284,-14.242066949254566
7508.754377188595,-24.912803950077553,9.676847947804262,-3.688778018766915,-18.924734021040205
7513.756878439221,-24.919859048385984,9.446882908694818,-17.31601498470552,-32.78899112439669
7518.759379689845,-24.92691005585987,9.213859442615869,0.8162274033465784,-14.896823209897423
7523.761880940471,-24.93395697724054,8.977959113970657,-5.136561165039463,-21.092559028309346
7528.764382191096,-24.94099981726106,8.738742550429839,2.136779810510486,-14.065477456320732
7533.766883441722,-24.948038580646294,8.496913081636741,-1.1743862502692712,-17.625511749278825
7538.769384692347,-24.9550732721129,8.252577724083723,6.071003372430916,-10.631492175598261
7543.771885942972,-24.962103896369367,8.0049878325376,-7.202553434751946,-24.159669498583717
7548.774387193597,-24.969130458116005,7.755373856111506,-7.15950142337397,-24.373258025378473
7553.776888444223,-24.97615296204499,7.502860550646686,-0.21373481668092098,-17.687027228079227
7558.779389694848,-24.983171412840363,7.248297673286931,-0.86233181647757,-18.597205556031003
7563.781890945474,-24.99018581517808,6.991777800100001,3.234372933634508,-14.76403508144357
7568.784392196098,-24.99719617372599,6.732605137030019,2.9432092798127663,-15.321381756883202
7573.786893446724,-25.004202493143886,6.472338883455783,0.0906448436280951,-18.441218766060008
7578.789394697349,-25.011204778083503,6.210417280325007,2.0368722815308553,-16.76391521622764
7583.791895947975,-25.01820303318855,5.948047184792142,-2.5182485792930245,-21.588404427689433
7588.7943971986,-25.025197263094718,5.684113340315391,-4.4210274504863705,-23.762111373265697
7593.796898449225,-25.032187472429708,5.418935123723051,3.0156350279922446,-16.597617320714413
7598.79939969985,-25.03917366581325,5.153176399373709,6.556951294185694,-13.329045972253848
7603.801900950476,-25.046155847857104,4.886726885633891,-2.9195378777831884,-23.0789668400064
7608.804402201101,-25.0531340231651,4.619989732865249,6.230851764777011,-14.20229252552284
7613.806903451727,-25.060108196333143,4.352868016584832,-0.2386548708050653,-20.945895050553375
7618.8094047023515,-25.067078371949233,4.0864076480556975,2.8170641617505225,-18.163606562143013
7623.811905952977,-25.074044554593492,3.820293163344544,-1.6988498333147022,-22.95260122456365
7628.814407203602,-25.08100674883817,3.5549505401114176,0.4355641065142084,-21.090492102212544
7633.816908454228,-25.08796495924767,3.290524324930997,-0.8923605345891135,-22.689801168905788
7638.819409704853,-25.09491919037856,3.027452646694939,4.310790067274729,-17.75667647640889
7643.821910955478,-25.1018694467796,2.7661098376790605,3.298396591841704,-19.037363017258834
7648.824412206103,-25.108815732991747,2.5062342037771717,-1.5180931289589266,-24.120674658173503
7653.826913456729,-25.1157580535482,2.248685950661306,3.923679330316415,-18.94339277257048
7658.829414707354,-25.122696412974374,1.9929553777534381,4.033951592522202,-19.09578944269873
7663.83191595798,-25.12963081578796,1.7396613028802552,0.40863644018910517,-22.9813330727186
7668.8344172086045,-25.13656126649891,1.489402845606703,-0.014637924404303337,-23.66179634529651
7673.83691845923,-25.143487769609486,1.2426145262150796,4.452546467545823,-19.448326775848585
7678.839419709855,-25.150410329614246,0.9988879723091858,7.443222418645529,-16.708299938659533
7683.841920960481,-25.157328951000085,0.7585017905433524,-0.026246671382921916,-24.425073831839654
7688.844422211107,-25.164243638246244,0.5221838269662276,-3.0507989430196965,-27.692858754299714
7693.846923461731,-25.17115439582432,0.28990702807726754,-0.1778780800064934,-25.059125447753548
7698.849424712357,-25.178061228198295,0.062415450704876585,-2.3016529745724528,-27.41729875206587
7703.851925962982,-25.18496413982455,-0.16092594008481037,2.717055372817555,-22.628834707091805
7708.854427213608,-25.19186313515189,-0.3789328905885342,4.896681597225522,-20.6741144285149
7713.856928464233,-25.198758218621528,-0.5913648898875091,1.562983790579171,-24.227139317929865
7718.859429714858,-25.205649394667148,-0.7988226706706715,-1.208936542155315,-27.213408607493133
7723.861930965483,-25.212536667714893,-0.9999804525211584,1.0709866902222673,-25.141530430013784
7728.864432216109,-25.219420042183394,-1.1956571419037938,2.6102708187730066,-23.80480636531418
7733.866933466734,-25.22629952248377,-1.384740381673951,4.643448672420397,-21.967591231737323
7738.86943471736,-25.233175113019684,-1.567244091475777,1.7487339932212493,-25.05168521127421
7743.871935967984,-25.240046818187295,-1.7435689327470931,-0.304336394938276,-27.287952145872662
7748.87443721861,-25.246914642375344,-1.9127845427226564,0.46749279693550516,-26.692206388162493
7753.876938469235,-25.25377858996514,-2.074130551727257,-1.1054892985272384,-28.433398440219637
7758.879439719861,-25.26063866533055,-2.228725491196941,2.1888515019575756,-25.300512654569914
7763.881940970486,-25.26749487283808,-2.376016690219565,-10.23883764940201,-37.88234921245965
7768.884442221111,-25.27434721684682,-2.515461018196202,6.270993579830142,-21.51881465521288
7773.886943471736,-25.281195701708516,-2.646798949795458,3.3019043585571097,-24.626090292946863
7778.889444722362,-25.28804033176756,-2.769778956158314,1.235065744380213,-26.82275354354566
7783.891945972987,-25.294881111361015,-2.8844918420357684,-5.808993199313511,-33.98836615271029
7788.894447223613,-25.301718044818617,-2.990398463551252,-1.5262222595710369,-29.818338767940904
7793.896948474237,-25.308551136462818,-3.087672283950305,-20.64817887671955,-49.04440229713268
7798.899449724863,-25.31538039060878,-3.1770267882925096,1.596015092779746,-26.896392086121544
7803.901950975488,-25.322205811564405,-3.2567744135371477,-1.4031484021255773,-29.98212862722713
7808.904452226114,-25.329027403630327,-3.3276333788507273,-4.415564399568826,-33.07222518204988
7813.906953476739,-25.33584517109997,-3.38952866193792,5.1481328303797085,-23.57724100265818
7818.909454727364,-25.34265911825953,-3.4423728610137205,0.9776728233776679,-27.807359155895583
7823.911955977989,-25.349469249387997,-3.4861824704042093,-2.36450581554747,-31.200157535339677
7828.914457228615,-25.356275568757184,-3.5201655742451727,-5.197818839624849,-34.074259982627204
7833.91695847924,-25.36307808063173,-3.5446878451298565,-1.0812590198538576,-29.989024945615444
7838.919459729866,-25.369876789269128,-3.5592578437079956,0.12851978484247617,-28.80061484813465
7843.92196098049,-25.376671698919715,-3.565165767524988,-11.033612075286335,-39.97544954173104
7848.924462231116,-25.383462813826736,-3.560668918424406,0.5855957503781095,-28.358535981873032
7853.926963481741,-25.39025013822631,-3.547167533624127,-12.530399353910724,-41.467817025761164
7858.929464732367,-25.397033676347473,-3.52456392052705,1.0221978774823515,-27.89939971939217
7863.931965982992,-25.40381343241218,-3.4921516369813776,-8.55050990871723,-37.446474978110786
7868.934467233617,-25.410589410635342,-3.4503012006833567,-9.497459714209956,-38.358350325528654
7873.936968484243,-25.417361615224824,-3.399135287136363,2.10491989808762,-26.71157700427357
7878.939469734868,-25.424130050381454,-3.338490637341085,3.925673373626336,-24.836947314096204
7883.941970985494,-25.43089472029906,-3.268836476317445,-1.4364250716290923,-30.1361562682456
7888.944472236119,-25.437655629164468,-3.1897698628808238,-5.518347805465131,-34.145773297510424
7893.946973486744,-25.444412781157535,-3.101131246117739,1.9487504485737879,-26.596793578701487
7898.949474737369,-25.451166180451146,-3.0035626096449795,-1.4420024709170245,-29.89673126101315
7903.951975987995,-25.457915831211235,-2.897271630527744,7.098593731798749,-21.256593729940228
7908.95447723862,-25.464661737596806,-2.782253017871204,2.5011177771765514,-25.74579697829146
7913.956978489246,-25.471403903759953,-2.6586975321497563,6.054356095845089,-22.07574534006462
7918.95947973987,-25.47814233384585,-2.5260417104506603,0.17076633839521982,-27.83341770590129
7923.961980990496,-25.484877031992802,-2.385546928316646,-0.6386429051791676,-28.509066865488617
7928.964482241121,-25.491608002332228,-2.236656091952218,1.4188676802833182,-26.309396414001128
7933.966983491747,-25.498335248988703,-2.0794782506214156,-2.461602479498313,-30.039415979108433
7938.969484742372,-25.50505877607995,-1.9157388629519223,7.214703785398044,-20.206093853633828
7943.971985992997,-25.51177858771687,-1.7437857120612708,2.688654558204613,-24.566909741573525
7948.974487243622,-25.51849468800355,-1.5646097278328186,2.030511522731052,-25.052592893105313
7953.976988494248,-25.52520708103728,-1.3793839082763566,-0.3939959013801113,-27.29858689069375
7958.979489744873,-25.53191577090858,-1.1867156979661346,-5.67083834695351,-32.38946981582823
7963.981990995499,-25.538620761701193,-0.9880026895750144,5.690122757498762,-20.836500693777445
7968.984492246123,-25.545322057492108,-0.7833807713176527,1.6832016716457905,-24.64550115716397
7973.986993496749,-25.552019662351583,-0.5718566461869505,2.5501878434732106,-23.573688465065324
7978.989494747374,-25.55871358034316,-0.3545322926285041,4.386470541622108,-21.526775331349555
7983.991995998,-25.56540381552366,-0.1323032883678009,-1.526837411031246,-27.224544514922705
7988.994497248625,-25.57209037194322,0.09544115881960163,-1.622290611108559,-27.09893982423218
7993.99699849925,-25.578773253645302,0.32772388178193723,-11.00140829551223,-36.252457667375594
7998.999499749875,-25.5854524646667,0.564766691303379,-7.810015090181915,-32.83070086354524
8004.002001000501,-25.592128009037562,0.8060622260972614,-3.46125524269433,-28.247321025634633
8009.004502251126,-25.598799890781404,1.0510619999353539,-4.774905934710765,-29.322643825556817
8014.007003501752,-25.605468113915116,1.2993445919350421,4.28130546672172,-20.024818055258354
8019.009504752376,-25.612132682448994,1.5506763266571,-2.26173218758736,-26.323188543379253
8024.012006003002,-25.618793600386734,1.805591273343474,-3.0397712615631356,-26.852973588606396
8029.014507253627,-25.62545087172547,2.0624723851583386,-3.712248250456927,-27.27522673702406
8034.017008504253,-25.632104500455753,2.322650242189167,1.470349648221163,-21.839104610045425
8039.019509754878,-25.638754490561602,2.584135647612804,-0.8140009035834348,-23.868619746532232
8044.022011005503,-25.645400846020515,2.847013908252159,2.1978434352926337,-20.600543502475723
8049.024512256128,-25.652043570803443,3.1111407729957206,-9.598914977360264,-32.139817775167984
8054.027013506754,-25.658682668874853,3.376419795787746,-5.603744549544521,-27.88600742263163
8059.02951475738,-25.665318144192717,3.6426985365715585,2.9595593096735433,-19.063060297947615
8064.032016008005,-25.67195000070853,3.9083803835979314,-1.5437313239713504,-23.307300941081948
8069.03451725863,-25.678578242367333,4.174650817568514,-9.815911385219195,-31.319838810018013
8074.037018509255,-25.685202873107706,4.439786454313937,-3.3008859539251074,-24.546302372718873
8079.039519759881,-25.69182389686181,4.7046694774360205,6.488236387847122,-14.498918031578667
8084.042021010506,-25.698441317555364,4.969341018328855,-1.9992937577958614,-22.72839405702237
8089.0445222611315,-25.705055139107717,5.232257959737807,-9.280927498341933,-29.753724677711844
8094.047023511756,-25.711665365431795,5.493646394838204,-0.013857778002124954,-20.231876748595717
8099.049524762382,-25.718272000434155,5.752925013641985,-2.8403041013066073,-22.805651088098777
8104.052026013007,-25.724875048015,6.0100769973077925,0.9828302596537566,-18.731967791053453
8109.054527263633,-25.731474512068175,6.26538620977173,3.1716932129842474,-16.294395089312196
8114.057028514258,-25.738070396481184,6.517935710482746,4.809619919515094,-14.410514766483345
8119.059529764883,-25.74466270513522,6.767885048949336,-8.394082906303485,-27.37086056248937
8124.062031015508,-25.75125144190516,7.0146887245700995,6.159666229322431,-12.57689648801263
8129.064532266134,-25.757836610659588,7.257627732661561,-2.4190850563143895,-20.919293934312417
8134.067033516759,-25.764418215260804,7.496942667600698,-2.9498436824758847,-21.21731923013599
8139.0695347673845,-25.77099625956484,7.732068798714176,-0.26535130163758014,-18.304278762488245
8144.072036018009,-25.777570747421475,7.9637857130908785,2.8255710357235495,-14.988213998607048
8149.074537268635,-25.784141682674253,8.191954674350463,-4.717018515458938,-22.30920552378273
8154.07703851926,-25.79070906916048,8.414465175446038,-2.4379908110922974,-19.814234704806744
8159.079539769886,-25.797272910711257,8.632705055486976,-1.3921159180075793,-18.55668377323186
8164.082041020511,-25.803833211151485,8.846590864836454,-13.04551386854843,-30.00275621486346
8169.084542271136,-25.81038997429986,9.055661272404182,-3.9186612837212373,-20.673389985616918
8174.087043521761,-25.816943203968926,9.259543883315244,-3.022840438866724,-19.580239759520403
8179.089544772387,-25.823492903965068,9.45819477464278,-4.432978670587996,-20.798276799910283
8184.092046023012,-25.830039078088497,9.65128333105033,4.494353273181854,-11.684402473856313
8189.0945472736375,-25.836581730133318,9.839036556629548,-1.3823427271136337,-17.379887900617405
8194.097048524263,-25.843120863887506,10.021635784041889,-10.835717235313748,-26.657202315159367
8199.099549774888,-25.84965648313292,10.198722527240932,-7.796679181647687,-23.447613137539676
8204.102051025513,-25.856188591645335,10.370524267136167,-2.627950691921222,-18.11361501643039
8209.104552276138,-25.862717193194438,10.53584255771593,-6.603926850423427,-21.930801485901938
8214.107053526765,-25.86924229154386,10.695500502334014,7.5453565849078,-7.628385204302045
8219.10955477739,-25.875763890451154,10.84859534443366,0.6684802649952459,-14.358688281022248
8224.112056028014,-25.882281993667853,10.996282525377543,-1.0794921874502523,-15.965491655740562
8229.114557278639,-25.888796604939444,11.13794569629939,4.313387938005702,-10.437462970634352
8234.117058529266,-25.89530772800542,11.274007003958552,-5.604682644978079,-20.22598336902495
8239.11955977989,-25.90181536659924,11.404837852227184,1.987131190877979,-12.509846323494077
8244.122061030515,-25.908319524448395,11.529285741512677,2.3280992756744183,-12.0509345072613
8249.124562281142,-25.914820205274385,11.648387056334306,-1.7187044392736799,-15.985137588213759
8254.127063531767,-25.92131741279276,11.760590917029127,-9.043829528966537,-23.20455602473017
8259.129564782392,-25.927811150713097,11.867613292833356,-7.082673846096252,-21.14287170397599
8264.132066033017,-25.93430142273905,11.968497041174901,-8.67631625367942,-22.64212063524357
8269.134567283643,-25.940788232568345,12.064330106643965,0.9106434075875782,-12.965814718336802
8274.137068534268,-25.94727158389278,12.15401569509812,-3.026977224274093,-16.820233113068753
8279.139569784893,-25.953751480398257,12.237602144210635,-3.0684254427250925,-16.784574778912713
8284.142071035518,-25.9602279257648,12.315216420981994,-1.9109921684044286,-15.556003673187236
8289.144572286144,-25.966700923666558,12.387722240027166,4.39023754877906,-9.188741134860331
8294.14707353677,-25.973170477771784,12.455202937326213,0.8464031095052689,-12.671564430940302
8299.149574787394,-25.97963659174291,12.517225074486841,5.280470086142924,-8.181941431113145
8304.152076038019,-25.986099269236526,12.574344735386438,-10.773616886293507,-24.185371420143596
8309.154577288646,-25.992558513903383,12.626340638885669,-0.5982456932257265,-13.96446356824344
8314.15707853927,-25.999014329388423,12.673547472859992,-10.556021729599353,-23.881488586127784
8319.159579789895,-26.005466719330787,12.715732646267854,1.5863547505567612,-11.703379322506171
8324.16208104052,-26.011915687363828,12.753050533331741,0.20213647571041715,-13.056728678321669
8329.164582291147,-26.018361237115116,12.785737327139923,3.617043791485683,-9.61558011848951
8334.167083541772,-26.024803372206456,12.813445805363436,-1.9291546343027668,-15.140512201145787
8339.169584792397,-26.03124209625391,12.836965449317216,-2.6444311435359005,-15.838707790472593
8344.172086043021,-26.03767741286778,12.855638405621468,2.791453740299917,-10.390585266946395
8349.174587293648,-26.04410932565266,12.87024374294008,0.7737086714724066,-12.400156911240174
8354.177088544273,-26.050537838207415,12.88047417582236,6.631363126309262,-6.538700536075792
8359.179589794898,-26.05696295412521,12.8871444472388,-3.1744659919565166,-16.344284498842928
8364.182091045523,-26.063384676993515,12.889738501612777,0.3490196550241369,-12.8246265203566
8369.18459229615,-26.06980301039412,12.888388945035524,7.369911405464411,-5.811502659894186
8374.187093546774,-26.07621795790314,12.883257134717711,0.41512242547834166,-12.777838397707086
8379.189594797399,-26.08262952309105,12.87418252437015,-24.429910463810234,-37.63835746253113
8384.192096048024,-26.089037709522664,12.861109233748165,-16.245585785466442,-29.473514261240943
8389.19459729865,-26.095442520757178,12.84441996351854,0.6292430222607872,-12.62177953497785
8394.197098549275,-26.101843960348145,12.824510337668016,-0.09786308909007158,-13.3751967117702
8399.1995997999,-26.108242031843535,12.8016162676929,-7.9236361612542545,-21.23026192540489
8404.202101050525,-26.1146367387857,12.774745189844081,1.3407865642375736,-11.999104984704044
8409.204602301152,-26.12102808471142,12.744405326024278,-7.658977270409904,-21.035600029097047
8414.207103551777,-26.127416073151892,12.711429608816008,-1.8053703067591782,-15.221356771095062
8419.209604802401,-26.13380070763276,12.67575830150867,-0.20087524451460603,-13.658917650638694
8424.212106053028,-26.14018199167411,12.637280461235072,-3.6618981771634784,-17.164799707602516
8429.214607303653,-26.146559928790488,12.59538611352205,2.706396610248407,-10.84477720502003
8434.217108554278,-26.152934522490916,12.550833274409477,6.8938910584741,-6.708210189607339
8439.219609804903,-26.15930577627891,12.502744642833246,-6.978681011992967,-20.63524214543863
8444.22211105553,-26.165673693652465,12.452461975313252,3.098464263106502,-10.614747455232711
8449.224612306154,-26.172038278104097,12.399835314652845,-14.896422247184788,-28.668625210636037
8454.227113556779,-26.17839953312083,12.344355056475731,-7.388816771988953,-21.222861248634054
8459.229614807404,-26.184757462184226,12.286486455491223,3.745929849058853,-10.152341157634151
8464.23211605803,-26.191112068770394,12.225677032094266,0.024851922832992646,-13.940583113843136
8469.234617308655,-26.197463356349974,12.16221476893925,1.4528876663677899,-12.582360921042934
8474.23711855928,-26.20381132838819,12.096299682240401,3.668317955145622,-10.439193691002167
8479.239619809905,-26.21015598834485,12.027428322910412,-6.273441279185091,-20.45616894461953
8484.242121060532,-26.21649733967433,11.956750020424824,-5.126373521547228,-19.386120840796735
8489.244622311156,-26.222835385825608,11.882520203515078,-3.7658918375303174,-18.10620701984085
8494.247123561781,-26.229170130242277,11.806092123293743,-2.5465639384338976,-16.96964194538243
8499.249624812406,-26.23550157636256,11.727195044035275,-5.714915239534516,-20.2232217718618
8504.252126063033,-26.241829727619287,11.645962043542388,-1.449118301507248,-16.044985985584148
8509.254627313658,-26.248154587439952,11.5615861577859,1.3390115350275802,-13.347556894626472
8514.257128564283,-26.2544761592467,11.474140037856488,-2.7414609146023574,-17.52179703599257
8519.259629814907,-26.260794446456345,11.383428972379958,-1.7261700646412932,-16.60353553871768
8524.262131065534,-26.26710945248036,11.291332878853176,-10.617116244480094,-25.592892818107277
8529.264632316159,-26.273421180724927,11.195760007447749,4.478869728940269,-10.59879144433691
8534.267133566784,-26.279729634590918,11.09781572312269,-1.124622937360446,-16.306536848828674
8539.269634817409,-26.28603481747391,10.99747969930718,0.8278796007258022,-14.46067551744093
8544.272136068035,-26.292336732764213,10.893394808948603,-3.089832015964086,-18.488773939779694
8549.27463731866,-26.29863538384686,10.786472119185644,3.5711611264222967,-11.94100213823892
8554.277138569285,-26.304930774101628,10.676328988606302,1.1584612972891297,-14.470140488206196
8559.27963981991,-26.31122290690304,10.563768175481513,2.4792741014436626,-13.268180629977865
8564.282141070536,-26.317511785620407,10.448174659935614,-2.899280401116514,-18.768617526801307
8569.284642321161,-26.32379741361779,10.329952791720324,4.726894340559903,-11.266950281337564
8574.287143571786,-26.33007979425404,10.208747407508522,-1.2770307588824747,-17.398363145627993
8579.289644822411,-26.336358930882824,10.084281542156681,-8.85541880433842,-25.107496193064563
8584.292146073038,-26.3426348268526,9.955987216751502,8.302190276800193,-8.084457333300904
8589.294647323663,-26.348907485506636,9.824414396334232,5.319910322587919,-11.204582766584483
8594.297148574287,-26.35517691018305,9.689600513895476,-6.659806719039553,-23.325383115327128
8599.299649824914,-26.361443104214793,9.55107965590905,3.611158119313844,-13.1992053289919
8604.302151075539,-26.367706070929657,9.410111009041586,-1.2832829619336423,-18.240878023821715
8609.304652326164,-26.373965813650297,9.265874476780034,5.683875972503946,-11.424215364366317
8614.307153576789,-26.38022233569425,9.117663241402349,3.147511294316632,-14.115047799975269
8619.309654827415,-26.386475640373934,8.96651991161433,3.509321949781228,-13.910633778978376
8624.31215607804,-26.39272573099664,8.811168180769869,-4.30920681316133,-21.8907643633881
8629.314657328665,-26.398972610864583,8.65244881135881,0.5895726879248797,-17.156951111580895
8634.31715857929,-26.405216283274886,8.490183057539868,5.095571918125037,-12.819461307609979
8639.319659829916,-26.41145675151959,8.324592547775135,-1.2169508349985674,-19.30381503874302
8644.322161080541,-26.41769401888568,8.155114116379872,-0.3632232952562031,-18.62580319776201
8649.324662331166,-26.423928088655074,7.9827049293650765,5.297541855100649,-13.143681304189348
8654.327163581791,-26.43015896410465,7.806602046022517,-3.2080192288177027,-21.831576146899835
8659.329664832418,-26.43638664850626,7.626490721309543,-3.625620864875404,-22.43551679207212
8664.332166083042,-26.442611145126723,7.443244394273922,5.093121953380348,-13.906244797472453
8669.334667333667,-26.448832457227834,7.256155784552956,-14.417450382324285,-33.61012705499916
8674.337168584292,-26.45505058806641,7.065990027238412,-2.183179621494831,-21.57224018232283
8679.339669834919,-26.461265540894257,6.8718189404635925,-12.271980735416621,-31.86142733584728
8684.342171085544,-26.467477318958192,6.674387391745236,-4.633901378982795,-24.426991306195752
8689.344672336169,-26.473685925500074,6.47445979890537,1.0518282770310017,-18.947397849563703
8694.347173586793,-26.479891363756792,6.270274579874765,-4.741731605574149,-24.951348389456175
8699.34967483742,-26.486093636960284,6.063118226620876,0.6174304252590916,-19.805544985080317
8704.352176088045,-26.49229274833754,5.853044529049357,-4.03943362356186,-24.678681842850043
8709.35467733867,-26.498488701110627,5.639353521168355,-1.0068412640403572,-21.86597644398263
8714.357178589295,-26.504681498496673,5.422823527141574,-11.834097636304838,-32.91595560765994
8719.359679839921,-26.510871143707917,5.203746482845048,1.377474881962279,-19.92964977890059
8724.362181090546,-26.51705763995167,4.981454630989009,4.148824032292136,-17.386778976670524
8729.364682341171,-26.52324099043037,4.756521561777085,-9.761243779413078,-31.527963208066364
8734.367183591796,-26.529421198341563,4.528425585038578,4.890398537508604,-17.11059707579438
8739.369684842422,-26.53559826687792,4.298091589719943,-13.380399686661129,-35.6179063638191
8744.372186093047,-26.54177219922726,4.065518957776192,1.1004607760410647,-21.375792465410004
8749.374687343672,-26.54794299857254,3.831188285867302,2.9504768117509697,-19.766277900954268
8754.377188594297,-26.55411066809187,3.5950092257819746,-6.617289825313805,-29.5763912676237
8759.379689844924,-26.560275210958544,3.3574172865322587,0.11881118973409155,-23.084046734692194
8764.382191095548,-26.56643663034101,3.118176639189408,3.446159975105463,-20.00210001604614
8769.384692346173,-26.57259492940291,2.8765099489679575,1.0953667400329805,-22.600718240401974
8774.387193596798,-26.5787501113031,2.632800331634368,-4.8605407223958075,-28.80649050206454
8779.389694847425,-26.58490217919562,2.389038860379445,4.957432605097153,-19.238430713719023
8784.39219609805,-26.591051136229726,2.1438511149919584,-6.73557639372385,-31.18277641496162
8789.394697348675,-26.597196985549914,1.8975090653396216,4.314357840108026,-20.385330080102264
8794.397198599301,-26.603339730295904,1.6503837721055898,-6.6099560012750365,-31.562911959465353
8799.399699849926,-26.609479373602657,1.4033685657940742,-3.3760071168973864,-28.58211792470597
8804.40220110055,-26.615615918600394,1.1559855579775538,-11.80455134456836,-37.2641817051912
8809.404702351176,-26.621749368414605,0.9092159197162217,-7.734163359533735,-33.44669680823212
8814.407203601802,-26.62787972616604,0.6619089018890463,0.10584143164672977,-25.860129392630263
8819.409704852427,-26.63400699497074,0.4159870734158758,2.2345894812444937,-23.983430440310368
8824.412206103052,-26.640131177940038,0.17135596225399147,-14.043854177350182,-40.51262939303623
8829.414707353677,-26.646252278180565,-0.07310370419159162,-11.915138449947115,-38.63449443231927
8834.417208604304,-26.652370298794267,-0.3166610388665815,-0.7167852147189373,-27.685816552379784
8839.419709854928,-26.658485242878402,-0.5584741749147026,0.31856381067753503,-26.89839560711557
8844.422211105553,-26.66459711352557,-0.7985492717885199,-5.152572708986775,-32.615719094300864
8849.424712356178,-26.670705913823706,-1.036032710567756,2.685086528492965,-25.021652095898496
8854.427213606805,-26.676811646856088,-1.271945501454945,4.599016707075314,-23.349740441235717
8859.42971485743,-26.682914315701353,-1.5049553639188802,-7.613751210126191,-35.801620889746424
8864.432216108054,-26.689013923433514,-1.7351941542498686,-1.5933554847096045,-30.017563562392986
8869.43471735868,-26.69511047312195,-1.9630196055548765,-0.9408190358550186,-29.598949114531845
8874.437218609306,-26.70120396783144,-2.1866561013001706,3.094114067219958,-25.79374600191165
8879.43971985993,-26.707294410622133,-2.407866114409489,0.8324619075253006,-28.282698617506323
8884.442221110556,-26.71338180454961,-2.6257860329742515,3.5113964667830793,-25.82777137074078
8889.44472236118,-26.719466152664847,-2.838953688727701,0.13728025629457807,-29.421139585097972
8894.447223611807,-26.72554745801425,-3.0475455049212696,4.343681960884298,-25.429411002051225
8899.449724862432,-26.731625723639663,-3.2521056817132097,-5.057671914987084,-35.04140332033996
8904.452226113057,-26.737700952578347,-3.4524113941543315,-0.1198551901404934,-30.309967536873174
8909.454727363682,-26.743773147863045,-3.647815804563661,-4.401363174494687,-34.79295212692139
8914.457228614308,-26.74984231252194,-3.8376664835219794,-0.8735688284733945,-31.461077624517312
8919.459729864933,-26.755908449578676,-4.0230674428324535,5.616772074594037,-25.162203817817094
8924.462231115558,-26.7619715620524,-4.202405166892335,-8.294756203484265,-39.259132932429
8929.464732366183,-26.76803165295772,-4.377028719841803,-3.8538664552404738,-34.99892682804
8934.46723361681,-26.774088725304754,-4.545452279719031,-11.526258870797616,-42.8457998758214
8939.469734867434,-26.780142782099126,-4.707638968298189,4.585821127337189,-26.901960623060127
8944.47223611806,-26.78619382634195,-4.863845787018164,2.8933501922175804,-28.756689421142532
8949.474737368684,-26.79224186102989,-5.013759258993307,0.32357351144446067,-31.482427608578735
8954.47723861931,-26.798286889155133,-5.157927447517219,2.750874400620959,-29.205339936051395
8959.479739869936,-26.804328913705397,-5.294695780453473,6.097607360932878,-26.001417333225994
8964.48224112056,-26.810367937663955,-5.4250317777414105,-10.106922477281415,-42.34232219268678
8969.484742371187,-26.816403964009634,-5.548637681731581,-13.113748586686826,-45.47879023242804
8974.487243621812,-26.822436995716835,-5.665810367132641,-12.904751080607607,-45.39299844345709
8979.489744872437,-26.828467035755526,-5.775174049939026,-11.307029427072086,-43.91067051276664
8984.492246123062,-26.83449408709127,-5.878413330154546,7.834668561710821,-24.878238855534995
8989.494747373688,-26.840518152685203,-5.973091277059833,-11.521879821528529,-44.335489251273565
8994.497248624313,-26.84653923549408,-6.061461043722459,-1.041375968677536,-33.94937624789407
8999.499749874938,-26.85255733847027,-6.143226935801374,-0.375298520833208,-33.37108279510485
9004.502251125563,-26.858572464561732,-6.217040491721939,1.0432089090069372,-32.032404047276735
9009.50475237619,-26.864584616712087,-6.2838259579493005,2.1790708008752393,-30.969339773786146
9014.507253626814,-26.870593797860572,-6.343641176613151,0.17563578018612303,-33.038599194287606
9019.50975487744,-26.87660001094207,-6.39578655974213,3.2294216873468446,-30.042964883337355
9024.512256128064,-26.882603258887126,-6.44086163442486,1.390207069171018,-31.933257824140966
9029.51475737869,-26.888603544621947,-6.478490991037045,-7.489823725457544,-40.85691826111653
9034.517258629316,-26.894600871068395,-6.509445116231131,5.251434022687483,-28.152611964612042
9039.51975987994,-26.900595241144025,-6.53315038638988,4.026390080817716,-29.407355546716186
9044.522261130565,-26.90658665776207,-6.550144581577202,6.884800267766529,-26.57193097157274
9049.524762381192,-26.91257512383148,-6.559876815924401,-3.4837525624875036,-36.95620450224339
9054.527263631817,-26.918560642256878,-6.563187486260346,1.4337944841927288,-32.047953644324494
9059.529764882442,-26.92454321593863,-6.560133266182902,1.5329266481843344,-31.951749833937193
9064.532266133067,-26.930522847772803,-6.5494900677746415,-3.070518861528653,-36.5505317770761
9069.534767383693,-26.936499540651198,-6.532407075114627,-3.4375268682796625,-36.906433484045486
9074.537268634318,-26.942473297461362,-6.508861791722133,6.7677781027540895,-26.683556986429405
9079.539769884943,-26.94844412108658,-6.479353727632664,3.662382775909956,-29.76541507280929
9084.542271135568,-26.954412014405897,-6.443199714358425,-2.913132445906408,-36.310744174670724
9089.544772386194,-26.960376980294118,-6.401248602613075,-15.340642716205682,-48.70226829911287
9094.54727363682,-26.966339021621817,-6.354235120665596,0.3557894843678482,-32.964784657919566
9099.549774887444,-26.97229814125536,-6.300733895992546,-0.3200978928102032,-33.59312993005811
9104.552276138069,-26.97825434205689,-6.242717702421709,-9.930224585744526,-43.151196630223126
9109.554777388696,-26.984207626884345,-6.179621752102698,-10.396450076929884,-43.56027945591693
9114.55727863932,-26.99015799859147,-6.110949899769569,-1.0488510665364823,-34.14995896489752
9119.559779889945,-26.996105460027835,-6.036584512524992,-0.3389493059120996,-33.371639278464926
9124.56228114057,-27.00205001403881,-5.95796150593515,-2.9402193430624934,-35.900230863036455
9129.564782391197,-27.007991663465617,-5.875481389282179,4.208406488301246,-28.67506656444655
9134.567283641822,-27.013930411145292,-5.7883656605181075,-0.5534179832220039,-33.355714054885404
9139.569784892446,-27.019866259910728,-5.697052201790621,-8.21789839767317,-40.93481685937452
9144.572286143071,-27.025799212590673,-5.602396165081869,-0.46900246119261824,-33.097197838865156
9149.574787393698,-27.031729272009738,-5.5042444710278025,1.1945528723941976,-31.34142087064334
9154.577288644323,-27.037656440988393,-5.402550592688835,-12.135681557635321,-44.57588859131255
9159.579789894948,-27.043580722343,-5.29752728146287,-7.325300854429304,-39.66640885823517
9164.582291145574,-27.049502118885794,-5.189447692113207,1.5992904469560925,-30.63965936404291
9169.5847923962,-27.05542063342491,-5.078793690427897,2.310686153738853,-29.82352817011395
9174.587293646824,-27.061336268764382,-4.965642751988952,-2.1094598360791323,-34.13643885683246
9179.589794897449,-27.067249027704165,-4.850691143180759,-6.756357289953393,-38.67429746083832
9184.592296148076,-27.073158913040114,-4.733478882180979,5.126137203425733,-26.680500591795358
9189.5947973987,-27.079065927564024,-4.615077176106142,1.484119719630001,-30.210023384040163
9194.597298649325,-27.084970074063605,-4.494967368825773,1.881564064166254,-29.698373378723122
9199.59979989995,-27.090871355322534,-4.373486014559519,-5.507619856163519,-36.97197722604557
9204.602301150577,-27.096769774120425,-4.25049702491018,-4.96017985941595,-36.30744665844656
9209.604802401202,-27.102665333232842,-4.1266331342862514,0.868046842074397,-30.361251625444698
9214.607303651826,-27.108558035431322,-4.00209990510368,3.0362676735376875,-28.074390266997316
9219.609804902451,-27.114447883483372,-3.876591087687476,6.056933287481268,-24.93410568368958
9224.612306153078,-27.120334880152488,-3.7507386764749984,2.9248274957110185,-27.94624606091647
9229.614807403703,-27.126219028198136,-3.6244878726903638,-2.073614600756396,-32.824321501644896
9234.617308654328,-27.132100330375795,-3.4987163900801743,7.894003951375627,-22.73681276908034
9239.619809904952,-27.137978789436943,-3.3725182368404916,-1.197145217190896,-31.70764224346833
9244.62231115558,-27.143854408129066,-3.246887045830644,-2.597055959270419,-32.987797413230126
9249.624812406204,-27.149727189195676,-3.121699511313368,1.7540631375337852,-28.517363562975262
9254.627313656829,-27.155597135376308,-2.9970570482724925,-6.757530800623094,-36.91018498427189
9259.629814907454,-27.161464249406528,-2.873644109063209,-5.32746692360498,-35.362575282074715
9264.63231615808,-27.16732853401795,-2.750540513078451,1.127548042962831,-28.79032100413357
9269.634817408705,-27.173189991938234,-2.6287001418239564,1.391395624204197,-28.410494509557992
9274.63731865933,-27.179048625891102,-2.5074466173707104,1.1013873212723793,-28.585107921989433
9279.639819909955,-27.18490443859634,-2.387660832808237,3.127467753426517,-26.445097517978063
9284.642321160582,-27.190757432769807,-2.2696120980249757,6.383773782718576,-23.07659574807621
9289.644822411206,-27.196607611123433,-2.152569249985125,-4.089486798611423,-33.43866365971998
9294.647323661831,-27.202454976365246,-2.037314710235113,-4.113006508270995,-33.35277619487135
9299.649824912456,-27.208299531199373,-1.9238297758620637,-5.596277872740476,-34.72840717980191
9304.652326163083,-27.214141278326032,-1.8115080926850968,0.43116515263631516,-28.594484218374813
9309.654827413708,-27.219980220441556,-1.7011810634164384,1.286065746405594,-27.6350955374524
9314.657328664332,-27.2258163602384,-1.5921354800969543,-11.502290991505937,-40.32024283184129
9319.659829914957,-27.231649700405143,-1.4847713659967956,3.138353575231653,-25.578067491170287
9324.662331165584,-27.237480243626496,-1.3796359491506849,-5.37777847461245,-33.99489466738963
9329.664832416209,-27.2433079925833,-1.275986902295296,-2.5039434452165534,-31.02323834009515
9334.667333666834,-27.249132949952557,-1.1738947869462966,-4.725218796373242,-33.14824653327209
9339.66983491746,-27.25495511840742,-1.0736815295880757,3.0802601434584673,-25.248376504537028
9344.672336168085,-27.260774500617206,-0.9764650769618454,-5.50098596856766,-33.73822554614671
9349.67483741871,-27.266591099247393,-0.8796029246865358,-1.4246096326393352,-29.570803656573265
9354.677338669335,-27.272404916959648,-0.7841203843717903,1.6858985346772117,-26.370626766654226
9359.679839919962,-27.27821595641181,-0.6911966761045121,-13.656623519177899,-41.62603615169422
9364.682341170586,-27.284024220257923,-0.5996084733494669,-0.7481720231327147,-28.631804716740103
9369.684842421211,-27.28982971114821,-0.509164944357396,2.7865041983072096,-25.0124904571984
9374.687343671836,-27.29563243172913,-0.42100239719472216,1.349113571862623,-26.367521257061227
9379.689844922463,-27.301432384643324,-0.33386661745225477,1.7678605037711383,-25.86743849832444
9384.692346173088,-27.307229572529668,-0.24825822539305042,3.465190852324241,-24.090296945598478
9389.694847423712,-27.313023998023272,-0.16414466570775554,-8.90277800287867,-36.3799466666097
9394.697348674337,-27.318815663755466,-0.08133695018900544,2.7962238831785484,-24.603928730765922
9399.699849924964,-27.324604572353838,4.6598994243030045e-05,-10.484637479571234,-37.80919545293083
9404.702351175589,-27.33039072644221,0.08066070282940915,5.685378867605231,-21.56435115600757
9409.704852426214,-27.33617412864067,0.1602139319992656,0.9441034124409993,-26.231856784200406
9414.707353676838,-27.34195478156557,0.23959544681079872,3.8563590158442285,-23.24600031891054
9419.709854927465,-27.34773268782952,0.316544214746723,2.8345830810583834,-24.196605392024413
9424.71235617809,-27.35350785004142,0.39366482943511216,1.4062012552642882,-25.553641765342018
9429.714857428715,-27.35928027080646,0.47002476497330664,2.891258031134422,-23.997997474698735
9434.71735867934,-27.365049952726103,0.5452842630374372,5.297078471496721,-21.522687218191944
9439.719859929966,-27.370816898398125,0.6204236032631778,-3.413734591701246,-30.164127886836194
9444.722361180591,-27.37658111041661,0.6954286894941736,5.122670041602159,-21.558482379320274
9449.724862431216,-27.382342591371938,0.769535869932194,-2.7320194751441216,-29.344826196583863
9454.72736368184,-27.388101343850824,0.8435680470020486,-4.74163596014476,-31.286169256993535
9459.729864932468,-27.393857370436308,0.9184184228719905,-2.6990730994333862,-29.174512046997705
9464.732366183092,-27.399610673707755,0.9930809029826686,2.145263396917324,-24.261266373807764
9469.734867433717,-27.405361256240884,1.0679368642422264,5.7464424910928305,-20.590981900905824
9474.737368684342,-27.411109120607748,1.1429505289165292,-6.462895512397517,-32.731054104088734
9479.739869934969,-27.416854269376763,1.218327803599843,1.0465674928749786,-25.151958972901944
9484.742371185594,-27.422596705112703,1.294551586291754,4.4446175428724075,-21.683427575948542
9489.744872436218,-27.428336430376714,1.371338444590717,0.23898831716096858,-25.81800966862503
9494.747373686843,-27.43407344772631,1.4486166823212863,-9.310877031141873,-35.2963337965469
9499.74987493747,-27.439807759715396,1.5263360089566298,-0.7413985607946381,-26.654870311553406
9504.752376188095,-27.445539368894256,1.6047154651484952,-7.027952571109568,-32.86877647485533
9509.75487743872,-27.451268277809582,1.6847965089609551,6.047390926867134,-19.719080841981494
9514.757378689346,-27.45699448900445,1.7657908039755008,2.4853429404510656,-23.205860744577883
9519.759879939971,-27.462718005018367,1.8477971078394955,1.036971538194695,-24.577949358984174
9524.762381190596,-27.46843882838723,1.9302728453554974,3.322819370223211,-22.215346612808524
9529.76488244122,-27.47415696164339,2.0156166722227087,-7.94792080255755,-33.40646109197823
9534.767383691847,-27.479872407315607,2.101322311599701,0.5231730224778297,-24.855377073238074
9539.769884942472,-27.48558516792907,2.188154730986721,8.164612478463454,-17.132817958478896
9544.772386193097,-27.49129524600543,2.27682458755097,2.9647110801495318,-22.24975957830493
9549.774887443722,-27.49700264406278,2.366638018916564,-0.6796188606809439,-25.809983485827157
9554.777388694349,-27.502707364615667,2.4586304386639606,1.538680795264717,-23.50539613068699
9559.779889944974,-27.508409410175094,2.5529591039349944,-14.574774184941722,-39.53022449118182
9564.782391195598,-27.514108783248552,2.647696196677648,2.1508006827393498,-22.71561190383155
9569.784892446223,-27.51980548633999,2.7438333179065517,-2.561061912751133,-27.33703408118457
9574.78739369685,-27.52549952194985,2.8422943493499027,1.6215026764683094,-23.061702496131637
9579.789894947475,-27.531190892575058,2.9426299518083097,-2.9323159046309506,-27.520876845397698
9584.7923961981,-27.536879600709035,3.0440594972114137,-3.9097208049785,-28.40254090847612
9589.794897448724,-27.54256564884171,3.147278400832414,3.8097475524845956,-20.5855396955247
9594.797398699351,-27.54824903945952,3.252423660869091,-0.7978672069193447,-25.093692585509775
9599.799899949976,-27.55392977504541,3.358453261844926,-1.1670184414559566,-25.36249495465644
9604.8024012006,-27.559607858078856,3.4666625025217197,4.999336693545619,-19.093608662011516
9609.804902451226,-27.56528329103585,3.5765912953486523,-13.174825020257106,-37.16351701594431
9614.807403701852,-27.570956076388935,3.6883256787707985,-4.717219196529415,-28.59984959414755
9619.809904952477,-27.576626216607185,3.801823808523956,2.1561955131125616,-21.618606894970668
9624.812406203102,-27.582293714156222,3.9173872385016306,2.969041301080998,-20.69586517457359
9629.814907453727,-27.587958571498223,4.033809304505086,-2.68536601526451,-26.239515282257646
9634.817408704354,-27.593620791091936,4.152473302112265,-0.619207530213693,-24.060355019193366
9639.819909954978,-27.599280375392656,4.271925472108142,-8.167857687025421,-31.495212590309936
9644.822411205603,-27.604937326852262,4.393879084193233,2.4492634354372314,-20.761794807221797
9649.824912456228,-27.61059164791922,4.517064399879123,-9.160163188211964,-32.25369043625206
9654.827413706855,-27.616243341038572,4.641097118472538,-0.5840392055666239,-23.559185428132658
9659.82991495748,-27.621892408651952,4.766176977721627,2.725513827658978,-20.130201603271345
9664.832416208104,-27.6275388531976,4.892038690322739,-2.9785819928566077,-25.714082155731468
9669.83491745873,-27.63318267711036,5.019471310680908,5.733246755075703,-16.880464611353744
9674.837418709356,-27.638823882821672,5.148225854820961,2.477808082920408,-20.012789945080304
9679.83991995998,-27.644462472759617,5.27803113415835,-6.610163018226819,-28.976594356828087
9684.842421210606,-27.650098449348885,5.4089561258352745,2.8669627351883475,-19.374179588325262
9689.84492246123,-27.6557318150108,5.540691364220276,4.308959294064427,-17.806081156726098
9694.847423711857,-27.66136257216333,5.672603575585202,0.22989518045137958,-21.75886381612675
9699.849924962482,-27.666990723221073,5.805488853260792,5.463578017972058,-16.39792385198822
9704.852426213107,-27.672616270595274,5.9386980408514844,0.7611163488298422,-20.97280188091395
9709.854927463733,-27.678239216693854,6.072706339376214,1.2397511532418202,-20.36578172407582
9714.857428714358,-27.683859563921374,6.206977449746399,-6.480872479135419,-27.95775459331039
9719.859929964983,-27.689477314679067,6.341363653945802,7.08422330183058,-14.263890358902685
9724.862431215608,-27.695092471364852,6.475255714037989,-5.84196610622449,-27.061802863551353
9729.864932466235,-27.700705036373318,6.6094187471315635,-0.15499200311031025,-21.246278292352066
9734.86743371686,-27.70631501209573,6.743864079797311,-3.8682010508033455,-24.830651983101763
9739.869934967484,-27.71192240092006,6.877715401711011,-0.11717170535951604,-20.951378704568565
9744.87243621811,-27.717527205230976,7.011476793040389,2.558336968198163,-18.147713443992423
9749.874937468736,-27.723129427409848,7.144700856290138,3.8773515487749766,-16.701077022344734
9754.87743871936,-27.72872906983475,7.2770379965258325,-7.463956603811044,-27.91564767711996
9759.879939969986,-27.734326134880483,7.4094410426557165,-3.569725471269021,-23.89461056349379
9764.88244122061,-27.739920624918568,7.540813609420787,5.229427626773807,-14.969679388723973
9769.884942471237,-27.745512542317243,7.6710995556019075,-2.0836569075331837,-22.15806989424852
9774.887443721862,-27.7511018894415,7.800504565694988,-4.083084920157326,-24.03368224390384
9779.889944972487,-27.756688668653048,7.928907709725106,-1.546008948897921,-21.373789907825863
9784.892446223112,-27.762272882310363,8.05623552113282,-18.234010133645,-37.940047494822544
9789.894947473738,-27.767854532768666,8.18198461071178,-5.762710273587846,-25.348580195644733
9794.897448724363,-27.773433622379926,8.307197369680985,-0.3985517189270886,-19.86478797162603
9799.899949974988,-27.7790101534929,8.430330506828167,4.286874381569902,-15.061805265094833
9804.902451225613,-27.78458412845309,8.551721579804822,-1.224447415563748,-20.45730996421202
9809.90495247624,-27.790155549602787,8.670724369095561,7.034179319696289,-12.085251860810938
9814.907453726864,-27.795724419281065,8.788816552615312,-26.378879799187615,-45.38578766585337
9819.90995497749,-27.80129073982378,8.905080706056953,1.9500202000976485,-16.94618983366918
9824.912456228114,-27.806854513563586,9.020052596197505,1.5055435812618878,-17.281258336104194
9829.91495747874,-27.812415742829934,9.133002860195878,-10.30607394042355,-28.985486823057606
9834.917458729366,-27.817974429949086,9.243595103649994,-2.8555018266742547,-21.429881152973344
9839.91995997999,-27.8235305772441,9.351192734021689,5.048878270527653,-13.42345957269476
9844.922461230615,-27.829084187034876,9.456431884440308,4.207134521719765,-14.1655177808748
9849.924962481242,-27.834635261638113,9.559535072027403,1.0460088466541202,-17.22909134295659
9854.927463731867,-27.840183803367353,9.659662825398158,-1.547628264258145,-19.72814924222734
9859.929964982492,-27.84572981453297,9.757377090846141,-1.154240252724576,-19.242592976411405
9864.932466233116,-27.851273297442173,9.852834574260154,-4.282655577984186,-22.281094301166206
9869.934967483743,-27.856814254399026,9.945212975646282,4.670859241702574,-13.240742037050172
9874.937468734368,-27.86235268770443,10.034304474172659,-6.8639216797539095,-24.69196989328568
9879.939969984993,-27.867888599656162,10.121569764442857,-5.521343364109292,-23.267662199322597
9884.94247123562,-27.873421992548852,10.205247996137414,2.7562945570145567,-14.911879439396884
9889.944972486244,-27.878952868674,10.28682982584404,1.9496476114587202,-15.64247543137124
9894.94747373687,-27.884481230319977,10.364963900195983,-6.199045204762177,-23.718562534886175
9899.949974987494,-27.890007079772044,10.439596509258376,-0.7345493468776403,-18.184959917391307
9904.95247623812,-27.89553041931234,10.51132820480473,2.553720423118002,-14.830481791389609
9909.954977488745,-27.901051251219897,10.579603686945983,5.264483260537383,-12.056964303736532
9914.95747873937,-27.90656957777065,10.644398937221936,9.430465994964319,-7.831704645584395
9919.959979989995,-27.91208540123743,10.706362124687478,-0.4874667101181769,-17.69318998666813
9924.962481240622,-27.917598723889977,10.764522338061822,2.1302722730677406,-15.022804112760417
9929.964982491247,-27.923109547994947,10.8194701001839,4.682987398479217,-12.420652049331832
9934.967483741872,-27.92861787581592,10.870892419754233,-2.26242401776191,-19.320149473823598
9939.969984992496,-27.934123709613395,10.918650324243373,-7.197078363910283,-24.212551749280305
9944.972486243123,-27.939627051644802,10.962998258710515,3.8981755493619907,-13.078453243572294
9949.974987493748,-27.94512790416451,11.003572187448809,-3.219070481840274,-20.160626198555978
9954.977488744373,-27.950626269423836,11.040782077150828,2.9727997998604083,-13.937044392412599
9959.979989994998,-27.95612214967103,11.074351539399316,-7.003623581100081,-23.885394191371795
9964.982491245624,-27.96161554715131,11.10393393664159,4.90122363563834,-11.956457974871382
9969.98499249625,-27.967106464106845,11.130219000493431,-2.7920039762293447,-19.62889143984276
9974.987493746874,-27.97259490277676,11.152413007378144,4.998593112415446,-11.82158878298317
9979.989994997499,-27.978080865397168,11.171410025501004,-17.19826836952577,-34.004939209421934
9984.992496248125,-27.983564354201146,11.186416961988483,5.5173315160499445,-11.27981587616272
9989.99499749875,-27.989045371418744,11.197892688768551,-0.0006316984436867124,-16.79178438109388
9994.997498749375,-27.99452391927702,11.204923474120111,2.6533367238296783,-14.136263721327232
10000.0,-28.0,11.20866102250865,-0.24017665928834608,-17.031515636779694
