d,p_los,p_ref_perp,p_tot_perp,p_ref_par,p_tot_par
1.000000000000000000e+00,-5.870008434637696837e+01,-6.607353814691589378e+01,-6.174613120441691194e+01,-6.610876471087344441e+01,-5.599075470901589568e+01
1.005775959301633549e+00,-5.870077117579191395e+01,-6.607371321297149791e+01,-6.170760708634155378e+01,-6.610934644953634631e+01,-5.600188832972813202e+01
1.011585280309121204e+00,-5.870146585181995391e+01,-6.607389030004640063e+01,-6.166853315060264862e+01,-6.610993488733780055e+01,-5.601330008783554604e+01
1.017428155718318239e+00,-5.870216846282733059e+01,-6.607406943138781230e+01,-6.162891017881464961e+01,-6.611053010095309901e+01,-5.602499681489331351e+01
1.023304779338083392e+00,-5.870287909814613414e+01,-6.607425063050840208e+01,-6.158873922917554466e+01,-6.611113216792429625e+01,-5.603698551307977738e+01
1.029215346096707284e+00,-5.870359784808413650e+01,-6.607443392118928216e+01,-6.154802163999697484e+01,-6.611174116666964551e+01,-5.604927335967026636e+01
1.035160052048378576e+00,-5.870432480393481711e+01,-6.607461932748300626e+01,-6.150675903299578096e+01,-6.611235717649341836e+01,-5.606186771163770999e+01
1.041139094379686769e+00,-5.870506005798738869e+01,-6.607480687371663919e+01,-6.146495331635239268e+01,-6.611298027759551132e+01,-5.607477611038074627e+01
1.047152671416163416e+00,-5.870580370353694377e+01,-6.607499658449478375e+01,-6.142260668751656993e+01,-6.611361055108135076e+01,-5.608800628658802623e+01
1.053200982628859972e+00,-5.870655583489467233e+01,-6.607518848470280659e+01,-6.137972163577155982e+01,-6.611424807897181211e+01,-5.610156616523873652e+01
1.059284228640964720e+00,-5.870731654739817884e+01,-6.607538259950990778e+01,-6.133630094455281068e+01,-6.611489294421332374e+01,-5.611546387074387354e+01
1.065402611234457231e+00,-5.870808593742190595e+01,-6.607557895437227558e+01,-6.129234769351414513e+01,-6.611554523068798517e+01,-5.612970773223433696e+01
1.071556333356801671e+00,-5.870886410238760078e+01,-6.607577757503641180e+01,-6.124786526034809242e+01,-6.611620502322382720e+01,-5.614430628899799558e+01
1.077745599127678089e+00,-5.870965114077485936e+01,-6.607597848754230085e+01,-6.120285732235910814e+01,-6.611687240760520012e+01,-5.615926829607067816e+01
1.083970613845754327e+00,-5.871044715213189136e+01,-6.607618171822673503e+01,-6.115732785779009362e+01,-6.611754747058326132e+01,-5.617460272998570758e+01
1.090231583995494136e+00,-5.871125223708617824e+01,-6.607638729372663988e+01,-6.111128114690772861e+01,-6.611823029988647704e+01,-5.619031879468568036e+01
1.096528717254007690e+00,-5.871206649735535166e+01,-6.607659524098239956e+01,-6.106472177284872771e+01,-6.611892098423142272e+01,-5.620642592760106737e+01
1.102862222497939415e+00,-5.871289003575812160e+01,-6.607680558724132425e+01,-6.101765462222743253e+01,-6.611961961333348370e+01,-5.622293380590165413e+01
1.109232309810396444e+00,-5.871372295622528981e+01,-6.607701836006101814e+01,-6.097008488551882266e+01,-6.612032627791788286e+01,-5.623985235292227713e+01
1.115639190487918375e+00,-5.871456536381089109e+01,-6.607723358731286112e+01,-6.092201805721320795e+01,-6.612104106973052353e+01,-5.625719174477069373e+01
1.122083077047483890e+00,-5.871541736470334172e+01,-6.607745129718553301e+01,-6.087345993575457470e+01,-6.612176408154935814e+01,-5.627496241712033509e+01
1.128564183233562002e+00,-5.871627906623678683e+01,-6.607767151818860896e+01,-6.082441662326914411e+01,-6.612249540719541585e+01,-5.629317507219297312e+01
1.135082724025200385e+00,-5.871715057690241935e+01,-6.607789427915602687e+01,-6.077489452509441037e+01,-6.612323514154428494e+01,-5.631184068593489656e+01
1.141638915643157226e+00,-5.871803200636001918e+01,-6.607811960924979644e+01,-6.072490034910974543e+01,-6.612398338053759517e+01,-5.633097051539415645e+01
1.148232975557073043e+00,-5.871892346544943564e+01,-6.607834753796365135e+01,-6.067444110488820996e+01,-6.612474022119452854e+01,-5.635057610629955605e+01
1.154865122492684248e+00,-5.871982506620231845e+01,-6.607857809512672986e+01,-6.062352410267243386e+01,-6.612550576162361438e+01,-5.637066930084849048e+01
1.161535576439078010e+00,-5.872073692185379912e+01,-6.607881131090731230e+01,-6.057215695219127838e+01,-6.612628010103455267e+01,-5.639126224570568269e+01
1.168244558655989751e+00,-5.872165914685434984e+01,-6.607904721581662955e+01,-6.052034756132059101e+01,-6.612706333975005180e+01,-5.641236740021990670e+01
1.174992291681141499e+00,-5.872259185688169225e+01,-6.607928584071262890e+01,-6.046810413460703160e+01,-6.612785557921806401e+01,-5.643399754485977127e+01
1.181778999337625091e+00,-5.872353516885286240e+01,-6.607952721680392472e+01,-6.041543517166968513e+01,-6.612865692202385048e+01,-5.645616578987151968e+01
1.188604906741324241e+00,-5.872448920093624736e+01,-6.607977137565360692e+01,-6.036234946547524061e+01,-6.612946747190234476e+01,-5.647888558416844518e+01
1.195470240308384113e+00,-5.872545407256382077e+01,-6.608001834918324846e+01,-6.030885610052779100e+01,-6.613028733375058721e+01,-5.650217072444408473e+01
1.202375227762719545e+00,-5.872642990444344235e+01,-6.608026816967684169e+01,-6.025496445095885178e+01,-6.613111661364025906e+01,-5.652603536452260613e+01
1.209320098143569444e+00,-5.872741681857120000e+01,-6.608052086978487694e+01,-6.020068417855296161e+01,-6.613195541883038686e+01,-5.655049402493975919e+01
1.216305081813094047e+00,-5.872841493824390113e+01,-6.608077648252837832e+01,-6.014602523070865914e+01,-6.613280385778014647e+01,-5.657556160276133284e+01
1.223330410464016582e+00,-5.872942438807166354e+01,-6.608103504130302497e+01,-6.009099783835833364e+01,-6.613366204016182337e+01,-5.660125338163594222e+01
1.230396317127307348e+00,-5.873044529399052749e+01,-6.608129657988334316e+01,-6.003561251385592357e+01,-6.613453007687381557e+01,-5.662758504208412802e+01
1.237503036179914639e+00,-5.873147778327520285e+01,-6.608156113242681329e+01,-5.997988004885517910e+01,-6.613540808005390659e+01,-5.665457267201865221e+01
1.244650803352537638e+00,-5.873252198455191575e+01,-6.608182873347823261e+01,-5.992381151217730917e+01,-6.613629616309256676e+01,-5.668223277750080058e+01
1.251839855737447493e+00,-5.873357802781137593e+01,-6.608209941797392162e+01,-5.986741824770913212e+01,-6.613719444064636832e+01,-5.671058229371662662e+01
1.259070431796349698e+00,-5.873464604442170867e+01,-6.608237322124612945e+01,-5.981071187231837172e+01,-6.613810302865159940e+01,-5.673963859618049099e+01
1.266342771368295761e+00,-5.873572616714162820e+01,-6.608265017902732552e+01,-5.975370427382075178e+01,-6.613902204433802012e+01,-5.676941951214972448e+01
1.273657115677636842e+00,-5.873681853013359699e+01,-6.608293032745469020e+01,-5.969640760900888665e+01,-6.613995160624267555e+01,-5.679994333224261993e+01
1.281013707342026908e+00,-5.873792326897715554e+01,-6.608321370307460541e+01,-5.963883430175647504e+01,-6.614089183422389340e+01,-5.683122882224906647e+01
1.288412790380468964e+00,-5.873904052068227344e+01,-6.608350034284710262e+01,-5.958099704120854057e+01,-6.614184284947542380e+01,-5.686329523512088713e+01
1.295854610221410796e+00,-5.874017042370279995e+01,-6.608379028415049561e+01,-5.952290878008763997e+01,-6.614280477454069285e+01,-5.689616232311666977e+01
1.303339413710883798e+00,-5.874131311795004251e+01,-6.608408356478595636e+01,-5.946458273311321108e+01,-6.614377773332724075e+01,-5.692985035008841521e+01
1.310867449120692863e+00,-5.874246874480643754e+01,-6.608438022298224723e+01,-5.940603237555944816e+01,-6.614476185112118856e+01,-5.696438010387896611e+01
1.318438966156650238e+00,-5.874363744713922131e+01,-6.608468029740028271e+01,-5.934727144196378390e+01,-6.614575725460203159e+01,-5.699977290880149638e+01
1.326054215966858907e+00,-5.874481936931431392e+01,-6.608498382713807473e+01,-5.928831392500201503e+01,-6.614676407185733353e+01,-5.703605063816421250e+01
1.333713451150043028e+00,-5.874601465721018201e+01,-6.608529085173545070e+01,-5.922917407453590499e+01,-6.614778243239778988e+01,-5.707323572680385837e+01
1.341416925763926793e+00,-5.874722345823187197e+01,-6.608560141117888520e+01,-5.916986639686760441e+01,-6.614881246717233410e+01,-5.711135118356753537e+01
1.349164895333661685e+00,-5.874844592132507159e+01,-6.608591554590643113e+01,-5.911040565418328185e+01,-6.614985430858330062e+01,-5.715042060370531374e+01
1.356957616860301696e+00,-5.874968219699026406e+01,-6.608623329681276459e+01,-5.905080686423320913e+01,-6.615090809050195730e+01,-5.719046818108865438e+01
1.364795348829328292e+00,-5.875093243729704540e+01,-6.608655470525408759e+01,-5.899108530023832486e+01,-6.615197394828393840e+01,-5.723151872019322184e+01
1.372678351219225323e+00,-5.875219679589839927e+01,-6.608687981305324399e+01,-5.893125649104565156e+01,-6.615305201878497598e+01,-5.727359764775449236e+01
1.380606885510101023e+00,-5.875347542804516365e+01,-6.608720866250482118e+01,-5.887133622154887291e+01,-6.615414244037680191e+01,-5.731673102399406616e+01
1.388581214692362398e+00,-5.875476849060051165e+01,-6.608754129638035124e+01,-5.881134053337626000e+01,-6.615524535296303554e+01,-5.736094555330971900e+01
1.396601603275438475e+00,-5.875607614205456031e+01,-6.608787775793348374e+01,-5.875128572586977072e+01,-6.615636089799535569e+01,-5.740626859429070095e+01
1.404668317296553504e+00,-5.875739854253903616e+01,-6.608821809090530053e+01,-5.869118835736381357e+01,-6.615748921848988573e+01,-5.745272816891098699e+01
1.412781624329552344e+00,-5.875873585384204034e+01,-6.608856233952964487e+01,-5.863106524677392883e+01,-6.615863045904349349e+01,-5.750035297073058160e+01
1.420941793493775807e+00,-5.876008823942287052e+01,-6.608891054853845048e+01,-5.857093347551267470e+01,-6.615978476585048895e+01,-5.754917237190498724e+01
1.429149095462985963e+00,-5.876145586442697066e+01,-6.608926276316728377e+01,-5.851081038973921977e+01,-6.616095228671933626e+01,-5.759921642878356352e+01
1.437403802474346737e+00,-5.876283889570088803e+01,-6.608961902916074393e+01,-5.845071360296201846e+01,-6.616213317108957881e+01,-5.765051588583546049e+01
1.445706188337451792e+00,-5.876423750180733663e+01,-6.608997939277806211e+01,-5.839066099900072260e+01,-6.616332757004889231e+01,-5.770310217761667815e+01
1.454056528443408602e+00,-5.876565185304039574e+01,-6.609034390079870036e+01,-5.833067073532306779e+01,-6.616453563635030832e+01,-5.775700742844301061e+01
1.462455099773972478e+00,-5.876708212144072263e+01,-6.609071260052799346e+01,-5.827076124676767677e+01,-6.616575752442960834e+01,-5.781226444939179743e+01
1.470902180910733215e+00,-5.876852848081079372e+01,-6.609108553980293266e+01,-5.821095124966608125e+01,-6.616699339042281736e+01,-5.786890673220013070e+01
1.479398052044357703e+00,-5.876999110673037308e+01,-6.609146276699783584e+01,-5.815125974637797412e+01,-6.616824339218393902e+01,-5.792696843956772312e+01
1.487942994983881828e+00,-5.877147017657190275e+01,-6.609184433103030187e+01,-5.809170603024683999e+01,-6.616950768930280447e+01,-5.798648439131013532e+01
1.496537293166059435e+00,-5.877296586951599977e+01,-6.609223028136705125e+01,-5.803230969099740122e+01,-6.617078644312313429e+01,-5.804749004571885251e+01
1.505181231664763475e+00,-5.877447836656710933e+01,-6.609262066802985203e+01,-5.797309062057981066e+01,-6.617207981676061479e+01,-5.811002147541220353e+01
1.513875097200441777e+00,-5.877600785056909416e+01,-6.609301554160157366e+01,-5.791406901948164432e+01,-6.617338797512135784e+01,-5.817411533684640546e+01
1.522619178149628105e+00,-5.877755450622102273e+01,-6.609341495323229765e+01,-5.785526540351293079e+01,-6.617471108492036080e+01,-5.823980883255903507e+01
1.531413764554507173e+00,-5.877911852009290072e+01,-6.609381895464537138e+01,-5.779670061109131041e+01,-6.617604931470015117e+01,-5.830713966506702661e+01
1.540259148132535394e+00,-5.878070008064155871e+01,-6.609422759814363246e+01,-5.773839581102354401e+01,-6.617740283484971542e+01,-5.837614598122733867e+01
1.549155622286117584e+00,-5.878229937822655415e+01,-6.609464093661573258e+01,-5.768037251082187566e+01,-6.617877181762341365e+01,-5.844686630565967533e+01
1.558103482112338956e+00,-5.878391660512615147e+01,-6.609505902354233342e+01,-5.762265256554907467e+01,-6.618015643716023533e+01,-5.851933946169027223e+01
1.567103024412753287e+00,-5.878555195555337320e+01,-6.609548191300260100e+01,-5.756525818722450083e+01,-6.618155686950308336e+01,-5.859360447802223604e+01
1.576154547703228381e+00,-5.878720562567207253e+01,-6.609590965968061482e+01,-5.750821195480003212e+01,-6.618297329261834250e+01,-5.866970047912285224e+01
1.585258352223846812e+00,-5.878887781361309806e+01,-6.609634231887183375e+01,-5.745153682472868439e+01,-6.618440588641553290e+01,-5.874766655703002272e+01
1.594414739948866400e+00,-5.879056871949047292e+01,-6.609677994648974675e+01,-5.739525614214264948e+01,-6.618585483276716275e+01,-5.882754162197882408e+01
1.603624014596735536e+00,-5.879227854541770881e+01,-6.609722259907243824e+01,-5.733939365266244437e+01,-6.618732031552882233e+01,-5.890936422889523527e+01
1.612886481640168679e+00,-5.879400749552404193e+01,-6.609767033378933832e+01,-5.728397351485573097e+01,-6.618880252055924984e+01,-5.899317237641574962e+01
1.622202448316277135e+00,-5.879575577597083225e+01,-6.609812320844797284e+01,-5.722902031337304862e+01,-6.619030163574086600e+01,-5.907900327463765677e+01
1.631572223636762242e+00,-5.879752359496795577e+01,-6.609858128150079892e+01,-5.717455907277850713e+01,-6.619181785100022353e+01,-5.916689307732227832e+01
1.640996118398164061e+00,-5.879931116279023229e+01,-6.609904461205208293e+01,-5.712061527210568102e+01,-6.619335135832875494e+01,-5.925687657370001915e+01
1.650474445192170458e+00,-5.880111869179391704e+01,-6.609951325986492066e+01,-5.706721486016362377e+01,-6.619490235180370519e+01,-5.934898683441452505e+01
1.660007518415986594e+00,-5.880294639643327770e+01,-6.609998728536822910e+01,-5.701438427161613021e+01,-6.619647102760910684e+01,-5.944325480545795415e+01
1.669595654282763020e+00,-5.880479449327705765e+01,-6.610046674966383762e+01,-5.696215044387515292e+01,-6.619805758405721008e+01,-5.953970884316027679e+01
1.679239170832084627e+00,-5.880666320102514533e+01,-6.610095171453370710e+01,-5.691054083482994486e+01,-6.619966222160972791e+01,-5.963837418248967026e+01
1.688938387940519537e+00,-5.880855274052520798e+01,-6.610144224244712063e+01,-5.685958344144965082e+01,-6.620128514289956456e+01,-5.973927232998484982e+01
1.698693627332230616e+00,-5.881046333478926158e+01,-6.610193839656804471e+01,-5.680930681929859816e+01,-6.620292655275257232e+01,-5.984242037165198980e+01
1.708505212589645827e+00,-5.881239520901046092e+01,-6.610244024076240521e+01,-5.675974010299583483e+01,-6.620458665820949307e+01,-5.994783018512387684e+01
1.718373469164192313e+00,-5.881434859057974762e+01,-6.610294783960567599e+01,-5.671091302766691200e+01,-6.620626566854814143e+01,-6.005550754424903204e+01
1.728298724387091534e+00,-5.881632370910259766e+01,-6.610346125839029696e+01,-5.666285595142655040e+01,-6.620796379530571585e+01,-6.016545110316410216e+01
1.738281307480216586e+00,-5.881832079641575461e+01,-6.610398056313329107e+01,-5.661559987893922852e+01,-6.620968125230132273e+01,-6.027765124576239941e+01
1.748321549567012800e+00,-5.882034008660400559e+01,-6.610450582058392399e+01,-5.656917648610996707e+01,-6.621141825565862860e+01,-6.039208878538531167e+01
1.758419783683480730e+00,-5.882238181601692162e+01,-6.610503709823143481e+01,-5.652361814595710143e+01,-6.621317502382878217e+01,-6.050873349861291217e+01
1.768576344789223764e+00,-5.882444622328569750e+01,-6.610557446431288042e+01,-5.647895795571891853e+01,-6.621495177761346440e+01,-6.062754247629523263e+01
1.778791569778558346e+00,-5.882653354933986378e+01,-6.610611798782090887e+01,-5.643522976526214308e+01,-6.621674874018805212e+01,-6.074845827453664526e+01
1.789065797491687926e+00,-5.882864403742416215e+01,-6.610666773851188793e+01,-5.639246820684891759e+01,-6.621856613712515127e+01,-6.087140684849217109e+01
1.799399368725944637e+00,-5.883077793311525028e+01,-6.610722378691372114e+01,-5.635070872633672678e+01,-6.622040419641811582e+01,-6.099629525264164442e+01
1.809792626247090697e+00,-5.883293548433852038e+01,-6.610778620433410424e+01,-5.630998761587939327e+01,-6.622226314850489359e+01,-6.112300909308481778e+01
1.820245914800690201e+00,-5.883511694138491777e+01,-6.610835506286866803e+01,-5.627034204821170960e+01,-6.622414322629194317e+01,-6.125140972058165545e+01
1.830759581123543978e+00,-5.883732255692760305e+01,-6.610893043540913538e+01,-5.623181011259636364e+01,-6.622604466517842070e+01,-6.138133115808592777e+01
1.841333973955189274e+00,-5.883955258603877780e+01,-6.610951239565179094e+01,-5.619443085252846970e+01,-6.622796770308055159e+01,-6.151257676379239570e+01
1.851969444049469615e+00,-5.884180728620638945e+01,-6.611010101810575179e+01,-5.615824430528536482e+01,-6.622991258045610152e+01,-6.164491564097610876e+01
1.862666344186168166e+00,-5.884408691735082897e+01,-6.611069637810155086e+01,-5.612329154342960180e+01,-6.623187954032911762e+01,-6.177807881967589054e+01
1.873425029182709922e+00,-5.884639174184159316e+01,-6.611129855179963499e+01,-5.608961471837105961e+01,-6.623386882831481159e+01,-6.191175525344655739e+01
1.884245855905930966e+00,-5.884872202451396106e+01,-6.611190761619896250e+01,-5.605725710610425239e+01,-6.623588069264468459e+01,-6.204558769761266035e+01
1.895129183283915442e+00,-5.885107803268554250e+01,-6.611252364914578550e+01,-5.602626315524453560e+01,-6.623791538419170877e+01,-6.217916856439781981e+01
1.906075372317901362e+00,-5.885346003617291899e+01,-6.611314672934243220e+01,-5.599667853749815549e+01,-6.623997315649586426e+01,-6.231203588539542437e+01
1.917084786094255699e+00,-5.885586830730807151e+01,-6.611377693635607500e+01,-5.596855020070521647e+01,-6.624205426578973288e+01,-6.244366955317573797e+01
1.928157789796516974e+00,-5.885830312095494321e+01,-6.611441435062782546e+01,-5.594192642460649267e+01,-6.624415897102434769e+01,-6.257348806072837988e+01
1.939294750717509119e+00,-5.886076475452578904e+01,-6.611505905348163026e+01,-5.591685687949970429e+01,-6.624628753389515623e+01,-6.270084600836702293e+01
1.950496038271525290e+00,-5.886325348799753954e+01,-6.611571112713342302e+01,-5.589339268795274052e+01,-6.624844021886826795e+01,-6.282503269986348471e+01
1.961762024006579175e+00,-5.886576960392811486e+01,-6.611637065470033292e+01,-5.587158648976200226e+01,-6.625061729320678694e+01,-6.294527219824406217e+01
1.973093081616731359e+00,-5.886831338747263231e+01,-6.611703772020990755e+01,-5.585149251035122120e+01,-6.625281902699740044e+01,-6.306072525048816146e+01
1.984489586954484297e+00,-5.887088512639954274e+01,-6.611771240860944943e+01,-5.583316663282053582e+01,-6.625504569317710946e+01,-6.317049351065761442e+01
1.995951918043248785e+00,-5.887348511110672433e+01,-6.611839480577549466e+01,-5.581666647387105940e+01,-6.625729756756017252e+01,-6.327362648240705312e+01
2.007480455089884153e+00,-5.887611363463741299e+01,-6.611908499852326315e+01,-5.580205146384187742e+01,-6.625957492886523426e+01,-6.336913155302181622e+01
2.019075580497307953e+00,-5.887877099269617531e+01,-6.611978307461629356e+01,-5.578938293111516344e+01,-6.626187805874255332e+01,-6.345598739115200004e+01
2.030737678877182706e+00,-5.888145748366461163e+01,-6.612048912277604984e+01,-5.577872419115998071e+01,-6.626420724180157151e+01,-6.353316082115287600e+01
2.042467137062670801e+00,-5.888417340861710159e+01,-6.612120323269175515e+01,-5.577014064050075604e+01,-6.626656276563851122e+01,-6.359962706587030112e+01
2.054264344121269126e+00,-5.888691907133640058e+01,-6.612192549503016892e+01,-5.576369985591709622e+01,-6.626894492086424293e+01,-6.365439297306734545e+01
2.066129691367710741e+00,-5.888969477832905142e+01,-6.612265600144549182e+01,-5.575947169919754742e+01,-6.627135400113230901e+01,-6.369652252620216615e+01
2.078063572376946944e+00,-5.889250083884081732e+01,-6.612339484458941286e+01,-5.575752842778889828e+01,-6.627379030316714648e+01,-6.372516361808150975e+01
2.090066382997203487e+00,-5.889533756487180938e+01,-6.612414211812117060e+01,-5.575794481170174777e+01,-6.627625412679239503e+01,-6.373957477717980424e+01
2.102138521363107415e+00,-5.889820527119168503e+01,-6.612489791671772821e+01,-5.576079825705132009e+01,-6.627874577495957453e+01,-6.373915032844968209e+01
2.114280387908896941e+00,-5.890110427535452686e+01,-6.612566233608399102e+01,-5.576616893663050689e+01,-6.628126555377671991e+01,-6.372344238860751631e+01
2.126492385381701045e+00,-5.890403489771367163e+01,-6.612643547296316626e+01,-5.577413992792965303e+01,-6.628381377253735707e+01,-6.369217817359877643e+01
2.138774918854899454e+00,-5.890699746143639004e+01,-6.612721742514722223e+01,-5.578479735903238179e+01,-6.628639074374957829e+01,-6.364527134515114426e+01
2.151128395741559896e+00,-5.890999229251836766e+01,-6.612800829148730486e+01,-5.579823056283083105e+01,-6.628899678316528821e+01,-6.358282652817683811e+01
2.163553225807951286e+00,-5.891301971979802943e+01,-6.612880817190438165e+01,-5.581453224001161573e+01,-6.629163220980971971e+01,-6.350513664745916742e+01
2.176049821187135969e+00,-5.891608007497072208e+01,-6.612961716739991402e+01,-5.583379863127008491e+01,-6.629429734601092150e+01,-6.341267329520513130e+01
2.188618596392640114e+00,-5.891917369260266923e+01,-6.613043538006662914e+01,-5.585612969920638449e+01,-6.629699251742970034e+01,-6.330607087616628093e+01
2.201259968332202277e+00,-5.892230091014481275e+01,-6.613126291309926330e+01,-5.588162932034799724e+01,-6.629971805308940702e+01,-6.318610571512743945e+01
2.213974356321604109e+00,-5.892546206794634855e+01,-6.613209987080563224e+01,-5.591040548771655239e+01,-6.630247428540619126e+01,-6.305367160256948011e+01
2.226762182098578347e+00,-5.892865750926819857e+01,-6.613294635861751658e+01,-5.594257052432328692e+01,-6.630526155021922818e+01,-6.290975337502683118e+01
2.239623869836796288e+00,-5.893188758029610597e+01,-6.613380248310187426e+01,-5.597824130791362052e+01,-6.630808018682118643e+01,-6.275540008253126700e+01
2.252559846159940982e+00,-5.893515263015373762e+01,-6.613466835197192495e+01,-5.601753950720065234e+01,-6.631093053798888093e+01,-6.259169911527958163e+01
2.265570540155854573e+00,-5.893845301091527489e+01,-6.613554407409849034e+01,-5.606059182970437860e+01,-6.631381295001398257e+01,-6.241975238873747855e+01
2.278656383390774476e+00,-5.894178907761806130e+01,-6.613642975952127756e+01,-5.610753028115895091e+01,-6.631672777273402630e+01,-6.224065536836803858e+01
2.291817809923646809e+00,-5.894516118827478834e+01,-6.613732551946038996e+01,-5.615849243622353271e+01,-6.631967535956347604e+01,-6.205547939547226122e+01
2.305055256320524659e+00,-5.894856970388555339e+01,-6.613823146632780947e+01,-5.621362171995671986e+01,-6.632265606752501697e+01,-6.186525748728661966e+01
2.318369161669048939e+00,-5.895201498844962629e+01,-6.613914771373900692e+01,-5.627306769912603812e+01,-6.632567025728093313e+01,-6.167097354848664281e+01
2.331759967593011407e+00,-5.895549740897693169e+01,-6.614007437652466592e+01,-5.633698638194167785e+01,-6.632871829316469814e+01,-6.147355475635232835e+01
2.345228118267006945e+00,-5.895901733549926149e+01,-6.614101157074242110e+01,-5.640554052415770059e+01,-6.633180054321263697e+01,-6.127386676761548756e+01
2.358774060431163999e+00,-5.896257514108123132e+01,-6.614195941368878096e+01,-5.647889993866172631e+01,-6.633491737919590037e+01,-6.107271133429075860e+01
2.372398243405963392e+00,-5.896617120183093164e+01,-6.614291802391102237e+01,-5.655724180461394468e+01,-6.633806917665236824e+01,-6.087082589818741241e+01
2.386101119107142843e+00,-5.896980589691020214e+01,-6.614388752121924142e+01,-5.664075097081779120e+01,-6.634125631491883723e+01,-6.066888474791524288e+01
2.399883142060688535e+00,-5.897347960854478544e+01,-6.614486802669847521e+01,-5.672962024626042421e+01,-6.634447917716333620e+01,-6.046750135719558727e+01
2.413744769417907055e+00,-5.897719272203388385e+01,-6.614585966272096584e+01,-5.682405066849951680e+01,-6.634773815041755540e+01,-6.026723157023685218e+01
2.427686460970595927e+00,-5.898094562575965938e+01,-6.614686255295831074e+01,-5.692425173768526037e+01,-6.635103362560938933e+01,-6.006857735169656820e+01
2.441708679166288753e+00,-5.898473871119621492e+01,-6.614787682239398237e+01,-5.703044160030508181e+01,-6.635436599759565013e+01,-5.987199087033887679e+01
2.455811889123598490e+00,-5.898857237291828426e+01,-6.614890259733569167e+01,-5.714284716199246361e+01,-6.635773566519490885e+01,-5.967787873363938900e+01
2.469996558647644669e+00,-5.899244700860955959e+01,-6.614994000542796471e+01,-5.726170410265147126e+01,-6.636114303122045044e+01,-5.948660623343354104e+01
2.484263158245568093e+00,-5.899636301907067093e+01,-6.615098917566477610e+01,-5.738725675935513237e+01,-6.636458850251335662e+01,-5.929850149939668569e+01
2.498612161142142352e+00,-5.900032080822675340e+01,-6.615205023840219667e+01,-5.751975783245374885e+01,-6.636807248997571662e+01,-5.911385948766021414e+01
2.513044043295465713e+00,-5.900432078313458817e+01,-6.615312332537124007e+01,-5.765946785749979142e+01,-6.637159540860389484e+01,-5.893294575647678357e+01
2.527559283412752933e+00,-5.900836335398950183e+01,-6.615420856969072361e+01,-5.780665436909736599e+01,-6.637515767752203999e+01,-5.875600000026561531e+01
2.542158362966211449e+00,-5.901244893413162629e+01,-6.615530610588018590e+01,-5.796159066164133122e+01,-6.637875972001560854e+01,-5.858323932822572289e+01
2.556841766209011713e+00,-5.901657794005189572e+01,-6.615641606987294665e+01,-5.812455402476797417e+01,-6.638240196356498757e+01,-5.841486128481882645e+01
2.571609980191351674e+00,-5.902075079139762437e+01,-6.615753859902920908e+01,-5.829582329656631856e+01,-6.638608483987927400e+01,-5.825104661744763490e+01
2.586463494776611416e+00,-5.902496791097749451e+01,-6.615867383214924757e+01,-5.847567553310489075e+01,-6.638980878493012483e+01,-5.809196180224145678e+01
2.601402802657601931e+00,-5.902922972476624608e+01,-6.615982190948670905e+01,-5.866438153606903683e+01,-6.639357423898569266e+01,-5.793776134253408827e+01
2.616428399372908054e+00,-5.903353666190882620e+01,-6.616098297276190010e+01,-5.886219990818005243e+01,-6.639738164664468911e+01,-5.778858985684694005e+01
2.631540783323324195e+00,-5.903788915472406984e+01,-6.616215716517527312e+01,-5.906936921500577142e+01,-6.640123145687050510e+01,-5.764458397432527192e+01
2.646740455788388235e+00,-5.904228763870789010e+01,-6.616334463142088396e+01,-5.928609771778252480e+01,-6.640512412302540213e+01,-5.750587405594145451e+01
2.662027920943009107e+00,-5.904673255253597830e+01,-6.616454551770002013e+01,-5.951255000106596071e+01,-6.640906010290483152e+01,-5.737258575957292095e+01
2.677403685874188088e+00,-5.905122433806602800e+01,-6.616575997173481483e+01,-5.974882964833046373e+01,-6.641303985877178206e+01,-5.724484146649054139e+01
2.692868260597841346e+00,-5.905576344033936209e+01,-6.616698814278196039e+01,-5.999495691747220150e+01,-6.641706385739119867e+01,-5.712276158600370479e+01
2.708422158075715291e+00,-5.906035030758208393e+01,-6.616823018164663495e+01,-6.025084014152589162e+01,-6.642113257006450056e+01,-5.700646575406313588e+01
2.724065894232402751e+00,-5.906498539120568125e+01,-6.616948624069615903e+01,-6.051623934324745591e+01,-6.642524647266409943e+01,-5.689607394062935697e+01
2.739799987972457274e+00,-5.906966914580699779e+01,-6.617075647387417803e+01,-6.079072034002528113e+01,-6.642940604566808815e+01,-5.679170747963462418e+01
2.755624961197602030e+00,-5.907440202916781402e+01,-6.617204103671451776e+01,-6.107359749463138598e+01,-6.643361177419478736e+01,-5.669349003439662482e+01
2.771541338824045297e+00,-5.907918450225360374e+01,-6.617334008635532427e+01,-6.136386335574536588e+01,-6.643786414803754781e+01,-5.660154851045569302e+01
2.787549648799887869e+00,-5.908401702921192111e+01,-6.617465378155328892e+01,-6.166010392562704112e+01,-6.644216366169945331e+01,-5.651601392698375292e+01
2.803650422122638819e+00,-5.908890007737001326e+01,-6.617598228269771710e+01,-6.196039949247021639e+01,-6.644651081442805207e+01,-5.643702225718265453e+01
2.819844192856826748e+00,-5.909383411723194968e+01,-6.617732575182499488e+01,-6.226221329926324444e+01,-6.645090611025024430e+01,-5.636471524744531791e+01
2.836131498151715835e+00,-5.909881962247501974e+01,-6.617868435263278570e+01,-6.256227432265953325e+01,-6.645535005800699935e+01,-5.629924122449301649e+01
2.852512878259121365e+00,-5.910385706994554766e+01,-6.618005825049459645e+01,-6.285646662589962830e+01,-6.645984317138831443e+01,-5.624075589923563712e+01
2.868988876551331835e+00,-5.910894693965403235e+01,-6.618144761247413044e+01,-6.313974633277717885e+01,-6.646438596896794593e+01,-5.618942317569846523e+01
2.885560039539131427e+00,-5.911408971476962648e+01,-6.618285260733989617e+01,-6.340611753945852058e+01,-6.646897897423835389e+01,-5.614541597303247045e+01
2.902226916889929509e+00,-5.911928588161391929e+01,-6.618427340557983030e+01,-6.364870795368398149e+01,-6.647362271564549019e+01,-5.610891706834479464e+01
2.918990061445990936e+00,-5.912453592965405846e+01,-6.618571017941587797e+01,-6.385998864875909931e+01,-6.647831772662362937e+01,-5.608011996783958608e+01
2.935850029242776049e+00,-5.912984035149514028e+01,-6.618716310281878634e+01,-6.403217254196634656e+01,-6.648306454563024204e+01,-5.605922981352712497e+01
2.952807379527381926e+00,-5.913519964287189623e+01,-6.618863235152282698e+01,-6.415779574424387022e+01,-6.648786371618072621e+01,-5.604646433249693871e+01
2.969862674777095091e+00,-5.914061430263964070e+01,-6.619011810304061783e+01,-6.423043358050962581e+01,-6.649271578688326656e+01,-5.604205483543384503e+01
2.987016480718048150e+00,-5.914608483276450102e+01,-6.619162053667805878e+01,-6.424544086481785143e+01,-6.649762131147343780e+01,-5.604624727060905087e+01
3.004269366343984338e+00,-5.915161173831285168e+01,-6.619313983354915365e+01,-6.420056084722159540e+01,-6.650258084884902132e+01,-5.605930333893621764e+01
3.021621903935131748e+00,-5.915719552743999543e+01,-6.619467617659103098e+01,-6.409624992049587888e+01,-6.650759496310453756e+01,-5.608150167473459646e+01
3.039074669077185487e+00,-5.916283671137810529e+01,-6.619622975057897918e+01,-6.393562860879703180e+01,-6.651266422356583519e+01,-5.611313909543868306e+01
3.056628240680400843e+00,-5.916853580442331406e+01,-6.619780074214149579e+01,-6.372407273884520151e+01,-6.651778920482469459e+01,-5.615453192143912986e+01
3.074283200998794374e+00,-5.917429332392202213e+01,-6.619938933977533679e+01,-6.346855568584459917e+01,-6.652297048677309022e+01,-5.620601736424994499e+01
3.092040135649459121e+00,-5.918010979025641660e+01,-6.620099573386069380e+01,-6.317690107389922360e+01,-6.652820865463772293e+01,-5.626795497688916470e+01
3.109899633631987736e+00,-5.918598572682907388e+01,-6.620262011667638546e+01,-6.285709344061876891e+01,-6.653350429901412610e+01,-5.634072815418988966e+01
3.127862287348011527e+00,-5.919192166004683742e+01,-6.620426268241502044e+01,-6.251674175903484354e+01,-6.653885801590091376e+01,-5.642474566198139030e+01
3.145928692620847844e+00,-5.919791811930372916e+01,-6.620592362719825985e+01,-6.216272897221541882e+01,-6.654427040673381555e+01,-5.652044316163945581e+01
3.164099448715267382e+00,-5.920397563696305809e+01,-6.620760314909207978e+01,-6.180103341674558948e+01,-6.654974207841955547e+01,-5.662828467893881879e+01
3.182375158357367617e+00,-5.921009474833864772e+01,-6.620930144812209051e+01,-6.143668331139363659e+01,-6.655527364336975893e+01,-5.674876394136296653e+01
3.200756427754569700e+00,-5.921627599167510425e+01,-6.621101872628881324e+01,-6.107379990039520123e+01,-6.656086571953454722e+01,-5.688240547313792206e+01
3.219243866615721483e+00,-5.922251990812726774e+01,-6.621275518758304202e+01,-6.071569057419526416e+01,-6.656651893043613200e+01,-5.702976528814077994e+01
3.237838088171328010e+00,-5.922882704173868973e+01,-6.621451103800120563e+01,-6.036496333670184811e+01,-6.657223390520213968e+01,-5.719143095163474300e+01
3.256539709193885024e+00,-5.923519793941918010e+01,-6.621628648556071539e+01,-6.002364397655786377e+01,-6.657801127859885071e+01,-5.736802068430265678e+01
3.275349350018341710e+00,-5.924163315092143733e+01,-6.621808174031544070e+01,-5.969328529068214806e+01,-6.658385169106429657e+01,-5.756018104456060058e+01
3.294267634562679792e+00,-5.924813322881671240e+01,-6.621989701437098574e+01,-5.937506330133710719e+01,-6.658975578874107271e+01,-5.776858253115630504e+01
3.313295190348602315e+00,-5.925469872846949926e+01,-6.622173252190012249e+01,-5.906985893142180544e+01,-6.659572422350903764e+01,-5.799391217436151180e+01
3.332432648522354324e+00,-5.926133020801125895e+01,-6.622358847915830893e+01,-5.877832560087620095e+01,-6.660175765301781325e+01,-5.823686179821819309e+01
3.351680643875654564e+00,-5.926802822831315609e+01,-6.622546510449890889e+01,-5.850094419216418373e+01,-6.660785674071900075e+01,-5.849811009371436654e+01
3.371039814866752415e+00,-5.927479335295772955e+01,-6.622736261838873872e+01,-5.823806719976111168e+01,-6.661402215589829723e+01,-5.877829588347083245e+01
3.390510803641609616e+00,-5.928162614820973175e+01,-6.622928124342342926e+01,-5.798995389948353107e+01,-6.662025457370729953e+01,-5.907797890523440287e+01
3.410094256055192119e+00,-5.928852718298568192e+01,-6.623122120434277349e+01,-5.775679822149643883e+01,-6.662655467519505237e+01,-5.939758300178013428e+01
3.429790821692901392e+00,-5.929549702882260931e+01,-6.623318272804613116e+01,-5.753875078882302319e+01,-6.663292314733939747e+01,-5.973731468488669094e+01
3.449601153892115413e+00,-5.930253625984565247e+01,-6.623516604360774807e+01,-5.733593634805604466e+01,-6.663936068307806693e+01,-6.009704758608805264e+01
3.469525909763864657e+00,-5.930964545273461397e+01,-6.623717138229213219e+01,-5.714846759941795540e+01,-6.664586798133943546e+01,-6.047616039849720693e+01
3.489565750214624451e+00,-5.931682518668943516e+01,-6.623919897756933040e+01,-5.697645624148559307e+01,-6.665244574707305958e+01,-6.087331298038908756e+01
3.509721339968237874e+00,-5.932407604339464058e+01,-6.624124906513017663e+01,-5.682002188498921669e+01,-6.665909469127986142e+01,-6.128614352059160097e+01
3.529993347587969676e+00,-5.933139860698265267e+01,-6.624332188290159706e+01,-5.667929935870421332e+01,-6.666581553104209945e+01,-6.171087173713706875e+01
3.550382445498674322e+00,-5.933879346399604060e+01,-6.624541767106175882e+01,-5.655444482523051875e+01,-6.667260898955289861e+01,-6.214180425342479452e+01
3.570889310009109252e+00,-5.934626120334864652e+01,-6.624753667205521879e+01,-5.644564104140020078e+01,-6.667947579614555309e+01,-6.257076749497682044e+01
3.591514621334360502e+00,-5.935380241628558196e+01,-6.624967913060807234e+01,-5.635310203326964995e+01,-6.668641668632241704e+01,-6.298655276636166889e+01
3.612259063618409094e+00,-5.936141769634217269e+01,-6.625184529374301690e+01,-5.627707740568033756e+01,-6.669343240178349674e+01,-6.337455671386556588e+01
3.633123324956826217e+00,-5.936910763930168144e+01,-6.625403541079430170e+01,-5.621785646814919346e+01,-6.670052369045467344e+01,-6.371692590032240133e+01
3.654108097419591861e+00,-5.937687284315195768e+01,-6.625624973342270607e+01,-5.617577232984644553e+01,-6.670769130651551393e+01,-6.399360057167623950e+01
3.675214077074057339e+00,-5.938471390804090078e+01,-6.625848851563040398e+01,-5.615120609441667909e+01,-6.671493601042668331e+01,-6.418455863451004006e+01
3.696441964008028602e+00,-5.939263143623080765e+01,-6.626075201377574331e+01,-5.614459126842403691e+01,-6.672225856895704510e+01,-6.427313486374293916e+01
3.717792462352988547e+00,-5.940062603205152669e+01,-6.626304048658803936e+01,-5.615641848333277153e+01,-6.672965975521026394e+01,-6.424958238300605728e+01
3.739266280307459667e+00,-5.940869830185243217e+01,-6.626535419518208414e+01,-5.618724061808607217e+01,-6.673714034865099620e+01,-6.411350182381579543e+01
3.760864130160485708e+00,-5.941684885395329729e+01,-6.626769340307288303e+01,-5.623767839497537580e+01,-6.674470113513068270e+01,-6.387399579651606984e+01
3.782586728315266544e+00,-5.942507829859388835e+01,-6.627005837618992246e+01,-5.630842650214746925e+01,-6.675234290691282979e+01,-6.354747153698539108e+01
3.804434795312915174e+00,-5.943338724788244321e+01,-6.627244938289169340e+01,-5.640026026678314253e+01,-6.676006646269790679e+01,-6.315414034866534365e+01
3.826409055856360375e+00,-5.944177631574292064e+01,-6.627486669397981700e+01,-5.651404285610975364e+01,-6.676787260764770338e+01,-6.271461084205397185e+01
3.848510238834389696e+00,-5.945024611786108437e+01,-6.627731058271332643e+01,-5.665073290721927890e+01,-6.677576215340918964e+01,-6.224749656696513966e+01
3.870739077345816348e+00,-5.945879727162935779e+01,-6.627978132482255091e+01,-5.681139236255553016e+01,-6.678373591813796395e+01,-6.176823893801346799e+01
3.893096308723809074e+00,-5.946743039609047798e+01,-6.628227919852315608e+01,-5.699719408632159912e+01,-6.679179472652108984e+01,-6.128887648734082205e+01
3.915582674560337928e+00,-5.947614611188001277e+01,-6.628480448452981477e+01,-5.720942851040470600e+01,-6.679993940979944966e+01,-6.081836369615218274e+01
3.938198920730779484e+00,-5.948494504116747805e+01,-6.628735746606994894e+01,-5.744950802991938588e+01,-6.680817080578954403e+01,-6.036311599247214588e+01
3.960945797418657932e+00,-5.949382780759649592e+01,-6.628993842889715893e+01,-5.771896701349866277e+01,-6.681648975890476549e+01,-5.992758325249116069e+01
3.983824059140523843e+00,-5.950279503622353872e+01,-6.629254766130458165e+01,-5.801945390896328547e+01,-6.682489712017606109e+01,-5.951475735124228095e+01
4.006834464770988369e+00,-5.951184735345555765e+01,-6.629518545413814934e+01,-5.835270968015584714e+01,-6.683339374727205495e+01,-5.912658309778571208e+01
4.029977777567888886e+00,-5.952098538698631813e+01,-6.629785210080954982e+01,-5.872052316863325672e+01,-6.684198050451857398e+01,-5.876427407253928692e+01
4.053254765197607412e+00,-5.953020976573163381e+01,-6.630054789730915843e+01,-5.912464807400627365e+01,-6.685065826291753410e+01,-5.842854769451329133e+01
4.076666199760541787e+00,-5.953952111976322215e+01,-6.630327314221867141e+01,-5.956665674649057962e+01,-6.685942790016522963e+01,-5.811979668209293948e+01
4.100212857816702972e+00,-5.954892008024153682e+01,-6.630602813672368256e+01,-6.004769090743472049e+01,-6.686829030066999735e+01,-5.783821258894068507e+01
4.123895520411487325e+00,-5.955840727934716483e+01,-6.630881318462590457e+01,-6.056804620167699227e+01,-6.687724635556922692e+01,-5.758387422492837260e+01
4.147714973101573221e+00,-5.956798335021118618e+01,-6.631162859235539031e+01,-6.112649393417210320e+01,-6.688629696274573178e+01,-5.735681083367590816e+01
4.171672005980983755e+00,-5.957764892684427593e+01,-6.631447466898239895e+01,-6.171920126907215831e+01,-6.689544302684335264e+01,-5.715704738642281058e+01
4.195767413707294224e+00,-5.958740464406454151e+01,-6.631735172622906305e+01,-6.233807731784813200e+01,-6.690468545928206368e+01,-5.698463737598606826e+01
4.220001995527987049e+00,-5.959725113742419467e+01,-6.632026007848091353e+01,-6.296840511389098793e+01,-6.691402517827218333e+01,-5.683968700913885641e+01
4.244376555306969223e+00,-5.960718904313505817e+01,-6.632320004279812053e+01,-6.358586628972027910e+01,-6.692346310882795990e+01,-5.672237360839049813e+01
4.268891901551230106e+00,-5.961721899799279356e+01,-6.632617193892647833e+01,-6.415379579310440761e+01,-6.693300018278050345e+01,-5.663296025026169644e+01
4.293548847437662630e+00,-5.962734163930004172e+01,-6.632917608930819142e+01,-6.462292231889512095e+01,-6.694263733878977973e+01,-5.657180810570778817e+01
4.318348210840039059e+00,-5.963755760478829160e+01,-6.633221281909237632e+01,-6.493726811059097770e+01,-6.695237552235607836e+01,-5.653938754459247917e+01
4.343290814356132401e+00,-5.964786753253860496e+01,-6.633528245614530761e+01,-6.504856819989880989e+01,-6.696221568583061412e+01,-5.653628876904171818e+01
4.368377485335012800e+00,-5.965827206090121138e+01,-6.633838533106036550e+01,-6.493470094436639783e+01,-6.697215878842530401e+01,-5.656323250855169249e+01
4.393609055904480698e+00,-5.966877182841386684e+01,-6.634152177716778453e+01,-6.460994272972996555e+01,-6.698220579622184800e+01,-5.662108110559969276e+01
4.418986362998673201e+00,-5.967936747371915374e+01,-6.634469213054399006e+01,-6.411845854782234255e+01,-6.699235768217990028e+01,-5.671085010518914515e+01
4.444510248385827644e+00,-5.969005963548053728e+01,-6.634789673002076427e+01,-6.351660603170783759e+01,-6.700261542614462940e+01,-5.683372018660185176e+01
4.470181558696197044e+00,-5.970084895229738464e+01,-6.635113591719398585e+01,-6.285677055715691353e+01,-6.701298001485314160e+01,-5.699104887081031734e+01
4.496001145450139624e+00,-5.971173606261879030e+01,-6.635441003643212809e+01,-6.217945911491273137e+01,-6.702345244194037832e+01,-5.718438079316175759e+01
4.521969865086357565e+00,-5.972272160465639956e+01,-6.635771943488447278e+01,-6.151243402784650272e+01,-6.703403370794396210e+01,-5.741545426853476641e+01
4.548088578990308939e+00,-5.973380621629598863e+01,-6.636106446248878399e+01,-6.087313315003596870e+01,-6.704472482030824665e+01,-5.768620009327236176e+01
4.574358153522781301e+00,-5.974499053500811385e+01,-6.636444547197891097e+01,-6.027171291598865110e+01,-6.705552679338748590e+01,-5.799872551095330664e+01
4.600779460048624259e+00,-5.975627519775758856e+01,-6.636786281889185091e+01,-5.971359509543731292e+01,-6.706644064844817876e+01,-5.835527113967646073e+01
4.627353374965657018e+00,-5.976766084091196518e+01,-6.637131686157444221e+01,-5.920129007855653214e+01,-6.707746741367034815e+01,-5.875811992391736283e+01
4.654080779733735795e+00,-5.977914810014900127e+01,-6.637480796118987314e+01,-5.873560498530756746e+01,-6.708860812414816621e+01,-5.920942233808004573e+01
4.680962560903991765e+00,-5.979073761036302415e+01,-6.637833648172346557e+01,-5.831641118789487166e+01,-6.709986382188941434e+01,-5.971087712752230914e+01
4.707999610148243974e+00,-5.980243000557037902e+01,-6.638190278998847305e+01,-5.794312029799716157e+01,-6.711123555581411892e+01,-6.026316599073429359e+01
4.735192824288565916e+00,-5.981422591881388939e+01,-6.638550725563111143e+01,-5.761497510556008450e+01,-6.712272438175236289e+01,-6.086497727074481645e+01
4.762543105327044834e+00,-5.982612598206628718e+01,-6.638915025113537638e+01,-5.733122590420654774e+01,-6.713433136244091770e+01,-6.151136770922153119e+01
4.790051360475690245e+00,-5.983813082613279732e+01,-6.639283215182740605e+01,-5.709123710707377342e+01,-6.714605756751912224e+01,-6.219113356801859283e+01
4.817718502186531637e+00,-5.985024108055269920e+01,-6.639655333587928965e+01,-5.689455230645983619e+01,-6.715790407352365321e+01,-6.288292383560093413e+01
4.845545448181888482e+00,-5.986245737350011353e+01,-6.640031418431262011e+01,-5.674093534565209040e+01,-6.716987196388240022e+01,-6.355039523651353051e+01
4.873533121484801889e+00,-5.987478033168380165e+01,-6.640411508100140736e+01,-5.663039841247658757e+01,-6.718196232890737463e+01,-6.413845468874066569e+01
4.901682450449661665e+00,-5.988721058024613342e+01,-6.640795641267460780e+01,-5.656322414520015229e+01,-6.719417626578650982e+01,-6.457580683164560753e+01
4.929994368792990578e+00,-5.989974874266130911e+01,-6.641183856891817072e+01,-5.653998629558345357e+01,-6.720651487857460893e+01,-6.479068353558587035e+01
4.958469815624421351e+00,-5.991239544063265043e+01,-6.641576194217660145e+01,-5.656157200587215783e+01,-6.721897927818315566e+01,-6.473906103111598043e+01
4.987109735477846861e+00,-5.992515129398923790e+01,-6.641972692775391351e+01,-5.662920782711070444e+01,-6.723157058236924399e+01,-6.442758747098757510e+01
5.015915078342746192e+00,-5.993801692058169550e+01,-6.642373392381416863e+01,-5.674449095162128032e+01,-6.724428991572331427e+01,-6.391012424548954840e+01
5.044886799695704305e+00,-5.995099293617730041e+01,-6.642778333138159041e+01,-5.690942650192576480e+01,-6.725713840965607915e+01,-6.326135888637058002e+01
5.074025860532096033e+00,-5.996407995435441762e+01,-6.643187555433979696e+01,-5.712647080610309303e+01,-6.727011720238414227e+01,-6.255052833446796257e+01
5.103333227397964578e+00,-5.997727858639622411e+01,-6.643601099943086297e+01,-5.739857890725510714e+01,-6.728322743891493474e+01,-6.182915943722599650e+01
5.132809872422090081e+00,-5.999058944118381476e+01,-6.644019007625362860e+01,-5.772925120266726395e+01,-6.729647027103021628e+01,-6.113060961241833979e+01
5.162456773348221617e+00,-6.000401312508867591e+01,-6.644441319726139739e+01,-5.812256732462237352e+01,-6.730984685726886596e+01,-6.047441387236468557e+01
5.192274913567524131e+00,-6.001755024186466159e+01,-6.644868077775915083e+01,-5.858318161582909056e+01,-6.732335836290837960e+01,-5.987100954925232799e+01
5.222265282151183463e+00,-6.003120139253931598e+01,-6.645299323590013785e+01,-5.911622659438747718e+01,-6.733700595994551463e+01,-5.932533544596697794e+01
5.252428873883221883e+00,-6.004496717530479799e+01,-6.645735099268182466e+01,-5.972701388029491909e+01,-6.735079082707568432e+01,-5.883921275163377373e+01
5.282766689293497464e+00,-6.005884818540823744e+01,-6.646175447194121944e+01,-6.042030642292569809e+01,-6.736471414967144256e+01,-5.841281558153170295e+01
5.313279734690881106e+00,-6.007284501504170038e+01,-6.646620410034964266e+01,-6.119870476091157485e+01,-6.737877711975986017e+01,-5.804554723968634988e+01
5.343969022196650265e+00,-6.008695825323174233e+01,-6.647070030740674440e+01,-6.205925169428405752e+01,-6.739298093599884965e+01,-5.773655244068473280e+01
5.374835569778048772e+00,-6.010118848572859207e+01,-6.647524352543392467e+01,-6.298664628074610050e+01,-6.740732680365238139e+01,-5.748501405600588754e+01
5.405880401282058934e+00,-6.011553629489494455e+01,-6.647983418956707169e+01,-6.394083002172185104e+01,-6.742181593456471944e+01,-5.729032529836825915e+01
5.437104546469362809e+00,-6.013000225959457623e+01,-6.648447273774864641e+01,-6.483849270024221312e+01,-6.743644954713354878e+01,-5.715219169529603249e+01
5.468509041048495334e+00,-6.014458695508055541e+01,-6.648915961071901393e+01,-6.553919477042975927e+01,-6.745122886628206516e+01,-5.707069506394739022e+01
5.500094926710207055e+00,-6.015929095288339568e+01,-6.649389525200713535e+01,-6.587104977034444175e+01,-6.746615512343001342e+01,-5.704633851641973763e+01
5.531863251162007167e+00,-6.017411482069885409e+01,-6.649868010792046391e+01,-6.572490568570133007e+01,-6.748122955646371679e+01,-5.708008360441140638e+01
5.563815068162920596e+00,-6.018905912227572941e+01,-6.650351462753422993e+01,-6.514288989733061896e+01,-6.749645340970494090e+01,-5.717338567171425723e+01
5.595951437558445818e+00,-6.020412441730348974e+01,-6.650839926267984481e+01,-6.428247985533846531e+01,-6.751182793387889092e+01,-5.732822968998661395e+01
5.628273425315700074e+00,-6.021931126129983625e+01,-6.651333446793269388e+01,-6.330777749990130587e+01,-6.752735438608097240e+01,-5.754716492519214199e+01
5.660782103558791079e+00,-6.023462020549829532e+01,-6.651832070059901980e+01,-6.233028606595473775e+01,-6.754303402974279891e+01,-5.783333106981602612e+01
5.693478550604361033e+00,-6.025005179673583200e+01,-6.652335842070218064e+01,-6.140950981455344504e+01,-6.755886813459687801e+01,-5.819045833666352507e+01
5.726363850997375771e+00,-6.026560657734040660e+01,-6.652844809096797007e+01,-6.057187489194717500e+01,-6.757485797664054417e+01,-5.862280452483334159e+01
5.759439095547082665e+00,-6.028128508501886529e+01,-6.653359017680928389e+01,-5.982638244493710289e+01,-6.759100483809868365e+01,-5.913495357535180119e+01
5.792705381363199457e+00,-6.029708785274476668e+01,-6.653878514630982011e+01,-5.917384443472523969e+01,-6.760731000738564944e+01,-5.973132352291737845e+01
5.826163811892307365e+00,-6.031301540864657795e+01,-6.654403347020715387e+01,-5.861167920484375315e+01,-6.762377477906609613e+01,-6.041508042055098571e+01
5.859815496954446701e+00,-6.032906827589596332e+01,-6.654933562187474649e+01,-5.813625691312407184e+01,-6.764040045381483424e+01,-6.118586581624532528e+01
5.893661552779937196e+00,-6.034524697259649173e+01,-6.655469207730335768e+01,-5.774400350763019674e+01,-6.765718833837583190e+01,-6.203524469065002478e+01
5.927703102046397277e+00,-6.036155201167258610e+01,-6.656010331508132083e+01,-5.743190056473979155e+01,-6.767413974552016498e+01,-6.293814426079771351e+01
5.961941273915983608e+00,-6.037798390075890609e+01,-6.656556981637427839e+01,-5.719770078858343254e+01,-6.769125599400310023e+01,-6.383872584524419125e+01
5.996377204072851796e+00,-6.039454314209010732e+01,-6.657109206490376607e+01,-5.704001741296116279e+01,-6.770853840852029748e+01,-6.463382000367599289e+01
6.031012034760818707e+00,-6.041123023239116918e+01,-6.657667054692497288e+01,-5.695836613202907728e+01,-6.772598831966303123e+01,-6.517278519403151904e+01
6.065846914821260150e+00,-6.042804566276809908e+01,-6.658230575120379058e+01,-5.695319945113185156e+01,-6.774360706387264486e+01,-6.530911353057817337e+01
6.100882999731207512e+00,-6.044498991859928338e+01,-6.658799816899265522e+01,-5.702595465992517632e+01,-6.776139598339409531e+01,-6.499677027727661027e+01
6.136121451641682434e+00,-6.046206347942751336e+01,-6.659374829400572082e+01,-5.717912756526179408e+01,-6.777935642622867363e+01,-6.432869952650375467e+01
6.171563439416245522e+00,-6.047926681885252265e+01,-6.659955662239296714e+01,-5.741637909744049040e+01,-6.779748974608592960e+01,-6.346410128425925734e+01
6.207210138669762678e+00,-6.049660040442435616e+01,-6.660542365271339804e+01,-5.774267696170549868e+01,-6.781579730233475800e+01,-6.254049905317496894e+01
6.243062731807406784e+00,-6.051406469753742101e+01,-6.661134988590734451e+01,-5.816446471366239734e+01,-6.783428045995377431e+01,-6.164399874364617915e+01
6.279122408063872562e+00,-6.053166015332539018e+01,-6.661733582526777298e+01,-5.868982621777234954e+01,-6.785294058948097984e+01,-6.081889207828589861e+01
6.315390363542823238e+00,-6.054938722055692324e+01,-6.662338197641054194e+01,-5.932855124378114908e+01,-6.787177906696261687e+01,-6.008443150464698590e+01
6.351867801256576129e+00,-6.056724634153229658e+01,-6.662948884724389131e+01,-6.009185001381239033e+01,-6.789079727390141272e+01,-5.944695365520316699e+01
6.388555931165989854e+00,-6.058523795198097872e+01,-6.663565694793673799e+01,-6.099106352197924252e+01,-6.790999659720412751e+01,-5.890681635511354841e+01
6.425455970220615320e+00,-6.060336248096018608e+01,-6.664188679088611877e+01,-6.203370560543815770e+01,-6.792937842912854762e+01,-5.846200630214284644e+01
6.462569142399048339e+00,-6.062162035075451882e+01,-6.664817889068358170e+01,-6.321274056569095734e+01,-6.794894416722972608e+01,-5.810993253128282277e+01
6.499896678749537138e+00,-6.064001197677661992e+01,-6.665453376408055419e+01,-6.448015904131875686e+01,-6.796869521430588179e+01,-5.784829601017992928e+01
6.537439817430818145e+00,-6.065853776746904202e+01,-6.666095192995274488e+01,-6.569301238913827490e+01,-6.798863297834354569e+01,-5.767550621510472553e+01
6.575199803753176475e+00,-6.067719812420723713e+01,-6.666743390926355062e+01,-6.655468817257400360e+01,-6.800875887246233731e+01,-5.759088436512634956e+01
6.613177890219763988e+00,-6.069599344120382511e+01,-6.667398022502626986e+01,-6.670538010358127679e+01,-6.802907431485930090e+01,-5.759477359642776406e+01
6.651375336568136731e+00,-6.071492410541407025e+01,-6.668059140226552017e+01,-6.606146133968539402e+01,-6.804958072875270148e+01,-5.768861515076163471e+01
6.689793409812042846e+00,-6.073399049644276460e+01,-6.668726796797746204e+01,-6.492034171855847546e+01,-6.807027954232555089e+01,-5.787501614084429491e+01
6.728433384283453833e+00,-6.075319298645240451e+01,-6.669401045108901371e+01,-6.363150327469516299e+01,-6.809117218866872179e+01,-5.815781089523706981e+01
6.767296541674826749e+00,-6.077253194007283810e+01,-6.670081938241604291e+01,-6.239508360978413037e+01,-6.811226010572381995e+01,-5.854209058357358941e+01
6.806384171081626633e+00,-6.079200771431233363e+01,-6.670769529462050684e+01,-6.128945109128099489e+01,-6.813354473622570140e+01,-5.903412700742343588e+01
6.845697569045077202e+00,-6.081162065847016862e+01,-6.671463872216645541e+01,-6.033472371669386547e+01,-6.815502752764486161e+01,-5.964101220540087667e+01
6.885238039595172665e+00,-6.083137111405071096e+01,-6.672165020127509649e+01,-5.952887472892910381e+01,-6.817670993212962571e+01,-6.036960208558716090e+01
6.925006894293934678e+00,-6.085125941467921251e+01,-6.672873026987872436e+01,-5.886320541062916334e+01,-6.819859340644819667e+01,-6.122382980410355913e+01
6.965005452278906439e+00,-6.087128588601913037e+01,-6.673587946757359646e+01,-5.832828886785029709e+01,-6.822067941193060392e+01,-6.219834006713522712e+01
7.005235040306926564e+00,-6.089145084569113919e+01,-6.674309833557173022e+01,-5.791606965130842610e+01,-6.824296941441075148e+01,-6.326439515591120255e+01
7.045696992798117009e+00,-6.091175460319388435e+01,-6.675038741665167663e+01,-5.762050205818465543e+01,-6.826546488416828140e+01,-6.434249391760830861e+01
7.086392651880160543e+00,-6.093219745982651148e+01,-6.675774725510811436e+01,-5.743767494329303958e+01,-6.828816729587072132e+01,-6.526534013789729727e+01
7.127323367432815360e+00,-6.095277970861292971e+01,-6.676517839670053434e+01,-5.736579714787644235e+01,-6.831107812851557526e+01,-6.578038846801875650e+01
7.168490497132688155e+00,-6.097350163422800051e+01,-6.677268138860071645e+01,-5.740519346274719226e+01,-6.833419886537282650e+01,-6.568652720604112005e+01
7.209895406498274539e+00,-6.099436351292551706e+01,-6.678025677933918303e+01,-5.755837498541525576e+01,-6.835753099392738363e+01,-6.502433741725261029e+01
7.251539468935243704e+00,-6.101536561246813051e+01,-6.678790511875057234e+01,-5.783021564530603342e+01,-6.838107600582209500e+01,-6.403377112448447406e+01
7.293424065782001975e+00,-6.103650819205930844e+01,-6.679562695791801730e+01,-5.822825236443548391e+01,-6.840483539680094793e+01,-6.295078976172472096e+01
7.335550586355513936e+00,-6.105779150227711227e+01,-6.680342284911624517e+01,-5.876310594167357237e+01,-6.842881066665280798e+01,-6.191546797300944860e+01
7.377920427997376684e+00,-6.107921578501019155e+01,-6.681129334575393841e+01,-5.944895525927977076e+01,-6.845300331915549918e+01,-6.099040987592726992e+01
7.420534996120180971e+00,-6.110078127339563281e+01,-6.681923900231468849e+01,-6.030378668912889850e+01,-6.847741486202056649e+01,-6.019710624280648403e+01
7.463395704254119245e+00,-6.112248819175913894e+01,-6.682726037429716825e+01,-6.134847186592200785e+01,-6.850204680683856395e+01,-5.953904270545199040e+01
7.506503974093877041e+00,-6.114433675555709158e+01,-6.683535801815408206e+01,-6.260162410704293023e+01,-6.852690066902505350e+01,-5.901303738315153424e+01
7.549861235545794358e+00,-6.116632717132092978e+01,-6.684353249123014962e+01,-6.406074518792679839e+01,-6.855197796776724317e+01,-5.861428318504546553e+01
7.593468926775286398e+00,-6.118845963660368170e+01,-6.685178435169899558e+01,-6.564336242802879440e+01,-6.857728022597166273e+01,-5.833848446847242997e+01
7.637328494254560951e+00,-6.121073433992862078e+01,-6.686011415849903017e+01,-6.704746877456285858e+01,-6.860280897021243618e+01,-5.818273279774631135e+01
7.681441392810582691e+00,-6.123315146074034487e+01,-6.686852247126834925e+01,-6.765644519640927967e+01,-6.862856573068077637e+01,-5.814586327857454506e+01
7.725809085673338572e+00,-6.125571116935790883e+01,-6.687700985027848333e+01,-6.705497449905958263e+01,-6.865455204113527543e+01,-5.822861665074280779e+01
7.770433044524379440e+00,-6.127841362693047245e+01,-6.688557685636727967e+01,-6.565062644608588016e+01,-6.868076943885338892e+01,-5.843374161428896230e+01
7.815314749545619222e+00,-6.130125898539503027e+01,-6.689422405087069023e+01,-6.406422968064303802e+01,-6.870721946458425577e+01,-5.876607128206025976e+01
7.860455689468452078e+00,-6.132424738743673487e+01,-6.690295199555352212e+01,-6.260357494621727881e+01,-6.873390366250241357e+01,-5.923252128971766695e+01
7.905857361623116475e+00,-6.134737896645140864e+01,-6.691176125253940654e+01,-6.135462512246452604e+01,-6.876082358016321905e+01,-5.984181386342192610e+01
7.951521271988370110e+00,-6.137065384651045008e+01,-6.692065238423951712e+01,-6.032221767623336461e+01,-6.878798076845941978e+01,-6.060340567867019246e+01
7.997448935241449952e+00,-6.139407214232831222e+01,-6.692962595328057773e+01,-5.948982536390673914e+01,-6.881537678157937421e+01,-6.152429757653212761e+01
8.043641874808296066e+00,-6.141763395923214119e+01,-6.693868252243171924e+01,-5.883878941709485844e+01,-6.884301317696670708e+01,-6.260048671736594628e+01
8.090101622914104951e+00,-6.144133939313413606e+01,-6.694782265453054038e+01,-5.835364806852091135e+01,-6.887089151528181219e+01,-6.379584076943997673e+01
8.136829720634136009e+00,-6.146518853050611852e+01,-6.695704691240818818e+01,-5.802320106083107021e+01,-6.889901336036493262e+01,-6.499716020586527065e+01
8.183827717944840430e+00,-6.148918144835675292e+01,-6.696635585881358566e+01,-5.784042051161164011e+01,-6.892738027920114519e+01,-6.595347483031643776e+01
8.231097173775271614e+00,-6.151331821421113233e+01,-6.697575005633662215e+01,-5.780218827346466526e+01,-6.895599384188729175e+01,-6.631033681946807690e+01
8.278639656058786045e+00,-6.153759888609293682e+01,-6.698523006733066154e+01,-5.790916884590421887e+01,-6.898485562160087170e+01,-6.589211558224356224e+01
8.326456741785072779e+00,-6.156202351250907867e+01,-6.699479645383404147e+01,-5.816592392827629254e+01,-6.901396719457102336e+01,-6.491107194434152916e+01
8.374550017052435180e+00,-6.158659213243679886e+01,-6.700444977749084785e+01,-5.858132141084851696e+01,-6.904333014005182179e+01,-6.372126511245091507e+01
8.422921077120424371e+00,-6.161130477531335714e+01,-6.701419059947073720e+01,-5.916927332624096891e+01,-6.907294604029769403e+01,-6.255905168673302796e+01
8.471571526462744472e+00,-6.163616146102825155e+01,-6.702401948038810531e+01,-5.994976938797728394e+01,-6.910281648054129278e+01,-6.152823139659980001e+01
8.520502978820468698e+00,-6.166116219991791780e+01,-6.703393698022033220e+01,-6.094985258470464373e+01,-6.913294304897394227e+01,-6.066167694158315271e+01
8.569717057255584081e+00,-6.168630699276295815e+01,-6.704394365822531654e+01,-6.220288507290987923e+01,-6.916332733672848576e+01,-5.996343256240162845e+01
8.619215394204807978e+00,-6.171159583078799926e+01,-6.705404007285834211e+01,-6.373940299013432309e+01,-6.919397093786497521e+01,-5.942808958119189811e+01
8.668999631533747419e+00,-6.173702869566397311e+01,-6.706422678168809171e+01,-6.554395813053447739e+01,-6.922487544935894732e+01,-5.904860066576645750e+01
8.719071420591363974e+00,-6.176260555951298414e+01,-6.707450434131206407e+01,-6.739755674218214665e+01,-6.925604247109279754e+01,-5.881923826178153547e+01
8.769432422264735294e+00,-6.178832638491573448e+01,-6.708487330727125197e+01,-6.855591437822087642e+01,-6.928747360584992521e+01,-5.873665977755636192e+01
8.820084307034163018e+00,-6.181419112492137913e+01,-6.709533423396423757e+01,-6.811463631928367590e+01,-6.931917045931214716e+01,-5.880028316263459232e+01
8.871028755028570245e+00,-6.184019972306006707e+01,-6.710588767456059145e+01,-6.646965143861471859e+01,-6.935113464006012407e+01,-5.901243919990558595e+01
8.922267456081234727e+00,-6.186635211335779161e+01,-6.711653418091367485e+01,-6.460001718652543445e+01,-6.938336775957721159e+01,-5.937844097038453128e+01
8.973802109785850689e+00,-6.189264822035394076e+01,-6.712727430347298707e+01,-6.294044453444891474e+01,-6.941587143225666523e+01,-5.990649859590310200e+01
9.025634425552885531e+00,-6.191908795912119956e+01,-6.713810859119577401e+01,-6.157383452593821005e+01,-6.944864727541228433e+01,-6.060710275408111158e+01
9.077766122666302451e+00,-6.194567123528804586e+01,-6.714903759145825290e+01,-6.048390025203965337e+01,-6.948169690929287867e+01,-6.149079110836189699e+01
9.130198930340570840e+00,-6.197239794506360511e+01,-6.716006184996635398e+01,-5.963841063759652883e+01,-6.951502195710017418e+01,-6.256138006011972408e+01
9.182934587778033730e+00,-6.199926797526509148e+01,-6.717118191066587940e+01,-5.900927881963237809e+01,-6.954862404501083972e+01,-6.379727161133119751e+01
9.235974844226603864e+00,-6.202628120334758677e+01,-6.718239831565230702e+01,-5.857598675856999648e+01,-6.958250480220230827e+01,-6.510557325592803579e+01
9.289321459037767070e+00,-6.205343749743629900e+01,-6.719371160508028140e+01,-5.832522962219847074e+01,-6.961666586088266229e+01,-6.624015709675225594e+01
9.342976201724962237e+00,-6.208073671636122981e+01,-6.720512231707249384e+01,-5.825006641346381286e+01,-6.965110885632488191e+01,-6.678230711806206443e+01
9.396940852022254376e+00,-6.210817870969420795e+01,-6.721663098762844868e+01,-5.834938062033452155e+01,-6.968583542690514321e+01,-6.644410597031045995e+01
9.451217199943393155e+00,-6.213576331778827466e+01,-6.722823815053283170e+01,-5.862784401553079761e+01,-6.972084721414574915e+01,-6.542783742403032932e+01
9.505807045841166314e+00,-6.216349037181950621e+01,-6.723994433726358011e+01,-5.909646193436446993e+01,-6.975614586276249440e+01,-6.416447942045151365e+01
9.560712200467126110e+00,-6.219135969383106044e+01,-6.725175007689966833e+01,-5.977378363708783127e+01,-6.979173302071674811e+01,-6.294203884111151126e+01
9.615934485031656820e+00,-6.221937109677956101e+01,-6.726365589602889372e+01,-6.068780845794719880e+01,-6.982761033927228311e+01,-6.187889654534146189e+01
9.671475731264372655e+00,-6.224752438458375536e+01,-6.727566231865515078e+01,-6.187810278921882912e+01,-6.986377947305706471e+01,-6.100785493608177035e+01
9.727337781474892253e+00,-6.227581935217544640e+01,-6.728776986610589006e+01,-6.339492515665821060e+01,-6.990024208013004170e+01,-6.032990841237887025e+01
9.783522488613934698e+00,-6.230425578555259847e+01,-6.729997905693919336e+01,-6.527916757063293574e+01,-6.993699982205311017e+01,-5.983707750834604155e+01
9.840031716334783241e+00,-6.233283346183462470e+01,-6.731229040685099108e+01,-6.744948314712652859e+01,-6.997405436396836365e+01,-5.952088915203559338e+01
9.896867339055118507e+00,-6.236155214931991964e+01,-6.732470442858213744e+01,-6.928230502205443031e+01,-7.001140737468080033e+01,-5.937531204516609762e+01
9.954031242019166115e+00,-6.239041160754545245e+01,-6.733722163182542886e+01,-6.935639203387701457e+01,-7.004906052674654404e+01,-5.939770548149490281e+01
1.001152532136025997e+01,-6.241941158734840656e+01,-6.734984252313283548e+01,-6.760347910873741739e+01,-7.008701549656672114e+01,-5.958910826224415302e+01
1.006935148416370929e+01,-6.244855183093005024e+01,-6.736256760582256220e+01,-6.544965284958107077e+01,-7.012527396448726336e+01,-5.995430170621353483e+01
1.012751164853008135e+01,-6.247783207192143351e+01,-6.737539737988647914e+01,-6.357031544078673591e+01,-7.016383761490456550e+01,-6.050163187555847344e+01
1.018600774363880923e+01,-6.250725203545127329e+01,-6.738833234189745269e+01,-6.206353293352066913e+01,-7.020270813637728224e+01,-6.124208996584545162e+01
1.024484170981219400e+01,-6.253681143821560084e+01,-6.740137298491704598e+01,-6.089227040899082510e+01,-7.024188722174432087e+01,-6.218608656553332992e+01
1.030401549857974608e+01,-6.256650998854952661e+01,-6.741451979840336151e+01,-6.000768443236867711e+01,-7.028137656824925728e+01,-6.333357076725054213e+01
1.036353107274294238e+01,-6.259634738650073871e+01,-6.742777326811906846e+01,-5.937160566127006689e+01,-7.032117787767118955e+01,-6.464638296457805211e+01
1.042339040644032444e+01,-6.262632332390489154e+01,-6.744113387603992749e+01,-5.895797507303855411e+01,-7.036129285646237008e+01,-6.598198894979840645e+01
1.048359548521296070e+01,-6.265643748446288441e+01,-6.745460210026345749e+01,-5.875095789043766104e+01,-7.040172321589245996e+01,-6.699632641046110848e+01
1.054414830607033693e+01,-6.268668954381973180e+01,-6.746817841491805723e+01,-5.874329563027063728e+01,-7.044247067219993141e+01,-6.721871878017999791e+01
1.060505087755659126e+01,-6.271707916964533780e+01,-6.748186329007253903e+01,-5.893550772712146113e+01,-7.048353694675043357e+01,-6.652761250986037567e+01
1.066630521981710977e+01,-6.274760602171683388e+01,-6.749565719164613142e+01,-5.933602649776464943e+01,-7.052492376620243419e+01,-6.531905392989527570e+01
1.072791336466557333e+01,-6.277826975200259341e+01,-6.750956058131892235e+01,-5.996235570560317285e+01,-7.056663286268035051e+01,-6.402266829122855540e+01
1.078987735565133121e+01,-6.280907000474786628e+01,-6.752357391644288498e+01,-6.084344027541106925e+01,-7.060866597395511235e+01,-6.285456990420392032e+01
1.085219924812719405e+01,-6.284000641656191988e+01,-6.753769764995341518e+01,-6.202330552373415173e+01,-7.065102484363255542e+01,-6.188590150347951635e+01
1.091488110931759437e+01,-6.287107861650675744e+01,-6.755193223028156524e+01,-6.356435735294421363e+01,-7.069371122134964480e+01,-6.112859873679440170e+01
1.097792501838717882e+01,-6.290228622618721488e+01,-6.756627810126681766e+01,-6.553831225832682605e+01,-7.073672686297871337e+01,-6.057611658494426621e+01
1.104133306650977175e+01,-6.293362885984257815e+01,-6.758073570207061209e+01,-6.793390505154243897e+01,-7.078007353084005615e+01,-6.021872961867838114e+01
1.110510735693771167e+01,-6.296510612443942989e+01,-6.759530546709059706e+01,-7.017299640708131392e+01,-7.082375299392263912e+01,-6.004876620953626798e+01
1.116925000507165322e+01,-6.299671761976605211e+01,-6.760998782587564904e+01,-7.042119410484988862e+01,-7.086776702811367556e+01,-6.006226404245037997e+01
1.123376313853072261e+01,-6.302846293852786630e+01,-6.762478320304157364e+01,-6.839476555489659404e+01,-7.091211741643670052e+01,-6.025942686550676797e+01
1.129864889722306565e+01,-6.306034166644425909e+01,-6.763969201818791532e+01,-6.599052195483359640e+01,-7.095680594929862650e+01,-6.064465145131172363e+01
1.136390943341687176e+01,-6.309235338234656609e+01,-6.765471468581526437e+01,-6.397778528220391081e+01,-7.100183442474590834e+01,-6.122614425197614452e+01
1.142954691181173565e+01,-6.312449765827721393e+01,-6.766985161524389980e+01,-6.241046452213726070e+01,-7.104720464872988828e+01,-6.201441412123553221e+01
1.149556350961047535e+01,-6.315677405958989254e+01,-6.768510321053297218e+01,-6.122072397151639933e+01,-7.109291843538177602e+01,-6.301737703438426053e+01
1.156196141659132692e+01,-6.318918214505083597e+01,-6.770046987040106501e+01,-6.034461433196268842e+01,-7.113897760729705055e+01,-6.422582163090592644e+01
1.162874283518061524e+01,-6.322172146694111916e+01,-6.771595198814745231e+01,-5.973688832449342101e+01,-7.118538399582990905e+01,-6.557409305209404238e+01
1.169590998052578534e+01,-6.325439157115982880e+01,-6.773154995157459268e+01,-5.936846282811807640e+01,-7.123213944139764919e+01,-6.685479925174108473e+01
1.176346508056886897e+01,-6.328719199732822887e+01,-6.774726414291173171e+01,-5.922282246737053413e+01,-7.127924579379526904e+01,-6.764125744768981008e+01
1.183141037612042012e+01,-6.332012227889471490e+01,-6.776309493873952761e+01,-5.929373885335798633e+01,-7.132670491252072509e+01,-6.751665331795167901e+01
1.189974812093381473e+01,-6.335318194324063512e+01,-6.777904270991595581e+01,-5.958442656384512048e+01,-7.137451866711057846e+01,-6.657959072452833027e+01
1.196848058178002283e+01,-6.338637051178685056e+01,-6.779510782150333625e+01,-6.010808976967965123e+01,-7.142268893748679659e+01,-6.530696106727801009e+01
1.203761003852277511e+01,-6.341968750010094880e+01,-6.781129063269662538e+01,-6.089003003134115488e+01,-7.147121761431446885e+01,-6.405734336983155686e+01
1.210713878419421619e+01,-6.345313241800524651e+01,-6.782759149675300137e+01,-6.197173278436930843e+01,-7.152010659937097614e+01,-6.298111228298024855e+01
1.217706912507095574e+01,-6.348670476968534615e+01,-6.784401076092269989e+01,-6.341707133085605363e+01,-7.156935780592672813e+01,-6.211967130172324403e+01
1.224740338075054247e+01,-6.352040405379918298e+01,-6.786054876638121414e+01,-6.531642369205944476e+01,-7.161897315913761020e+01,-6.147481997936480980e+01
1.231814388422844431e+01,-6.355422976358683229e+01,-6.787720584816290170e+01,-6.775229153132144688e+01,-7.166895459644977961e+01,-6.103773173255539319e+01
1.238929298197541762e+01,-6.358818138698051570e+01,-6.789398233509581360e+01,-7.048746840734763452e+01,-7.171930406801634206e+01,-6.079930584272253213e+01
1.246085303401532052e+01,-6.362225840671520416e+01,-6.791087854973822857e+01,-7.178381220821533759e+01,-7.177002353712701677e+01,-6.075357536810721371e+01
1.253282641400342712e+01,-6.365646030043962611e+01,-6.792789480831635274e+01,-6.999370663880215204e+01,-7.182111498065039257e+01,-6.089870263196925748e+01
1.260521550930514678e+01,-6.369078654082752422e+01,-6.794503142066376711e+01,-6.729787749686585130e+01,-7.187258038948944261e+01,-6.123711707558871353e+01
1.267802272107521766e+01,-6.372523659568923193e+01,-6.796228869016206886e+01,-6.502224030693446366e+01,-7.192442176905035467e+01,-6.177510470332065040e+01
1.275125046433733189e+01,-6.375980992808355552e+01,-6.797966691368343106e+01,-6.327488935798083958e+01,-7.197664113972504651e+01,-6.252128386517402703e+01
1.282490116806427771e+01,-6.379450599642981956e+01,-6.799716638153439874e+01,-6.196330474727731286e+01,-7.202924053738782106e+01,-6.348192487484779178e+01
1.289897727525849547e+01,-6.382932425462003323e+01,-6.801478737740143288e+01,-6.100306666276814127e+01,-7.208222201390606187e+01,-6.464750703856960001e+01
1.297348124303308303e+01,-6.386426415213128394e+01,-6.803253017829804605e+01,-6.033649231232774923e+01,-7.213558763766579318e+01,-6.595715226484671234e+01
1.304841554269334658e+01,-6.389932513413809545e+01,-6.805039505451352966e+01,-5.992713552808895372e+01,-7.218933949411206186e+01,-6.722198907274767521e+01
1.312378265981874925e+01,-6.393450664162486419e+01,-6.806838226956341487e+01,-5.975408374112505072e+01,-7.224347968630459604e+01,-6.804937551453562605e+01
1.319958509434534477e+01,-6.396980811149830259e+01,-6.808649208014152521e+01,-5.980853398346506822e+01,-7.229801033548908151e+01,-6.802560669266404147e+01
1.327582536064873153e+01,-6.400522897669979727e+01,-6.810472473607381971e+01,-6.009239552525110639e+01,-7.235293358168453892e+01,-6.718969364588490123e+01
1.335250598762743124e+01,-6.404076866631767473e+01,-6.812308048027384189e+01,-6.061867179227819236e+01,-7.240825158428690145e+01,-6.598007691452946233e+01
1.342962951878678979e+01,-6.407642660569938187e+01,-6.814155954870008713e+01,-6.141377493141064292e+01,-7.246396652268944649e+01,-6.476290797248975650e+01
1.350719851232331692e+01,-6.411220221656338936e+01,-6.816016217031486235e+01,-6.252240792132908354e+01,-7.252008059692028041e+01,-6.370385695379442836e+01
1.358521554120957830e+01,-6.414809491711098133e+01,-6.817888856704516343e+01,-6.401587049501054594e+01,-7.257659602829744472e+01,-6.285348640857090885e+01
1.366368319327952996e+01,-6.418410412213778216e+01,-6.819773895374530071e+01,-6.600153709608703423e+01,-7.263351506010197056e+01,-6.221787522469827536e+01
1.374260407131432515e+01,-6.422022924314491377e+01,-6.821671353816114447e+01,-6.859987119543232836e+01,-7.269083995826929367e+01,-6.178999832224754840e+01
1.382198079312869865e+01,-6.425646968844991136e+01,-6.823581252089638838e+01,-7.161026190887420739e+01,-7.274857301209956972e+01,-6.156138892808755969e+01
1.390181599165777548e+01,-6.429282486329722701e+01,-6.825503609538058924e+01,-7.295679509552327602e+01,-7.280671653498728801e+01,-6.152611955002527822e+01
1.398211231504438601e+01,-6.432929416996832117e+01,-6.827438444783899740e+01,-7.076673177849616536e+01,-7.286527286517078039e+01,-6.168199482086062346e+01
1.406287242672695115e+01,-6.436587700789142730e+01,-6.829385775726427710e+01,-6.785351880431544203e+01,-7.292424436650195219e+01,-6.203066672300369078e+01
1.414409900552778865e+01,-6.440257277375064859e+01,-6.831345619539013114e+01,-6.550993860382349965e+01,-7.298363342923686048e+01,-6.257699638800208675e+01
1.422579474574199665e+01,-6.443938086159474210e+01,-6.833317992666665930e+01,-6.374766837144389342e+01,-7.304344247084777919e+01,-6.332699520466061216e+01
1.430796235722679377e+01,-6.447630066294524909e+01,-6.835302910823773459e+01,-6.244103963696407789e+01,-7.310367393685703519e+01,-6.428206940217393139e+01
1.439060456549143829e+01,-6.451333156690411386e+01,-6.837300388992026967e+01,-6.149457510423783901e+01,-7.316433030169355334e+01,-6.542371923241445586e+01
1.447372411178762341e+01,-6.455047296026069148e+01,-6.839310441418520270e+01,-6.084654428006573568e+01,-7.322541406957233789e+01,-6.667633048222208458e+01
1.455732375320037875e+01,-6.458772422759805920e+01,-6.841333081614050116e+01,-6.045896973127863561e+01,-7.328692777539791336e+01,-6.783699581639024245e+01
1.464140626273956514e+01,-6.462508475139874520e+01,-6.843368322351619781e+01,-6.031048651004710592e+01,-7.334887398569193806e+01,-6.853329916743795991e+01
1.472597442943183665e+01,-6.466255391214977521e+01,-6.845416175665091885e+01,-6.039244840624132138e+01,-7.341125529954612716e+01,-6.843206943900032968e+01
1.481103105841313017e+01,-6.470013108844695182e+01,-6.847476652848079937e+01,-6.070743964542280935e+01,-7.347407434960076955e+01,-6.761790794899778234e+01
1.489657897102175177e+01,-6.473781565709833785e+01,-6.849549764452993372e+01,-6.126979919747975600e+01,-7.353733380304986156e+01,-6.648386216387918068e+01
1.498262100489194104e+01,-6.477560699322711457e+01,-6.851635520290288639e+01,-6.210836107146257490e+01,-7.360103636267351135e+01,-6.534779740201010156e+01
1.506916001404800198e+01,-6.481350447037348772e+01,-6.853733929427905025e+01,-6.327230771312859758e+01,-7.366518476789822500e+01,-6.435823052506660247e+01
1.515619886899894553e+01,-6.485150746059591143e+01,-6.855845000190892335e+01,-6.484170259742045062e+01,-7.372978179588638170e+01,-6.356397823729104601e+01
1.524374045683374490e+01,-6.488961533457130315e+01,-6.857968740161227572e+01,-6.694208728816985854e+01,-7.379483026265512535e+01,-6.297321732313552900e+01
1.533178768131708836e+01,-6.492782746169450547e+01,-6.860105156177812091e+01,-6.972926425705516351e+01,-7.386033302422600855e+01,-6.258111876089081704e+01
1.542034346298565950e+01,-6.496614321017685256e+01,-6.862254254336670556e+01,-7.299484023846599712e+01,-7.392629297780619879e+01,-6.238069637815776503e+01
1.550941073924507485e+01,-6.500456194714371350e+01,-6.864416039991323260e+01,-7.414145052769703170e+01,-7.399271306300205708e+01,-6.236671775225736525e+01
1.559899246446727794e+01,-6.504308303873122554e+01,-6.866590517753346035e+01,-7.144570428572704657e+01,-7.405959626306633936e+01,-6.253691632757878693e+01
1.568909161008852671e+01,-6.508170585018203269e+01,-6.868777691493127691e+01,-6.838715862314930405e+01,-7.412694560617977402e+01,-6.289203298875031578e+01
1.577971116470799551e+01,-6.512042974593994415e+01,-6.870977564340796562e+01,-6.602944199434141126e+01,-7.419476416676836550e+01,-6.343493820528163951e+01
1.587085413418687985e+01,-6.515925408974372601e+01,-6.873190138687337480e+01,-6.428134579750818034e+01,-7.426305506685743296e+01,-6.416811632674816224e+01
1.596252354174811217e+01,-6.519817824471986967e+01,-6.875415416185889228e+01,-6.299337051107136176e+01,-7.433182147746349244e+01,-6.508729108167914035e+01
1.605472242807661232e+01,-6.523720157347425186e+01,-6.877653397753213937e+01,-6.206421640147169683e+01,-7.440106662002523308e+01,-6.616603300900582951e+01
1.614745385142020240e+01,-6.527632343818275729e+01,-6.879904083571369711e+01,-6.143060141161285514e+01,-7.447079376787510796e+01,-6.732221707817866729e+01
1.624072088769101896e+01,-6.531554320068094910e+01,-6.882167473089526766e+01,-6.105406510382050556e+01,-7.454100624775237804e+01,-6.836401249066588548e+01
1.633452663056750964e+01,-6.535486022255250305e+01,-6.884443565025986800e+01,-6.091297212932544625e+01,-7.461170744135957023e+01,-6.897545060491717095e+01
1.642887419159711371e+01,-6.539427386521670371e+01,-6.886732357370361512e+01,-6.099835008874826769e+01,-7.468290078696324485e+01,-6.889569129819741988e+01
1.652376670029944350e+01,-6.543378349001470440e+01,-6.889033847385930187e+01,-6.131228757852309030e+01,-7.475458978104103380e+01,-6.819310716345867718e+01
1.661920730427005921e+01,-6.547338845829476384e+01,-6.891348031612164959e+01,-6.186837887854941442e+01,-7.482677797997619962e+01,-6.718417461032784388e+01
1.671519916928492933e+01,-6.551308813149630339e+01,-6.893674905867425196e+01,-6.269439536833802151e+01,-7.489946900180162004e+01,-6.614564999896370523e+01
1.681174547940541331e+01,-6.555288187123287003e+01,-6.896014465251818137e+01,-6.383816198447625112e+01,-7.497266652799464737e+01,-6.522165306225987536e+01
1.690884943708388732e+01,-6.559276903937386294e+01,-6.898366704150228657e+01,-6.537870650705022513e+01,-7.504637430532486064e+01,-6.446736901055265889e+01
1.700651426326993132e+01,-6.563274899812526542e+01,-6.900731616235498223e+01,-6.744488821382401511e+01,-7.512059614775643013e+01,-6.389719373697224114e+01
1.710474319751722660e+01,-6.567282111010899825e+01,-6.903109194471778665e+01,-7.022529141863260804e+01,-7.519533593840711205e+01,-6.351032360123130616e+01
1.720353949809098637e+01,-6.571298473844126420e+01,-6.905499431118040832e+01,-7.372093383901274422e+01,-7.527059763156594840e+01,-6.330184630450504102e+01
1.730290644207600081e+01,-6.575323924680969867e+01,-6.907902317731728203e+01,-7.566307447454791202e+01,-7.534638525477170390e+01,-6.326712693303853996e+01
1.740284732548540347e+01,-6.579358399954914205e+01,-6.910317845172573925e+01,-7.304652332950993809e+01,-7.542270291095432810e+01,-6.340333085165791260e+01
1.750336546336995625e+01,-6.583401836171654509e+01,-6.912746003606572742e+01,-6.973007749589561399e+01,-7.549955478064175907e+01,-6.370961833364112437e+01
1.760446418992799877e+01,-6.587454169916436797e+01,-6.915186782510075147e+01,-6.719441739634504529e+01,-7.557694512423455535e+01,-6.418638167188233012e+01
1.770614685861608351e+01,-6.591515337861292778e+01,-6.917640170674069111e+01,-6.532838932253861230e+01,-7.565487828435078654e+01,-6.483309110182480595e+01
1.780841684226019694e+01,-6.595585276772156647e+01,-6.920106156208558446e+01,-6.395264082480793633e+01,-7.573335868824396755e+01,-6.564330051521167775e+01
1.791127753316762394e+01,-6.599663923515845454e+01,-6.922584726547120226e+01,-6.294990027085668771e+01,-7.581239085029673674e+01,-6.659369008667718504e+01
1.801473234323945860e+01,-6.603751215066937164e+01,-6.925075868451573058e+01,-6.224807420294868621e+01,-7.589197937459324805e+01,-6.762215324083446433e+01
1.811878470408382924e+01,-6.607847088514512279e+01,-6.927579568016787448e+01,-6.180311311694718768e+01,-7.597212895757338913e+01,-6.859374734621735570e+01
1.822343806712968117e+01,-6.611951481068780367e+01,-6.930095810675643975e+01,-6.158911896021582066e+01,-7.605284439077175307e+01,-6.928298777094073557e+01
1.832869590374125934e+01,-6.616064330067588628e+01,-6.932624581204083825e+01,-6.159314056315700725e+01,-7.613413056364517217e+01,-6.945678656178588994e+01
1.843456170533328375e+01,-6.620185572982795463e+01,-6.935165863726325597e+01,-6.181280624626735687e+01,-7.621599246649185488e+01,-6.906477042235688657e+01
1.854103898348675017e+01,-6.624315147426537465e+01,-6.937719641720178743e+01,-6.225595364068393422e+01,-7.629843519346621861e+01,-6.829090907979859537e+01
1.864813127006536675e+01,-6.628452991157361396e+01,-6.940285898022480637e+01,-6.294213983331005835e+01,-7.638146394569278641e+01,-6.738068761236283422e+01
1.875584211733277940e+01,-6.632599042086249597e+01,-6.942864614834660131e+01,-6.390660264495239318e+01,-7.646508403448389402e+01,-6.650372308103507635e+01
1.886417509807035842e+01,-6.636753238282507539e+01,-6.945455773728404836e+01,-6.520822967413805316e+01,-7.654930088466466032e+01,-6.574441926035203210e+01
1.897313380569570640e+01,-6.640915517979546223e+01,-6.948059355651442104e+01,-6.694466075748289313e+01,-7.663412003801026628e+01,-6.513610526137580337e+01
1.908272185438185176e+01,-6.645085819580522468e+01,-6.950675340933432267e+01,-6.927773541363556831e+01,-7.671954715679999026e+01,-6.468812170570465980e+01
1.919294287917715280e+01,-6.649264081663888248e+01,-6.953303709291954249e+01,-7.243667406467159253e+01,-7.680558802749284553e+01,-6.440023550898266080e+01
1.930380053612586266e+01,-6.653450242988792240e+01,-6.955944439838606286e+01,-7.616859686326078815e+01,-7.689224856453012080e+01,-6.426928768759248101e+01
1.941529850238937627e+01,-6.657644242500373366e+01,-6.958597511085193332e+01,-7.663302157350743471e+01,-7.697953481427011013e+01,-6.429199513070554417e+01
1.952744047636824121e+01,-6.661846019334944913e+01,-6.961262900950019628e+01,-7.309687012232812720e+01,-7.706745295906087279e+01,-6.446590362582041678e+01
1.964023017782481162e+01,-6.666055512825036544e+01,-6.963940586764259422e+01,-6.989187465069511518e+01,-7.715600932145672175e+01,-6.478929991078406658e+01
1.975367134800664815e+01,-6.670272662504336836e+01,-6.966630545278425757e+01,-6.753829144266879325e+01,-7.724521036858511991e+01,-6.526019474364147754e+01
1.986776774977057869e+01,-6.674497408112517860e+01,-6.969332752668930198e+01,-6.580860502054882488e+01,-7.733506271667020826e+01,-6.587392903582484394e+01
1.998252316770755854e+01,-6.678729689599929031e+01,-6.972047184544703669e+01,-6.452827653099450345e+01,-7.742557313572014266e+01,-6.661827688467747066e+01
2.009794140826819131e+01,-6.682969447132188634e+01,-6.974773815953915346e+01,-6.359091204092954541e+01,-7.751674855438560030e+01,-6.746409968072222796e+01
2.021402629988896393e+01,-6.687216621094654556e+01,-6.977512621390761183e+01,-6.293168489071871363e+01,-7.760859606499694507e+01,-6.834963569899809954e+01
2.033078169311926686e+01,-6.691471152096778496e+01,-6.980263574802322069e+01,-6.251074725413975841e+01,-7.770112292878833671e+01,-6.916171455156832337e+01
2.044821146074912832e+01,-6.695732980976347903e+01,-6.983026649595488777e+01,-6.230431936547381611e+01,-7.779433658131732443e+01,-6.973562834151135803e+01
2.056631949793760938e+01,-6.700002048803614230e+01,-6.985801818643963657e+01,-6.230005199388506298e+01,-7.788824463808887799e+01,-6.991473360950089955e+01
2.068510972234208722e+01,-6.704278296885316024e+01,-6.988589054295307790e+01,-6.249486227213219536e+01,-7.798285490039347678e+01,-6.965832454161304099e+01
2.080458607424815654e+01,-6.708561666768571286e+01,-6.991388328378067740e+01,-6.289445864115619145e+01,-7.807817536136899150e+01,-6.907606807570105900e+01
2.092475251670035163e+01,-6.712852100244684550e+01,-6.994199612208940664e+01,-6.351439558799011564e+01,-7.817421421229740019e+01,-6.833951256748295577e+01
2.104561303563356489e+01,-6.717149539352820398e+01,-6.997022876600000529e+01,-6.438304632598200783e+01,-7.827097984914702522e+01,-6.758896837888995890e+01
2.116717164000531071e+01,-6.721453926383591693e+01,-6.999858091865972654e+01,-6.554765319352011943e+01,-7.836848087937241303e+01,-6.690833038888810336e+01
2.128943236192867872e+01,-6.725765203882515664e+01,-7.002705227831557977e+01,-6.708603407513217576e+01,-7.846672612898423438e+01,-6.633891023179465662e+01
2.141239925680605793e+01,-6.730083314653383297e+01,-7.005564253838799971e+01,-6.912888573561761518e+01,-7.856572464990212268e+01,-6.589777995398655719e+01
2.153607640346369578e+01,-6.734408201761509360e+01,-7.008435138754481386e+01,-7.189461009835596883e+01,-7.866548572760484603e+01,-6.559007972200801362e+01
2.166046790428697832e+01,-6.738739808536892895e+01,-7.011317850977573585e+01,-7.561968514062564850e+01,-7.876601888909200966e+01,-6.541572664827472749e+01
2.178557788535647788e+01,-6.743078078577252654e+01,-7.014212358446712869e+01,-7.882712952744182644e+01,-7.886733391117330427e+01,-6.537271202634126155e+01
2.191141049658486040e+01,-6.747422955750978701e+01,-7.017118628647710921e+01,-7.654110683709818375e+01,-7.896944082910135876e+01,-6.545853408954124575e+01
2.203796991185451759e+01,-6.751774384199978840e+01,-7.020036628621087971e+01,-7.275170643686408312e+01,-7.907234994556618801e+01,-6.567056997666982454e+01
2.216526032915602329e+01,-6.756132308342417048e+01,-7.022966324969634400e+01,-6.989927477683573898e+01,-7.917607184006915588e+01,-6.600568804114361399e+01
2.229328597072733587e+01,-6.760496672875356694e+01,-7.025907683865999331e+01,-6.782259499207808062e+01,-7.928061737869644787e+01,-6.645905423209137552e+01
2.242205108319393148e+01,-6.764867422777314232e+01,-7.028860671060290599e+01,-6.628201177072617156e+01,-7.938599772431278723e+01,-6.702178570583154738e+01
2.255155993770961587e+01,-6.769244503310699201e+01,-7.031825251887700290e+01,-6.513071443598266796e+01,-7.949222434719736441e+01,-6.767682459745203971e+01
2.268181683009817462e+01,-6.773627860024174652e+01,-7.034801391276131710e+01,-6.428089414965918991e+01,-7.959930903614537101e+01,-6.839235816255880707e+01
2.281282608099592579e+01,-6.778017438754912405e+01,-7.037789053753851931e+01,-6.367848553570929937e+01,-7.970726391006027711e+01,-6.911315491198384109e+01
2.294459203599501151e+01,-6.782413185630763053e+01,-7.040788203457140071e+01,-6.328968245716118446e+01,-7.981610143006295743e+01,-6.975419796947210216e+01
2.307711906578749961e+01,-6.786815047072329321e+01,-7.043798804137949787e+01,-6.309384194070517538e+01,-7.992583441214583218e+01,-7.020864078223246452e+01
2.321041156631043734e+01,-6.791222969794941378e+01,-7.046820819171570349e+01,-6.307975106452110481e+01,-8.003647604040224905e+01,-7.038347483952331629e+01
2.334447395889160859e+01,-6.795636900810565351e+01,-7.049854211564289130e+01,-6.324381666595442653e+01,-8.014803988086241304e+01,-7.025031476830552890e+01
2.347931069039621832e+01,-6.800056787429595317e+01,-7.052898943961049838e+01,-6.358954797488952693e+01,-8.026053989596995564e+01,-6.986380247107237551e+01
2.361492623337435148e+01,-6.804482577262578502e+01,-7.055954978653110743e+01,-6.412816485726858673e+01,-8.037399045973536715e+01,-6.932614330561999338e+01
2.375132508620939831e+01,-6.808914218221845260e+01,-7.059022277585685856e+01,-6.488053906840886498e+01,-8.048840637360453343e+01,-6.873738159769430922e+01
2.388851177326721853e+01,-6.813351658523056642e+01,-7.062100802365591790e+01,-6.588116840290824427e+01,-8.060380288308338947e+01,-6.817011355786546289e+01
2.402649084504620092e+01,-6.817794846686669530e+01,-7.065190514268863353e+01,-6.718578922247773733e+01,-8.072019569516260162e+01,-6.766837084993659346e+01
2.416526687832825715e+01,-6.822243731539323619e+01,-7.068291374248369152e+01,-6.888611091137589426e+01,-8.083760099658891818e+01,-6.725566978012986397e+01
2.430484447633060086e+01,-6.826698262215131763e+01,-7.071403342941407288e+01,-7.113847798252552934e+01,-8.095603547303305447e+01,-6.694306475168308168e+01
2.444522826885841482e+01,-6.831158388156913475e+01,-7.074526380677272641e+01,-7.420746045333126517e+01,-8.107551632920757356e+01,-6.673471573819520586e+01
2.458642291245848099e+01,-6.835624059117333218e+01,-7.077660447484814199e+01,-7.829897373073369238e+01,-8.119606130999186178e+01,-6.663119295910510687e+01
2.472843309057358496e+01,-6.840095225159967640e+01,-7.080805503099963971e+01,-8.062102696840869953e+01,-8.131768872262506420e+01,-6.663124648327276134e+01
2.487126351369791522e+01,-6.844571836660297492e+01,-7.083961506973236055e+01,-7.711650086674877969e+01,-8.144041746003281901e+01,-6.673260822236744616e+01
2.501491891953323332e+01,-6.849053844306627070e+01,-7.087128418277208652e+01,-7.340759491481853161e+01,-8.156426702535738116e+01,-6.693215055456161622e+01
2.515940407314611704e+01,-6.853541199100918391e+01,-7.090306195913964871e+01,-7.072028448589287564e+01,-8.168925755776676567e+01,-6.722553209420097176e+01
2.530472376712597438e+01,-6.858033852359577054e+01,-7.093494798522498002e+01,-6.875371919162680001e+01,-8.181540985962344337e+01,-6.760631965945334798e+01
2.545088282174396710e+01,-6.862531755714138626e+01,-7.096694184486108270e+01,-6.727812939934244696e+01,-8.194274542509907633e+01,-6.806447755033427427e+01
2.559788608511300012e+01,-6.867034861111912392e+01,-7.099904311939729951e+01,-6.615928399728269937e+01,-8.207128647032853053e+01,-6.858409084851187743e+01
2.574573843334847467e+01,-6.871543120816536998e+01,-7.103125138777244274e+01,-6.531681317920740071e+01,-8.220105596520326685e+01,-6.914035793021595566e+01
2.589444477072999717e+01,-6.876056487408474993e+01,-7.106356622658746858e+01,-6.470055097475159300e+01,-8.233207766691165830e+01,-6.969650582710666242e+01
2.604401002986412550e+01,-6.880574913785457625e+01,-7.109598721017768241e+01,-6.427836848371063638e+01,-8.246437615534233601e+01,-7.020263152817463492e+01
2.619443917184795367e+01,-6.885098353162833007e+01,-7.112851391068458895e+01,-6.402975126078163726e+01,-8.259797687047546333e+01,-7.060014620218281323e+01
2.634573718643367357e+01,-6.889626759073883022e+01,-7.116114589812723068e+01,-6.394232151646636453e+01,-8.273290615189665687e+01,-7.083505293127051061e+01
2.649790909219404256e+01,-6.894160085370059221e+01,-7.119388274047318532e+01,-6.400999376887044434e+01,-8.286919128057903094e+01,-7.087716372866475467e+01
2.665095993668893826e+01,-6.898698286221163301e+01,-7.122672400370890955e+01,-6.423215470083299294e+01,-8.300686052309048080e+01,-7.073338260982582426e+01
2.680489479663272689e+01,-6.903241316115470738e+01,-7.125966925190974166e+01,-6.461362052396721367e+01,-8.314594317839581095e+01,-7.044404430500509307e+01
2.695971877806264416e+01,-6.907789129859791899e+01,-7.129271804730930739e+01,-6.516536131435840673e+01,-8.328646962743735571e+01,-7.006550155369882305e+01
2.711543701650821347e+01,-6.912341682579479141e+01,-7.132586995036845678e+01,-6.590621367499122130e+01,-8.342847138569322851e+01,-6.965224849048303213e+01
2.727205467716158438e+01,-6.916898929718374234e+01,-7.135912451984370364e+01,-6.686615098393750145e+01,-8.357198115892813917e+01,-6.924725275602880004e+01
2.742957695504879112e+01,-6.921460827038707464e+01,-7.139248131285495447e+01,-6.809235386059195605e+01,-8.371703290237077510e+01,-6.888019517081065146e+01
2.758800907520217294e+01,-6.926027330620937050e+01,-7.142593988495291057e+01,-6.966078600814310562e+01,-8.386366188357099816e+01,-6.856969688724871048e+01
2.774735629283363281e+01,-6.930598396863540245e+01,-7.145949979018570275e+01,-7.169917172700414199e+01,-8.401190474921263274e+01,-6.832646287548969610e+01
2.790762389350897621e+01,-6.935173982482749011e+01,-7.149316058116502859e+01,-7.443147331931905342e+01,-8.416179959618088446e+01,-6.815596790228168800e+01
2.806881719332317715e+01,-6.939754044512240228e+01,-7.152692180913172137e+01,-7.820578777913564750e+01,-8.431338604721062779e+01,-6.806035833934566881e+01
2.823094153907679882e+01,-6.944338540302774732e+01,-7.156078302402067948e+01,-8.237818007399702935e+01,-8.446670533147050719e+01,-6.803965247802126726e+01
2.839400230845331308e+01,-6.948927427521786626e+01,-7.159474377452518468e+01,-8.085823715850806082e+01,-8.462180037046961445e+01,-6.809240874153152845e+01
2.855800491019742537e+01,-6.953520664152934216e+01,-7.162880360816055259e+01,-7.662096042586054523e+01,-8.477871586970931617e+01,-6.821600360472066882e+01
2.872295478429457205e+01,-6.958118208495592683e+01,-7.166296207132728568e+01,-7.345161599097843919e+01,-8.493749841654164356e+01,-6.840661004882626628e+01
2.888885740215132714e+01,-6.962720019164311225e+01,-7.169721870937343056e+01,-7.116319411895443636e+01,-8.509819658473844584e+01,-6.865892433670497041e+01
2.905571826677684300e+01,-6.967326055088223313e+01,-7.173157306665635247e+01,-6.945203166960992291e+01,-8.526086104632342710e+01,-6.896566476967983306e+01
2.922354291296547402e+01,-6.971936275510419989e+01,-7.176602468660392731e+01,-6.814155171350141416e+01,-8.542554469127225047e+01,-6.931687072146789319e+01
2.939233690748029915e+01,-6.976550639987274849e+01,-7.180057311177486667e+01,-6.712887664171829272e+01,-8.559230275574353186e+01,-6.969908076050037948e+01
2.956210584923781681e+01,-6.981169108387727817e+01,-7.183521788391865925e+01,-6.635079444130811055e+01,-8.576119295956939936e+01,-7.009458853494957964e+01
2.973285536949359553e+01,-6.985791640892541920e+01,-7.186995854403453166e+01,-6.576667029376685036e+01,-8.593227565380537669e+01,-7.048117388572188702e+01
2.990459113202913954e+01,-6.990418197993506055e+01,-7.190479463242995450e+01,-6.534963984401971970e+01,-8.610561397922062099e+01,-7.083292405388044699e+01
3.007731883333974565e+01,-6.995048740492615025e+01,-7.193972568877833851e+01,-6.508184089766518809e+01,-8.628127403669728324e+01,-7.112278657275068383e+01
3.025104420282336548e+01,-6.999683229501196990e+01,-7.197475125217606262e+01,-6.495173533887303563e+01,-8.645932507060813066e+01,-7.132699371109285380e+01
3.042577300297078580e+01,-7.004321626439028137e+01,-7.200987086119887692e+01,-6.495259852576418780e+01,-8.663983966635217371e+01,-7.143034312305718458e+01
3.060151102955669700e+01,-7.008963893033390491e+01,-7.204508405395743864e+01,-6.508172710939592776e+01,-8.682289396335090714e+01,-7.143015493600603349e+01
3.077826411183190558e+01,-7.013609991318108428e+01,-7.208039036815230816e+01,-6.534015456458674009e+01,-8.700856788494641592e+01,-7.133681561762702472e+01
3.095603811271676875e+01,-7.018259883632553908e+01,-7.211578934112809236e+01,-6.573280382780910713e+01,-8.719694538679745222e+01,-7.117058978867181906e+01
3.113483892899563443e+01,-7.022913532620616195e+01,-7.215128050992704800e+01,-6.626911603754656710e+01,-8.738811472554097293e+01,-7.095643369452469074e+01
3.131467249151243948e+01,-7.027570901229640299e+01,-7.218686341134174711e+01,-6.696432112656373192e+01,-8.758216874968181287e+01,-7.071914053076820039e+01
3.149554476536739500e+01,-7.032231952709339851e+01,-7.222253758196717399e+01,-6.784171921923133652e+01,-8.777920521488854888e+01,-7.048020884818203058e+01
3.167746175011492937e+01,-7.036896650610682968e+01,-7.225830255825212589e+01,-6.893673507986794391e+01,-8.797932712611883233e+01,-7.025656163464698523e+01
3.186042947996265795e+01,-7.041564958784739758e+01,-7.229415787654970416e+01,-7.030435374725473707e+01,-8.818264310926818439e+01,-7.006054845303323475e+01
3.204445402397148257e+01,-7.046236841381514182e+01,-7.233010307316723697e+01,-7.203348440560418453e+01,-8.838926781534502197e+01,-6.990057771136902431e+01
3.222954148625700554e+01,-7.050912262848748924e+01,-7.236613768441551997e+01,-7.427617659879669532e+01,-8.859932236051801624e+01,-6.978192111976963474e+01
3.241569800619193131e+01,-7.055591187930698993e+01,-7.240226124665710472e+01,-7.730450692345959851e+01,-8.881293480576781008e+01,-6.970745111691969953e+01
3.260292975860974707e+01,-7.060273581666882592e+01,-7.243847329635408983e+01,-8.150264101487553603e+01,-8.903024068031075444e+01,-6.967822079559158510e+01
3.279124295400949052e+01,-7.064959409390812084e+01,-7.247477337011504517e+01,-8.509448750336055411e+01,-8.925138355344769536e+01,-6.969387367187437121e+01
3.298064383876182148e+01,-7.069648636728705071e+01,-7.251116100474122561e+01,-8.183126674607288464e+01,-8.947651566003793278e+01,-6.975290279677406602e+01
3.317113869531619486e+01,-7.074341229598161362e+01,-7.254763573727217363e+01,-7.770009471416074120e+01,-8.970579858540833129e+01,-6.985278790549452310e+01
3.336273384240917750e+01,-7.079037154206829996e+01,-7.258419710503035560e+01,-7.474601019086752274e+01,-8.993940401619039449e+01,-6.999003979286014498e+01
3.355543563527415785e+01,-7.083736377051053523e+01,-7.262084464566532915e+01,-7.259040015446473149e+01,-9.017751456433722979e+01,-7.016018053749301941e+01
3.374925046585209998e+01,-7.088438864914490978e+01,-7.265757789719697257e+01,-7.095315490374541412e+01,-9.042032467241433835e+01,-7.035769030273058888e+01
3.394418476300349141e+01,-7.093144584866719526e+01,-7.269439639805816000e+01,-6.967720156009218613e+01,-9.066804160918492528e+01,-7.057595763473072736e+01
3.414024499272172619e+01,-7.097853504261827595e+01,-7.273129968713659821e+01,-6.867033597774548070e+01,-9.092088656552627413e+01,-7.080727986539999108e+01
3.433743765834748274e+01,-7.102565590736976731e+01,-7.276828730381591015e+01,-6.787502692377012181e+01,-9.117909586180837778e+01,-7.104297011219470903e+01
3.453576930078448726e+01,-7.107280812210962040e+01,-7.280535878801617855e+01,-6.725356537402117851e+01,-9.144292227903376613e+01,-7.127363045859335955e+01
3.473524649871642112e+01,-7.111999136882744210e+01,-7.284251368023360840e+01,-6.678036061396797152e+01,-9.171263652725150450e+01,-7.148963676544079249e+01
3.493587586882521379e+01,-7.116720533229968737e+01,-7.287975152157945047e+01,-6.643770107382829337e+01,-9.198852886597725842e+01,-7.168183911908415951e+01
3.513766406601047976e+01,-7.121444970007479469e+01,-7.291707185381841327e+01,-6.621330715182814686e+01,-9.227091089250686196e+01,-7.184241209897584213e+01
3.534061778361022021e+01,-7.126172416245805152e+01,-7.295447421940610866e+01,-6.609887466755581897e+01,-9.256011751499568163e+01,-7.196570890939628384e+01
3.554474375362293870e+01,-7.130902841249645974e+01,-7.299195816152602845e+01,-6.608920521015484439e+01,-9.285650912781716215e+01,-7.204892131990662563e+01
3.575004874693087231e+01,-7.135636214596331683e+01,-7.302952322412564001e+01,-6.618171374271729235e+01,-9.316047400675560652e+01,-7.209236370562480545e+01
3.595653957352455166e+01,-7.140372506134283981e+01,-7.306716895195184236e+01,-6.637620678437494348e+01,-9.347243094063583158e+01,-7.209929481367846904e+01
3.616422308272880315e+01,-7.145111685981454741e+01,-7.310489489058578272e+01,-6.667488636497726873e+01,-9.379283211345523341e+01,-7.207532770349050111e+01
3.637310616342983138e+01,-7.149853724523761400e+01,-7.314270058647690576e+01,-6.708258091093486541e+01,-9.412216624607425786e+01,-7.202759078106285529e+01
3.658319574430380783e+01,-7.154598592413509550e+01,-7.318058558697634908e+01,-6.760725064625123082e+01,-9.446096199771088209e+01,-7.196384202953032627e+01
3.679449879404659640e+01,-7.159346260567802744e+01,-7.321854944036964241e+01,-6.826087863711236992e+01,-9.480979161287898194e+01,-7.189170219897108893e+01
3.700702232160500671e+01,-7.164096700166946619e+01,-7.325659169590875308e+01,-6.906096556719461432e+01,-9.516927477602335728e+01,-7.181809630781557985e+01
3.722077337640925521e+01,-7.168849882652844485e+01,-7.329471190384339252e+01,-7.003304983280236229e+01,-9.554008259943091730e+01,-7.174891801336090680e+01
3.743575904860671955e+01,-7.173605779727387244e+01,-7.333290961545176856e+01,-7.121509565667435027e+01,-9.592294161326434221e+01,-7.168888254658409664e+01
3.765198646929722059e+01,-7.178364363350820554e+01,-7.337118438307057033e+01,-7.266552758492420594e+01,-9.631863753949447471e+01,-7.164151442118529189e+01
3.786946281076955501e+01,-7.183125605740136166e+01,-7.340953576012432791e+01,-7.447889620956702572e+01,-9.672801849850743849e+01,-7.160921751778587918e+01
3.808819528673927834e+01,-7.187889479367416357e+01,-7.344796330115408978e+01,-7.681836264475657572e+01,-9.715199709445525400e+01,-7.159338667568320602e+01
3.830819115258815089e+01,-7.192655956958211050e+01,-7.348646656184554615e+01,-7.998115923680109063e+01,-9.759155051665561587e+01,-7.159453372602362720e+01
3.852945770560469185e+01,-7.197425011489880831e+01,-7.352504509905641328e+01,-8.438983760839724368e+01,-9.804771732383161975e+01,-7.161241287664692834e+01
3.875200228522628976e+01,-7.202196616189949907e+01,-7.356369847084317826e+01,-8.777725018531135959e+01,-9.852158886039219965e+01,-7.164613915830408075e+01
3.897583227328256328e+01,-7.206970744534447704e+01,-7.360242623648727545e+01,-8.395761980578333805e+01,-9.901429215888106228e+01,-7.169429934128305604e+01
3.920095509424033509e+01,-7.211747370246257560e+01,-7.364122795652062337e+01,-7.982472776576260287e+01,-9.952695951242634465e+01,-7.175505790552010410e+01
3.942737821544984200e+01,-7.216526467293439850e+01,-7.368010319275046527e+01,-7.690188459030784429e+01,-1.000606773603077357e+02,-7.182626188931560307e+01
3.965510914739238757e+01,-7.221308009887576418e+01,-7.371905150828369813e+01,-7.475621931139178855e+01,-1.006164032911734694e+02,-7.190554820174899930e+01
3.988415544392955780e+01,-7.226091972482092274e+01,-7.375807246755047686e+01,-7.310930495116357974e+01,-1.011948342483190544e+02,-7.199045558284707624e+01
4.011452470255373726e+01,-7.230878329770592927e+01,-7.379716563632743487e+01,-7.180741035186896681e+01,-1.017962007171067285e+02,-7.207854111884796566e+01
4.034622456464005325e+01,-7.235667056685178977e+01,-7.383633058175996666e+01,-7.076028756521516527e+01,-1.024199501985793290e+02,-7.216749842337316068e+01
4.057926271569997567e+01,-7.240458128394780601e+01,-7.387556687238419784e+01,-6.991132676718042660e+01,-1.030642689155645826e+02,-7.225527177347426289e+01
4.081364688563615317e+01,-7.245251520303472148e+01,-7.391487407814835819e+01,-6.922306582916795037e+01,-1.037253766374846577e+02,-7.234015826307349073e+01
4.104938484899884088e+01,-7.250047208048800940e+01,-7.395425177043334486e+01,-6.866968394119862751e+01,-1.043965264047761963e+02,-7.242088903854673276e+01
4.128648442524374218e+01,-7.254845167500100445e+01,-7.399369952207300116e+01,-6.823285287617690642e+01,-1.050666756826128108e+02,-7.249668136532645235e+01
4.152495347899147760e+01,-7.259645374756820502e+01,-7.403321690737362815e+01,-6.789931481344815722e+01,-1.057189229789153160e+02,-7.256725571604913227e+01
4.176479992028837529e+01,-7.264447806146839071e+01,-7.407280350213304132e+01,-6.765940543242697913e+01,-1.063291068697546677e+02,-7.263281586759019604e+01
4.200603170486881766e+01,-7.269252438224795299e+01,-7.411245888365898793e+01,-6.750612488340374284e+01,-1.068654896644944330e+02,-7.269399433888571593e+01
4.224865683441926478e+01,-7.274059247770399850e+01,-7.415218263078722316e+01,-6.743454401028381540e+01,-1.072909962160862420e+02,-7.275176942250735124e+01
4.249268335684356401e+01,-7.278868211786769393e+01,-7.419197432389866265e+01,-6.744142771884007459e+01,-1.075693082239828868e+02,-7.280736273921009172e+01
4.273811936652989374e+01,-7.283679307498742617e+01,-7.423183354493646391e+01,-6.752500880100612335e+01,-1.076742017073844693e+02,-7.286212725286840453e+01
4.298497300461932014e+01,-7.288492512351213293e+01,-7.427175987742219831e+01,-6.768487559215292038e+01,-1.075982377669747905e+02,-7.291743508005487229e+01
4.323325245927581051e+01,-7.293307804007460504e+01,-7.431175290647175302e+01,-6.792195634473370092e+01,-1.073555136530363399e+02,-7.297457265499269852e+01
4.348296596595784536e+01,-7.298125160347468920e+01,-7.435181221881057922e+01,-6.823859811189768720e+01,-1.069765548642897102e+02,-7.303464849006482495e+01
4.373412180769152968e+01,-7.302944559466277497e+01,-7.439193740278852829e+01,-6.863875227852845740e+01,-1.064988255374315145e+02,-7.309851650200295126e+01
4.398672831534543803e+01,-7.307765979672308276e+01,-7.443212804839409102e+01,-6.912829645759407526e+01,-1.059581620825439359e+02,-7.316671608564244877e+01
4.424079386790689483e+01,-7.312589399485700881e+01,-7.447238374726823906e+01,-6.971554843875431118e+01,-1.053839746814803675e+02,-7.323942902548853340e+01
4.449632689275988184e+01,-7.317414797636669732e+01,-7.451270409271769779e+01,-7.041207112991052952e+01,-1.047979986150432410e+02,-7.331645295787647854e+01
4.475333586596463675e+01,-7.322242153063837122e+01,-7.455308867972786402e+01,-7.123394546489510049e+01,-1.042150945714152641e+02,-7.339719130544069969e+01
4.501182931253880071e+01,-7.327071444912594700e+01,-7.459353710497508416e+01,-7.220383834859393346e+01,-1.036447723960089036e+02,-7.348066018007469324e+01
4.527181580674010064e+01,-7.331902652533452169e+01,-7.463404896683857714e+01,-7.335449985687921526e+01,-1.030927039018632456e+02,-7.356551341418702350e+01
4.553330397235087901e+01,-7.336735755480394516e+01,-7.467462386541191677e+01,-7.473499479491968600e+01,-1.025619484421238070e+02,-7.365008732534228386e+01
4.579630248296408013e+01,-7.341570733509254865e+01,-7.471526140251397408e+01,-7.642254129367725568e+01,-1.020538526314272758e+02,-7.373246673276112517e+01
4.606082006227099157e+01,-7.346407566576074544e+01,-7.475596118169947601e+01,-7.854668424013785000e+01,-1.015686755362559097e+02,-7.381057284951073427e+01
4.632686548435052742e+01,-7.351246234835478788e+01,-7.479672280826909514e+01,-8.134124536600987199e+01,-1.011060089380892180e+02,-7.388227180736070920e+01
4.659444757396038739e+01,-7.356086718639058120e+01,-7.483754588927916984e+01,-8.523076340698298736e+01,-1.006650537585724550e+02,-7.394549978043897909e+01
4.686357520682969380e+01,-7.360928998533749734e+01,-7.487843003355087035e+01,-9.013579359743431496e+01,-1.002447989121103120e+02,-7.399839731407848831e+01
4.713425730995337659e+01,-7.365773055260228830e+01,-7.491937485167912314e+01,-8.916680289493791634e+01,-9.984413526578555320e+01,-7.403944222750197923e+01
4.740650286188838436e+01,-7.370618869751299940e+01,-7.496037995604096693e+01,-8.441777253235724743e+01,-9.946192695629419234e+01,-7.406756826887077239e+01
4.768032089305144439e+01,-7.375466423130305316e+01,-7.500144496080355339e+01,-8.096164999891180969e+01,-9.909705491053118465e+01,-7.408225646260237340e+01
4.795572048601852799e+01,-7.380315696709527629e+01,-7.504256948193179255e+01,-7.848175582934493377e+01,-9.874844236863209801e+01,-7.408358833120840359e+01
4.823271077582627697e+01,-7.385166671988599774e+01,-7.508375313719561461e+01,-7.660202665487329909e+01,-9.841506883910012959e+01,-7.407225475323141950e+01
4.851130095027490796e+01,-7.390019330652935992e+01,-7.512499554617667741e+01,-7.511905207326771006e+01,-9.809597669175445844e+01,-7.404952024651841214e+01
4.879150025023300685e+01,-7.394873654572148780e+01,-7.516629633027494606e+01,-7.391792174859560305e+01,-9.779027313398374588e+01,-7.401714855219171341e+01
4.907331796994398587e+01,-7.399729625798484278e+01,-7.520765511271471837e+01,-7.292869575445934061e+01,-9.749712935875081143e+01,-7.397730012392777610e+01
4.935676345733449466e+01,-7.404587226565264757e+01,-7.524907151855033760e+01,-7.210603539611454948e+01,-9.721577802557943926e+01,-7.393241454632006082e+01
4.964184611432443006e+01,-7.409446439285333952e+01,-7.529054517467154994e+01,-7.141905143671887402e+01,-9.694550982439002951e+01,-7.388509079499974064e+01
4.992857539713872228e+01,-7.414307246549509500e+01,-7.533207570980852097e+01,-7.084586672922182515e+01,-9.668566960204125849e+01,-7.383797607940800845e+01
5.021696081662112476e+01,-7.419169631125049591e+01,-7.537366275453651099e+01,-7.037051438620898125e+01,-9.643565235418358839e+01,-7.379367065163461348e+01
5.050701193854967386e+01,-7.424033575954118191e+01,-7.541530594128008147e+01,-6.998107269530733276e+01,-9.619489926878758013e+01,-7.375465234821061244e+01
5.079873838395385377e+01,-7.428899064152258802e+01,-7.545700490431718777e+01,-6.966849406084799057e+01,-9.596289393170297899e+01,-7.372322146706895296e+01
5.109214982943389316e+01,-7.433766079006881000e+01,-7.549875927978278867e+01,-6.942584346358648872e+01,-9.573915875518152063e+01,-7.370146425282977987e+01
5.138725600748166045e+01,-7.438634603975755510e+01,-7.554056870567212911e+01,-6.924778947255890671e+01,-9.552325165846779953e+01,-7.369123185118667152e+01
5.168406670680351311e+01,-7.443504622685505012e+01,-7.558243282184379552e+01,-6.913025740444109601e+01,-9.531476300937647750e+01,-7.369413097451324290e+01
5.198259177264491626e+01,-7.448376118930119105e+01,-7.562435127002235902e+01,-6.907019071008497235e+01,-9.511331282328468717e+01,-7.371152247866487528e+01
5.228284110711713595e+01,-7.453249076669465012e+01,-7.566632369380081968e+01,-6.906538759167241892e+01,-9.491854820854854324e+01,-7.374452435870536249e+01
5.258482466952563783e+01,-7.458123480027813912e+01,-7.570834973864268136e+01,-6.911439240343136703e+01,-9.473014104325076801e+01,-7.379401614126061304e+01
5.288855247670034743e+01,-7.462999313292364434e+01,-7.575042905188371378e+01,-6.921642930346729372e+01,-9.454778586623481829e+01,-7.386064215266445387e+01
5.319403460332807043e+01,-7.467876560911794570e+01,-7.579256128273345894e+01,-6.937137095409924825e+01,-9.437119796479697698e+01,-7.394481160000087527e+01
5.350128118228657570e+01,-7.472755207494799379e+01,-7.583474608227649583e+01,-6.957973901582856513e+01,-9.420011164167755169e+01,-7.404669378795819057e+01
5.381030240498073169e+01,-7.477635237808650004e+01,-7.587698310347340680e+01,-6.984273653141853799e+01,-9.403427864476498144e+01,-7.416620711560173618e+01
5.412110852168048325e+01,-7.482516636777758379e+01,-7.591927200116134600e+01,-7.016231566693664945e+01,-9.387346674398089874e+01,-7.430300079013944980e+01
5.443370984186099548e+01,-7.487399389482253298e+01,-7.596161243205456515e+01,-7.054128828692719821e+01,-9.371745844100017564e+01,-7.445642852173064341e+01
5.474811673454453143e+01,-7.492283481156556491e+01,-7.600400405474451304e+01,-7.098349229616776768e+01,-9.356604979868299665e+01,-7.462551391324693384e+01
5.506433962864434051e+01,-7.497168897187977166e+01,-7.604644652969969343e+01,-7.149403482476303395e+01,-9.341904937829859534e+01,-7.480890794912116348e+01
5.538238901331070707e+01,-7.502055623115307981e+01,-7.608893951926543764e+01,-7.207964630079247570e+01,-9.327627727376643918e+01,-7.500484006318333741e+01
5.570227543827884631e+01,-7.506943644627432377e+01,-7.613148268766312299e+01,-7.274920115668108167e+01,-9.313756423321207478e+01,-7.521106588732658338e+01
5.602400951421871866e+01,-7.511832947561947549e+01,-7.617407570098956171e+01,-7.351449890559025846e+01,-9.300275085912112161e+01,-7.542481709124557199e+01
5.634760191308716770e+01,-7.516723517903780305e+01,-7.621671822721569356e+01,-7.439146894410299637e+01,-9.287168687927534449e+01,-7.564276176174131194e+01
5.667306336848180592e+01,-7.521615341783827091e+01,-7.625940993618547736e+01,-7.540209656857550158e+01,-9.274423048146957171e+01,-7.586098735245860780e+01
5.700040467599707483e+01,-7.526508405477594010e+01,-7.630215049961424256e+01,-7.657764111843151511e+01,-9.262024770574222998e+01,-7.607502176007963612e+01
5.732963669358226610e+01,-7.531402695403849634e+01,-7.634493959108702654e+01,-7.796431139418837120e+01,-9.249961188851166582e+01,-7.627991034455402541e+01
5.766077034190182360e+01,-7.536298198123289183e+01,-7.638777688605659932e+01,-7.963394909559981727e+01,-9.238220315359880885e+01,-7.647036584260872871e+01
5.799381660469750699e+01,-7.541194900337195861e+01,-7.643066206184130351e+01,-8.170572088742196115e+01,-9.226790794564429632e+01,-7.664100191310373589e+01
5.832878652915263018e+01,-7.546092788886129199e+01,-7.647359479762263845e+01,-8.439336151379897899e+01,-9.215661860189683807e+01,-7.678664786637055784e+01
5.866569122625868005e+01,-7.550991850748603440e+01,-7.651657477444277333e+01,-8.809987500065011545e+01,-9.204823295876833811e+01,-7.690272242620918064e+01
5.900454187118377547e+01,-7.555892073039797197e+01,-7.655960167520176185e+01,-9.315275144583424094e+01,-9.194265398992354221e+01,-7.698562217270141161e+01
5.934534970364325801e+01,-7.560793443010240367e+01,-7.660267518465454373e+01,-9.381795061466240782e+01,-9.183978947300424522e+01,-7.703306329850920520e+01
5.968812602827269842e+01,-7.565695948044549368e+01,-7.664579498940786095e+01,-8.886844355081584013e+01,-9.173955168238308033e+01,-7.704431231442427475e+01
6.003288221500277189e+01,-7.570599575660138214e+01,-7.668896077791697508e+01,-8.512949102171832294e+01,-9.164185710560532527e+01,-7.702025755309671240e+01
6.037962969943640701e+01,-7.575504313505955167e+01,-7.673217224048204343e+01,-8.247667463564154389e+01,-9.154662618141188091e+01,-7.696330598849232274e+01
6.072837998322804509e+01,-7.580410149361225081e+01,-7.677542906924463750e+01,-8.047614980315654520e+01,-9.145378305744563363e+01,-7.687712816690796558e+01
6.107914463446530107e+01,-7.585317071134204525e+01,-7.681873095818374964e+01,-7.889606226754236218e+01,-9.136325536592978835e+01,-7.676630413972272038e+01
6.143193528805258552e+01,-7.590225066860932657e+01,-7.686207760311189929e+01,-7.760820014252429644e+01,-9.127497401577421954e+01,-7.663593567691155783e+01
6.178676364609695781e+01,-7.595134124704009082e+01,-7.690546870167094085e+01,-7.653576681905086332e+01,-9.118887299971402172e+01,-7.649128370735812155e+01
6.214364147829645191e+01,-7.600044232951374568e+01,-7.694890395332775768e+01,-7.562952141715700805e+01,-9.110488921521792349e+01,-7.633747119043985663e+01
6.250258062233042722e+01,-7.604955380015090327e+01,-7.699238305936984261e+01,-7.485614113830514782e+01,-9.102296229802441019e+01,-7.617926941168192911e+01
6.286359298425206532e+01,-7.609867554430140046e+01,-7.703590572290059413e+01,-7.419209185354834801e+01,-9.094303446726856066e+01,-7.602096708497261091e+01
6.322669053888355251e+01,-7.614780744853236172e+01,-7.707947164883469782e+01,-7.362017569546353002e+01,-9.086505038126051659e+01,-7.586630988502351158e+01
6.359188533021310974e+01,-7.619694940061633304e+01,-7.712308054389312417e+01,-7.312747422523386831e+01,-9.078895700306112815e+01,-7.571849304361613520e+01
6.395918947179459479e+01,-7.624610128951954380e+01,-7.716673211659819742e+01,-7.270406440422124206e+01,-9.071470347507846554e+01,-7.558018956920713549e+01
6.432861514714913653e+01,-7.629526300539022543e+01,-7.721042607726838014e+01,-7.234218502488350566e+01,-9.064224100197867529e+01,-7.545359929493862694e+01
6.470017461016951188e+01,-7.634443443954705799e+01,-7.725416213801301524e+01,-7.203567745241994658e+01,-9.057152274126661951e+01,-7.534050757687094801e+01
6.507388018552644837e+01,-7.639361548446763095e+01,-7.729794001272692583e+01,-7.177959983025994006e+01,-9.050250370094950370e+01,-7.524234597330591612e+01
6.544974426907742782e+01,-7.644280603377714556e+01,-7.734175941708487301e+01,-7.156995465255717193e+01,-9.043514064374659256e+01,-7.516025013006827749e+01
6.582777932827792711e+01,-7.649200598223700354e+01,-7.738562006853594255e+01,-7.140349263000844360e+01,-9.036939199735502370e+01,-7.509511224297753529e+01
6.620799790259499673e+01,-7.654121522573363734e+01,-7.742952168629778953e+01,-7.127756928537942827e+01,-9.030521777032345199e+01,-7.504762693166823340e+01
6.659041260392301353e+01,-7.659043366126741148e+01,-7.747346399135069817e+01,-7.119003891469920120e+01,-9.024257947312216288e+01,-7.501833027810184262e+01
6.697503611700224724e+01,-7.663966118694158070e+01,-7.751744670643174118e+01,-7.113917568124553270e+01,-9.018144004403417568e+01,-7.500763230652684399e+01
6.736188119983947331e+01,-7.668889770195127653e+01,-7.756146955602856963e+01,-7.112361491353105691e+01,-9.012176377952081907e+01,-7.501584343529926002e+01
6.775096068413124328e+01,-7.673814310657272131e+01,-7.760553226637340174e+01,-7.114230986666028400e+01,-9.006351626874561589e+01,-7.504319551049987069e+01
6.814228747568935773e+01,-7.678739730215247050e+01,-7.764963456543655695e+01,-7.119450069937488479e+01,-9.000666433196423100e+01,-7.508985800369072194e+01
6.853587455486913882e+01,-7.683666019109665513e+01,-7.769377618292023158e+01,-7.127969347353281648e+01,-8.995117596251255065e+01,-7.515594986515858977e+01
6.893173497699994812e+01,-7.688593167686047991e+01,-7.773795685025204705e+01,-7.139764776125662138e+01,-8.989702027214579516e+01,-7.524154739620728094e+01
6.932988187281807768e+01,-7.693521166393763622e+01,-7.778217630057841347e+01,-7.154837205519189069e+01,-8.984416743950133366e+01,-7.534668835393871689e+01
6.973032844890252591e+01,-7.698450005784995653e+01,-7.782643426875800685e+01,-7.173212669559897847e+01,-8.979258866147455365e+01,-7.547137233585257832e+01
7.013308798811296185e+01,-7.703379676513706897e+01,-7.787073049135497627e+01,-7.194943451431755932e+01,-8.974225610731491543e+01,-7.561555731052153817e+01
7.053817385003017648e+01,-7.708310169334610862e+01,-7.791506470663225059e+01,-7.220109990456836613e+01,-8.969314287526222529e+01,-7.577915196267807119e+01
7.094559947139948974e+01,-7.713241475102159939e+01,-7.795943665454457516e+01,-7.248823761535427934e+01,-8.964522295155813936e+01,-7.596200330312078108e+01
7.135537836657628930e+01,-7.718173584769542117e+01,-7.800384607673169057e+01,-7.281231331277318475e+01,-8.959847117167930719e+01,-7.616387875402185159e+01
7.176752412797431191e+01,-7.723106489387677698e+01,-7.804829271651124145e+01,-7.317519894882681797e+01,-8.955286318365051557e+01,-7.638444166045361783e+01
7.218205042651649705e+01,-7.728040180104228796e+01,-7.809277631887175630e+01,-7.357924738255360353e+01,-8.950837541330592728e+01,-7.662321891011342245e+01
7.259897101208849790e+01,-7.732974648162621634e+01,-7.813729663046549945e+01,-7.402739274598883412e+01,-8.946498503137689795e+01,-7.687955909247058628e+01
7.301829971399482133e+01,-7.737909884901074520e+01,-7.818185339960125191e+01,-7.452328612520167894e+01,-8.942266992229258449e+01,-7.715257945106262127e+01
7.344005044141731275e+01,-7.742845881751627246e+01,-7.822644637623712072e+01,-7.507148088560819588e+01,-8.938140865458863971e+01,-7.744109987963574326e+01
7.386423718387685255e+01,-7.747782630239194646e+01,-7.827107531197314927e+01,-7.567768954128939640e+01,-8.934118045282579601e+01,-7.774356255517614045e+01
7.429087401169715577e+01,-7.752720121980613044e+01,-7.831573996004399874e+01,-7.634914648199458043e+01,-8.930196517092764452e+01,-7.805793675882017624e+01
7.471997507647149916e+01,-7.757658348683696659e+01,-7.836044007531154421e+01,-7.709513191630968265e+01,-8.926374326685278504e+01,-7.838161040244111177e+01
7.515155461153224792e+01,-7.762597302146320999e+01,-7.840517541425732873e+01,-7.792774942247987724e+01,-8.922649577852261871e+01,-7.871127326631766152e+01
7.558562693242294017e+01,-7.767536974255484949e+01,-7.844994573497514523e+01,-7.886311749518975489e+01,-8.919020430093092955e+01,-7.904280251012076519e+01
7.602220643737310013e+01,-7.772477356986408381e+01,-7.849475079716341952e+01,-7.992326656444306821e+01,-8.915485096436709966e+01,-7.937116898422532074e+01
7.646130760777575119e+01,-7.777418442401614129e+01,-7.853959036211760747e+01,-8.113930032348689281e+01,-8.912041841368862549e+01,-7.969039286364213126e+01
7.690294500866792760e+01,-7.782360222650039816e+01,-7.858446419272256378e+01,-8.255696205516933617e+01,-8.908688978858329222e+01,-7.999358724664942599e+01
7.734713328921378661e+01,-7.787302689966145408e+01,-7.862937205344488234e+01,-8.424710870721490608e+01,-8.905424870476508659e+01,-8.027313427042555816e+01
7.779388718319030716e+01,-7.792245836669027881e+01,-7.867431371032510867e+01,-8.632702519933903318e+01,-8.902247923605165170e+01,-8.052103300007763664e+01
7.824322150947627108e+01,-7.797189655161548671e+01,-7.871928893097008029e+01,-8.900735291964591056e+01,-8.899156589727425626e+01,-8.072943398905961487e+01
7.869515117254373138e+01,-7.802134137929469659e+01,-7.876429748454503965e+01,-9.269217353120052394e+01,-8.896149362797486049e+01,-8.089132834746487788e+01
7.914969116295223728e+01,-7.807079277540591988e+01,-7.880933914176591770e+01,-9.782599170489970675e+01,-8.893224777684685023e+01,-8.100129726423091370e+01
7.960685655784629944e+01,-7.812025066643903415e+01,-7.885441367489140418e+01,-9.901079328779972855e+01,-8.890381408687983367e+01,-8.105617463736939499e+01
8.006666252145538465e+01,-7.816971497968746974e+01,-7.889952085771513168e+01,-9.393300634657992987e+01,-8.887617868117040132e+01,-8.105546256259243876e+01
8.052912430559696588e+01,-7.821918564323971168e+01,-7.894466046555774597e+01,-9.007647687949508963e+01,-8.884932804936369166e+01,-8.100138704821699775e+01
8.099425725018227240e+01,-7.826866258597112846e+01,-7.898983227525901896e+01,-8.735388881096244518e+01,-8.882324903469246635e+01,-8.089857817584400834e+01
8.146207678372535099e+01,-7.831814573753572972e+01,-7.903503606516986224e+01,-8.530088000883309007e+01,-8.879792882158253065e+01,-8.075346303544850457e+01
8.193259842385472780e+01,-7.836763502835805184e+01,-7.908027161514444003e+01,-8.367363679029273271e+01,-8.877335492379516779e+01,-8.057352436165180620e+01
8.240583777782798336e+01,-7.841713038962515725e+01,-7.912553870653209742e+01,-8.233888170003091034e+01,-8.874951517307920312e+01,-8.036658140710653697e+01
8.288181054304972406e+01,-7.846663175327859108e+01,-7.917083712216945912e+01,-8.121736159470798100e+01,-8.872639770830619455e+01,-8.014020474629970181e+01
8.336053250759211153e+01,-7.851613905200656518e+01,-7.921616664637235772e+01,-8.025849642784467619e+01,-8.870399096506520209e+01,-7.990131425745347826e+01
8.384201955071844736e+01,-7.856565221923604270e+01,-7.926152706492780453e+01,-7.942815412311003342e+01,-8.868228366569333332e+01,-7.965595670622118973e+01
8.432628764341015426e+01,-7.861517118912512103e+01,-7.930691816508604575e+01,-7.870226147454481236e+01,-8.866126480972081936e+01,-7.940922845366119986e+01
8.481335284889631509e+01,-7.866469589655520167e+01,-7.935233973555241960e+01,-7.806322536918966648e+01,-8.864092366471010109e+01,-7.916529876342916339e+01
8.530323132318666524e+01,-7.871422627712351527e+01,-7.939779156647935565e+01,-7.749780926714602458e+01,-8.862124975746976929e+01,-7.892749267763240084e+01
8.579593931560721387e+01,-7.876376226713556150e+01,-7.944327344945830305e+01,-7.699581135104372720e+01,-8.860223286562481348e+01,-7.869840190795011381e+01
8.629149316933956015e+01,-7.881330380359757726e+01,-7.948878517751167294e+01,-7.654920797053304682e+01,-8.858386300952652448e+01,-7.848000251050406462e+01
8.678990932196288099e+01,-7.886285082420926074e+01,-7.953432654508478095e+01,-7.615157937271104061e+01,-8.856613044448539540e+01,-7.827376675634832282e+01
8.729120430599900260e+01,-7.891240326735636756e+01,-7.957989734803774695e+01,-7.579771329907185873e+01,-8.854902565331201458e+01,-7.808076285093692093e+01
8.779539474946101052e+01,-7.896196107210352011e+01,-7.962549738363745178e+01,-7.548332437857800414e+01,-8.853253933915121365e+01,-7.790174019350840240e+01
8.830249737640474450e+01,-7.901152417818698837e+01,-7.967112645054942277e+01,-7.520485108558334275e+01,-8.851666241859611262e+01,-7.773720022469763080e+01
8.881252900748349077e+01,-7.906109252600762716e+01,-7.971678434882986153e+01,-7.495930597091961545e+01,-8.850138601506863267e+01,-7.758745412365671257e+01
8.932550656050584337e+01,-7.911066605662378493e+01,-7.976247087991744422e+01,-7.474416330372514494e+01,-8.848670145245472440e+01,-7.745266911606019278e+01
8.984144705099711814e+01,-7.916024471174436883e+01,-7.980818584662534931e+01,-7.455727351148988191e+01,-8.847260024898230313e+01,-7.733290524537125066e+01
9.036036759276358055e+01,-7.920982843372193827e+01,-7.985392905313315737e+01,-7.439679716324744163e+01,-8.845907411133104858e+01,-7.722814433925897504e+01
9.088228539846002718e+01,-7.925941716554585526e+01,-7.989970030497880771e+01,-7.426115343929225787e+01,-8.844611492896375182e+01,-7.713831269023012283e+01
9.140721778016096266e+01,-7.930901085083549162e+01,-7.994549940905052665e+01,-7.414897950166009366e+01,-8.843371476866906278e+01,-7.706329873187559087e+01
9.193518214993476079e+01,-7.935860943383362098e+01,-7.999132617357885522e+01,-7.405909818265195099e+01,-8.842186586930644410e+01,-7.700296676416692776e+01
9.246619602042103736e+01,-7.940821285939961172e+01,-8.003718040812850631e+01,-7.399049210533611642e+01,-8.841056063674446364e+01,-7.695716757895561955e+01
9.300027700541184572e+01,-7.945782107300304631e+01,-8.008306192359049192e+01,-7.394228284159463271e+01,-8.839979163898389913e+01,-7.692574666493757718e+01
9.353744282043572866e+01,-7.950743402071705646e+01,-8.012897053217392340e+01,-7.391371406575655101e+01,-8.838955160145749801e+01,-7.690855052942524139e+01
9.407771128334547939e+01,-7.955705164921195660e+01,-8.017490604739819560e+01,-7.390413791838267343e+01,-8.837983340249917319e+01,-7.690543155924409291e+01
9.462110031490888673e+01,-7.960667390574884905e+01,-8.022086828408487236e+01,-7.391300398394291449e+01,-8.837063006897503215e+01,-7.691625175075671450e+01
9.516762793940357312e+01,-7.965630073817328594e+01,-8.026685705834977114e+01,-7.393985042805346097e+01,-8.836193477206948899e+01,-7.694088556568590320e+01
9.571731228521461787e+01,-7.970593209490903064e+01,-8.031287218759501911e+01,-7.398429694776298504e+01,-8.835374082321987999e+01,-7.697922211107004387e+01
9.627017158543574737e+01,-7.975556792495186187e+01,-8.035891349050106669e+01,-7.404603927196438917e+01,-8.834604167019347187e+01,-7.703116679536083211e+01
9.682622417847449015e+01,-7.980520817786343457e+01,-8.040498078701881468e+01,-7.412484501504353318e+01,-8.833883089330086591e+01,-7.709664257556721623e+01
9.738548850866023088e+01,-7.985485280376521189e+01,-8.045107389836161360e+01,-7.422055074040937939e+01,-8.833210220174011340e+01,-7.717559088024586345e+01
9.794798312685594510e+01,-7.990450175333242555e+01,-8.049719264699746191e+01,-7.433306013532033774e+01,-8.832584943006621359e+01,-7.726797226816336206e+01
9.851372669107374236e+01,-7.995415497778819258e+01,-8.054333685664110476e+01,-7.446234323738744365e+01,-8.832006653478087799e+01,-7.737376686104595080e+01
9.908273796709360681e+01,-8.000381242889753253e+01,-8.058950635224618964e+01,-7.460843668859038758e+01,-8.831474759103782901e+01,-7.749297456952558605e+01
9.965503582908600322e+01,-8.005347405896162627e+01,-8.063570095999743614e+01,-7.477144502680189930e+01,-8.830988678945874426e+01,-7.762561511303937323e+01
1.002306392602376661e+02,-8.010313982081197537e+01,-8.068192050730274900e+01,-7.495154305946417139e+01,-8.830547843305555489e+01,-7.777172781565164428e+01
1.008095673533814960e+02,-8.015280966780467509e+01,-8.072816482278555839e+01,-7.514897940142408572e+01,-8.830151693425479209e+01,-7.793137113945098804e+01
1.013918393116299086e+02,-8.020248355381485794e+01,-8.077443373627694712e+01,-7.536408130092573288e+01,-8.829799681202024431e+01,-7.810462189362404217e+01
1.019774744490116376e+02,-8.025216143323095253e+01,-8.082072707880797680e+01,-7.559726092752070770e+01,-8.829491268906954815e+01,-7.829157402925216047e+01
1.025664921911124878e+02,-8.030184326094925495e+01,-8.086704468260187184e+01,-7.584902335598228262e+01,-8.829225928918161515e+01,-7.849233689479871146e+01
1.031589120757196554e+02,-8.035152899236834401e+01,-8.091338638106645931e+01,-7.611997655623476078e+01,-8.829003143459101466e+01,-7.870703278313214923e+01
1.037547537534697852e+02,-8.040121858338372363e+01,-8.095975200878633871e+01,-7.641084379637960922e+01,-8.828822404346594510e+01,-7.893579354419692606e+01
1.043540369885009369e+02,-8.045091199038240859e+01,-8.100614140151540710e+01,-7.672247899272780103e+01,-8.828683212746702225e+01,-7.917875596432384100e+01
1.049567816591076621e+02,-8.050060917023758122e+01,-8.105255439616904312e+01,-7.705588570902219203e+01,-8.828585078938317565e+01,-7.943605551856363434e+01
1.055630077584010849e+02,-8.055031008030340445e+01,-8.109899083081668891e+01,-7.741224073365059155e+01,-8.828527522084243628e+01,-7.970781798012080799e+01
1.061727353949716246e+02,-8.060001467840965006e+01,-8.114545054467414786e+01,-7.779292347341338143e+01,-8.828510070009413369e+01,-7.999414821361011718e+01
1.067859847935560680e+02,-8.064972292285675337e+01,-8.119193337809618072e+01,-7.819955283189901252e+01,-8.828532258986037107e+01,-8.029511527794770132e+01
1.074027762957084917e+02,-8.069943477241046992e+01,-8.123843917256883174e+01,-7.863403384539486751e+01,-8.828593633525397877e+01,-8.061073271171481736e+01
1.080231303604749371e+02,-8.074915018629698693e+01,-8.128496777070208168e+01,-7.909861721435551374e+01,-8.828693746176041657e+01,-8.094093256137350068e+01
1.086470675650721915e+02,-8.079886912419787848e+01,-8.133151901622227342e+01,-7.959597612810486567e+01,-8.828832157328152164e+01,-8.128553133941940700e+01
1.092746086055698669e+02,-8.084859154624504640e+01,-8.137809275396479336e+01,-8.012930664855680618e+01,-8.829008435023867207e+01,-8.164418567583501840e+01
1.099057742975775511e+02,-8.089831741301601653e+01,-8.142468882986662493e+01,-8.070246074722771823e+01,-8.829222154773319176e+01,-8.201633498852133641e+01
1.105405855769348733e+02,-8.094804668552887961e+01,-8.147130709095893053e+01,-8.132012547135835234e+01,-8.829472899376214912e+01,-8.240112813105668010e+01
1.111790635004059595e+02,-8.099777932523761592e+01,-8.151794738535983242e+01,-8.198806867510134566e+01,-8.829760258748734714e+01,-8.279733084618273153e+01
1.118212292463780244e+02,-8.104751529402730625e+01,-8.156460956226696624e+01,-8.271348312783493384e+01,-8.830083829755567137e+01,-8.320321126546664914e+01
1.124671041155638420e+02,-8.109725455420944229e+01,-8.161129347195036132e+01,-8.350548000827244266e+01,-8.830443216046916177e+01,-8.361640215806566800e+01
1.131167095317079117e+02,-8.114699706851720862e+01,-8.165799896574499428e+01,-8.437581638519526450e+01,-8.830838027900267662e+01,-8.403374192524248087e+01
1.137700670422977396e+02,-8.119674280010094947e+01,-8.170472589604379721e+01,-8.534000256338066492e+01,-8.831267882066795494e+01,-8.445110252445638821e+01
1.144271983192781477e+02,-8.124649171252359281e+01,-8.175147411629029648e+01,-8.641905243799737946e+01,-8.831732401622207362e+01,-8.486322275691703965e+01
1.150881251597702430e+02,-8.129624376975613131e+01,-8.179824348097162101e+01,-8.764237721613083920e+01,-8.832231215821906289e+01,-8.526358035851808381e+01
1.157528694867943670e+02,-8.134599893617308908e+01,-8.184503384561122630e+01,-8.905283466308303275e+01,-8.832763959960281852e+01,-8.564435503630656399e+01
1.164214533499973641e+02,-8.139575717654824416e+01,-8.189184506676190267e+01,-9.071613479733700558e+01,-8.833330275234045814e+01,-8.599655213404439280e+01
1.170938989263840853e+02,-8.144551845605015217e+01,-8.193867700199874093e+01,-9.273979062455786959e+01,-8.833929808609423162e+01,-8.631036230074784044e+01
1.177702285210524451e+02,-8.149528274023779773e+01,-8.198552950991208377e+01,-9.531473081820207938e+01,-8.834562212693087702e+01,-8.657581032833664381e+01
1.184504645679341195e+02,-8.154504999505640228e+01,-8.203240245010050558e+01,-9.880953172566006515e+01,-8.835227145606737054e+01,-8.678368181747613619e+01
1.191346296305380719e+02,-8.159482018683314664e+01,-8.207929568316394864e+01,-1.038052127429394176e+02,-8.835924270865136521e+01,-8.692661206608121915e+01
1.198227464026992237e+02,-8.164459328227295032e+01,-8.212620907069671716e+01,-1.066993308802653644e+02,-8.836653257257567873e+01,-8.700011265583685827e+01
1.205148377093311609e+02,-8.169436924845436465e+01,-8.217314247528068449e+01,-1.017086238005370404e+02,-8.837413778732550895e+01,-8.700326114812547473e+01
1.212109265071832169e+02,-8.174414805282545160e+01,-8.222009576047838664e+01,-9.753538061471647325e+01,-8.838205514285702691e+01,-8.693884156163962018e+01
1.219110358856021037e+02,-8.179392966319969105e+01,-8.226706879082620105e+01,-9.462936991287882904e+01,-8.839028147850690686e+01,-8.681288990542972783e+01
1.226151890672973224e+02,-8.184371404775203018e+01,-8.231406143182763913e+01,-9.245922101743950350e+01,-8.839881368193121602e+01,-8.663378964520235570e+01
1.233234094091121165e+02,-8.189350117501481918e+01,-8.236107354994646812e+01,-9.074621327130282111e+01,-8.840764868807306698e+01,-8.641117831457779630e+01
1.240357204027978213e+02,-8.194329101387394587e+01,-8.240810501260021681e+01,-8.934136450141062369e+01,-8.841678347815795291e+01,-8.615492432671396728e+01
1.247521456757931588e+02,-8.199308353356492773e+01,-8.245515568815329743e+01,-8.815765673828744298e+01,-8.842621507871598396e+01,-8.587434273807211582e+01
1.254727089920079806e+02,-8.204287870366903235e+01,-8.250222544591048290e+01,-8.714029665343142028e+01,-8.843594056062998732e+01,-8.557770574525930840e+01
1.261974342526116430e+02,-8.209267649410949730e+01,-8.254931415611025614e+01,-8.625268520817280660e+01,-8.844595703820898791e+01,-8.527201880660228994e+01
1.269263454968252773e+02,-8.214247687514773588e+01,-8.259642168991828726e+01,-8.546921252130260882e+01,-8.845626166828579073e+01,-8.496299274710520422e+01
1.276594669027199984e+02,-8.219227981737959965e+01,-8.264354791942082556e+01,-8.477127747814023451e+01,-8.846685164933838053e+01,-8.465513717846758368e+01
1.283968227880183122e+02,-8.224208529173171200e+01,-8.269069271761833306e+01,-8.414495192658353062e+01,-8.847772422063420095e+01,-8.435191435588566833e+01
1.291384376109009509e+02,-8.229189326945784444e+01,-8.273785595841886220e+01,-8.357953972811139920e+01,-8.848887666139634689e+01,-8.405591168066494845e+01
1.298843359708180287e+02,-8.234170372213517908e+01,-8.278503751663181731e+01,-8.306664994270285263e+01,-8.850030628999164151e+01,-8.376900807643069413e+01
1.306345426093051572e+02,-8.239151662166086965e+01,-8.283223726796140340e+01,-8.259957929123571319e+01,-8.851201046313912002e+01,-8.349252189262030299e+01
1.313890824108041500e+02,-8.244133194024843192e+01,-8.287945508900037339e+01,-8.217288808839720105e+01,-8.852398657513899138e+01,-8.322733591435803646e+01
1.321479804034879066e+02,-8.249114965042429048e+01,-8.292669085722364741e+01,-8.178210134600740844e+01,-8.853623205712105459e+01,-8.297399954113677722e+01
1.329112617600914916e+02,-8.254096972502424023e+01,-8.297394445098208848e+01,-8.142349326049055946e+01,-8.854874437631215756e+01,-8.273281038932785236e+01
1.336789517987465103e+02,-8.259079213719007839e+01,-8.302121574949629235e+01,-8.109392868821907996e+01,-8.856152103532193109e+01,-8.250387839187817463e+01
1.344510759838210845e+02,-8.264061686036627918e+01,-8.306850463285024944e+01,-8.079074445863642495e+01,-8.857455957144657077e+01,-8.228717554047145200e+01
1.352276599267644599e+02,-8.269044386829642690e+01,-8.311581098198530526e+01,-8.051165910122585956e+01,-8.858785755598979961e+01,-8.208257413009178549e+01
1.360087293869565599e+02,-8.274027313502017478e+01,-8.316313467869395026e+01,-8.025470320570710214e+01,-8.860141259360075594e+01,-8.188987594627229782e+01
1.367943102725626261e+02,-8.279010463486972071e+01,-8.321047560561380863e+01,-8.001816500957639278e+01,-8.861522232162806745e+01,-8.170883439856677910e+01
1.375844286413919804e+02,-8.283993834246675192e+01,-8.325783364622142813e+01,-7.980054738897605660e+01,-8.862928440948988396e+01,-8.153917120489927584e+01
1.383791107017631248e+02,-8.288977423271909117e+01,-8.330520868482639685e+01,-7.960053350357553370e+01,-8.864359655805921534e+01,-8.138058889098518023e+01
1.391783828133727354e+02,-8.293961228081761305e+01,-8.335260060656531778e+01,-7.941695908880134880e+01,-8.865815649906429030e+01,-8.123278008928633653e+01
1.399822714881699426e+02,-8.298945246223300387e+01,-8.340000929739579760e+01,-7.924878991157632413e+01,-8.867296199450323968e+01,-8.109543439892533456e+01
1.407908033912358121e+02,-8.303929475271282001e+01,-8.344743464409060607e+01,-7.909510327785304185e+01,-8.868801083607307589e+01,-8.096824339183014274e+01
1.416040053416678575e+02,-8.308913912827819104e+01,-8.349487653423175004e+01,-7.895507274997194713e+01,-8.870330084461215847e+01,-8.085090421385608295e+01
1.424219043134697529e+02,-8.313898556522099170e+01,-8.354233485620466126e+01,-7.882795542912140263e+01,-8.871882986955604622e+01,-8.074312212395972210e+01
1.432445274364454804e+02,-8.318883404010064453e+01,-8.358980949919231307e+01,-7.871308130440174011e+01,-8.873459578840625284e+01,-8.064461223335065654e+01
1.440719019971000989e+02,-8.323868452974130605e+01,-8.363730035316962130e+01,-7.860984427962382881e+01,-8.875059650621155072e+01,-8.055510064447418017e+01
1.449040554395442655e+02,-8.328853701122878306e+01,-8.368480730889744734e+01,-7.851769457175588229e+01,-8.876682995506138241e+01,-8.047432514207386589e+01
1.457410153664047243e+02,-8.333839146190771885e+01,-8.373233025791716955e+01,-7.843613223839561499e+01,-8.878329409359123758e+01,-8.040203555242069910e+01
1.465828095397397703e+02,-8.338824785937868000e+01,-8.377986909254481418e+01,-7.836470164027812757e+01,-8.879998690649946980e+01,-8.033799385895466116e+01
1.474294658819605388e+02,-8.343810618149531422e+01,-8.382742370586555580e+01,-7.830298668282486574e+01,-8.881690640407533976e+01,-8.028197414150290001e+01
1.482810124767563025e+02,-8.348796640636140864e+01,-8.387499399172803294e+01,-7.825060671045325478e+01,-8.883405062173798683e+01,-8.023376239010808320e+01
1.491374775700270447e+02,-8.353782851232836038e+01,-8.392257984473889110e+01,-7.820721295067259859e+01,-8.885141761958581696e+01,-8.019315623206473731e+01
1.499988895708197845e+02,-8.358769247799214952e+01,-8.397018116025716949e+01,-7.817248542371342523e+01,-8.886900548195657734e+01,-8.015996460143510660e+01
1.508652770522710398e+02,-8.363755828219078126e+01,-8.401779783438881566e+01,-7.814613024815861309e+01,-8.888681231699690954e+01,-8.013400737298027821e+01
1.517366687525546070e+02,-8.368742590400154313e+01,-8.406542976398137057e+01,-7.812787728519757025e+01,-8.890483625624212038e+01,-8.011511497709834373e+01
1.526130935758347960e+02,-8.373729532273826237e+01,-8.411307684661838380e+01,-7.811747807359020612e+01,-8.892307545420518977e+01,-8.010312800796694432e+01
1.534945805932253506e+02,-8.378716651794876213e+01,-8.416073898061414127e+01,-7.811470401546205267e+01,-8.894152808797511511e+01,-8.009789683401177740e+01
1.543811590437530867e+02,-8.383703946941221830e+01,-8.420841606500826515e+01,-7.811934477941829869e+01,-8.896019235682413751e+01,-8.009928121730575867e+01
1.552728583353288059e+02,-8.388691415713654465e+01,-8.425610799956039898e+01,-7.813120689281976183e+01,-8.897906648182379286e+01,-8.010714994668737177e+01
1.561697080457219613e+02,-8.393679056135587757e+01,-8.430381468474506335e+01,-7.815011249936704019e+01,-8.899814870546948953e+01,-8.012138048790853873e+01
1.570717379235420026e+02,-8.398666866252798968e+01,-8.435153602174621312e+01,-7.817589826187122526e+01,-8.901743729131324301e+01,-8.014185865313585566e+01
1.579789778892252343e+02,-8.403654844133193080e+01,-8.439927191245220683e+01,-7.820841439309522514e+01,-8.903693052360461024e+01,-8.016847829129993386e+01
1.588914580360270179e+02,-8.408642987866531371e+01,-8.444702225945053442e+01,-7.824752380007558372e+01,-8.905662670693948257e+01,-8.020114100017609360e+01
1.598092086310204820e+02,-8.413631295564213985e+01,-8.449478696602272976e+01,-7.829310132954543633e+01,-8.907652416591632516e+01,-8.023975586069396115e+01
1.607322601160994964e+02,-8.418619765359011353e+01,-8.454256593613925475e+01,-7.834503310386993746e+01,-8.909662124480024659e+01,-8.028423919363299888e+01
1.616606431089896319e+02,-8.423608395404849603e+01,-8.459035907445442604e+01,-7.840321593847927772e+01,-8.911691630719388968e+01,-8.033451433865846525e+01
1.625943884042630430e+02,-8.428597183876559029e+01,-8.463816628630142702e+01,-7.846755683312248664e+01,-8.913740773571574039e+01,-8.039051145550756416e+01
1.635335269743600293e+02,-8.433586128969639617e+01,-8.468598747768723456e+01,-7.853797253041730642e+01,-8.915809393168510155e+01,-8.045216734704597172e+01
1.644780899706165087e+02,-8.438575228900036507e+01,-8.473382255528774465e+01,-7.861438913619520008e+01,-8.917897331481397316e+01,-8.051942530388620867e+01
1.654281087242973456e+02,-8.443564481903908359e+01,-8.478167142644278442e+01,-7.869674179699195804e+01,-8.920004432290531327e+01,-8.059223497021493188e+01
1.663836147476350789e+02,-8.448553886237397137e+01,-8.482953399915119519e+01,-7.878497443085888108e+01,-8.922130541155769379e+01,-8.067055223053350232e+01
1.673446397348760684e+02,-8.453543440176410684e+01,-8.487741018206607180e+01,-7.887903950833960209e+01,-8.924275505387633700e+01,-8.075433911701502154e+01
1.683112155633312170e+02,-8.458533142016392503e+01,-8.492529988448980305e+01,-7.897889788110431653e+01,-8.926439174018995004e+01,-8.084356373724169487e+01
1.692833742944334574e+02,-8.463522990072112862e+01,-8.497320301636941053e+01,-7.908451865631845124e+01,-8.928621397777374114e+01,-8.093820022214390519e+01
1.702611481748012920e+02,-8.468512982677444256e+01,-8.502111948829167432e+01,-7.919587911536851266e+01,-8.930822029057794964e+01,-8.103822869402981155e+01
1.712445696373083024e+02,-8.473503118185149674e+01,-8.506904921147842913e+01,-7.931296467610937384e+01,-8.933040921896220254e+01,-8.114363525468858995e+01
1.722336713021593084e+02,-8.478493394966670849e+01,-8.511699209778197428e+01,-7.943576889821204645e+01,-8.935277931943517160e+01,-8.125441199354442290e+01
1.732284859779715021e+02,-8.483483811411917941e+01,-8.516494805968021353e+01,-7.956429353182572584e+01,-8.937532916439970165e+01,-8.137055701605292768e+01
1.742290466628638228e+02,-8.488474365929062060e+01,-8.521291701027222132e+01,-7.969854861015355141e+01,-8.939805734190315434e+01,-8.149207449250411628e+01
1.752353865455509094e+02,-8.493465056944330627e+01,-8.526089886327353895e+01,-7.983855258709066050e+01,-8.942096245539264032e+01,-8.161897472751560656e+01
1.762475390064440148e+02,-8.498455882901805580e+01,-8.530889353301161293e+01,-7.998433252157005313e+01,-8.944404312347552377e+01,-8.175127425054341757e+01
1.772655376187582590e+02,-8.503446842263218741e+01,-8.535690093442129012e+01,-8.013592431098138036e+01,-8.946729797968455955e+01,-8.188899592795877425e+01
1.782894161496263905e+02,-8.508437933507762807e+01,-8.540492098304029867e+01,-8.029337297633412618e+01,-8.949072567224766317e+01,-8.203216909701728810e+01
1.793192085612187725e+02,-8.513429155131879611e+01,-8.545295359500484267e+01,-8.045673300292249053e+01,-8.951432486386266874e+01,-8.218082972250087437e+01
1.803549490118695076e+02,-8.518420505649081065e+01,-8.550099868704501205e+01,-8.062606874057030382e+01,-8.953809423147612279e+01,-8.233502057645819150e+01
1.813966718572102366e+02,-8.523411983589750207e+01,-8.554905617648053351e+01,-8.080145486872636695e+01,-8.956203246606683877e+01,-8.249479144183362678e+01
1.824444116513092524e+02,-8.528403587500949357e+01,-8.559712598121632254e+01,-8.098297693237793737e+01,-8.958613827243351579e+01,-8.266019934054401119e+01
1.834982031478176623e+02,-8.533395315946242476e+01,-8.564520801973816333e+01,-8.117073195611820324e+01,-8.961041036898662071e+01,-8.283130878679861553e+01
1.845580813011223142e+02,-8.538387167505496222e+01,-8.569330221110837442e+01,-8.136482914452130899e+01,-8.963484748754440545e+01,-8.300819206597867606e+01
1.856240812675053178e+02,-8.543379140774703728e+01,-8.574140847496154549e+01,-8.156539067909334051e+01,-8.965944837313281823e+01,-8.319092953988443639e+01
1.866962384063095328e+02,-8.548371234365805549e+01,-8.578952673150027408e+01,-8.177255262307130579e+01,-8.968421178378937952e+01,-8.337960997829709697e+01
1.877745882811124147e+02,-8.553363446906503498e+01,-8.583765690149095917e+01,-8.198646594785762431e+01,-8.970913649037079551e+01,-8.357433091698374028e+01
1.888591666609050890e+02,-8.558355777040088697e+01,-8.588579890625963742e+01,-8.220729769720398394e+01,-8.973422127636445111e+01,-8.377519904179681021e+01
1.899500095212788722e+02,-8.563348223425258254e+01,-8.593395266768771990e+01,-8.243523230779446465e+01,-8.975946493770328516e+01,-8.398233059765438213e+01
1.910471530456186429e+02,-8.568340784735954685e+01,-8.598211810820798462e+01,-8.267047310856291631e+01,-8.978486628258438884e+01,-8.419585182065307549e+01
1.921506336263030619e+02,-8.573333459661184008e+01,-8.603029515080045542e+01,-8.291324402511119729e+01,-8.981042413129115687e+01,-8.441589939042584945e+01
1.932604878659118697e+02,-8.578326246904843799e+01,-8.607848371898826656e+01,-8.316379152032764921e+01,-8.983613731601843710e+01,-8.464262089820188351e+01
1.943767525784391808e+02,-8.583319145185564025e+01,-8.612668373683368372e+01,-8.342238680851912136e+01,-8.986200468070151715e+01,-8.487617532426513378e+01
1.954994647905159297e+02,-8.588312153236537938e+01,-8.617489512893405390e+01,-8.368932838737987367e+01,-8.988802508084789622e+01,-8.511673351560912693e+01
1.966286617426370356e+02,-8.593305269805354385e+01,-8.622311782041785477e+01,-8.396494494122877938e+01,-8.991419738337245349e+01,-8.536447865122698886e+01
1.977643808903971490e+02,-8.598298493653837227e+01,-8.627135173694078674e+01,-8.424959867980250294e+01,-8.994052046643571430e+01,-8.561960667766170729e+01
1.989066599057327949e+02,-8.603291823557887597e+01,-8.631959680468172280e+01,-8.454368919065159105e+01,-8.996699321928491599e+01,-8.588232669134173136e+01
2.000555366781721602e+02,-8.608285258307321897e+01,-8.636785295033894272e+01,-8.484765790002117569e+01,-8.999361454209834221e+01,-8.615286123584414213e+01
2.012110493160919020e+02,-8.613278796705716900e+01,-8.641612010112622499e+01,-8.516199325846928048e+01,-9.002038334583230039e+01,-8.643144647135346759e+01
2.023732361479806059e+02,-8.618272437570252009e+01,-8.646439818476892469e+01,-8.548723679471969206e+01,-9.004729855207095568e+01,-8.671833215938977446e+01
2.035421357237111977e+02,-8.623266179731552938e+01,-8.651268712950036388e+01,-8.582399021523170290e+01,-9.007435909287909226e+01,-8.701378138644795968e+01
2.047177868158188971e+02,-8.628260022033552445e+01,-8.656098686405783837e+01,-8.617292377126291569e+01,-9.010156391065736159e+01,-8.731806992509078214e+01
2.059002284207875277e+02,-8.633253963333325487e+01,-8.660929731767902240e+01,-8.653478617234503645e+01,-9.012891195800021649e+01,-8.763148509764099003e+01
2.070894997603430170e+02,-8.638248002500947109e+01,-8.665761842009813165e+01,-8.691041639923338380e+01,-9.015640219755655949e+01,-8.795432396301268341e+01
2.082856402827545992e+02,-8.643242138419350340e+01,-8.670595010154232796e+01,-8.730075786752692579e+01,-9.018403360189282125e+01,-8.828689058858815031e+01
2.094886896641424414e+02,-8.648236369984167027e+01,-8.675429229272796761e+01,-8.770687552358606354e+01,-9.021180515335839800e+01,-8.862949209136858997e+01
2.106986878097950182e+02,-8.653230696103599939e+01,-8.680264492485702021e+01,-8.812997662876226457e+01,-9.023971584395363266e+01,-8.898243302923981446e+01
2.119156748554919716e+02,-8.658225115698273555e+01,-8.685100792961337390e+01,-8.857143622687942752e+01,-9.026776467520031133e+01,-8.934600758852270985e+01
2.131396911688354692e+02,-8.663219627701090531e+01,-8.689938123915939627e+01,-8.903282861595114639e+01,-9.029595065801407827e+01,-8.972048883515418538e+01
2.143707773505893783e+02,-8.668214231057100960e+01,-8.694776478613221116e+01,-8.951596660222016055e+01,-9.032427281257943719e+01,-9.010611406598600581e+01
2.156089742360258867e+02,-8.673208924723357427e+01,-8.699615850364024539e+01,-9.002295095947859238e+01,-9.035273016822679892e+01,-9.050306499807034299e+01
2.168543228962803084e+02,-8.678203707668782840e+01,-8.704456232525971870e+01,-9.055623344361268323e+01,-9.038132176331190237e+01,-9.091144115593708364e+01
2.181068646397124837e+02,-8.683198578874034013e+01,-8.709297618503114791e+01,-9.111869806775811753e+01,-9.041004664509701172e+01,-9.133122435088787938e+01
2.193666410132783255e+02,-8.688193537331375182e+01,-8.714140001745593622e+01,-9.171376736092703652e+01,-9.043890386963451533e+01,-9.176223159355124892e+01
2.206336938039070503e+02,-8.693188582044538748e+01,-8.718983375749286324e+01,-9.234554340402232242e+01,-9.046789250165238627e+01,-9.220405317298217085e+01
2.219080650398874752e+02,-8.698183712028597370e+01,-8.723827734055470273e+01,-9.301899821524870049e+01,-9.049701161444167496e+01,-9.265597205201316910e+01
2.231897969922620746e+02,-8.703178926309840335e+01,-8.728673070250496835e+01,-9.374023569127814426e+01,-9.052626028974594874e+01,-9.311686035311352327e+01
2.244789321762291934e+02,-8.708174223925645663e+01,-8.733519377965438935e+01,-9.451685986470377543e+01,-9.055563761765262143e+01,-9.358504889312881403e+01
2.257755133525534745e+02,-8.713169603924345097e+01,-8.738366650875764208e+01,-9.535850557597893840e+01,-9.058514269648617301e+01,-9.405816709632060224e+01
2.270795835289831928e+02,-8.718165065365113264e+01,-8.743214882701013835e+01,-9.627762529973995242e+01,-9.061477463270313137e+01,-9.453295418578163378e+01
2.283911859616784739e+02,-8.723160607317835513e+01,-8.748064067204458638e+01,-9.729069518977672715e+01,-9.064453254078898681e+01,-9.500504979615726597e+01
2.297103641566449141e+02,-8.728156228862992805e+01,-8.752914198192789286e+01,-9.842013756745967612e+01,-9.067441554315671226e+01,-9.546878483084589107e+01
2.310371618711770907e+02,-8.733151929091536658e+01,-8.757765269515785178e+01,-9.969753213152125682e+01,-9.070442277004696052e+01,-9.591701284480828349e+01
2.323716231153098875e+02,-8.738147707104775463e+01,-8.762617275065994704e+01,-1.011692913093083348e+02,-9.073455335943026512e+01,-9.634104761641853543e+01
2.337137921532784048e+02,-8.743143562014252268e+01,-8.767470208778421181e+01,-1.029074039542884265e+02,-9.076480645691040650e+01,-9.673079771397426896e+01
2.350637135049863957e+02,-8.748139492941633932e+01,-8.772324064630204532e+01,-1.050315269140607484e+02,-9.079518121562978195e+01,-9.707519886506817386e+01
2.364214319474820059e+02,-8.753135499018590338e+01,-8.777178836640305803e+01,-1.077586607020218565e+02,-9.082567679617618239e+01,-9.736301623758930646e+01
2.377869925164445419e+02,-8.758131579386683541e+01,-8.782034518869204476e+01,-1.115159729098101309e+02,-9.085629236649113238e+01,-9.758399953421756834e+01
2.391604405076773503e+02,-8.763127733197262614e+01,-8.786891105418584402e+01,-1.168517698694878248e+02,-9.088702710177977906e+01,-9.773022822423899925e+01
2.405418214786104159e+02,-8.768123959611338591e+01,-8.791748590431025434e+01,-1.180604291040310443e+02,-9.091788018442224484e+01,-9.779733696960164480e+01
2.419311812498116296e+02,-8.773120257799490673e+01,-8.796606968089704992e+01,-1.127361578954922408e+02,-9.094885080388641541e+01,-9.778525815896364293e+01
2.433285659065068671e+02,-8.778116626941745437e+01,-8.801466232618098218e+01,-1.088166599995312964e+02,-9.097993815664221984e+01,-9.769823098065148770e+01
2.447340218001076835e+02,-8.783113066227471677e+01,-8.806326378279672440e+01,-1.060618529522355544e+02,-9.101114144607721812e+01,-9.754407384030702133e+01
2.461475955497501786e+02,-8.788109574855283768e+01,-8.811187399377595852e+01,-1.039788381606889089e+02,-9.104245988241368082e+01,-9.733296610945305360e+01
2.475693340438404562e+02,-8.793106152032925138e+01,-8.816049290254439086e+01,-1.023177149551048757e+02,-9.107389268262684823e+01,-9.707610167726596728e+01
2.489992844416101718e+02,-8.798102796977168794e+01,-8.820912045291888148e+01,-1.009434594911784302e+02,-9.110543907036466749e+01,-9.678452694468506934e+01
2.504374941746807508e+02,-8.803099508913720683e+01,-8.825775658910447419e+01,-9.977621948581273159e+01,-9.113709827586873757e+01,-9.646832965958941486e+01
2.518840109486367567e+02,-8.808096287077108855e+01,-8.830640125569163956e+01,-9.876519079639777488e+01,-9.116886953589649067e+01,-9.613619853678048344e+01
2.533388827446085259e+02,-8.813093130710592504e+01,-8.835505439765329072e+01,-9.787615760835473111e+01,-9.120075209364472357e+01,-9.579528288202745046e+01
2.548021578208626465e+02,-8.818090039066051133e+01,-8.840371596034196955e+01,-9.708501934515750520e+01,-9.123274519867420906e+01,-9.545125153927337180e+01
2.562738847144042893e+02,-8.823087011403899282e+01,-8.845238588948714664e+01,-9.637417794170767138e+01,-9.126484810683561477e+01,-9.510845987251499878e+01
2.577541122425861886e+02,-8.828084046992984213e+01,-8.850106413119232229e+01,-9.573039924104206477e+01,-9.129706008019647356e+01,-9.477015849438541295e+01
2.592428895047279980e+02,-8.833081145110486432e+01,-8.854975063193224116e+01,-9.514348390286180290e+01,-9.132938038696954663e+01,-9.443870292684026424e+01
2.607402658837451668e+02,-8.838078305041834426e+01,-8.859844533855027748e+01,-9.460540712167171762e+01,-9.136180830144191134e+01,-9.411574299729279858e+01
2.622462910477867695e+02,-8.843075526080599502e+01,-8.864714819825559289e+01,-9.410974230406226582e+01,-9.139434310390548433e+01,-9.380238360362750427e+01
2.637610149518833396e+02,-8.848072807528413364e+01,-8.869585915862046477e+01,-9.365126343733324177e+01,-9.142698408058855364e+01,-9.349931582492034465e+01
2.652844878396029458e+02,-8.853070148694868635e+01,-8.874457816757757200e+01,-9.322566367321770997e+01,-9.145973052358827715e+01,-9.320692099784032791e+01
2.668167602447191484e+02,-8.858067548897437860e+01,-8.879330517341743700e+01,-9.282935168372767976e+01,-9.149258173080427525e+01,-9.292535178343922553e+01
2.683578829928862888e+02,-8.863065007461371181e+01,-8.884204012478564039e+01,-9.245930138606857440e+01,-9.152553700587333196e+01,-9.265459445466119348e+01
2.699079072033256921e+02,-8.868062523719622448e+01,-8.889078297068033407e+01,-9.211293910996617740e+01,-9.155859565810489187e+01,-9.239451626642190263e+01
2.714668842905211932e+02,-8.873060097012751157e+01,-8.893953366044951281e+01,-9.178805755652398091e+01,-9.159175700241776497e+01,-9.214490118960307541e+01
2.730348659659247232e+02,-8.878057726688837192e+01,-8.898829214378852726e+01,-9.148274926900590742e+01,-9.162502035927766997e+01,-9.190547668124806080e+01
2.746119042396708210e+02,-8.883055412103401238e+01,-8.903705837073746920e+01,-9.119535454074730296e+01,-9.165838505463570129e+01,-9.167593360871006780e+01
2.761980514223031946e+02,-8.888053152619313835e+01,-8.908583229167868467e+01,-9.092442016013073669e+01,-9.169185041986781926e+01,-9.145594097743186524e+01
2.777933601265089010e+02,-8.893050947606717216e+01,-8.913461385733418751e+01,-9.066866639742679013e+01,-9.172541579171522130e+01,-9.124515673237192459e+01
2.793978832688636089e+02,-8.898048796442935782e+01,-8.918340301876318676e+01,-9.042696033504626030e+01,-9.175908051222552331e+01,-9.104323560305005003e+01
2.810116740715870947e+02,-8.903046698512403623e+01,-8.923219972735961392e+01,-9.019829413296393739e+01,-9.179284392869490716e+01,-9.084983472846391805e+01
2.826347860643084573e+02,-8.908044653206574992e+01,-8.928100393484960762e+01,-8.998176717387950418e+01,-9.182670539361114947e+01,-9.066461762058042950e+01
2.842672730858420778e+02,-8.913042659923851829e+01,-8.932981559328919730e+01,-8.977657128548219134e+01,-9.186066426459744605e+01,-9.048725688719156324e+01
2.859091892859722179e+02,-8.918040718069497075e+01,-8.937863465506165994e+01,-8.958197842507338748e+01,-9.189471990435693272e+01,-9.031743603230621886e+01
2.875605891272509780e+02,-8.923038827055560773e+01,-8.942746107287534585e+01,-8.939733035055597554e+01,-9.192887168061842829e+01,-9.015485057398423407e+01
2.892215273868037002e+02,-8.928036986300804756e+01,-8.947629479976112066e+01,-8.922202990491672381e+01,-9.196311896608241909e+01,-8.999920865948197957e+01
2.908920591581461395e+02,-8.933035195230628744e+01,-8.952513578907009162e+01,-8.905553362149753127e+01,-9.199746113836835093e+01,-8.985023131404688002e+01
2.925722398530118653e+02,-8.938033453276983664e+01,-8.957398399447120596e+01,-8.889734541644216392e+01,-9.203189757996227627e+01,-8.970765242485919089e+01
2.942621252031905783e+02,-8.943031759878302012e+01,-8.962283936994893452e+01,-8.874701118269157973e+01,-9.206642767816562412e+01,-8.957121853744263262e+01
2.959617712623766579e+02,-8.948030114479438168e+01,-8.967170186980092694e+01,-8.860411413449864426e+01,-9.210105082504438201e+01,-8.944068852116656387e+01
2.976712344080274875e+02,-8.953028516531571768e+01,-8.972057144863582323e+01,-8.846827078127780908e+01,-9.213576641737915907e+01,-8.931583314724379363e+01
2.993905713432352513e+02,-8.958026965492150850e+01,-8.976944806137075261e+01,-8.833912743116776767e+01,-9.217057385661605906e+01,-8.919643461086792513e+01
3.011198390986065192e+02,-8.963025460824816548e+01,-8.981833166322934403e+01,-8.821635714296192532e+01,-9.220547254881815036e+01,-8.908228602124367512e+01
3.028590950341545067e+02,-8.968024001999336292e+01,-8.986722220973925346e+01,-8.809965705885132081e+01,-9.224046190461750427e+01,-8.897319087655363035e+01
3.046083968412012837e+02,-8.973022588491525653e+01,-8.991611965673010332e+01,-8.798874606275069254e+01,-9.227554133916822821e+01,-8.886896253694959569e+01
3.063678025442922035e+02,-8.978021219783188656e+01,-8.996502396033116611e+01,-8.788336271694092261e+01,-9.231071027209976876e+01,-8.876942370384271896e+01
3.081373705031188592e+02,-8.983019895362045304e+01,-9.001393507696916174e+01,-8.778326343891733075e+01,-9.234596812747130912e+01,-8.867440591255373761e+01
3.099171594144572168e+02,-8.988018614721660526e+01,-9.006285296336616852e+01,-8.768822088527204528e+01,-9.238131433372645063e+01,-8.858374904219785151e+01
3.117072283141129674e+02,-8.993017377361384490e+01,-9.011177757653743470e+01,-8.759802251501952242e+01,-9.241674832364864756e+01,-8.849730084562102661e+01
3.135076365788802377e+02,-8.998016182786287231e+01,-9.016070887378918997e+01,-8.751246930906955868e+01,-9.245226953431736661e+01,-8.841491650116495293e+01
3.153184439285111011e+02,-9.003015030507086180e+01,-9.020964681271655650e+01,-8.743137462586162201e+01,-9.248787740706463012e+01,-8.833645818703925556e+01
3.171397104276965706e+02,-9.008013920040086475e+01,-9.025859135120143151e+01,-8.735456317611836141e+01,-9.252357138743244036e+01,-8.826179467850400329e+01
3.189714964880590742e+02,-9.013012850907117013e+01,-9.030754244741044090e+01,-8.728187010210356789e+01,-9.255935092513057327e+01,-8.819080096762419885e+01
3.208138628701552193e+02,-9.018011822635466501e+01,-9.035650005979270816e+01,-8.721314014891365218e+01,-9.259521547399494068e+01,-8.812335790514109135e+01
3.226668706854929951e+02,-9.023010834757826615e+01,-9.040546414707803535e+01,-8.714822691693898093e+01,-9.263116449194676250e+01,-8.805935186368509449e+01
3.245305813985578425e+02,-9.028009886812219520e+01,-9.045443466827462942e+01,-8.708699218607449666e+01,-9.266719744095205158e+01,-8.799867442139958484e+01
3.264050568288513432e+02,-9.033008978341946715e+01,-9.050341158266721209e+01,-8.702930530360946193e+01,-9.270331378698170965e+01,-8.794122206506639827e+01
3.282903591529420737e+02,-9.038008108895526505e+01,-9.055239484981498777e+01,-8.697504262883823856e+01,-9.273951299997220588e+01,-8.788689591183641880e+01
3.301865509065281117e+02,-9.043007278026635731e+01,-9.060138442954958293e+01,-8.692408702777014184e+01,-9.277579455378683804e+01,-8.783560144811178816e+01
3.320936949865112524e+02,-9.048006485294044410e+01,-9.065038028197314190e+01,-8.687632741332578235e+01,-9.281215792617734905e+01,-8.778724828531645130e+01
3.340118546530824233e+02,-9.053005730261563144e+01,-9.069938236745626625e+01,-8.683165832528287353e+01,-9.284860259874618293e+01,-8.774174993060313454e+01
3.359410935318217071e+02,-9.058005012497987707e+01,-9.074839064663619581e+01,-8.678997954678871452e+01,-9.288512805690922391e+01,-8.769902357247418934e+01
3.378814756158077444e+02,-9.063004331577040773e+01,-9.079740508041476232e+01,-8.675119575307219577e+01,-9.292173378985901877e+01,-8.765898987972599343e+01
3.398330652677404942e+02,-9.068003687077309394e+01,-9.084642562995651360e+01,-8.671521618926072961e+01,-9.295841929052848229e+01,-8.762157281297763234e+01
3.417959272220762728e+02,-9.073003078582198100e+01,-9.089545225668675243e+01,-8.668195437489151800e+01,-9.299518405555505751e+01,-8.758669944839299148e+01
3.437701265871753549e+02,-9.078002505679870637e+01,-9.094448492228978864e+01,-8.665132783177695330e+01,-9.303202758524545857e+01,-8.755429981204594014e+01
3.457557288474602615e+02,-9.083001967963197387e+01,-9.099352358870689272e+01,-8.662325783362126685e+01,-9.306894938354065516e+01,-8.752430672482415730e+01
3.477527998655897932e+02,-9.088001465029692838e+01,-9.104256821813450529e+01,-8.659766917510481221e+01,-9.310594895798162440e+01,-8.749665565692095015e+01
3.497614058846424996e+02,-9.093000996481480058e+01,-9.109161877302241805e+01,-8.657448995871536113e+01,-9.314302581967523054e+01,-8.747128459134131617e+01
3.517816135303142460e+02,-9.098000561925219642e+01,-9.114067521607191225e+01,-8.655365139737190816e+01,-9.318017948326072997e+01,-8.744813389548185967e+01
3.538134898131282853e+02,-9.103000160972072763e+01,-9.118973751023395380e+01,-8.653508763220057176e+01,-9.321740946687671681e+01,-8.742714620099162914e+01
3.558571021306577791e+02,-9.107999793237637220e+01,-9.123880561870733175e+01,-8.651873556318149383e+01,-9.325471529212840949e+01,-8.740826629043189655e+01
3.579125182697620176e+02,-9.112999458341909076e+01,-9.128787950493693870e+01,-8.650453469234560089e+01,-9.329209648405539212e+01,-8.739144099105671160e+01
3.599798064088333263e+02,-9.117999155909222964e+01,-9.133695913261195187e+01,-8.649242697789222234e+01,-9.332955257109975378e+01,-8.737661907469329492e+01
3.620590351200606278e+02,-9.122998885568205196e+01,-9.138604446566411355e+01,-8.648235669866596709e+01,-9.336708308507468246e+01,-8.736375116366673410e+01
3.641502733717027809e+02,-9.127998646951729711e+01,-9.143513546826594052e+01,-8.647427032791695467e+01,-9.340468756113338600e+01,-8.735278964215730468e+01
3.662535905303764139e+02,-9.132998439696862647e+01,-9.148423210482894774e+01,-8.646811641568277196e+01,-9.344236553773851028e+01,-8.734368857272778541e+01
3.683690563633569468e+02,-9.137998263444819713e+01,-9.153333434000204250e+01,-8.646384547906670548e+01,-9.348011655663177066e+01,-8.733640361765331761e+01
3.704967410408928004e+02,-9.142998117840915029e+01,-9.158244213866976224e+01,-8.646140989974946933e+01,-9.351794016280415178e+01,-8.733089196470722015e+01
3.726367151385331908e+02,-9.147998002534519912e+01,-9.163155546595046985e+01,-8.646076382826097984e+01,-9.355583590446636322e+01,-8.732711225720649395e+01
3.747890496394676916e+02,-9.152997917179006038e+01,-9.168067428719484724e+01,-8.646186309438851936e+01,-9.359380333301967880e+01,-8.732502452794497572e+01
3.769538159368831316e+02,-9.157997861431711328e+01,-9.172979856798414744e+01,-8.646466512324710152e+01,-9.363184200302717386e+01,-8.732459013676120207e+01
3.791310858363299872e+02,-9.162997834953891640e+01,-9.177892827412848931e+01,-8.646912885666492343e+01,-9.366995147218531770e+01,-8.732577171158848728e+01
3.813209315581046894e+02,-9.167997837410669604e+01,-9.182806337166528010e+01,-8.647521467944611118e+01,-9.370813130129583612e+01,-8.732853309272671538e+01
3.835234257396452335e+02,-9.172997868471001937e+01,-9.187720382685756704e+01,-8.648288435013000708e+01,-9.374638105423801449e+01,-8.733283928011263697e+01
3.857386414379404300e+02,-9.177997927807622602e+01,-9.192634960619243145e+01,-8.649210093589454118e+01,-9.378470029794135598e+01,-8.733865638337739767e+01
3.879666521319537651e+02,-9.182998015097010125e+01,-9.197550067637931193e+01,-8.650282875142264061e+01,-9.382308860235838210e+01,-8.734595157463309079e+01
3.902075317250588569e+02,-9.187998130019336429e+01,-9.202465700434849794e+01,-8.651503330131767200e+01,-9.386154554043800147e+01,-8.735469304369087240e+01
3.924613545474936132e+02,-9.192998272258435577e+01,-9.207381855724949560e+01,-8.652868122587257460e+01,-9.390007068809914870e+01,-8.736484995561527001e+01
3.947281953588238821e+02,-9.197998441501754030e+01,-9.212298530244953554e+01,-8.654374024996457138e+01,-9.393866362420453697e+01,-8.737639241047772032e+01
3.970081293504235873e+02,-9.202998637440308016e+01,-9.217215720753188180e+01,-8.656017913488165050e+01,-9.397732393053499322e+01,-8.738929140519690009e+01
3.993012321479692446e+02,-9.207998859768649424e+01,-9.222133424029439652e+01,-8.657796763282456709e+01,-9.401605119176393544e+01,-8.740351879728567042e+01
4.016075798139484050e+02,-9.212999108184817487e+01,-9.227051636874797680e+01,-8.659707644391941983e+01,-9.405484499543227628e+01,-8.741904727040565604e+01
4.039272488501812859e+02,-9.217999382390310359e+01,-9.231970356111497722e+01,-8.661747717561580373e+01,-9.409370493192348306e+01,-8.743585030166403271e+01
4.062603162003606485e+02,-9.222999682090032536e+01,-9.236889578582781724e+01,-8.663914230430901853e+01,-9.413263059443899294e+01,-8.745390213054557194e+01
4.086068592526026464e+02,-9.228000006992262172e+01,-9.241809301152738954e+01,-8.666204513895669947e+01,-9.417162157897399766e+01,-8.747317772930219348e+01
4.109669558420139310e+02,-9.233000356808618392e+01,-9.246729520706155370e+01,-8.668615978665563659e+01,-9.421067748429337030e+01,-8.749365277480816872e+01
4.133406842532735936e+02,-9.238000731254012976e+01,-9.251650234148380036e+01,-8.671146112006513818e+01,-9.424979791190800427e+01,-8.751530362180731970e+01
4.157281232232298294e+02,-9.243001130046616254e+01,-9.256571438405161700e+01,-8.673792474643305184e+01,-9.428898246605132272e+01,-8.753810727734945374e+01
4.181293519435120629e+02,-9.248001552907825840e+01,-9.261493130422515208e+01,-8.676552697829457372e+01,-9.432823075365617171e+01,-8.756204137651438657e+01
4.205444500631560913e+02,-9.253001999562216895e+01,-9.266415307166569448e+01,-8.679424480561038990e+01,-9.436754238433181285e+01,-8.758708415922471602e+01
4.229734976912487241e+02,-9.258002469737520812e+01,-9.271337965623433774e+01,-8.682405586928771868e+01,-9.440691697034138485e+01,-8.761321444811795800e+01
4.254165753995828823e+02,-9.263002963164581161e+01,-9.276261102799043101e+01,-8.685493843608333009e+01,-9.444635412657946461e+01,-8.764041162749987279e+01
4.278737642253311151e+02,-9.268003479577313897e+01,-9.281184715719034273e+01,-8.688687137465925048e+01,-9.448585347054999772e+01,-8.766865562317732952e+01
4.303451456737333274e+02,-9.273004018712681784e+01,-9.286108801428588322e+01,-8.691983413286666860e+01,-9.452541462234434277e+01,-8.769792688326334940e+01
4.328308017208003093e+02,-9.278004580310656024e+01,-9.291033356992301151e+01,-8.695380671609186152e+01,-9.456503720461974183e+01,-8.772820635980976078e+01
4.353308148160334667e+02,-9.283005164114179308e+01,-9.295958379494049950e+01,-8.698876966662369625e+01,-9.460472084257789049e+01,-8.775947549124484226e+01
4.378452678851577389e+02,-9.288005769869133132e+01,-9.300883866036843983e+01,-8.702470404402231452e+01,-9.464446516394377795e+01,-8.779171618561025525e+01
4.403742443328752074e+02,-9.293006397324307954e+01,-9.305809813742705217e+01,-8.706159140640444605e+01,-9.468426979894491069e+01,-8.782491080452815879e+01
4.429178280456294488e+02,-9.298007046231363404e+01,-9.310736219752514842e+01,-8.709941379252855143e+01,-9.472413438029047938e+01,-8.785904214779833410e+01
4.454761033943888719e+02,-9.303007716344801281e+01,-9.315663081225901010e+01,-8.713815370481066225e+01,-9.476405854315100896e+01,-8.789409343876189951e+01
4.480491552374450634e+02,-9.308008407421930031e+01,-9.320590395341088197e+01,-8.717779409300288762e+01,-9.480404192513816497e+01,-8.793004831018336631e+01
4.506370689232282416e+02,-9.313009119222833476e+01,-9.325518159294774989e+01,-8.721831833867483397e+01,-9.484408416628480154e+01,-8.796689079079501994e+01
4.532399302931361831e+02,-9.318009851510339558e+01,-9.330446370302001924e+01,-8.725971024033964341e+01,-9.488418490902505198e+01,-8.800460529235978413e+01
4.558578256843845224e+02,-9.323010604049989070e+01,-9.335375025596023590e+01,-8.730195399927208655e+01,-9.492434379817497359e+01,-8.804317659730548939e+01
4.584908419328685909e+02,-9.328011376610001548e+01,-9.340304122428176470e+01,-8.734503420591147460e+01,-9.496456048091305036e+01,-8.808258984683455139e+01
4.611390663760445250e+02,-9.333012168961252542e+01,-9.345233658067753879e+01,-8.738893582687053652e+01,-9.500483460676122149e+01,-8.812283052953574725e+01
4.638025868558257230e+02,-9.338012980877230973e+01,-9.350163629801880916e+01,-8.743364419249148511e+01,-9.504516582756581045e+01,-8.816388447044765542e+01
4.664814917214972638e+02,-9.343013812134023510e+01,-9.355094034935383718e+01,-8.747914498493648239e+01,-9.508555379747900815e+01,-8.820573782056611378e+01
4.691758698326463559e+02,-9.348014662510273354e+01,-9.360024870790675777e+01,-8.752542422676930300e+01,-9.512599817294014315e+01,-8.824837704676026817e+01
4.718858105621081904e+02,-9.353015531787157499e+01,-9.364956134707618673e+01,-8.757246827001597467e+01,-9.516649861265759114e+01,-8.829178892208923912e+01
4.746114037989332246e+02,-9.358016419748354053e+01,-9.369887824043411229e+01,-8.762026378567854579e+01,-9.520705477759049984e+01,-8.833596051649877268e+01
4.773527399513669707e+02,-9.363017326180016653e+01,-9.374819936172470136e+01,-8.766879775367030447e+01,-9.524766633093105384e+01,-8.838087918787221042e+01
4.801099099498492251e+02,-9.368018250870744623e+01,-9.379752468486293537e+01,-8.771805745316487446e+01,-9.528833293808648364e+01,-8.842653257343052076e+01
4.828830052500304646e+02,-9.373019193611554556e+01,-9.384685418393358702e+01,-8.776803045332685826e+01,-9.532905426666182791e+01,-8.847290858145585446e+01
4.856721178358050679e+02,-9.378020154195854730e+01,-9.389618783318991291e+01,-8.781870460441430737e+01,-9.536982998644235465e+01,-8.851999538332967177e+01
4.884773402223632388e+02,-9.383021132419418109e+01,-9.394552560705253086e+01,-8.787006802923109205e+01,-9.541065976937653659e+01,-8.856778140587003634e+01
4.912987654592577655e+02,-9.388022128080348239e+01,-9.399486748010826886e+01,-8.792210911491068259e+01,-9.545154328955895551e+01,-8.861625532395029836e+01
4.941364871334931763e+02,-9.393023140979062191e+01,-9.404421342710888609e+01,-8.797481650502106731e+01,-9.549248022321356189e+01,-8.866540605339393721e+01
4.969905993726283668e+02,-9.398024170918262143e+01,-9.409356342297007814e+01,-8.802817909197015922e+01,-9.553347024867703396e+01,-8.871522274412642162e+01
4.998611968478990093e+02,-9.403025217702898431e+01,-9.414291744277019802e+01,-8.808218600970428724e+01,-9.557451304638226475e+01,-8.876569477358029303e+01
5.027483747773582650e+02,-9.408026281140165281e+01,-9.419227546174923305e+01,-8.813682662667329737e+01,-9.561560829884214741e+01,-8.881681174032827641e+01
5.056522289290351182e+02,-9.413027361039453922e+01,-9.424163745530756842e+01,-8.819209053906659790e+01,-9.565675569063338912e+01,-8.886856345795243328e+01
5.085728556241094793e+02,-9.418028457212335525e+01,-9.429100339900494987e+01,-8.824796756430599487e+01,-9.569795490838060914e+01,-8.892093994913679467e+01
5.115103517401097974e+02,-9.423029569472539890e+01,-9.434037326855931838e+01,-8.830444773475761622e+01,-9.573920564074043682e+01,-8.897393143994671050e+01
5.144648147141248273e+02,-9.428030697635927027e+01,-9.438974703984575854e+01,-8.836152129168837632e+01,-9.578050757838603602e+01,-8.902752835432397660e+01
5.174363425460360304e+02,-9.433031841520467253e+01,-9.443912468889537593e+01,-8.841917867944461307e+01,-9.582186041399151577e+01,-8.908172130877636619e+01
5.204250338017678814e+02,-9.438033000946204254e+01,-9.448850619189421707e+01,-8.847741053982402093e+01,-9.586326384221661101e+01,-8.913650110723355624e+01
5.234309876165581272e+02,-9.443034175735249391e+01,-9.453789152518217520e+01,-8.853620770667359352e+01,-9.590471755969163326e+01,-8.919185873610545912e+01
5.264543036982456670e+02,-9.448035365711746181e+01,-9.458728066525193867e+01,-8.859556120062941886e+01,-9.594622126500232184e+01,-8.924778535945753788e+01
5.294950823305764516e+02,-9.453036570701846131e+01,-9.463667358874792512e+01,-8.865546222410964106e+01,-9.598777465867506464e+01,-8.930427231441919389e+01
5.325534243765329165e+02,-9.458037790533694533e+01,-9.468607027246525831e+01,-8.871590215641711552e+01,-9.602937744316216140e+01,-8.936131110667975008e+01
5.356294312816771708e+02,-9.463039025037403462e+01,-9.473547069334867388e+01,-8.877687254905835346e+01,-9.607102932282730023e+01,-8.941889340618210724e+01
5.387232050775172638e+02,-9.468040274045023352e+01,-9.478487482849146772e+01,-8.883836512118180906e+01,-9.611273000393109101e+01,-8.947701104291647312e+01
5.418348483848905062e+02,-9.473041537390531630e+01,-9.483428265513460076e+01,-8.890037175521459289e+01,-9.615447919461678339e+01,-8.953565600289601889e+01
5.449644644173682764e+02,-9.478042814909801450e+01,-9.488369415066549095e+01,-8.896288449259172637e+01,-9.619627660489618393e+01,-8.959482042420765424e+01
5.481121569846800412e+02,-9.483044106440588905e+01,-9.493310929261710385e+01,-8.902589552970481179e+01,-9.623812194663560149e+01,-8.965449659326790766e+01
5.512780304961540878e+02,-9.488045411822498920e+01,-9.498252805866695780e+01,-8.908939721388939859e+01,-9.628001493354206275e+01,-8.971467694110133095e+01
5.544621899641844038e+02,-9.493046730896976726e+01,-9.503195042663607239e+01,-8.915338203963342778e+01,-9.632195528114949923e+01,-8.977535403982739126e+01
5.576647410077121094e+02,-9.498048063507280858e+01,-9.508137637448803048e+01,-8.921784264483358129e+01,-9.636394270680523277e+01,-8.983652059918105692e+01
5.608857898557286035e+02,-9.503049409498460420e+01,-9.513080588032792662e+01,-8.928277180726820461e+01,-9.640597692965641841e+01,-8.989816946323863078e+01
5.641254433507998556e+02,-9.508050768717345136e+01,-9.518023892240145756e+01,-8.934816244104872851e+01,-9.644805767063687085e+01,-8.996029360710898004e+01
5.673838089526104795e+02,-9.513052141012509821e+01,-9.522967547909395591e+01,-8.941400759331621373e+01,-9.649018465245373477e+01,-9.002288613385969995e+01
5.706609947415265651e+02,-9.518053526234261597e+01,-9.527911552892932434e+01,-8.948030044098059932e+01,-9.653235759957441076e+01,-9.008594027147520933e+01
5.739571094221831800e+02,-9.523054924234627094e+01,-9.532855905056919710e+01,-8.954703428753600747e+01,-9.657457623821373716e+01,-9.014944936988028701e+01
5.772722623270889244e+02,-9.528056334867318355e+01,-9.537800602281195950e+01,-8.961420256006151419e+01,-9.661684029632100135e+01,-9.021340689814047664e+01
5.806065634202519732e+02,-9.533057757987731407e+01,-9.542745642459180999e+01,-8.968179880619983635e+01,-9.665914950356734892e+01,-9.027780644163038914e+01
5.839601233008285135e+02,-9.538059193452902207e+01,-9.547691023497775120e+01,-8.974981669135075890e+01,-9.670150359133316442e+01,-9.034264169940911415e+01
5.873330532067909644e+02,-9.543060641121516596e+01,-9.552636743317280832e+01,-8.981824999582885027e+01,-9.674390229269559427e+01,-9.040790648155088149e+01
5.907254650186180243e+02,-9.548062100853871925e+01,-9.557582799851300592e+01,-8.988709261223289104e+01,-9.678634534241621168e+01,-9.047359470668047265e+01
5.941374712630040449e+02,-9.553063572511862844e+01,-9.562529191046641586e+01,-8.995633854278517560e+01,-9.682883247692879536e+01,-9.053970039947074611e+01
5.975691851165945536e+02,-9.558065055958965672e+01,-9.567475914863240405e+01,-9.002598189682191787e+01,-9.687136343432725027e+01,-9.060621768828433176e+01
6.010207204097382601e+02,-9.563066551060218501e+01,-9.572422969274060733e+01,-9.009601688829611987e+01,-9.691393795435348579e+01,-9.067314080282103816e+01
6.044921916302632781e+02,-9.568068057682205563e+01,-9.577370352265006659e+01,-9.016643783344265728e+01,-9.695655577838566330e+01,-9.074046407192173547e+01
6.079837139272748345e+02,-9.573069575693037336e+01,-9.582318061834837408e+01,-9.023723914840275029e+01,-9.699921664942633015e+01,-9.080818192132477407e+01
6.114954031149748062e+02,-9.578071104962332072e+01,-9.587266095995073556e+01,-9.030841534702904028e+01,-9.704192031209073832e+01,-9.087628887159802105e+01
6.150273756765034250e+02,-9.583072645361200159e+01,-9.592214452769917443e+01,-9.037996103863947894e+01,-9.708466651259536206e+01,-9.094477953601381159e+01
6.185797487678012203e+02,-9.588074196762228496e+01,-9.597163130196159386e+01,-9.045187092595278955e+01,-9.712745499874635868e+01,-9.101364861860056976e+01
6.221526402214987002e+02,-9.593075759039462014e+01,-9.602112126323100938e+01,-9.052413980297461649e+01,-9.717028551992824248e+01,-9.108289091214005850e+01
6.257461685508218352e+02,-9.598077332068385203e+01,-9.607061439212455412e+01,-9.059676255303776315e+01,-9.721315782709262976e+01,-9.115250129631407106e+01
6.293604529535243728e+02,-9.603078915725907905e+01,-9.612011066938272563e+01,-9.066973414681851295e+01,-9.725607167274711173e+01,-9.122247473582275745e+01
6.329956133158415241e+02,-9.608080509890351095e+01,-9.616961007586863275e+01,-9.074304964043449218e+01,-9.729902681094417005e+01,-9.129280627857997388e+01
6.366517702164662751e+02,-9.613082114441426995e+01,-9.621911259256691551e+01,-9.081670417366474624e+01,-9.734202299727029128e+01,-9.136349105402730686e+01
6.403290449305501397e+02,-9.618083729260223436e+01,-9.626861820058317676e+01,-9.089069296811699417e+01,-9.738505998883496773e+01,-9.143452427139095562e+01
6.440275594337227858e+02,-9.623085354229189647e+01,-9.631812688114300158e+01,-9.096501132544548796e+01,-9.742813754426016715e+01,-9.150590121798546761e+01
6.477474364061422420e+02,-9.628086989232119208e+01,-9.636763861559116151e+01,-9.103965462574075218e+01,-9.747125542366950413e+01,-9.157761725768629901e+01
6.514887992365614764e+02,-9.633088634154137253e+01,-9.641715338539088975e+01,-9.111461832581598230e+01,-9.751441338867772401e+01,-9.164966782929516853e+01
6.552517720264219179e+02,-9.638090288881684842e+01,-9.646667117212301434e+01,-9.118989795762183803e+01,-9.755761120238028639e+01,-9.172204844503086463e+01
6.590364795939696023e+02,-9.643091953302500485e+01,-9.651619195748507707e+01,-9.126548912671366054e+01,-9.760084862934292005e+01,-9.179475468906936442e+01
6.628430474783968975e+02,-9.648093627305605935e+01,-9.656571572329073661e+01,-9.134138751067574447e+01,-9.764412543559139124e+01,-9.186778221603795203e+01
6.666716019440027594e+02,-9.653095310781297655e+01,-9.661524245146881640e+01,-9.141758885768356890e+01,-9.768744138860127180e+01,-9.194112674964463849e+01
6.705222699843860710e+02,-9.658097003621122667e+01,-9.666477212406260833e+01,-9.149408898504941590e+01,-9.773079625728783526e+01,-9.201478408128819808e+01
6.743951793266546701e+02,-9.663098705717874282e+01,-9.671430472322903427e+01,-9.157088377784984345e+01,-9.777418981199610926e+01,-9.208875006874761482e+01
6.782904584356632540e+02,-9.668100416965569366e+01,-9.676384023123793554e+01,-9.164796918743719800e+01,-9.781762182449088527e+01,-9.216302063475284001e+01
6.822082365182739068e+02,-9.673102137259436972e+01,-9.681337863047131975e+01,-9.172534123027517694e+01,-9.786109206794689896e+01,-9.223759176587769559e+01
6.861486435276425482e+02,-9.678103866495909813e+01,-9.686291990342252234e+01,-9.180299598653574833e+01,-9.790460031693903886e+01,-9.231245951119142035e+01
6.901118101675298249e+02,-9.683105604572602942e+01,-9.691246403269556708e+01,-9.188092959888211908e+01,-9.794814634743273984e+01,-9.238761998109458773e+01
6.940978678966340567e+02,-9.688107351388299548e+01,-9.696201100100425663e+01,-9.195913827113928107e+01,-9.799172993677430554e+01,-9.246306934603994421e+01
6.981069489329554472e+02,-9.693109106842952372e+01,-9.701156079117166087e+01,-9.203761826725603612e+01,-9.803535086368154339e+01,-9.253880383554361799e+01
7.021391862581797341e+02,-9.698110870837645336e+01,-9.706111338612913642e+01,-9.211636590995370000e+01,-9.807900890823418649e+01,-9.261481973688012204e+01
7.061947136220888979e+02,-9.703112643274606341e+01,-9.711066876891578659e+01,-9.219537757971701808e+01,-9.812270385186465660e+01,-9.269111339411864492e+01
7.102736655469988136e+02,-9.708114424057174574e+01,-9.716022692267765137e+01,-9.227464971356177159e+01,-9.816643547734872755e+01,-9.276768120693373021e+01
7.143761773322202089e+02,-9.713116213089801931e+01,-9.720978783066699691e+01,-9.235417880414101433e+01,-9.821020356879643032e+01,-9.284451962975330730e+01
7.185023850585482705e+02,-9.718118010278026020e+01,-9.725935147624157651e+01,-9.243396139840568537e+01,-9.825400791164284442e+01,-9.292162517045916559e+01
7.226524255927730565e+02,-9.723119815528471577e+01,-9.730891784286397694e+01,-9.251399409679993369e+01,-9.829784829263908819e+01,-9.299899438962088993e+01
7.268264365922235584e+02,-9.728121628748834837e+01,-9.735848691410086531e+01,-9.259427355218480216e+01,-9.834172449984347963e+01,-9.307662389945664927e+01
7.310245565093315463e+02,-9.733123449847857955e+01,-9.740805867362237791e+01,-9.267479646870515353e+01,-9.838563632261246994e+01,-9.315451036273564966e+01
7.352469245962240620e+02,-9.738125278735338952e+01,-9.745763310520123923e+01,-9.275555960108908948e+01,-9.842958355159198902e+01,-9.323265049211198630e+01
7.394936809093429702e+02,-9.743127115322101872e+01,-9.750721019271230716e+01,-9.283655975350748690e+01,-9.847356597870864903e+01,-9.331104104901724838e+01
7.437649663140911116e+02,-9.748128959519995362e+01,-9.755678992013173456e+01,-9.291779377873403689e+01,-9.851758339716113255e+01,-9.338967884285223420e+01
7.480609224895021043e+02,-9.753130811241871356e+01,-9.760637227153634399e+01,-9.299925857715415134e+01,-9.856163560141148139e+01,-9.346856073002653886e+01
7.523816919329437951e+02,-9.758132670401582232e+01,-9.765595723110291715e+01,-9.308095109611032569e+01,-9.860572238717674054e+01,-9.354768361333347571e+01
7.567274179648425161e+02,-9.763134536913973704e+01,-9.770554478310756963e+01,-9.316286832875439927e+01,-9.864984355142041750e+01,-9.362704444083058775e+01
7.610982447334375820e+02,-9.768136410694853566e+01,-9.775513491192509719e+01,-9.324500731337241177e+01,-9.869399889234414047e+01,-9.370664020519193116e+01
7.654943172195625039e+02,-9.773138291661001631e+01,-9.780472760202823679e+01,-9.332736513267883538e+01,-9.873818820937933083e+01,-9.378646794302861167e+01
7.699157812414542832e+02,-9.778140179730149839e+01,-9.785432283798709818e+01,-9.340993891271388350e+01,-9.878241130317896079e+01,-9.386652473381148809e+01
7.743627834595910144e+02,-9.783142074820966627e+01,-9.790392060446849598e+01,-9.349272582233696482e+01,-9.882666797560943905e+01,-9.394680769938906906e+01
7.788354713815532477e+02,-9.788143976853058348e+01,-9.795352088623525333e+01,-9.357572307230250885e+01,-9.887095802974238268e+01,-9.402731400308680065e+01
7.833339933669215043e+02,-9.793145885746945112e+01,-9.800312366814563347e+01,-9.365892791464889910e+01,-9.891528126984673008e+01,-9.410804084911876544e+01
7.878584986321948236e+02,-9.798147801424063630e+01,-9.805272893515264343e+01,-9.374233764182480400e+01,-9.895963750138064086e+01,-9.418898548173592644e+01
7.924091372557403474e+02,-9.803149723806741633e+01,-9.810233667230346555e+01,-9.382594958602412305e+01,-9.900402653098366557e+01,-9.427014518458190651e+01
7.969860601827718938e+02,-9.808151652818207822e+01,-9.815194686473873276e+01,-9.390976111856302566e+01,-9.904844816646884453e+01,-9.435151728009060434e+01
8.015894192303567252e+02,-9.813153588382554915e+01,-9.820155949769203119e+01,-9.399376964909376397e+01,-9.909290221681494870e+01,-9.443309912871946210e+01
8.062193670924521030e+02,-9.818155530424758126e+01,-9.825117455648921805e+01,-9.407797262498918656e+01,-9.913738849215877735e+01,-9.451488812835279418e+01
8.108760573449667390e+02,-9.823157478870641057e+01,-9.830079202654775372e+01,-9.416236753069851773e+01,-9.918190680378748425e+01,-9.459688171367577070e+01
8.155596444508602190e+02,-9.828159433646885645e+01,-9.835041189337621859e+01,-9.424695188704663451e+01,-9.922645696413093219e+01,-9.467907735549131587e+01
8.202702837652630024e+02,-9.833161394681005163e+01,-9.840003414257360248e+01,-9.433172325073573461e+01,-9.927103878675423232e+01,-9.476147256023850218e+01
8.250081315406304157e+02,-9.838163361901345638e+01,-9.844965875982877890e+01,-9.441667921350403958e+01,-9.931565208635021236e+01,-9.484406486916773815e+01
8.297733449319257488e+02,-9.843165335237075908e+01,-9.849928573091985129e+01,-9.450181740179908729e+01,-9.936029667873201277e+01,-9.492685185802956482e+01
8.345660820018335926e+02,-9.848167314618174828e+01,-9.854891504171357042e+01,-9.458713547600957838e+01,-9.940497238082573972e+01,-9.500983113632189259e+01
8.393865017259997785e+02,-9.853169299975418483e+01,-9.859854667816479434e+01,-9.467263112989877527e+01,-9.944967901066317495e+01,-9.509300034673778157e+01
8.442347639983096315e+02,-9.858171291240380185e+01,-9.864818062631586315e+01,-9.475830209015244066e+01,-9.949441638737440030e+01,-9.517635716472756258e+01
8.491110296361879364e+02,-9.863173288345413425e+01,-9.869781687229604472e+01,-9.484414611576607967e+01,-9.953918433118084863e+01,-9.525989929789963639e+01
8.540154603859346025e+02,-9.868175291223649026e+01,-9.874745540232092367e+01,-9.493016099736183833e+01,-9.958398266338797100e+01,-9.534362448535060253e+01
8.589482189280894318e+02,-9.873177299808979512e+01,-9.879709620269188974e+01,-9.501634455697974602e+01,-9.962881120637823074e+01,-9.542753049746877991e+01
8.639094688828286053e+02,-9.878179314036060532e+01,-9.884673925979552678e+01,-9.510269464729084632e+01,-9.967366978360402641e+01,-9.551161513515998536e+01
8.688993748153924344e+02,-9.883181333840290961e+01,-9.889638456010301582e+01,-9.518920915115211301e+01,-9.971855821958087063e+01,-9.559587622941384666e+01
8.739181022415408506e+02,-9.888183359157808638e+01,-9.894603209016969458e+01,-9.527588598112161833e+01,-9.976347633988029884e+01,-9.568031164083045326e+01
8.789658176330486867e+02,-9.893185389925484685e+01,-9.899568183663436116e+01,-9.536272307906679657e+01,-9.980842397112311914e+01,-9.576491925923949111e+01
8.840426884232240354e+02,-9.898187426080910711e+01,-9.904533378621889028e+01,-9.544971841551270586e+01,-9.985340094097254848e+01,-9.584969700305911999e+01
8.891488830124632159e+02,-9.903189467562397397e+01,-9.909498792572749437e+01,-9.553686998926784213e+01,-9.989840707812754772e+01,-9.593464281893189138e+01
8.942845707738359806e+02,-9.908191514308954595e+01,-9.914464424204632564e+01,-9.562417582703713492e+01,-9.994344221231597203e+01,-9.601975468134747871e+01
8.994499220587043737e+02,-9.913193566260301282e+01,-9.919430272214290767e+01,-9.571163398284974733e+01,-9.998850617428800547e+01,-9.610503059208008381e+01
9.046451082023736490e+02,-9.918195623356831447e+01,-9.924396335306555272e+01,-9.579924253768919584e+01,-1.000335987958096240e+02,-9.619046857982759491e+01
9.098703015297722914e+02,-9.923197685539635415e+01,-9.929362612194285020e+01,-9.588699959893396851e+01,-1.000787199096558595e+02,-9.627606669966100128e+01
9.151256753611731938e+02,-9.928199752750471418e+01,-9.934329101598319767e+01,-9.597490330017932081e+01,-1.001238693496045329e+02,-9.636182303285464457e+01
9.204114040179391623e+02,-9.933201824931764179e+01,-9.939295802247420397e+01,-9.606295180060973848e+01,-1.001690469504295606e+02,-9.644773568626690974e+01
9.257276628283060518e+02,-9.938203902026599224e+01,-9.944262712878219190e+01,-9.615114328463535287e+01,-1.002142525478947448e+02,-9.653380279198455582e+01
9.310746281331985301e+02,-9.943205983978712936e+01,-9.949229832235172921e+01,-9.623947596159915463e+01,-1.002594859787472927e+02,-9.662002250703736195e+01
9.364524772920802889e+02,-9.948208070732485453e+01,-9.954197159070503176e+01,-9.632794806519470399e+01,-1.003047470807115644e+02,-9.670639301282342615e+01
9.418613886888331308e+02,-9.953210162232936398e+01,-9.959164692144149456e+01,-9.641655785327890271e+01,-1.003500356924828196e+02,-9.679291251492877279e+01
9.473015417376797132e+02,-9.958212258425710672e+01,-9.964132430223725123e+01,-9.650530360748697944e+01,-1.003953516537209509e+02,-9.687957924274928700e+01
9.527731168891310745e+02,-9.963214359257079877e+01,-9.969100372084453454e+01,-9.659418363251147355e+01,-1.004406948050444015e+02,-9.696639144877630656e+01
9.582762956359731561e+02,-9.968216464673926680e+01,-9.974068516509133531e+01,-9.668319625631282577e+01,-1.004860649880239407e+02,-9.705334740881332323e+01
9.638112605192865203e+02,-9.973218574623744814e+01,-9.979036862288076293e+01,-9.677233982919392474e+01,-1.005314620451766530e+02,-9.714044542105698099e+01
9.693781951345018797e+02,-9.978220689054626291e+01,-9.984005408219067590e+01,-9.686161272406795320e+01,-1.005768858199599123e+02,-9.722768380637035079e+01
9.749772841374906420e+02,-9.983222807915262820e+01,-9.988974153107308496e+01,-9.695101333534380217e+01,-1.006223361567653427e+02,-9.731506090717458335e+01
9.806087132506859234e+02,-9.988224931154925912e+01,-9.993943095765379780e+01,-9.704054007934210802e+01,-1.006678129009129350e+02,-9.740257508786984886e+01
9.862726692692490360e+02,-9.993227058723473988e+01,-9.998912235013177963e+01,-9.713019139347511555e+01,-1.007133158986450781e+02,-9.749022473402091293e+01
9.919693400672615553e+02,-9.998229190571335323e+01,-1.000388156967788120e+02,-9.721996573613662918e+01,-1.007588449971208178e+02,-9.757800825225180574e+01
9.976989146039580874e+02,-1.000323132664951089e+02,-1.000885109859390099e+02,-9.730986158627480620e+01,-1.008044000444099026e+02,-9.766592406982380226e+01
1.003461582929994393e+03,-1.000823346690955873e+02,-1.001382082060281959e+02,-9.739987744323556740e+01,-1.008499808894871137e+02,-9.775397063448326662e+01
1.009257536193750752e+03,-1.001323561130359110e+02,-1.001879073455336879e+02,-9.749001182617703876e+01,-1.008955873822265090e+02,-9.784214641388092559e+01
1.015086966647673648e+03,-1.001823775978427022e+02,-1.002376083930135877e+02,-9.758026327419699442e+01,-1.009412193733957395e+02,-9.793044989570333314e+01
1.020950067654649160e+03,-1.002323991230480118e+02,-1.002873113370964688e+02,-9.767063034555243917e+01,-1.009868767146503643e+02,-9.801887958689692937e+01
1.026847033694422180e+03,-1.002824206881892337e+02,-1.003370161664808649e+02,-9.776111161769850355e+01,-1.010325592585283374e+02,-9.810743401371085781e+01
1.032778060370044159e+03,-1.003324422928090343e+02,-1.003867228699348573e+02,-9.785170568692694815e+01,-1.010782668584443087e+02,-9.819611172133934929e+01
1.038743344414361445e+03,-1.003824639364553661e+02,-1.004364314362955781e+02,-9.794241116800586155e+01,-1.011239993686842666e+02,-9.828491127356527102e+01
1.044743083696541362e+03,-1.004324856186813264e+02,-1.004861418544687979e+02,-9.803322669396406752e+01,-1.011697566443999108e+02,-9.837383125254795857e+01
1.050777477228635462e+03,-1.004825073390451564e+02,-1.005358541134283996e+02,-9.812415091591975624e+01,-1.012155385416033084e+02,-9.846287025865548515e+01
1.056846725172182232e+03,-1.005325290971101282e+02,-1.005855682022161233e+02,-9.821518250259123306e+01,-1.012613449171614235e+02,-9.855202690997853665e+01
1.062951028844841176e+03,-1.005825508924444875e+02,-1.006352841099408977e+02,-9.830632014024192245e+01,-1.013071756287907306e+02,-9.864129984227889736e+01
1.069090590727078506e+03,-1.006325727246214967e+02,-1.006850018257785280e+02,-9.839756253219645998e+01,-1.013530305350520564e+02,-9.873068770850841247e+01
1.075265614468877175e+03,-1.006825945932192354e+02,-1.007347213389713261e+02,-9.848890839894748694e+01,-1.013989094953450518e+02,-9.882018917891872434e+01
1.081476304896495094e+03,-1.007326164978206862e+02,-1.007844426388274996e+02,-9.858035647749417762e+01,-1.014448123699030901e+02,-9.890980294040278409e+01
1.087722868019258158e+03,-1.007826384380135210e+02,-1.008341657147209105e+02,-9.867190552142410809e+01,-1.014907390197880233e+02,-9.899952769657927831e+01
1.094005511036394637e+03,-1.008326604133902151e+02,-1.008838905560905488e+02,-9.876355430051805229e+01,-1.015366893068849947e+02,-9.908936216740011105e+01
1.100324442343903456e+03,-1.008826824235478341e+02,-1.009336171524400925e+02,-9.885530160050576853e+01,-1.015826630938973096e+02,-9.917930508890879082e+01
1.106679871541474313e+03,-1.009327044680880903e+02,-1.009833454933375947e+02,-9.894714622286456063e+01,-1.016286602443412903e+02,-9.926935521304129395e+01
1.113072009439434623e+03,-1.009827265466172861e+02,-1.010330755684149864e+02,-9.903908698466283056e+01,-1.016746806225412740e+02,-9.935951130747187676e+01
1.119501068065744221e+03,-1.010327486587461863e+02,-1.010828073673676499e+02,-9.913112271817381327e+01,-1.017207240936245114e+02,-9.944977215522916936e+01
1.125967260673027113e+03,-1.010827708040900461e+02,-1.011325408799541208e+02,-9.922325227084417065e+01,-1.017667905235162920e+02,-9.954013655466675914e+01
1.132470801745646213e+03,-1.011327929822685121e+02,-1.011822760959955048e+02,-9.931547450499465413e+01,-1.018128797789347715e+02,-9.963060331916588552e+01
1.139011907006818319e+03,-1.011828151929056077e+02,-1.012320130053752933e+02,-9.940778829743918266e+01,-1.018589917273862824e+02,-9.972117127675664960e+01
1.145590793425765696e+03,-1.012328374356295768e+02,-1.012817515980387526e+02,-9.950019253975320055e+01,-1.019051262371602320e+02,-9.981183927038777881e+01
1.152207679224918820e+03,-1.012828597100730121e+02,-1.013314918639926532e+02,-9.959268613733411257e+01,-1.019512831773243988e+02,-9.990260615698956315e+01
1.158862783887151409e+03,-1.013328820158726984e+02,-1.013812337933048582e+02,-9.968526800996465909e+01,-1.019974624177200155e+02,-9.999347080803809718e+01
1.165556328163061153e+03,-1.013829043526695273e+02,-1.014309773761038969e+02,-9.977793709116271259e+01,-1.020436638289570510e+02,-1.000844321089072082e+02
1.172288534078292059e+03,-1.014329267201085827e+02,-1.014807226025785951e+02,-9.987069232793403728e+01,-1.020898872824093644e+02,-1.001754889586228359e+02
1.179059624940899766e+03,-1.014829491178389418e+02,-1.015304694629776918e+02,-9.996353268099335310e+01,-1.021361326502100439e+02,-1.002666402700850625e+02
1.185869825348758695e+03,-1.015329715455137460e+02,-1.015802179476094409e+02,-1.000564571241098690e+02,-1.021823998052467317e+02,-1.003578849694155508e+02
1.192719361197008311e+03,-1.015829940027900591e+02,-1.016299680468412561e+02,-1.001494646442962733e+02,-1.022286886211568628e+02,-1.004492219961475286e+02
1.199608459685552361e+03,-1.016330164893289236e+02,-1.016797197510992987e+02,-1.002425542412370021e+02,-1.022749989723231749e+02,-1.005406503026556919e+02
1.206537349326591311e+03,-1.016830390047952335e+02,-1.017294730508681084e+02,-1.003357249276204186e+02,-1.023213307338689759e+02,-1.006321688544890804e+02
1.213506259952202299e+03,-1.017330615488577337e+02,-1.017792279366902761e+02,-1.004289757283958409e+02,-1.023676837816537244e+02,-1.007237766296297110e+02
1.220515422721963660e+03,-1.017830841211889492e+02,-1.018289843991660035e+02,-1.005223056810290103e+02,-1.024140579922683401e+02,-1.008154726187489416e+02
1.227565070130622871e+03,-1.018331067214651711e+02,-1.018787424289528190e+02,-1.006157138351542102e+02,-1.024604532430308552e+02,-1.009072558248604707e+02
1.234655436015804071e+03,-1.018831293493663566e+02,-1.019285020167650515e+02,-1.007091992522659325e+02,-1.025068694119818247e+02,-1.009991252630134397e+02
1.241786755565771728e+03,-1.019331520045762005e+02,-1.019782631533736748e+02,-1.008027610060890709e+02,-1.025533063778799061e+02,-1.010910799606627393e+02
1.248959265327227058e+03,-1.019831746867819504e+02,-1.020280258296058378e+02,-1.008963981816029900e+02,-1.025997640201975400e+02,-1.011831189566949263e+02
1.256173203213155148e+03,-1.020331973956744633e+02,-1.020777900363444815e+02,-1.009901098756455440e+02,-1.026462422191164734e+02,-1.012752413020321853e+02
1.263428808510716635e+03,-1.020832201309481349e+02,-1.021275557645280117e+02,-1.010838951961610377e+02,-1.026927408555234251e+02,-1.013674460588816828e+02
1.270726321889185783e+03,-1.021332428923008706e+02,-1.021773230051499866e+02,-1.011777532625472418e+02,-1.027392598110058231e+02,-1.014597323010828376e+02
1.278065985407933340e+03,-1.021832656794340437e+02,-1.022270917492587472e+02,-1.012716832051791584e+02,-1.027857989678474553e+02,-1.015520991136320390e+02
1.285448042524451466e+03,-1.022332884920523668e+02,-1.022768619879569627e+02,-1.013656841652533558e+02,-1.028323582090241644e+02,-1.016445455925275354e+02
1.292872738102437097e+03,-1.022833113298640342e+02,-1.023266337124014740e+02,-1.014597552948261807e+02,-1.028789374181997403e+02,-1.017370708448082155e+02
1.300340318419908044e+03,-1.023333341925805229e+02,-1.023764069138027679e+02,-1.015538957564774591e+02,-1.029255364797216430e+02,-1.018296739882178485e+02
1.307851031177374580e+03,-1.023833570799166637e+02,-1.024261815834247784e+02,-1.016481047233564396e+02,-1.029721552786168104e+02,-1.019223541512514686e+02
1.315405125506054219e+03,-1.024333799915904990e+02,-1.024759577125844459e+02,-1.017423813790432661e+02,-1.030187937005875511e+02,-1.020151104730172733e+02
1.323002851976137208e+03,-1.024834029273233398e+02,-1.025257352926514329e+02,-1.018367249168710487e+02,-1.030654516320073526e+02,-1.021079421025595764e+02
1.330644462605097715e+03,-1.025334258868396375e+02,-1.025755143150478119e+02,-1.019311345408144831e+02,-1.031121289599168875e+02,-1.022008481997469289e+02
1.338330210866048674e+03,-1.025834488698670555e+02,-1.026252947712476100e+02,-1.020256094644768439e+02,-1.031588255720199072e+02,-1.022938279342601788e+02
1.346060351696157340e+03,-1.026334718761363405e+02,-1.026750766527766814e+02,-1.021201489108966456e+02,-1.032055413566791628e+02,-1.023868804853995726e+02
1.353835141505096772e+03,-1.026834949053813517e+02,-1.027248599512121388e+02,-1.022147521135706256e+02,-1.032522762029124124e+02,-1.024800050431069707e+02
1.361654838183551192e+03,-1.027335179573389894e+02,-1.027746446581822681e+02,-1.023094183147722731e+02,-1.032990300003884840e+02,-1.025732008062859677e+02
1.369519701111771610e+03,-1.027835410317490812e+02,-1.028244307653660030e+02,-1.024041467665817464e+02,-1.033458026394232974e+02,-1.026664669838310004e+02
1.377429991168179640e+03,-1.028335641283546096e+02,-1.028742182644927539e+02,-1.024989367300004233e+02,-1.033925940109758983e+02,-1.027598027937428071e+02
1.385385970738016340e+03,-1.028835872469013282e+02,-1.029240071473419817e+02,-1.025937874755993846e+02,-1.034394040066445086e+02,-1.028532074637763714e+02
1.393387903722053125e+03,-1.029336103871380033e+02,-1.029737974057429426e+02,-1.026886982829428661e+02,-1.034862325186628595e+02,-1.029466802308647857e+02
1.401436055545339968e+03,-1.029836335488162291e+02,-1.030235890315743461e+02,-1.027836684399936331e+02,-1.035330794398960279e+02,-1.030402203405253374e+02
1.409530693166011361e+03,-1.030336567316904706e+02,-1.030733820167640999e+02,-1.028786972437793850e+02,-1.035799446638368693e+02,-1.031338270475251306e+02
1.417672085084141372e+03,-1.030836799355179920e+02,-1.031231763532888692e+02,-1.029737840003433575e+02,-1.036268280846020957e+02,-1.032274996158317748e+02
1.425860501350649201e+03,-1.031337031600588574e+02,-1.031729720331739202e+02,-1.030689280239435703e+02,-1.036737295969285100e+02,-1.033212373178131713e+02
1.434096213576258606e+03,-1.031837264050758449e+02,-1.032227690484927223e+02,-1.031641286372036745e+02,-1.037206490961692396e+02,-1.034150394343882198e+02
1.442379494940501672e+03,-1.032337496703344613e+02,-1.032725673913666071e+02,-1.032593851712775574e+02,-1.037675864782900561e+02,-1.035089052551910669e+02
1.450710620200788526e+03,-1.032837729556029274e+02,-1.033223670539646548e+02,-1.033546969654756253e+02,-1.038145416398656096e+02,-1.036028340781975317e+02
1.459089865701515691e+03,-1.033337962606520648e+02,-1.033721680285031255e+02,-1.034500633671038941e+02,-1.038615144780758044e+02,-1.036968252095644658e+02
1.467517509383233346e+03,-1.033838195852553667e+02,-1.034219703072454024e+02,-1.035454837317506076e+02,-1.039085048907021189e+02,-1.037908779639154346e+02
1.475993830791865321e+03,-1.034338429291889128e+02,-1.034717738825015232e+02,-1.036409574225770029e+02,-1.039555127761239817e+02,-1.038849916636323343e+02
1.484519111087981173e+03,-1.034838662922312977e+02,-1.035215787466279949e+02,-1.037364838108324250e+02,-1.040025380333151190e+02,-1.039791656393696115e+02
1.493093633056123963e+03,-1.035338896741637598e+02,-1.035713848920274671e+02,-1.038320622752550406e+02,-1.040495805618400880e+02,-1.040733992294553332e+02
1.501717681114183961e+03,-1.035839130747698960e+02,-1.036211923111483770e+02,-1.039276922021434189e+02,-1.040966402618505242e+02,-1.041676917799623823e+02
1.510391541322842841e+03,-1.036339364938358756e+02,-1.036710009964848069e+02,-1.040233729856688001e+02,-1.041437170340817886e+02,-1.042620426450201876e+02
1.519115501395054935e+03,-1.036839599311503122e+02,-1.037208109405760581e+02,-1.041191040268069656e+02,-1.041908107798494001e+02,-1.043564511857473178e+02
1.527889850705593062e+03,-1.037339833865042493e+02,-1.037706221360064092e+02,-1.042148847345792575e+02,-1.042379214010454405e+02,-1.044509167714909665e+02
1.536714880300647337e+03,-1.037840068596910896e+02,-1.038204345754048887e+02,-1.043107145245142675e+02,-1.042850488001352289e+02,-1.045454387782898209e+02
1.545590882907479909e+03,-1.038340303505065663e+02,-1.038702482514449343e+02,-1.044065928195501272e+02,-1.043321928801538263e+02,-1.046400165897750583e+02
1.554518152944129042e+03,-1.038840538587488709e+02,-1.039200631568441082e+02,-1.045025190497817960e+02,-1.043793535447025391e+02,-1.047346495969175351e+02
1.563496986529184824e+03,-1.039340773842183552e+02,-1.039698792843638557e+02,-1.045984926519618909e+02,-1.044265306979456085e+02,-1.048293371975288153e+02
1.572527681491603744e+03,-1.039841009267178009e+02,-1.040196966268092069e+02,-1.046945130698363755e+02,-1.044737242446068279e+02,-1.049240787965960635e+02
1.581610537380591040e+03,-1.040341244860521499e+02,-1.040695151770285776e+02,-1.047905797538881103e+02,-1.045209340899660901e+02,-1.050188738060253684e+02
1.590745855475536018e+03,-1.040841480620285893e+02,-1.041193349279133287e+02,-1.048866921614440741e+02,-1.045681601398561753e+02,-1.051137216447486225e+02
1.599933938796004668e+03,-1.041341716544565941e+02,-1.041691558723976527e+02,-1.049828497560487790e+02,-1.046154023006593263e+02,-1.052086217380969657e+02
1.609175092111793901e+03,-1.041841952631477284e+02,-1.042189780034583038e+02,-1.050790520078149370e+02,-1.046626604793040372e+02,-1.053035735181506993e+02
1.618469621953033993e+03,-1.042342188879157447e+02,-1.042688013141141994e+02,-1.051752983937934260e+02,-1.047099345832617132e+02,-1.053985764241085121e+02
1.627817836620364687e+03,-1.042842425285765273e+02,-1.043186257974262645e+02,-1.052715883965932164e+02,-1.047572245205434882e+02,-1.054936299009082035e+02
1.637220046195156783e+03,-1.043342661849480777e+02,-1.043684514464971755e+02,-1.053679215056226184e+02,-1.048045301996969414e+02,-1.055887334004663245e+02
1.646676562549798291e+03,-1.043842898568504864e+02,-1.044182782544710477e+02,-1.054642972162076546e+02,-1.048518515298029001e+02,-1.056838863807968067e+02
1.656187699358039708e+03,-1.044343135441058621e+02,-1.044681062145331651e+02,-1.055607150300979242e+02,-1.048991884204722425e+02,-1.057790883065160159e+02
1.665753772105397502e+03,-1.044843372465384448e+02,-1.045179353199098387e+02,-1.056571744543098816e+02,-1.049465407818427423e+02,-1.058743386476864856e+02
1.675375098099622392e+03,-1.045343609639743789e+02,-1.045677655638679653e+02,-1.057536750026723524e+02,-1.049939085245759571e+02,-1.059696368813605574e+02
1.685051996481215838e+03,-1.045843846962418411e+02,-1.046175969397149430e+02,-1.058502161942814723e+02,-1.050412915598539740e+02,-1.060649824900361864e+02
1.694784788234027474e+03,-1.046344084431709831e+02,-1.046674294407983297e+02,-1.059467975544139051e+02,-1.050886897993764819e+02,-1.061603749625688096e+02
1.704573796195894602e+03,-1.046844322045939322e+02,-1.047172630605056298e+02,-1.060434186138814283e+02,-1.051361031553575032e+02,-1.062558137935260731e+02
1.714419345069352858e+03,-1.047344559803446629e+02,-1.047670977922639963e+02,-1.061400789089005627e+02,-1.051835315405224378e+02,-1.063512984830568939e+02
1.724321761432406220e+03,-1.047844797702591109e+02,-1.048169336295400598e+02,-1.062367779820418434e+02,-1.052309748681049797e+02,-1.064468285378394512e+02
1.734281373749360682e+03,-1.048345035741751019e+02,-1.048667705658396017e+02,-1.063335153802299970e+02,-1.052784330518441038e+02,-1.065424034690825579e+02
1.744298512381719547e+03,-1.048845273919322381e+02,-1.049166085947073981e+02,-1.064302906566371405e+02,-1.053259060059809826e+02,-1.066380227944166563e+02
1.754373509599136014e+03,-1.049345512233720399e+02,-1.049664477097268502e+02,-1.065271033697627701e+02,-1.053733936452561011e+02,-1.067336860369739213e+02
1.764506699590444441e+03,-1.049845750683378185e+02,-1.050162879045198849e+02,-1.066239530828968753e+02,-1.054208958849062441e+02,-1.068293927248515160e+02
1.774698418474738446e+03,-1.050345989266746471e+02,-1.050661291727466420e+02,-1.067208393651009146e+02,-1.054684126406614268e+02,-1.069251423920909190e+02
1.784949004312521538e+03,-1.050846227982294181e+02,-1.051159715081052326e+02,-1.068177617906863759e+02,-1.055159438287421665e+02,-1.070209345781563712e+02
1.795258797116921869e+03,-1.051346466828507431e+02,-1.051658149043315404e+02,-1.069147199382520910e+02,-1.055634893658564266e+02,-1.071167688269726881e+02
1.805628138864970424e+03,-1.051846705803890103e+02,-1.052156593551989516e+02,-1.070117133922489927e+02,-1.056110491691967184e+02,-1.072126446884877424e+02
1.816057373508938554e+03,-1.052346944906962563e+02,-1.052655048545181273e+02,-1.071087417416025147e+02,-1.056586231564372582e+02,-1.073085617172957029e+02
1.826546846987757363e+03,-1.052847184136262939e+02,-1.053153513961367764e+02,-1.072058045807349771e+02,-1.057062112457311400e+02,-1.074045194736577145e+02
1.837096907238485528e+03,-1.053347423490345278e+02,-1.053651989739394423e+02,-1.073029015081649931e+02,-1.057538133557073792e+02,-1.075005175221022284e+02
1.847707904207851470e+03,-1.053847662967780821e+02,-1.054150475818472756e+02,-1.074000321273921799e+02,-1.058014294054681983e+02,-1.075965554323080084e+02
1.858380189863862370e+03,-1.054347902567156723e+02,-1.054648972138177498e+02,-1.074971960475262449e+02,-1.058490593145861567e+02,-1.076926327797321647e+02
1.869114118207477759e+03,-1.054848142287076485e+02,-1.055147478638445477e+02,-1.075943928806892416e+02,-1.058967030031013934e+02,-1.077887491430142717e+02
1.879910045284354510e+03,-1.055348382126159947e+02,-1.055645995259571919e+02,-1.076916222454242984e+02,-1.059443603915188135e+02,-1.078849041073811179e+02
1.890768329196648665e+03,-1.055848622083042017e+02,-1.056144521942209593e+02,-1.077888837634976795e+02,-1.059920314008053310e+02,-1.079810972614511968e+02
1.901689330114905943e+03,-1.056348862156373798e+02,-1.056643058627365548e+02,-1.078861770617067606e+02,-1.060397159523871977e+02,-1.080773281990404797e+02
1.912673410290000220e+03,-1.056849102344821887e+02,-1.057141605256399828e+02,-1.079835017713335930e+02,-1.060874139681472030e+02,-1.081735965186156818e+02
1.923720934065151596e+03,-1.057349342647067800e+02,-1.057640161771022491e+02,-1.080808575278856836e+02,-1.061351253704219886e+02,-1.082699018230347434e+02
1.934832267888011984e+03,-1.057849583061808261e+02,-1.058138728113291904e+02,-1.081782439709836012e+02,-1.061828500819994190e+02,-1.083662437194338679e+02
1.946007780322820281e+03,-1.058349823587754912e+02,-1.058637304225612752e+02,-1.082756607451758839e+02,-1.062305880261157967e+02,-1.084626218200409937e+02
1.957247842062628933e+03,-1.058850064223634604e+02,-1.059135890050733053e+02,-1.083731074987642842e+02,-1.062783391264533037e+02,-1.085590357410015656e+02
1.968552825941592573e+03,-1.059350304968187686e+02,-1.059634485531743167e+02,-1.084705838843100310e+02,-1.063261033071373305e+02,-1.086554851028837021e+02
1.979923106947346469e+03,-1.059850545820170140e+02,-1.060133090612072806e+02,-1.085680895583747656e+02,-1.063738804927338464e+02,-1.087519695304184779e+02
1.991359062233437953e+03,-1.060350786778351448e+02,-1.060631705235489335e+02,-1.086656241818886599e+02,-1.064216706082468278e+02,-1.088484886528674167e+02
2.002861071131837207e+03,-1.060851027841515588e+02,-1.061130329346095493e+02,-1.087631874194182728e+02,-1.064694735791155580e+02,-1.089450421032900920e+02
2.014429515165520570e+03,-1.061351269008460179e+02,-1.061628962888327976e+02,-1.088607789400157912e+02,-1.065172893312122540e+02,-1.090416295193920035e+02
2.026064778061127754e+03,-1.061851510277996624e+02,-1.062127605806954165e+02,-1.089583984160015575e+02,-1.065651177908392953e+02,-1.091382505423076736e+02
2.037767245761681806e+03,-1.062351751648949971e+02,-1.062626258047071417e+02,-1.090560455241438973e+02,-1.066129588847268082e+02,-1.092349048177785278e+02
2.049537306439402528e+03,-1.062851993120158909e+02,-1.063124919554103371e+02,-1.091537199450854843e+02,-1.066608125400301219e+02,-1.093315919955792310e+02
2.061375350508576048e+03,-1.063352234690475484e+02,-1.063623590273800517e+02,-1.092514213620906105e+02,-1.067086786843272534e+02,-1.094283117282656690e+02
2.073281770638503986e+03,-1.063852476358764250e+02,-1.064122270152235075e+02,-1.093491494643926529e+02,-1.067565572456163778e+02,-1.095250636745181652e+02
2.085256961766530367e+03,-1.064352718123903543e+02,-1.064620959135801570e+02,-1.094469039418241465e+02,-1.068044481523133840e+02,-1.096218474937763858e+02
2.097301321111141533e+03,-1.064852959984784064e+02,-1.065119657171213419e+02,-1.095446844913399218e+02,-1.068523513332493735e+02,-1.097186628527553012e+02
2.109415248185143355e+03,-1.065353201940309447e+02,-1.065618364205501365e+02,-1.096424908109440821e+02,-1.069002667176683161e+02,-1.098155094193775341e+02
2.121599144808905749e+03,-1.065853443989395686e+02,-1.066117080186011776e+02,-1.097403226027436887e+02,-1.069481942352244630e+02,-1.099123868658233221e+02
2.133853415123702234e+03,-1.066353686130971425e+02,-1.066615805060404512e+02,-1.098381795732121873e+02,-1.069961338159800164e+02,-1.100092948687930061e+02
2.146178465605108158e+03,-1.066853928363977246e+02,-1.067114538776650647e+02,-1.099360614312252835e+02,-1.070440853904027847e+02,-1.101062331075442273e+02
2.158574705076485316e+03,-1.067354170687366377e+02,-1.067613281283031057e+02,-1.100339678900117235e+02,-1.070920488893635820e+02,-1.102032012658399793e+02
2.171042544722542061e+03,-1.067854413100103415e+02,-1.068112032528134421e+02,-1.101318986651685492e+02,-1.071400242441341533e+02,-1.103001990299654267e+02
2.183582398102974366e+03,-1.068354655601165462e+02,-1.068610792460855237e+02,-1.102298534768164870e+02,-1.071880113863845452e+02,-1.103972260908801104e+02
2.196194681166182363e+03,-1.068854898189540705e+02,-1.069109561030391973e+02,-1.103278320470701033e+02,-1.072360102481808894e+02,-1.104942821416903200e+02
2.208879812263061922e+03,-1.069355140864229412e+02,-1.069608338186245078e+02,-1.104258341025690129e+02,-1.072840207619830721e+02,-1.105913668801767642e+02
2.221638212160893090e+03,-1.069855383624242791e+02,-1.070107123878215134e+02,-1.105238593724572382e+02,-1.073320428606423604e+02,-1.106884800067755634e+02
2.234470304057288104e+03,-1.070355626468604129e+02,-1.070605918056401720e+02,-1.106219075888077583e+02,-1.073800764773992000e+02,-1.107856212250015915e+02
2.247376513594231710e+03,-1.070855869396347089e+02,-1.071104720671200283e+02,-1.107199784879711046e+02,-1.074281215458807992e+02,-1.108827902427948970e+02
2.260357268872198347e+03,-1.071356112406516843e+02,-1.071603531673301148e+02,-1.108180718079681384e+02,-1.074761780000989404e+02,-1.109799867699157687e+02
2.273413000464357992e+03,-1.071856355498169791e+02,-1.072102351013688235e+02,-1.109161872909206750e+02,-1.075242457744477065e+02,-1.110772105203718638e+02
2.286544141430844320e+03,-1.072356598670371994e+02,-1.072601178643635791e+02,-1.110143246817015807e+02,-1.075723248037011928e+02,-1.111744612110692572e+02
2.299751127333136992e+03,-1.072856841922201596e+02,-1.073100014514707823e+02,-1.111124837278356665e+02,-1.076204150230113328e+02,-1.112717385617127377e+02
2.313034396248498979e+03,-1.073357085252746543e+02,-1.073598858578756108e+02,-1.112106641799594229e+02,-1.076685163679056387e+02,-1.113690422952642081e+02
2.326394388784508465e+03,-1.073857328661105441e+02,-1.074097710787918061e+02,-1.113088657928640259e+02,-1.077166287742849988e+02,-1.114663721389841555e+02
2.339831548093675792e+03,-1.074357572146386843e+02,-1.074596571094615030e+02,-1.114070883216623997e+02,-1.077647521784215314e+02,-1.115637278206020113e+02
2.353346319888142716e+03,-1.074857815707709960e+02,-1.075095439451551158e+02,-1.115053315267582690e+02,-1.078128865169562971e+02,-1.116611090732791638e+02
2.366939152454467603e+03,-1.075358059344204094e+02,-1.075594315811711112e+02,-1.116035951700047946e+02,-1.078610317268972807e+02,-1.117585156317711892e+02
2.380610496668487485e+03,-1.075858303055008349e+02,-1.076093200128357950e+02,-1.117018790163078847e+02,-1.079091877456171034e+02,-1.118559472340285907e+02
2.394360806010286069e+03,-1.076358546839271355e+02,-1.076592092355032833e+02,-1.118001828343225412e+02,-1.079573545108509904e+02,-1.119534036218919653e+02
2.408190536579227228e+03,-1.076858790696152255e+02,-1.077090992445551763e+02,-1.118985063936664233e+02,-1.080055319606945119e+02,-1.120508845383076135e+02
2.422100147109087629e+03,-1.077359034624819145e+02,-1.077589900354004868e+02,-1.119968494677222282e+02,-1.080537200336016497e+02,-1.121483897301264392e+02
2.436090098983270309e+03,-1.077859278624450070e+02,-1.078088816034754416e+02,-1.120952118324004232e+02,-1.081019186683825382e+02,-1.122459189468673628e+02
2.450160856250109646e+03,-1.078359522694232169e+02,-1.078587739442433389e+02,-1.121935932658509927e+02,-1.081501278042014746e+02,-1.123434719404285147e+02
2.464312885638268199e+03,-1.078859766833362244e+02,-1.079086670531943213e+02,-1.122919935497653086e+02,-1.081983473805747735e+02,-1.124410484663872580e+02
2.478546656572205393e+03,-1.079360011041045908e+02,-1.079585609258452905e+02,-1.123904124671082911e+02,-1.082465773373687057e+02,-1.125386482817340550e+02
2.492862641187765803e+03,-1.079860255316498154e+02,-1.080084555577396799e+02,-1.124888498046245076e+02,-1.082948176147975516e+02,-1.126362711473751546e+02
2.507261314347828829e+03,-1.080360499658942928e+02,-1.080583509444473691e+02,-1.125873053503494958e+02,-1.083430681534214699e+02,-1.127339168256459914e+02
2.521743153658061601e+03,-1.080860744067612842e+02,-1.081082470815644285e+02,-1.126857788961514188e+02,-1.083913288941444506e+02,-1.128315850828494717e+02
2.536308639482763283e+03,-1.081360988541749464e+02,-1.081581439647130196e+02,-1.127842702348042536e+02,-1.084395997782123970e+02,-1.129292756863315361e+02
2.550958254960799422e+03,-1.081861233080603455e+02,-1.082080415895412386e+02,-1.128827791621382630e+02,-1.084878807472110083e+02,-1.130269884066287744e+02
2.565692486021619061e+03,-1.082361477683433293e+02,-1.082579399517229035e+02,-1.129813054776029588e+02,-1.085361717430639175e+02,-1.131247230180301955e+02
2.580511821401386442e+03,-1.082861722349506124e+02,-1.083078390469574970e+02,-1.130798489806543472e+02,-1.085844727080305745e+02,-1.132224792949675134e+02
2.595416752659184567e+03,-1.083361967078098189e+02,-1.083577388709699250e+02,-1.131784094750353233e+02,-1.086327835847044554e+02,-1.133202570162903697e+02
2.610407774193321529e+03,-1.083862211868492977e+02,-1.084076394195103603e+02,-1.132769867657796397e+02,-1.086811043160109023e+02,-1.134180559622729731e+02
2.625485383257729609e+03,-1.084362456719983072e+02,-1.084575406883541575e+02,-1.133755806601681684e+02,-1.087294348452053612e+02,-1.135158759155685857e+02
2.640650079978459871e+03,-1.084862701631868589e+02,-1.085074426733015969e+02,-1.134741909687226382e+02,-1.087777751158713784e+02,-1.136137166622015258e+02
2.655902367370273168e+03,-1.085362946603457885e+02,-1.085573453701779272e+02,-1.135728175025584505e+02,-1.088261250719186393e+02,-1.137115779889222722e+02
2.671242751353315725e+03,-1.085863191634067277e+02,-1.086072487748329252e+02,-1.136714600765201340e+02,-1.088744846575811067e+02,-1.138094596863388261e+02
2.686671740769915687e+03,-1.086363436723020754e+02,-1.086571528831409950e+02,-1.137701185069579566e+02,-1.089228538174151595e+02,-1.139073615466951424e+02
2.702189847401451061e+03,-1.086863681869650264e+02,-1.087070576910009123e+02,-1.138687926125091394e+02,-1.089712324962976879e+02,-1.140052833646508503e+02
2.717797585985329079e+03,-1.087363927073295145e+02,-1.087569631943356967e+02,-1.139674822126924596e+02,-1.090196206394241329e+02,-1.141032249358766251e+02
2.733495474232057859e+03,-1.087864172333302548e+02,-1.088068693890924123e+02,-1.140661871318066147e+02,-1.090680181923067948e+02,-1.142011860609479186e+02
2.749284032842421311e+03,-1.088364417649027018e+02,-1.088567762712421256e+02,-1.141649071935472790e+02,-1.091164251007728012e+02,-1.142991665399670183e+02
2.765163785524752257e+03,-1.088864663019830203e+02,-1.089066838367797345e+02,-1.142636422253624886e+02,-1.091648413109624300e+02,-1.143971661769131600e+02
2.781135259012293773e+03,-1.089364908445081568e+02,-1.089565920817236702e+02,-1.143623920552462749e+02,-1.092132667693271344e+02,-1.144951847764389754e+02
2.797198983080686503e+03,-1.089865153924157539e+02,-1.090065010021159964e+02,-1.144611565139011873e+02,-1.092617014226278371e+02,-1.145932221460301150e+02
2.813355490565530545e+03,-1.090365399456441651e+02,-1.090564105940220827e+02,-1.145599354356021422e+02,-1.093101452179330977e+02,-1.146912780968674781e+02
2.829605317380064207e+03,-1.090865645041324541e+02,-1.091063208535305620e+02,-1.146587286535410328e+02,-1.093585981026172647e+02,-1.147893524391762128e+02
2.845949002532936902e+03,-1.091365890678203527e+02,-1.091562317767531454e+02,-1.147575360047770232e+02,-1.094070600243587705e+02,-1.148874449871700847e+02
2.862387088146091173e+03,-1.091866136366483886e+02,-1.092061433598244804e+02,-1.148563573288140702e+02,-1.094555309311382985e+02,-1.149855555576299366e+02
2.878920119472747047e+03,-1.092366382105576292e+02,-1.092560555989020372e+02,-1.149551924642429697e+02,-1.095040107712370343e+02,-1.150836839665486480e+02
2.895548644915475052e+03,-1.092866627894898954e+02,-1.093059684901659665e+02,-1.150540412542672044e+02,-1.095524994932349330e+02,-1.151818300346505168e+02
2.912273216044407036e+03,-1.093366873733876616e+02,-1.093558820298189573e+02,-1.151529035428964107e+02,-1.096009970460089278e+02,-1.152799935835881229e+02
2.929094387615516553e+03,-1.093867119621940844e+02,-1.094057962140860383e+02,-1.152517791762779353e+02,-1.096495033787313105e+02,-1.153781744372719231e+02
2.946012717589026579e+03,-1.094367365558529315e+02,-1.094557110392145773e+02,-1.153506680016658237e+02,-1.096980184408678269e+02,-1.154763724208396383e+02
2.963028767147915005e+03,-1.094867611543086241e+02,-1.095056265014740546e+02,-1.154495698692665115e+02,-1.097465421821761566e+02,-1.155745873624994715e+02
2.980143100716533354e+03,-1.095367857575062231e+02,-1.095555425971559202e+02,-1.155484846282920586e+02,-1.097950745527041079e+02,-1.156728190895868806e+02
2.997356285979315999e+03,-1.095868103653914432e+02,-1.096054593225734948e+02,-1.156474121341726260e+02,-1.098436155027879266e+02,-1.157710674357687424e+02
3.014668893899627165e+03,-1.096368349779105813e+02,-1.096553766740618414e+02,-1.157463522397197977e+02,-1.098921649830506340e+02,-1.158693322322155552e+02
3.032081498738691607e+03,-1.096868595950105885e+02,-1.097052946479776381e+02,-1.158453048018830884e+02,-1.099407229444003775e+02,-1.159676133143501744e+02
3.049594678074642161e+03,-1.097368842166389697e+02,-1.097552132406989642e+02,-1.159442696782480198e+02,-1.099892893380287404e+02,-1.160659105183488435e+02
3.067209012821678698e+03,-1.097869088427438840e+02,-1.098051324486253435e+02,-1.160432467289438137e+02,-1.100378641154090928e+02,-1.161642236830465151e+02
3.084925087249339867e+03,-1.098369334732740867e+02,-1.098550522681773884e+02,-1.161422358145714071e+02,-1.100864472282949862e+02,-1.162625526478662437e+02
3.102743489001883518e+03,-1.098869581081788738e+02,-1.099049726957969426e+02,-1.162412367981322632e+02,-1.101350386287184620e+02,-1.163608972547455522e+02
3.120664809117766254e+03,-1.099369827474081376e+02,-1.099548937279466543e+02,-1.163402495444665163e+02,-1.101836382689884886e+02,-1.164592573475743933e+02
3.138689642049269878e+03,-1.099870073909123391e+02,-1.100048153611101043e+02,-1.164392739191560793e+02,-1.102322461016892987e+02,-1.165576327710990512e+02
3.156818585682204684e+03,-1.100370320386425647e+02,-1.100547375917915218e+02,-1.165383097905011027e+02,-1.102808620796788546e+02,-1.166560233728956888e+02
3.175052241355745082e+03,-1.100870566905503978e+02,-1.101046604165157419e+02,-1.166373570258300276e+02,-1.103294861560871425e+02,-1.167544289996839950e+02
3.193391213882375723e+03,-1.101370813465879905e+02,-1.101545838318280630e+02,-1.167364154966002729e+02,-1.103781182843147377e+02,-1.168528495024216198e+02
3.211836111567954049e+03,-1.101871060067080208e+02,-1.102045078342941054e+02,-1.168354850752367042e+02,-1.104267584180310990e+02,-1.169512847331455418e+02
3.230387546231890155e+03,-1.102371306708637917e+02,-1.102544324204997110e+02,-1.169345656350431568e+02,-1.104754065111731336e+02,-1.170497345448831226e+02
3.249046133227428982e+03,-1.102871553390090469e+02,-1.103043575870507595e+02,-1.170336570511809526e+02,-1.105240625179434346e+02,-1.171481987926290742e+02
3.267812491462079834e+03,-1.103371800110980985e+02,-1.103542833305731676e+02,-1.171327591995339645e+02,-1.105727263928089883e+02,-1.172466773322109930e+02
3.286687243418134130e+03,-1.103872046870857702e+02,-1.104042096477126478e+02,-1.172318719582375195e+02,-1.106213980904994969e+02,-1.173451700218161875e+02
3.305671015173315027e+03,-1.104372293669274541e+02,-1.104541365351346940e+02,-1.173309952065437614e+02,-1.106700775660058156e+02,-1.174436767208576384e+02
3.324764436421545270e+03,-1.104872540505789686e+02,-1.105040639895243402e+02,-1.174301288258360643e+02,-1.107187647745785597e+02,-1.175421972909867918e+02
3.343968140493837836e+03,-1.105372787379967292e+02,-1.105539920075862028e+02,-1.175292726973777917e+02,-1.107674596717264848e+02,-1.176407315938441087e+02
3.363282764379288892e+03,-1.105873034291375490e+02,-1.106039205860441825e+02,-1.176284267044115808e+02,-1.108161622132149944e+02,-1.177392794931556921e+02
3.382708948746228543e+03,-1.106373281239588238e+02,-1.106538497216414640e+02,-1.177275907321074868e+02,-1.108648723550647617e+02,-1.178378408546807208e+02
3.402247337963457994e+03,-1.106873528224183900e+02,-1.107037794111404310e+02,-1.178267646658284207e+02,-1.109135900535501094e+02,-1.179364155444783364e+02
3.421898580121625400e+03,-1.107373775244745673e+02,-1.107537096513223958e+02,-1.179259483938446635e+02,-1.109623152651976170e+02,-1.180350034316186481e+02
3.441663327054724959e+03,-1.107874022300862151e+02,-1.108036404389876992e+02,-1.180251418044756804e+02,-1.110110479467846147e+02,-1.181336043853270468e+02
3.461542234361717419e+03,-1.108374269392125484e+02,-1.108535717709553978e+02,-1.181243447876940706e+02,-1.110597880553377479e+02,-1.182322182765859395e+02
3.481535961428279279e+03,-1.108874516518133788e+02,-1.109035036440632638e+02,-1.182235572344930290e+02,-1.111085355481315275e+02,-1.183308449775022808e+02
3.501645171448662040e+03,-1.109374763678488875e+02,-1.109534360551676286e+02,-1.183227790379638122e+02,-1.111572903826868526e+02,-1.184294843623833913e+02
3.521870531447710619e+03,-1.109875010872797105e+02,-1.110033690011433123e+02,-1.184220100915092502e+02,-1.112060525167697165e+02,-1.185281363059518185e+02
3.542212712302974523e+03,-1.110375258100670095e+02,-1.110533024788834808e+02,-1.185212502899149314e+02,-1.112548219083895304e+02,-1.186268006844148317e+02
3.562672388766965014e+03,-1.110875505361723015e+02,-1.111032364852995471e+02,-1.186204995292848565e+02,-1.113035985157980008e+02,-1.187254773753995920e+02
3.583250239489535943e+03,-1.111375752655576434e+02,-1.111531710173210286e+02,-1.187197577075669841e+02,-1.113523822974875088e+02,-1.188241662584776464e+02
3.603946947040396026e+03,-1.111875999981854193e+02,-1.112031060718954905e+02,-1.188190247221245386e+02,-1.114011732121897893e+02,-1.189228672127382822e+02
3.624763197931750710e+03,-1.112376247340185245e+02,-1.112530416459884322e+02,-1.189183004744009651e+02,-1.114499712188745519e+02,-1.190215801214479541e+02
3.645699682641063191e+03,-1.112876494730202239e+02,-1.113029777365831308e+02,-1.190175848633178646e+02,-1.114987762767481030e+02,-1.191203048654547558e+02
3.666757095633975496e+03,-1.113376742151542373e+02,-1.113529143406805844e+02,-1.191168777917565222e+02,-1.115475883452519525e+02,-1.192190413296625024e+02
3.687936135387333252e+03,-1.113876989603847107e+02,-1.114028514552993840e+02,-1.192161791629199143e+02,-1.115964073840614077e+02,-1.193177893993960623e+02
3.709237504412353246e+03,-1.114377237086761738e+02,-1.114527890774756145e+02,-1.193154888814655692e+02,-1.116452333530843646e+02,-1.194165489615325555e+02
3.730661909277931500e+03,-1.114877484599935542e+02,-1.115027272042627402e+02,-1.194148068515987688e+02,-1.116940662124597452e+02,-1.195153199025960333e+02
3.752210060634078673e+03,-1.115377732143022342e+02,-1.115526658327315346e+02,-1.195141329806782693e+02,-1.117429059225563606e+02,-1.196141021123587933e+02
3.773882673235480524e+03,-1.115877979715679089e+02,-1.116026049599699235e+02,-1.196134671760919588e+02,-1.117917524439714185e+02,-1.197128954807199506e+02
3.795680465965227995e+03,-1.116378227317567564e+02,-1.116525445830829000e+02,-1.197128093457854163e+02,-1.118406057375293017e+02,-1.198116998982328738e+02
3.817604161858647785e+03,-1.116878474948352675e+02,-1.117024846991924534e+02,-1.198121594000726304e+02,-1.118894657642802315e+02,-1.199105152579134597e+02
3.839654488127289824e+03,-1.117378722607703594e+02,-1.117524253054374697e+02,-1.199115172484340661e+02,-1.119383324854989326e+02,-1.200093414520410420e+02
3.861832176183047068e+03,-1.117878970295293186e+02,-1.118023663989735610e+02,-1.200108828038636943e+02,-1.119872058626833109e+02,-1.201081783765003905e+02
3.884137961662418547e+03,-1.118379218010798013e+02,-1.118523079769730231e+02,-1.201102559790219715e+02,-1.120360858575532177e+02,-1.202070259269382859e+02
3.906572584450914292e+03,-1.118879465753898472e+02,-1.119022500366247641e+02,-1.202096366861287180e+02,-1.120849724320491845e+02,-1.203058839986559292e+02
3.929136788707579854e+03,-1.119379713524278372e+02,-1.119521925751341200e+02,-1.203090248420532618e+02,-1.121338655483309878e+02,-1.204047524916931877e+02
3.951831322889705461e+03,-1.119879961321625501e+02,-1.120021355897227977e+02,-1.204084203605109593e+02,-1.121827651687765695e+02,-1.205036313030330319e+02
3.974656939777636126e+03,-1.120380209145630914e+02,-1.120520790776288322e+02,-1.205078231584504067e+02,-1.122316712559806575e+02,-1.206025203329812712e+02
3.997614396499746817e+03,-1.120880456995989221e+02,-1.121020230361064023e+02,-1.206072331547317020e+02,-1.122805837727535732e+02,-1.207014194838458963e+02
4.020704454557552708e+03,-1.121380704872398582e+02,-1.121519674624257590e+02,-1.207066502654298432e+02,-1.123295026821199087e+02,-1.208003286552449254e+02
4.043927879850973568e+03,-1.121880952774560853e+02,-1.122019123538731975e+02,-1.208060744130298758e+02,-1.123784279473173484e+02,-1.208992477532911636e+02
4.067285442703737317e+03,-1.122381200702181161e+02,-1.122518577077508439e+02,-1.209055055164228207e+02,-1.124273595317954459e+02,-1.209981766805985615e+02
4.090777917888920456e+03,-1.122881448654967471e+02,-1.123018035213766410e+02,-1.210049434968015447e+02,-1.124762973992143031e+02,-1.210971153421710937e+02
4.114406084654667211e+03,-1.123381696632632156e+02,-1.123517497920842487e+02,-1.211043882755924272e+02,-1.125252415134434472e+02,-1.211960636433362311e+02
4.138170726750025096e+03,-1.123881944634889862e+02,-1.124016965172229447e+02,-1.212038397777970715e+02,-1.125741918385605658e+02,-1.212950214930825865e+02
4.162072632450944184e+03,-1.124382192661459214e+02,-1.124516436941574966e+02,-1.213032979258012034e+02,-1.126231483388503563e+02,-1.213939887978750392e+02
4.186112594586423256e+03,-1.124882440712061538e+02,-1.125015913202681048e+02,-1.214027626447535937e+02,-1.126721109788032607e+02,-1.214929654670272186e+02
4.210291410564813305e+03,-1.125382688786421852e+02,-1.125515393929503318e+02,-1.215022338618594233e+02,-1.127210797231143005e+02,-1.215919514119954385e+02
4.234609882400251990e+03,-1.125882936884267735e+02,-1.126014879096149173e+02,-1.216017115007365419e+02,-1.127700545366818972e+02,-1.216909465407403275e+02
4.259068816739290924e+03,-1.126383185005330603e+02,-1.126514368676878064e+02,-1.217011954918069563e+02,-1.128190353846066927e+02,-1.217899507681067206e+02
4.283669024887632986e+03,-1.126883433149344427e+02,-1.127013862646100222e+02,-1.218006857617582170e+02,-1.128680222321904125e+02,-1.218889640052960601e+02
4.308411322837051557e+03,-1.127383681316046022e+02,-1.127513360978374806e+02,-1.219001822390567327e+02,-1.129170150449346011e+02,-1.219879861653730586e+02
4.333296531292454347e+03,-1.127883929505176042e+02,-1.128012863648410473e+02,-1.219996848531932585e+02,-1.129660137885395699e+02,-1.220870171625118559e+02
4.358325475699109120e+03,-1.128384177716477552e+02,-1.128512370631063391e+02,-1.220991935382381257e+02,-1.130150184289032325e+02,-1.221860569155465868e+02
4.383498986270023124e+03,-1.128884425949696606e+02,-1.129011881901337233e+02,-1.221987082212572631e+02,-1.130640289321198964e+02,-1.222851053363998233e+02
4.408817898013470767e+03,-1.129384674204581671e+02,-1.129511397434381479e+02,-1.222982288381034266e+02,-1.131130452644791973e+02,-1.223841623458559980e+02
4.434283050760708647e+03,-1.129884922480885336e+02,-1.130010917205490983e+02,-1.223977553196143901e+02,-1.131620673924648912e+02,-1.224832278597742174e+02
4.459895289193826102e+03,-1.130385170778362038e+02,-1.130510441190105269e+02,-1.224972876024745005e+02,-1.132110952827538313e+02,-1.225823017999375679e+02
4.485655462873755823e+03,-1.130885419096769198e+02,-1.131009969363806817e+02,-1.225968256166496246e+02,-1.132601289022147739e+02,-1.226813840815012497e+02
4.511564426268464558e+03,-1.131385667435867219e+02,-1.131509501702321785e+02,-1.226963692993249424e+02,-1.133091682179073132e+02,-1.227804746269148239e+02
4.537623038781288415e+03,-1.131885915795419066e+02,-1.132009038181517440e+02,-1.227959185882562565e+02,-1.133582131970807296e+02,-1.228795733592802009e+02
4.563832164779447339e+03,-1.132386164175190544e+02,-1.132508578777402590e+02,-1.228954734179134078e+02,-1.134072638071729386e+02,-1.229786801984988927e+02
4.590192673622699658e+03,-1.132886412574950157e+02,-1.133008123466125738e+02,-1.229950337269164038e+02,-1.134563200158093679e+02,-1.230777950686996434e+02
4.616705439692199434e+03,-1.133386660994468684e+02,-1.133507672223974936e+02,-1.230945994527089624e+02,-1.135053817908019056e+02,-1.231769178929172170e+02
4.643371342419491157e+03,-1.133886909433520174e+02,-1.134007225027377501e+02,-1.231941705352932672e+02,-1.135544491001477638e+02,-1.232760485968227044e+02
4.670191266315676330e+03,-1.134387157891880804e+02,-1.134506781852897177e+02,-1.232937469125687358e+02,-1.136035219120284978e+02,-1.233751871040670665e+02
4.697166101000760136e+03,-1.134887406369329454e+02,-1.135006342677235409e+02,-1.233933285279855596e+02,-1.136526001948088549e+02,-1.234743333439256503e+02
4.724296741233152716e+03,-1.135387654865647420e+02,-1.135505907477229783e+02,-1.234929153188568165e+02,-1.137016839170357372e+02,-1.235734872396228070e+02
4.751584086939358713e+03,-1.135887903380618837e+02,-1.136005476229853031e+02,-1.235925072295091525e+02,-1.137507730474372067e+02,-1.236726487214677377e+02
4.779029043243809610e+03,-1.136388151914029976e+02,-1.136505048912212033e+02,-1.236921042002943238e+02,-1.137998675549213345e+02,-1.237718177158776456e+02
4.806632520498909798e+03,-1.136888400465669378e+02,-1.137004625501547963e+02,-1.237917061761718287e+02,-1.138489674085752483e+02,-1.238709941539504484e+02
4.834395434315219063e+03,-1.137388649035328569e+02,-1.137504205975234299e+02,-1.238913130987311888e+02,-1.138980725776640668e+02,-1.239701779634955727e+02
4.862318705591826074e+03,-1.137888897622801210e+02,-1.138003790310776537e+02,-1.239909249148966808e+02,-1.139471830316298337e+02,-1.240693690777284672e+02
4.890403260546895581e+03,-1.138389146227883089e+02,-1.138503378485812618e+02,-1.240905415656267792e+02,-1.139962987400905945e+02,-1.241685674239823101e+02
4.918650030748394784e+03,-1.138889394850372838e+02,-1.139002970478109944e+02,-1.241901629995517737e+02,-1.140454196728392731e+02,-1.242677729373299798e+02
4.947059953144975225e+03,-1.139389643490070796e+02,-1.139502566265565378e+02,-1.242897891616090931e+02,-1.140945457998426917e+02,-1.243669855492316714e+02
4.975633970097081146e+03,-1.139889892146779857e+02,-1.140002165826206095e+02,-1.243894199978149686e+02,-1.141436770912405905e+02,-1.244662051923006771e+02
5.004373029408186994e+03,-1.140390140820305334e+02,-1.140501769138186461e+02,-1.244890554577113875e+02,-1.141928135173446321e+02,-1.245654318027475114e+02
5.033278084356240470e+03,-1.140890389510454668e+02,-1.141001376179788451e+02,-1.245886954893695133e+02,-1.142419550486373794e+02,-1.246646653153881914e+02
5.062350093725284751e+03,-1.141390638217037576e+02,-1.141500986929421089e+02,-1.246883400375825914e+02,-1.142911016557712998e+02,-1.247639056618387912e+02
5.091590021837262611e+03,-1.141890886939865624e+02,-1.142000601365619303e+02,-1.247879890555417006e+02,-1.143402533095678564e+02,-1.248631527821780196e+02
5.120998838584002442e+03,-1.142391135678752931e+02,-1.142500219467043223e+02,-1.248876424913799497e+02,-1.143894099810164420e+02,-1.249624066115057275e+02
5.150577519459375253e+03,-1.142891384433515469e+02,-1.142999841212476895e+02,-1.249873002956521049e+02,-1.144385716412734268e+02,-1.250616670874140084e+02
5.180327045591680871e+03,-1.143391633203971480e+02,-1.143499466580828852e+02,-1.250869624187428855e+02,-1.144877382616612351e+02,-1.251609341473977253e+02
5.210248403776168743e+03,-1.143891881989941197e+02,-1.143999095551130409e+02,-1.251866288125163180e+02,-1.145369098136673927e+02,-1.252602077305020458e+02
5.240342586507780652e+03,-1.144392130791246842e+02,-1.144498728102535097e+02,-1.252862994285378448e+02,-1.145860862689435180e+02,-1.253594877755456878e+02
5.270610592014065332e+03,-1.144892379607713053e+02,-1.144998364214318087e+02,-1.253859742206175696e+02,-1.146352675993043704e+02,-1.254587742236612939e+02
5.301053424288296810e+03,-1.145392628439165890e+02,-1.145498003865875205e+02,-1.254856531395071642e+02,-1.146844537767269969e+02,-1.255580670129975971e+02
5.331672093122776459e+03,-1.145892877285434110e+02,-1.145997647036722498e+02,-1.255853361407156967e+02,-1.147336447733496954e+02,-1.256573660865263946e+02
5.362467614142307866e+03,-1.146393126146347754e+02,-1.146497293706495668e+02,-1.256850231774346582e+02,-1.147828405614711613e+02,-1.257566713849748510e+02
5.393441008837920890e+03,-1.146893375021738990e+02,-1.146996943854948512e+02,-1.257847142057772061e+02,-1.148320411135494794e+02,-1.258559828520586308e+02
5.424593304600729425e+03,-1.147393623911442262e+02,-1.147496597461953627e+02,-1.258844091793710049e+02,-1.148812464022012705e+02,-1.259553004290804381e+02
5.455925534756016532e+03,-1.147893872815293719e+02,-1.147996254507500424e+02,-1.259841080528404405e+02,-1.149304564002007396e+02,-1.260546240584077680e+02
5.487438738597509655e+03,-1.148394121733130930e+02,-1.148495914971694845e+02,-1.260838107854131636e+02,-1.149796710804788660e+02,-1.261539536870754432e+02
5.519133961421860477e+03,-1.148894370664794167e+02,-1.148995578834759215e+02,-1.261835173299556914e+02,-1.150288904161222661e+02,-1.262532892558324704e+02
5.551012254563295755e+03,-1.149394619610124835e+02,-1.149495246077030544e+02,-1.262832276474943285e+02,-1.150781143803725399e+02,-1.263526307136470308e+02
5.583074675428521914e+03,-1.149894868568966331e+02,-1.149994916678960664e+02,-1.263829416962268510e+02,-1.151273429466252907e+02,-1.264519780067296750e+02
5.615322287531776965e+03,-1.150395117541164183e+02,-1.150494590621115663e+02,-1.264826594294935092e+02,-1.151765760884291723e+02,-1.265513310765061163e+02
5.647756160530115267e+03,-1.150895366526565340e+02,-1.150994267884174036e+02,-1.265823808106043913e+02,-1.152258137794850512e+02,-1.266506898744281528e+02
5.680377370258886913e+03,-1.151395615525018457e+02,-1.151493948448927682e+02,-1.266821057941419042e+02,-1.152750559936451822e+02,-1.267500543432960853e+02
5.713186998767421755e+03,-1.151895864536374177e+02,-1.151993632296279770e+02,-1.267818343446557776e+02,-1.153243027049122560e+02,-1.268494244359330310e+02
5.746186134354928981e+03,-1.152396113560484849e+02,-1.152493319407244883e+02,-1.268815664177438691e+02,-1.153735538874385611e+02,-1.269488000962860212e+02
5.779375871606573128e+03,-1.152896362597204103e+02,-1.152993009762948162e+02,-1.269813019770391804e+02,-1.154228095155251310e+02,-1.270481812763939331e+02
5.812757311429815672e+03,-1.153396611646387839e+02,-1.153492703344624601e+02,-1.270810409827549137e+02,-1.154720695636208774e+02,-1.271475679249450650e+02
5.846331561090905780e+03,-1.153896860707892955e+02,-1.153992400133618617e+02,-1.271807833934573040e+02,-1.155213340063216947e+02,-1.272469599890472836e+02
5.880099734251622067e+03,-1.154397109781578621e+02,-1.154492100111383195e+02,-1.272805291757385362e+02,-1.155706028183697072e+02,-1.273463574238901970e+02
5.914062951006204457e+03,-1.154897358867305286e+02,-1.154991803259479042e+02,-1.273802782866457619e+02,-1.156198759746523592e+02,-1.274457601751931861e+02
5.948222337918514313e+03,-1.155397607964935105e+02,-1.155491509559574581e+02,-1.274800306951278372e+02,-1.156691534502015628e+02,-1.275451682006278986e+02
5.982579028059404664e+03,-1.155897857074331512e+02,-1.155991218993444818e+02,-1.275797863563972783e+02,-1.157184352201929016e+02,-1.276445814442084270e+02
6.017134161044281427e+03,-1.156398106195359929e+02,-1.156490931542970344e+02,-1.276795452415299224e+02,-1.157677212599447500e+02,-1.277439998658577878e+02
6.051888883070941120e+03,-1.156898355327887202e+02,-1.156990647190138191e+02,-1.277793073116405935e+02,-1.158170115449175626e+02,-1.278434234156117952e+02
6.086844346957565904e+03,-1.157398604471781454e+02,-1.157490365917039412e+02,-1.278790725276597726e+02,-1.158663060507129501e+02,-1.279428520433845904e+02
6.122001712180970571e+03,-1.157898853626912796e+02,-1.157990087705869371e+02,-1.279788408584185788e+02,-1.159156047530728841e+02,-1.280422857070443285e+02
6.157362144915057797e+03,-1.158399102793152053e+02,-1.158489812538927453e+02,-1.280786122684947657e+02,-1.159649076278788726e+02,-1.281417243602723772e+02
6.192926818069511683e+03,-1.158899351970372749e+02,-1.158989540398615929e+02,-1.281783867242082806e+02,-1.160142146511512493e+02,-1.282411679585516708e+02
6.228696911328675014e+03,-1.159399601158448263e+02,-1.159489271267438681e+02,-1.282781641873717149e+02,-1.160635257990482359e+02,-1.283406164529240243e+02
6.264673611190719384e+03,-1.159899850357254820e+02,-1.159989005128002475e+02,-1.283779446276174951e+02,-1.161128410478652597e+02,-1.284400698023030998e+02
6.300858111006973559e+03,-1.160400099566669496e+02,-1.160488741963014405e+02,-1.284777280120532055e+02,-1.161621603740341016e+02,-1.285395279631410119e+02
6.337251611021515600e+03,-1.160900348786570646e+02,-1.160988481755282749e+02,-1.285775143051158409e+02,-1.162114837541221135e+02,-1.286389908892823826e+02
6.373855318410986911e+03,-1.161400598016838330e+02,-1.161488224487715399e+02,-1.286773034790485042e+02,-1.162608111648314804e+02,-1.287384585424290151e+02
6.410670447324628185e+03,-1.161900847257353462e+02,-1.161987970143320013e+02,-1.287770954969579691e+02,-1.163101425829983668e+02,-1.288379308752159602e+02
6.447698218924565481e+03,-1.162401096507999085e+02,-1.162487718705202724e+02,-1.288768903275260982e+02,-1.163594779855922781e+02,-1.289374078459063071e+02
6.484939861426288189e+03,-1.162901345768659098e+02,-1.162987470156567724e+02,-1.289766879429409130e+02,-1.164088173497150649e+02,-1.290368894163242999e+02
6.522396610139427139e+03,-1.163401595039218819e+02,-1.163487224480717543e+02,-1.290764883080529728e+02,-1.164581606526003839e+02,-1.291363755410232272e+02
6.560069707508703686e+03,-1.163901844319564560e+02,-1.163986981661051061e+02,-1.291762913910292241e+02,-1.165075078716128871e+02,-1.292358661779272211e+02
6.597960403155152562e+03,-1.164402093609584483e+02,-1.164486741681063933e+02,-1.292760971655814330e+02,-1.165568589842473415e+02,-1.293353612905570742e+02
6.636069953917564817e+03,-1.164902342909167885e+02,-1.164986504524348163e+02,-1.293759056022051936e+02,-1.166062139681280172e+02,-1.294348608392784001e+02
6.674399623894185424e+03,-1.165402592218205200e+02,-1.165486270174590686e+02,-1.294757166680152523e+02,-1.166555728010078781e+02,-1.295343647811368442e+02
6.712950684484641897e+03,-1.165902841536588284e+02,-1.165986038615573506e+02,-1.295755303332948642e+02,-1.167049354607678566e+02,-1.296338730764000786e+02
6.751724414432097547e+03,-1.166403090864209702e+02,-1.166485809831172418e+02,-1.296753465715201799e+02,-1.167543019254161294e+02,-1.297333856885815635e+02
6.790722099865702148e+03,-1.166903340200963868e+02,-1.166985583805357578e+02,-1.297751653548533852e+02,-1.168036721730873353e+02,-1.298329025799386898e+02
6.829945034343229054e+03,-1.167403589546746332e+02,-1.167485360522191513e+02,-1.298749866517561031e+02,-1.168530461820418793e+02,-1.299324237090880843e+02
6.869394518893988788e+03,-1.167903838901453497e+02,-1.167985139965830257e+02,-1.299748104336879919e+02,-1.169024239306652504e+02,-1.300319490376969895e+02
6.909071862061983666e+03,-1.168404088264983187e+02,-1.168484922120521361e+02,-1.300746366751266407e+02,-1.169518053974672114e+02,-1.301314785305023918e+02
6.948978379949320697e+03,-1.168904337637234221e+02,-1.168984706970604037e+02,-1.301744653466310524e+02,-1.170011905610811453e+02,-1.302310121483821490e+02
6.989115396259838235e+03,-1.169404587018107264e+02,-1.169484494500508447e+02,-1.302742964239871242e+02,-1.170505794002633024e+02,-1.303305498574899275e+02
7.029484242343054575e+03,-1.169904836407502842e+02,-1.169984284694754990e+02,-1.303741298812550156e+02,-1.170999718938921461e+02,-1.304300916223100444e+02
7.070086257238301187e+03,-1.170405085805323893e+02,-1.170484077537954590e+02,-1.304739656859314607e+02,-1.171493680209676143e+02,-1.305296374008246403e+02
7.110922787719147891e+03,-1.170905335211473783e+02,-1.170983873014806989e+02,-1.305738038176747864e+02,-1.171987677606104086e+02,-1.306291871632180062e+02
7.151995188338070875e+03,-1.171405584625857159e+02,-1.171483671110100886e+02,-1.306736442471113833e+02,-1.172481710920613125e+02,-1.307287408707058489e+02
7.193304821471389005e+03,-1.171905834048379234e+02,-1.171983471808713659e+02,-1.307734869523085308e+02,-1.172975779946804948e+02,-1.308282984919898979e+02
7.234853057364459346e+03,-1.172406083478947636e+02,-1.172483275095610225e+02,-1.308733319044362986e+02,-1.173469884479468561e+02,-1.309278599889351540e+02
7.276641274177094601e+03,-1.172906332917469570e+02,-1.172983080955842752e+02,-1.309731790772131887e+02,-1.173964024314572612e+02,-1.310274253260049022e+02
7.318670858029327064e+03,-1.173406582363854369e+02,-1.173482889374550240e+02,-1.310730284493572810e+02,-1.174458199249259280e+02,-1.311269944727088728e+02
7.360943203047354473e+03,-1.173906831818011653e+02,-1.173982700336958231e+02,-1.311728799972935917e+02,-1.174952409081838027e+02,-1.312265673963182451e+02
7.403459711409791453e+03,-1.174407081279852463e+02,-1.174482513828377961e+02,-1.312727336925477744e+02,-1.175446653611777208e+02,-1.313261440592621057e+02
7.446221793394176530e+03,-1.174907330749288974e+02,-1.174982329834205785e+02,-1.313725895114796458e+02,-1.175940932639698815e+02,-1.314257244288498896e+02
7.489230867423757445e+03,-1.175407580226234074e+02,-1.175482148339922759e+02,-1.314724474353585322e+02,-1.176435245967371657e+02,-1.315253084773461865e+02
7.532488360114541138e+03,-1.175907829710601789e+02,-1.175981969331094774e+02,-1.315723074378653621e+02,-1.176929593397704110e+02,-1.316248961694866182e+02
7.575995706322590195e+03,-1.176408079202307135e+02,-1.176481792793370715e+02,-1.316721694949215191e+02,-1.177423974734738152e+02,-1.317244874722953796e+02
7.619754349191658548e+03,-1.176908328701265987e+02,-1.176981618712483311e+02,-1.317720335846886996e+02,-1.177918389783642397e+02,-1.318240823550848404e+02
7.663765740201033623e+03,-1.177408578207395351e+02,-1.177481447074248138e+02,-1.318718996824502199e+02,-1.178412838350705982e+02,-1.319236807843423094e+02
7.708031339213687716e+03,-1.177908827720613090e+02,-1.177981277864562628e+02,-1.319717677707561165e+02,-1.178907320243332180e+02,-1.320232827338635673e+02
7.752552614524700402e+03,-1.178409077240838201e+02,-1.178481111069406353e+02,-1.320716378214478368e+02,-1.179401835270031142e+02,-1.321228881667971677e+02
7.797331042909966527e+03,-1.178909326767990109e+02,-1.178980946674840311e+02,-1.321715098187135311e+02,-1.179896383240414366e+02,-1.322224970586740085e+02
7.842368109675185224e+03,-1.179409576301989659e+02,-1.179480784667006503e+02,-1.322713837331942273e+02,-1.180390963965188860e+02,-1.323221093715416146e+02
7.887665308705097232e+03,-1.179909825842758408e+02,-1.179980625032126795e+02,-1.323712595531315799e+02,-1.180885577256148906e+02,-1.324217250850778100e+02
7.933224142513083279e+03,-1.180410075390218907e+02,-1.180480467756503344e+02,-1.324711372503742552e+02,-1.181380222926171797e+02,-1.325213441626336248e+02
7.979046122290974381e+03,-1.180910324944294274e+02,-1.180980312826518031e+02,-1.325710168091458172e+02,-1.181874900789210301e+02,-1.326209665799695472e+02
8.025132767959183184e+03,-1.181410574504909050e+02,-1.181480160228631178e+02,-1.326708982022184387e+02,-1.182369610660287407e+02,-1.327205923014553832e+02
8.071485608217119989e+03,-1.181910824071988202e+02,-1.181980009949382406e+02,-1.327707814147765077e+02,-1.182864352355489501e+02,-1.328202213039069193e+02
8.118106180593909812e+03,-1.182411073645457833e+02,-1.182479861975388502e+02,-1.328706664257333614e+02,-1.183359125691960259e+02,-1.329198535579232612e+02
8.164996031499358651e+03,-1.182911323225244473e+02,-1.182979716293344410e+02,-1.329705532129368351e+02,-1.183853930487894814e+02,-1.330194890330863586e+02
8.212156716275296276e+03,-1.183411572811275789e+02,-1.183479572890022098e+02,-1.330704417530737942e+02,-1.184348766562533797e+02,-1.331191276978651388e+02
8.259589799247138217e+03,-1.183911822403480585e+02,-1.183979431752270557e+02,-1.331703320408859383e+02,-1.184843633736156931e+02,-1.332187695388102213e+02
8.307296853775776981e+03,-1.184412072001788090e+02,-1.184479292867014664e+02,-1.332702240424538900e+02,-1.185338531830077784e+02,-1.333184145138889960e+02
8.355279462309772498e+03,-1.184912321606128103e+02,-1.184979156221255607e+02,-1.333701177417462986e+02,-1.185833460666636228e+02,-1.334180625989832549e+02
8.403539216437846335e+03,-1.185412571216431701e+02,-1.185479021802068758e+02,-1.334700131242351233e+02,-1.186328420069194749e+02,-1.335177137715222102e+02
8.452077716941681501e+03,-1.185912820832630956e+02,-1.185978889596606223e+02,-1.335699101684026573e+02,-1.186823409862130774e+02,-1.336173680019988126e+02
8.500896573848978733e+03,-1.186413070454657657e+02,-1.186478759592093013e+02,-1.336698088625137757e+02,-1.187318429870831551e+02,-1.337170252707228428e+02
8.549997406486925684e+03,-1.186913320082445580e+02,-1.186978631775829029e+02,-1.337697091762703110e+02,-1.187813479921688042e+02,-1.338166855395069490e+02
8.599381843535864391e+03,-1.187413569715928645e+02,-1.187478506135187502e+02,-1.338696110946845295e+02,-1.188308559842089807e+02,-1.339163487855017820e+02
8.649051523083331631e+03,-1.187913819355041198e+02,-1.187978382657615271e+02,-1.339695146097938903e+02,-1.188803669460418462e+02,-1.340160149929201907e+02
8.699008092678392131e+03,-1.188414068999719575e+02,-1.188478261330631511e+02,-1.340694196946400893e+02,-1.189298808606042570e+02,-1.341156841270444318e+02
8.749253209386282833e+03,-1.188914318649899258e+02,-1.188978142141827874e+02,-1.341693263289623417e+02,-1.189793977109310958e+02,-1.342153561598910301e+02
8.799788539843391845e+03,-1.189414568305517861e+02,-1.189478025078867915e+02,-1.342692345081529197e+02,-1.190289174801549024e+02,-1.343150310791560571e+02
8.850615760312506609e+03,-1.189914817966512715e+02,-1.189977910129486816e+02,-1.343691442052001435e+02,-1.190784401515050490e+02,-1.344147088501999292e+02
8.901736556738467698e+03,-1.190415067632822286e+02,-1.190477797281490524e+02,-1.344690554056673193e+02,-1.191279657083074142e+02,-1.345143894509875508e+02
8.953152624804051811e+03,-1.190915317304385894e+02,-1.190977686522755903e+02,-1.345689680990217312e+02,-1.191774941339837000e+02,-1.346140728634265145e+02
9.004865669986233115e+03,-1.191415566981143286e+02,-1.191477577841230300e+02,-1.346688822546085760e+02,-1.192270254120509492e+02,-1.347137590493674395e+02
9.056877407612748357e+03,-1.191915816663034633e+02,-1.191977471224930127e+02,-1.347687978694313244e+02,-1.192765595261209199e+02,-1.348134479983312417e+02
9.109189562919011223e+03,-1.192416066350001671e+02,-1.192477366661942426e+02,-1.348687149201852833e+02,-1.193260964598995884e+02,-1.349131396795955311e+02
9.161803871105295912e+03,-1.192916316041985993e+02,-1.192977264140422164e+02,-1.349686333962836500e+02,-1.193756361971866511e+02,-1.350128340751838891e+02
9.214722077394348162e+03,-1.193416565738930188e+02,-1.193477163648593375e+02,-1.350685532816868601e+02,-1.194251787218748717e+02,-1.351125311617149976e+02
9.267945937089240033e+03,-1.193916815440777413e+02,-1.193977065174748162e+02,-1.351684745515819941e+02,-1.194747240179496259e+02,-1.352122309070855692e+02
9.321477215631606668e+03,-1.194417065147471533e+02,-1.194476968707247124e+02,-1.352683972001065058e+02,-1.195242720694883900e+02,-1.353119332981632112e+02
9.375317688660195927e+03,-1.194917314858956843e+02,-1.194976874234517084e+02,-1.353683212095008912e+02,-1.195738228606601012e+02,-1.354116383099729717e+02
9.429469142069781810e+03,-1.195417564575179057e+02,-1.195476781745053074e+02,-1.354682465654573775e+02,-1.196233763757247743e+02,-1.355113459210286919e+02
9.483933372070394398e+03,-1.195917814296083606e+02,-1.195976691227416069e+02,-1.355681732476475645e+02,-1.196729325990328903e+02,-1.356110561038710216e+02
9.538712185246875379e+03,-1.196418064021616487e+02,-1.196476602670233547e+02,-1.356681012486166082e+02,-1.197224915150248421e+02,-1.357107688439404853e+02
9.593807398618855586e+03,-1.196918313751725123e+02,-1.196976516062198783e+02,-1.357680305548535102e+02,-1.197720531082305087e+02,-1.358104841206683773e+02
9.649220839700987199e+03,-1.197418563486357073e+02,-1.197476431392070282e+02,-1.358679611400992826e+02,-1.198216173632686576e+02,-1.359102019007922024e+02
9.704954346563574290e+03,-1.197918813225460468e+02,-1.197976348648672484e+02,-1.359678930070915897e+02,-1.198711842648465336e+02,-1.360099221800539340e+02
9.761009767893534445e+03,-1.198419062968984008e+02,-1.198476267820893639e+02,-1.360678261296098697e+02,-1.199207537977592466e+02,-1.361096449253089133e+02
9.817388963055735076e+03,-1.198919312716877243e+02,-1.198976188897686654e+02,-1.361677604975173779e+02,-1.199703259468893037e+02,-1.362093701195178994e+02
9.874093802154658988e+03,-1.199419562469090010e+02,-1.199476111868068813e+02,-1.362676960907604098e+02,-1.200199006972061255e+02,-1.363090977357748841e+02
9.931126166096415545e+03,-1.199919812225572855e+02,-1.199976036721120209e+02,-1.363676329122205004e+02,-1.200694780337655345e+02,-1.364088277701226559e+02
9.988487946651175662e+03,-1.200420061986276892e+02,-1.200475963445984604e+02,-1.364675709282074934e+02,-1.201190579417092295e+02,-1.365085601821115233e+02
1.004618104651589783e+04,-1.200920311751153804e+02,-1.200975892031868995e+02,-1.365675101378691920e+02,-1.201686404062643305e+02,-1.366082949641319715e+02
1.010420737937740341e+04,-1.201420561520155559e+02,-1.201475822468041912e+02,-1.366674505301693046e+02,-1.202182254127428962e+02,-1.367080320984399293e+02
1.016256886997596303e+04,-1.201920811293235403e+02,-1.201975754743834841e+02,-1.367673920835262038e+02,-1.202678129465413690e+02,-1.368077715567958137e+02
1.022126745416897938e+04,-1.202421061070346298e+02,-1.202475688848640800e+02,-1.368673347859510443e+02,-1.203174029931401492e+02,-1.369075133205799659e+02
1.028030507899537952e+04,-1.202921310851442058e+02,-1.202975624771914056e+02,-1.369672786318295152e+02,-1.203669955381030974e+02,-1.370072573775780427e+02
1.033968370274002154e+04,-1.203421560636477068e+02,-1.203475562503169840e+02,-1.370672236116726026e+02,-1.204165905670770371e+02,-1.371070037117426637e+02
1.039940529499882177e+04,-1.203921810425406704e+02,-1.203975502031984490e+02,-1.371671696945531664e+02,-1.204661880657913429e+02,-1.372067522856492872e+02
1.045947183674393636e+04,-1.204422060218185493e+02,-1.204475443347994457e+02,-1.372671168868815528e+02,-1.205157880200573430e+02,-1.373065030992065942e+02
1.051988532038953963e+04,-1.204922310014769948e+02,-1.204975386440895733e+02,-1.373670651665927380e+02,-1.205653904157679506e+02,-1.374062561239162505e+02
1.058064774985796976e+04,-1.205422559815116301e+02,-1.205475331300444850e+02,-1.374670145176364713e+02,-1.206149952388971371e+02,-1.375060113373246224e+02
1.064176114064605827e+04,-1.205922809619181493e+02,-1.205975277916456747e+02,-1.375669649443284754e+02,-1.206646024754995352e+02,-1.376057687373580620e+02
1.070322751989214521e+04,-1.206423059426923032e+02,-1.206475226278805906e+02,-1.376669164181901976e+02,-1.207142121117099265e+02,-1.377055282892209789e+02
1.076504892644315260e+04,-1.206923309238298572e+02,-1.206975176377424930e+02,-1.377668689417341170e+02,-1.207638241337427303e+02,-1.378052899891107472e+02
1.082722741092239266e+04,-1.207423559053266757e+02,-1.207475128202305115e+02,-1.378668224913707832e+02,-1.208134385278916767e+02,-1.379050538071873007e+02
1.088976503579742166e+04,-1.207923808871786377e+02,-1.207975081743495593e+02,-1.379667770675741849e+02,-1.208630552805291956e+02,-1.380048197376830785e+02
1.095266387544852660e+04,-1.208424058693816505e+02,-1.208475036991102343e+02,-1.380667326515651609e+02,-1.209126743781060753e+02,-1.381045877556341566e+02
1.101592601623759765e+04,-1.208924308519317350e+02,-1.208974993935289888e+02,-1.381666892267948015e+02,-1.209622958071510084e+02,-1.382043578383395470e+02
1.107955355657717882e+04,-1.209424558348248695e+02,-1.209474952566278461e+02,-1.382666467937733046e+02,-1.210119195542700510e+02,-1.383041299801735420e+02
1.114354860700024801e+04,-1.209924808180571745e+02,-1.209974912874345563e+02,-1.383666053332339914e+02,-1.210615456061462964e+02,-1.384039041557901726e+02
1.120791329023004437e+04,-1.210425058016247135e+02,-1.210474874849824687e+02,-1.384665648504806086e+02,-1.211111739495393493e+02,-1.385036803644214558e+02
1.127264974125065964e+04,-1.210925307855237065e+02,-1.210974838483105316e+02,-1.385665253157140171e+02,-1.211608045712848849e+02,-1.386034585702697370e+02
1.133776010737770412e+04,-1.211425557697503166e+02,-1.211474803764632782e+02,-1.386664867084570290e+02,-1.212104374582942796e+02,-1.387032387468832724e+02
1.140324654832958731e+04,-1.211925807543008062e+02,-1.211974770684906701e+02,-1.387664490559129149e+02,-1.212600725975541138e+02,-1.388030209154720183e+02
1.146911123629924259e+04,-1.212426057391714380e+02,-1.212474739234482968e+02,-1.388664123191987301e+02,-1.213097099761257738e+02,-1.389028050312667233e+02
1.153535635602600269e+04,-1.212926307243586024e+02,-1.212974709403971190e+02,-1.389663764993982227e+02,-1.213593495811449543e+02,-1.390025910894542562e+02
1.160198410486825924e+04,-1.213426557098586187e+02,-1.213474681184035688e+02,-1.390663415843357313e+02,-1.214089913998213888e+02,-1.391023790720103364e+02
1.166899669287616416e+04,-1.213926806956679343e+02,-1.213974654565394360e+02,-1.391663075559349920e+02,-1.214586354194381812e+02,-1.392021689550496717e+02
1.173639634286512410e+04,-1.214427056817829964e+02,-1.214474629538819528e+02,-1.392662744135446360e+02,-1.215082816273516357e+02,-1.393019607321258491e+02
1.180418529048936398e+04,-1.214927306682003234e+02,-1.214974606095136096e+02,-1.393662421506928695e+02,-1.215579300109906740e+02,-1.394017543910114796e+02
1.187236578431615817e+04,-1.215427556549164194e+02,-1.215474584225222401e+02,-1.394662107469126227e+02,-1.216075805578564228e+02,-1.395015499055318458e+02
1.194094008590048543e+04,-1.215927806419278880e+02,-1.215974563920009501e+02,-1.395661802072210094e+02,-1.216572332555219305e+02,-1.396013472750010749e+02
1.200991046985987668e+04,-1.216428056292313187e+02,-1.216474545170480610e+02,-1.396661505065525830e+02,-1.217068880916315550e+02,-1.397011464687160469e+02
1.207927922395006135e+04,-1.216928306168234144e+02,-1.216974527967671946e+02,-1.397661216373154787e+02,-1.217565450539008225e+02,-1.398009474734603828e+02
1.214904864914065001e+04,-1.217428556047008072e+02,-1.217474512302670178e+02,-1.398660936017137999e+02,-1.218062041301156455e+02,-1.399007502858346754e+02
1.221922105969166296e+04,-1.217928805928602998e+02,-1.217974498166614836e+02,-1.399660663874432771e+02,-1.218558653081322660e+02,-1.400005548879790354e+02
1.228979878323011508e+04,-1.218429055812986093e+02,-1.218474485550695761e+02,-1.400660399754303853e+02,-1.219055285758767440e+02,-1.401003612553035111e+02
1.236078416082730473e+04,-1.218929305700125383e+02,-1.218974474446154233e+02,-1.401660143643905485e+02,-1.219551939213443745e+02,-1.402001693810188101e+02
1.243217954707653007e+04,-1.219429555589989889e+02,-1.219474464844281982e+02,-1.402659895546492237e+02,-1.220048613325996030e+02,-1.402999792599752311e+02
1.250398731017103091e+04,-1.219929805482547778e+02,-1.219974456736420763e+02,-1.403659655230252099e+02,-1.220545307977753566e+02,-1.403997908635735428e+02
1.257620983198273098e+04,-1.220430055377768639e+02,-1.220474450113963201e+02,-1.404659422725799516e+02,-1.221042023050728318e+02,-1.404996041894590064e+02
1.264884950814107833e+04,-1.220930305275621777e+02,-1.220974444968351094e+02,-1.405659197740735635e+02,-1.221538758427609821e+02,-1.405994192030420891e+02
1.272190874811257345e+04,-1.221430555176076780e+02,-1.221474441291075266e+02,-1.406658980415842279e+02,-1.222035513991761491e+02,-1.406992359130340446e+02
1.279538997528077743e+04,-1.221930805079104374e+02,-1.221974439073676706e+02,-1.407658770652105886e+02,-1.222532289627217779e+02,-1.407990543042234890e+02
1.286929562702651492e+04,-1.222431054984674716e+02,-1.222474438307744720e+02,-1.408658568103103335e+02,-1.223029085218679057e+02,-1.408988743367156076e+02
1.294362815480892277e+04,-1.222931304892759101e+02,-1.222974438984917356e+02,-1.409658373120053341e+02,-1.223525900651508636e+02,-1.409986960403329306e+02
1.301839002424656064e+04,-1.223431554803327970e+02,-1.223474441096880838e+02,-1.410658185203349149e+02,-1.224022735811727784e+02,-1.410985193599391607e+02
1.309358371519941284e+04,-1.223931804716353753e+02,-1.223974444635369707e+02,-1.411658004554425645e+02,-1.224519590586013749e+02,-1.411983443104545870e+02
1.316921172185094838e+04,-1.224432054631807745e+02,-1.224474449592166252e+02,-1.412657831038021925e+02,-1.225016464861694487e+02,-1.412981708731966251e+02
1.324527655279093960e+04,-1.224932304549662234e+02,-1.224974455959099373e+02,-1.413657664526315045e+02,-1.225513358526744980e+02,-1.413979990302551073e+02
1.332178073109875186e+04,-1.225432554469889936e+02,-1.225474463728046857e+02,-1.414657504809406987e+02,-1.226010271469785096e+02,-1.414978287555506427e+02
1.339872679442684966e+04,-1.225932804392463282e+02,-1.225974472890931963e+02,-1.415657352130397726e+02,-1.226507203580073480e+02,-1.415976600682827211e+02
1.347611729508517783e+04,-1.226433054317355840e+02,-1.226474483439725134e+02,-1.416657206205861996e+02,-1.227004154747506135e+02,-1.416974929350853074e+02
1.355395480012561347e+04,-1.226933304244540892e+02,-1.226974495366443563e+02,-1.417657066935606451e+02,-1.227501124862611164e+02,-1.417973273409241131e+02
1.363224189142733121e+04,-1.227433554173992150e+02,-1.227474508663149777e+02,-1.418656934407450763e+02,-1.227998113816545924e+02,-1.418971632895739958e+02
1.371098116578225199e+04,-1.227933804105683748e+02,-1.227974523321952915e+02,-1.419656808351498114e+02,-1.228495121501093479e+02,-1.419970007491061210e+02
1.379017523498125774e+04,-1.228434054039589682e+02,-1.228474539335007165e+02,-1.420656688867506148e+02,-1.228992147808658046e+02,-1.420968397245443953e+02
1.386982672590091715e+04,-1.228934303975685083e+02,-1.228974556694512330e+02,-1.421656575878080560e+02,-1.229489192632262728e+02,-1.421966802032453643e+02
1.394993828059041334e+04,-1.229434553913944370e+02,-1.229474575392713120e+02,-1.422656469029532218e+02,-1.229986255865544962e+02,-1.422965221449945545e+02
1.403051255635941561e+04,-1.229934803854343386e+02,-1.229974595421899295e+02,-1.423656368622374089e+02,-1.230483337402753961e+02,-1.423963655749530801e+02
1.411155222586598939e+04,-1.230435053796857119e+02,-1.230474616774404808e+02,-1.424656274401891096e+02,-1.230980437138745742e+02,-1.424962104628483530e+02
1.419305997720547930e+04,-1.230935303741461553e+02,-1.230974639442608378e+02,-1.425656186491339383e+02,-1.231477554968981281e+02,-1.425960568161906110e+02
1.427503851399947598e+04,-1.231435553688132529e+02,-1.231474663418931925e+02,-1.426656104542429944e+02,-1.231974690789521532e+02,-1.426959045954150156e+02
1.435749055548557044e+04,-1.231935803636846742e+02,-1.231974688695841849e+02,-1.427656028585936383e+02,-1.232471844497025302e+02,-1.427957537988481533e+02
1.444041883660765598e+04,-1.232436053587580602e+02,-1.232474715265848033e+02,-1.428655958655542690e+02,-1.232969015988744985e+02,-1.428956044251345361e+02
1.452382610810642836e+04,-1.232936303540310661e+02,-1.232974743121503138e+02,-1.429655894592877416e+02,-1.233466205162523153e+02,-1.429954564537610793e+02
1.460771513661086647e+04,-1.233436553495014891e+02,-1.233474772255403309e+02,-1.430655836236892355e+02,-1.233963411916789852e+02,-1.430953098639740801e+02
1.469208870472976923e+04,-1.233936803451669704e+02,-1.233974802660187038e+02,-1.431655783914950177e+02,-1.234460636150558059e+02,-1.431951646838335250e+02
1.477694961114429134e+04,-1.234437053410253498e+02,-1.234474834328536161e+02,-1.432655737071619058e+02,-1.234957877763421834e+02,-1.432950208532438978e+02
1.486230067070056430e+04,-1.234937303370743820e+02,-1.234974867253173443e+02,-1.433655696033149809e+02,-1.235455136655551485e+02,-1.433948784002068066e+02
1.494814471450315432e+04,-1.235437553333119070e+02,-1.235474901426864847e+02,-1.434655660331530385e+02,-1.235952412727691296e+02,-1.434947372734114026e+02
1.503448459000906587e+04,-1.235937803297357362e+02,-1.235974936842417549e+02,-1.435655630492306329e+02,-1.236449705881155694e+02,-1.435945975208188656e+02
1.512132316112197805e+04,-1.236438053263437240e+02,-1.236474973492680363e+02,-1.436655605835991594e+02,-1.236947016017826115e+02,-1.436944590700460651e+02
1.520866330828747959e+04,-1.236938303231338239e+02,-1.236975011370543314e+02,-1.437655586682194553e+02,-1.237444343040148311e+02,-1.437943219485347299e+02
1.529650792858837849e+04,-1.237438553201039184e+02,-1.237475050468937496e+02,-1.438655572842194204e+02,-1.237941686851127656e+02,-1.438941861329752498e+02
1.538485993584103198e+04,-1.237938803172519187e+02,-1.237975090780835217e+02,-1.439655564324447710e+02,-1.238439047354327585e+02,-1.439940516197794977e+02
1.547372226069179669e+04,-1.238439053145758351e+02,-1.238475132299248855e+02,-1.440655561028998477e+02,-1.238936424453865328e+02,-1.440939183945552031e+02
1.556309785071431543e+04,-1.238939303120736071e+02,-1.238975175017231010e+02,-1.441655562952103651e+02,-1.239433818054408789e+02,-1.441937864525457940e+02
1.565298967050739520e+04,-1.239439553097432878e+02,-1.239475218927875062e+02,-1.442655569978873586e+02,-1.239931228061174124e+02,-1.442936557779174791e+02
1.574340070179311806e+04,-1.239939803075828593e+02,-1.239975264024313759e+02,-1.443655581984850187e+02,-1.240428654379921767e+02,-1.443935263539053437e+02
1.583433394351599964e+04,-1.240440053055904315e+02,-1.240475310299719638e+02,-1.444655599153174705e+02,-1.240926096916953867e+02,-1.444933981944951427e+02
1.592579241194223505e+04,-1.240940303037640291e+02,-1.240975357747304599e+02,-1.445655621023382196e+02,-1.241423555579110882e+02,-1.445932712494076782e+02
1.601777914075985973e+04,-1.241440553021017621e+02,-1.241475406360319482e+02,-1.446655647973381349e+02,-1.241921030273768025e+02,-1.446931455521328758e+02
1.611029718117945777e+04,-1.241940803006017973e+02,-1.241975456132054774e+02,-1.447655679733317129e+02,-1.242418520908833557e+02,-1.447930210714800978e+02
1.620334960203515220e+04,-1.242441052992622019e+02,-1.242475507055838904e+02,-1.448655716233921282e+02,-1.242916027392743956e+02,-1.448928977963194029e+02
1.629693948988666307e+04,-1.242941302980811997e+02,-1.242975559125039524e+02,-1.449655757611807871e+02,-1.243413549634462925e+02,-1.449927757361102749e+02
1.639106994912141090e+04,-1.243441552970569433e+02,-1.243475612333061520e+02,-1.450655803446703658e+02,-1.243911087543475844e+02,-1.450926548447088180e+02
1.648574410205777895e+04,-1.243941802961876562e+02,-1.243975666673349423e+02,-1.451655854289878675e+02,-1.244408641029789209e+02,-1.451925351730419607e+02
1.658096508904842631e+04,-1.244442052954715621e+02,-1.244475722139384288e+02,-1.452655909471618543e+02,-1.244906210003926361e+02,-1.452924166500966408e+02
1.667673606858455605e+04,-1.244942302949068704e+02,-1.244975778724684972e+02,-1.453655969186492030e+02,-1.245403794376924225e+02,-1.453922992912159202e+02
1.677306021740080178e+04,-1.245442552944919044e+02,-1.245475836422808413e+02,-1.454656033395009445e+02,-1.245901394060331455e+02,-1.454921830883863549e+02
1.686994073058033609e+04,-1.245942802942249017e+02,-1.245975895227347792e+02,-1.455656102380920345e+02,-1.246399008966204605e+02,-1.455920680659058917e+02
1.696738082166115419e+04,-1.246443052941041998e+02,-1.246475955131934370e+02,-1.456656175396793742e+02,-1.246896639007105705e+02,-1.456919541450913016e+02
1.706538372274236463e+04,-1.246943302941280933e+02,-1.246976016130234797e+02,-1.457656252804366375e+02,-1.247394284096098716e+02,-1.457918413580766526e+02
1.716395268459169893e+04,-1.247443552942949339e+02,-1.247476078215953805e+02,-1.458656334497443368e+02,-1.247891944146747960e+02,-1.458917296902772307e+02
1.726309097675307930e+04,-1.247943802946031155e+02,-1.247976141382831372e+02,-1.459656420581134739e+02,-1.248389619073113295e+02,-1.459916191482381862e+02
1.736280188765518324e+04,-1.248444052950509899e+02,-1.248476205624643569e+02,-1.460656510912409658e+02,-1.248887308789748829e+02,-1.460915097137405212e+02
1.746308872472061921e+04,-1.248944302956369654e+02,-1.248976270935202848e+02,-1.461656605092290988e+02,-1.249385013211700084e+02,-1.461914013430213117e+02
1.756395481447540078e+04,-1.249444552963594504e+02,-1.249476337308357330e+02,-1.462656703751491420e+02,-1.249882732254499729e+02,-1.462912940951951555e+02
1.766540350265955567e+04,-1.249944802972168958e+02,-1.249976404737990663e+02,-1.463656806214159474e+02,-1.250380465834166444e+02,-1.463911878988866420e+02
1.776743815433783311e+04,-1.250445052982077385e+02,-1.250476473218021312e+02,-1.464656913076467788e+02,-1.250878213867201083e+02,-1.464910828098044249e+02
1.787006215401159716e+04,-1.250945302993304864e+02,-1.250976542742403410e+02,-1.465657023371421133e+02,-1.251375976270584403e+02,-1.465909787275348606e+02
1.797327890573084369e+04,-1.251445553005835905e+02,-1.251476613305125483e+02,-1.466657138012790256e+02,-1.251873752961773789e+02,-1.466908757395549401e+02
1.807709183320723605e+04,-1.251945803019655727e+02,-1.251976684900211012e+02,-1.467657256339119272e+02,-1.252371543858701273e+02,-1.467907737760147029e+02
1.818150437992774823e+04,-1.252446053034749696e+02,-1.252476757521718014e+02,-1.468657378988995674e+02,-1.252869348879770115e+02,-1.468906728969464268e+02
1.828652000926866094e+04,-1.252946303051102745e+02,-1.252976831163738325e+02,-1.469657504999661910e+02,-1.253367167943852678e+02,-1.469905730024462116e+02
1.839214220461072182e+04,-1.253446553068701235e+02,-1.253476905820398883e+02,-1.470657634838661636e+02,-1.253865000970287014e+02,-1.470904741355035128e+02
1.849837446945438569e+04,-1.253946803087530100e+02,-1.253976981485859028e+02,-1.471657768710855976e+02,-1.254362847878874732e+02,-1.471903763128898106e+02
1.860522032753634994e+04,-1.254447053107575982e+02,-1.254477058154313482e+02,-1.472657906051770169e+02,-1.254860708589878300e+02,-1.472902794745489814e+02
1.871268332294613720e+04,-1.254947303128824387e+02,-1.254977135819988945e+02,-1.473658047008274536e+02,-1.255358583024018628e+02,-1.473901836315017704e+02
1.882076702024380938e+04,-1.255447553151261531e+02,-1.255477214477145935e+02,-1.474658191828636404e+02,-1.255856471102470948e+02,-1.474900888049182868e+02
1.892947500457828210e+04,-1.255947803174874196e+02,-1.255977294120078795e+02,-1.475658339977550781e+02,-1.256354372746864811e+02,-1.475899949377186147e+02
1.903881088180599181e+04,-1.256448053199648740e+02,-1.256477374743113273e+02,-1.476658491897599674e+02,-1.256852287879278975e+02,-1.476899020705241128e+02
1.914877827861081823e+04,-1.256948303225571948e+02,-1.256977456340609649e+02,-1.477658646985567827e+02,-1.257350216422240266e+02,-1.477898101395124115e+02
1.925938084262405755e+04,-1.257448553252630319e+02,-1.257477538906959182e+02,-1.478658805753843524e+02,-1.257848158298720307e+02,-1.478897191923185801e+02
1.937062224254573084e+04,-1.257948803280811347e+02,-1.257977622436586529e+02,-1.479658968176073301e+02,-1.258346113432133961e+02,-1.479896292227833214e+02
1.948250616826600890e+04,-1.258449053310101817e+02,-1.258477706923947892e+02,-1.480659133540367804e+02,-1.258844081746335206e+02,-1.480895401562895302e+02
1.959503633098771752e+04,-1.258949303340489081e+02,-1.258977792363531307e+02,-1.481659302528315720e+02,-1.259342063165615997e+02,-1.481894520574339822e+02
1.970821646334954858e+04,-1.259449553371960633e+02,-1.259477878749857496e+02,-1.482659475011399479e+02,-1.259840057614703142e+02,-1.482893649099123081e+02
1.982205031954961669e+04,-1.259949803404503967e+02,-1.259977966077477447e+02,-1.483659650292232470e+02,-1.260338065018755884e+02,-1.483892786406157427e+02
1.993654167547028555e+04,-1.260450053438106863e+02,-1.260478054340975405e+02,-1.484659829090103926e+02,-1.260836085303363348e+02,-1.484891933179662828e+02
2.005169432880309978e+04,-1.260950303472757383e+02,-1.260978143534964744e+02,-1.485660011433194256e+02,-1.261334118394542116e+02,-1.485891089413710233e+02
2.016751209917508095e+04,-1.261450553508443306e+02,-1.261478233654091525e+02,-1.486660196502721476e+02,-1.261832164218733965e+02,-1.486890254256537673e+02
2.028399882827513647e+04,-1.261950803545152979e+02,-1.261978324693031794e+02,-1.487660385052823244e+02,-1.262330222702803297e+02,-1.487889428427758389e+02
2.040115837998161078e+04,-1.262451053582874181e+02,-1.262478416646492718e+02,-1.488660576450154167e+02,-1.262828293774034307e+02,-1.488888611261228050e+02
2.051899464049058224e+04,-1.262951303621595969e+02,-1.262978509509211733e+02,-1.489660771106253492e+02,-1.263326377360129413e+02,-1.489887803134724322e+02
2.063751151844446940e+04,-1.263451553661306264e+02,-1.263478603275956544e+02,-1.490660968710769794e+02,-1.263824473389205849e+02,-1.490887003705120151e+02
2.075671294506201593e+04,-1.263951803701994265e+02,-1.263978697941525695e+02,-1.491661169182867184e+02,-1.264322581789794526e+02,-1.491886212858741203e+02
2.087660287426840296e+04,-1.264452053743648605e+02,-1.264478793500747003e+02,-1.492661372817185566e+02,-1.264820702490836482e+02,-1.492885430857160998e+02
2.099718528282651823e+04,-1.264952303786258057e+02,-1.264978889948477843e+02,-1.493661579591079942e+02,-1.265318835421680319e+02,-1.493884657645205607e+02
2.111846417046900388e+04,-1.265452553829811961e+02,-1.265478987279606571e+02,-1.494661789154767746e+02,-1.265816980512082068e+02,-1.494883892841111503e+02
2.124044356003061330e+04,-1.265952803874299235e+02,-1.265979085489049538e+02,-1.495662001532507475e+02,-1.266315137692200068e+02,-1.495883136436926577e+02
2.136312749758201244e+04,-1.266453053919709362e+02,-1.266479184571753223e+02,-1.496662216846815738e+02,-1.266813306892594113e+02,-1.496882388523033285e+02
2.148652005256363191e+04,-1.266953303966031683e+02,-1.266979284522693092e+02,-1.497662434745154769e+02,-1.267311488044223324e+02,-1.497881648715466270e+02
2.161062531792098889e+04,-1.267453554013255825e+02,-1.267479385336873463e+02,-1.498662655832804944e+02,-1.267809681078443163e+02,-1.498880917587201793e+02
2.173544741024017276e+04,-1.267953804061371414e+02,-1.267979487009327642e+02,-1.499662879371136910e+02,-1.268307885927003440e+02,-1.499880194368972468e+02
2.186099046988449118e+04,-1.268454054110368077e+02,-1.268479589535117213e+02,-1.500663105873196628e+02,-1.268806102522045762e+02,-1.500879479541981993e+02
2.198725866113196025e+04,-1.268954304160236290e+02,-1.268979692909332613e+02,-1.501663335078092416e+02,-1.269304330796102249e+02,-1.501878772814530691e+02
2.211425617231312208e+04,-1.269454554210965256e+02,-1.269479797127092411e+02,-1.502663567112657006e+02,-1.269802570682092124e+02,-1.502878074282392049e+02
2.224198721595032112e+04,-1.269954804262545736e+02,-1.269979902183543317e+02,-1.503663801608436472e+02,-1.270300822113320152e+02,-1.503877383546777082e+02
2.237045602889707880e+04,-1.270455054314967782e+02,-1.270480008073859892e+02,-1.504664038585644334e+02,-1.270799085023473793e+02,-1.504876700597309309e+02
2.249966687247898881e+04,-1.270955304368221732e+02,-1.270980114793244695e+02,-1.505664278463936228e+02,-1.271297359346622358e+02,-1.505876025822789472e+02
2.262962403263476153e+04,-1.271455554422298064e+02,-1.271480222336928279e+02,-1.506664520860952621e+02,-1.271795645017213161e+02,-1.506875358811061574e+02
2.276033182005850176e+04,-1.271955804477187257e+02,-1.271980330700167485e+02,-1.507664765482988116e+02,-1.272293941970069966e+02,-1.507874699238697360e+02
2.289179457034285224e+04,-1.272456054532880216e+02,-1.272480439878248006e+02,-1.508665013046955323e+02,-1.272792250140391701e+02,-1.508874047791943838e+02
2.302401664412248283e+04,-1.272956304589367704e+02,-1.272980549866481539e+02,-1.509665262841989488e+02,-1.273290569463748909e+02,-1.509873403731016879e+02
2.315700242721908944e+04,-1.273456554646640626e+02,-1.273480660660207633e+02,-1.510665514858575591e+02,-1.273788899876082894e+02,-1.510872767016878413e+02
2.329075633078650935e+04,-1.273956804704689603e+02,-1.273980772254791987e+02,-1.511665770120445984e+02,-1.274287241313702026e+02,-1.511872138642762593e+02
2.342528279145741908e+04,-1.274457054763506250e+02,-1.274480884645627441e+02,-1.512666027262401940e+02,-1.274785593713281315e+02,-1.512871517215781978e+02
2.356058627149015228e+04,-1.274957304823081614e+02,-1.274980997828133411e+02,-1.513666286878512608e+02,-1.275283957011859428e+02,-1.513870903300317821e+02
2.369667125891687829e+04,-1.275457554883406885e+02,-1.275481111797755460e+02,-1.514666548721957611e+02,-1.275782331146836270e+02,-1.514870296620957220e+02
2.383354226769259185e+04,-1.275957804944473821e+02,-1.275981226549965584e+02,-1.515666812637669807e+02,-1.276280716055971993e+02,-1.515869696994103037e+02
2.397120383784452133e+04,-1.276458055006273327e+02,-1.276481342080261641e+02,-1.516667079848840558e+02,-1.276779111677383867e+02,-1.516869105613058935e+02
2.410966053562309389e+04,-1.276958305068797586e+02,-1.276981458384167780e+02,-1.517667348475029883e+02,-1.277277517949544858e+02,-1.517868520571088879e+02
2.424891695365302076e+04,-1.277458555132037787e+02,-1.277481575457233589e+02,-1.518667619612858175e+02,-1.277775934811281076e+02,-1.518867942935389692e+02
2.438897771108603411e+04,-1.277958805195986258e+02,-1.277981693295034660e+02,-1.519667892848485451e+02,-1.278274362201770629e+02,-1.519867372264528456e+02
2.452984745375373677e+04,-1.278459055260634756e+02,-1.278481811893171880e+02,-1.520668168513038836e+02,-1.278772800060540362e+02,-1.520866808861376285e+02
2.467153085432187072e+04,-1.278959305325974896e+02,-1.278981931247271433e+02,-1.521668446381805495e+02,-1.279271248327464718e+02,-1.521866252473737404e+02
2.481403261244545138e+04,-1.279459555391999146e+02,-1.279482051352984513e+02,-1.522668726654638363e+02,-1.279769706942763605e+02,-1.522865703273672295e+02
2.495735745492431306e+04,-1.279959805458699407e+02,-1.279982172205988036e+02,-1.523669008630502617e+02,-1.280268175847000407e+02,-1.523865160533504195e+02
2.510151013586029876e+04,-1.280460055526068288e+02,-1.280482293801983360e+02,-1.524669293034456814e+02,-1.280766654981080137e+02,-1.524864624950233463e+02
2.524649543681454088e+04,-1.280960305594097690e+02,-1.280982416136696145e+02,-1.525669579353083520e+02,-1.281265144286246596e+02,-1.525864095983907305e+02
2.539231816696648093e+04,-1.281460555662780507e+02,-1.281482539205877913e+02,-1.526669867838689925e+02,-1.281763643704081801e+02,-1.526863573859605765e+02
2.553898316327303110e+04,-1.281960805732108781e+02,-1.281982663005303493e+02,-1.527670158162628127e+02,-1.282262153176503148e+02,-1.527863058222250743e+02
2.568649529062916918e+04,-1.282461055802075407e+02,-1.282482787530772725e+02,-1.528670451118235860e+02,-1.282760672645760849e+02,-1.528862549837662641e+02
2.583485944202946848e+04,-1.282961305872673279e+02,-1.282982912778109323e+02,-1.529670745884268399e+02,-1.283259202054438504e+02,-1.529862047859015490e+02
2.598408053873002427e+04,-1.283461555943894439e+02,-1.283483038743160876e+02,-1.530671042413859482e+02,-1.283757741345447698e+02,-1.530861552213157779e+02
2.613416353041211914e+04,-1.283961806015732634e+02,-1.283983165421799697e+02,-1.531671341106523698e+02,-1.284256290462029995e+02,-1.531861063272976367e+02
2.628511339534603758e+04,-1.284462056088180191e+02,-1.284483292809921409e+02,-1.532671641059995409e+02,-1.284754849347751247e+02,-1.532860580111165518e+02
2.643693514055635023e+04,-1.284962306161230288e+02,-1.284983420903444653e+02,-1.533671943927387531e+02,-1.285253417946501884e+02,-1.533860104353123290e+02
2.658963380198815139e+04,-1.285462556234876388e+02,-1.285483549698312515e+02,-1.534672247935674534e+02,-1.285751996202495491e+02,-1.534859634202043139e+02
2.674321444467374386e+04,-1.285962806309111102e+02,-1.285983679190491387e+02,-1.535672554592121912e+02,-1.286250584060265112e+02,-1.535859171137932151e+02
2.689768216290105920e+04,-1.286463056383927892e+02,-1.286483809375969827e+02,-1.536672862293509070e+02,-1.286749181464662968e+02,-1.536858713533893592e+02
2.705304208038221986e+04,-1.286963306459319938e+02,-1.286983940250761123e+02,-1.537673172395844006e+02,-1.287247788360857896e+02,-1.537858262719137201e+02
2.720929935042391298e+04,-1.287463556535280986e+02,-1.287484071810900446e+02,-1.538673484561508360e+02,-1.287746404694333933e+02,-1.538857818331258898e+02
2.736645915609794974e+04,-1.287963806611804785e+02,-1.287984204052445989e+02,-1.539673798175660977e+02,-1.288245030410887466e+02,-1.539857379731085700e+02
2.752452671041335634e+04,-1.288464056688883943e+02,-1.288484336971478115e+02,-1.540674113812618486e+02,-1.288743665456626957e+02,-1.540856947467429165e+02
2.768350725648945081e+04,-1.288964306766513062e+02,-1.288984470564101343e+02,-1.541674431044793607e+02,-1.289242309777970945e+02,-1.541856521088446073e+02
2.784340606772937826e+04,-1.289464556844685035e+02,-1.289484604826440943e+02,-1.542674749904921612e+02,-1.289740963321644642e+02,-1.542856100602249398e+02
2.800422844799546510e+04,-1.289964806923394178e+02,-1.289984739754645773e+02,-1.543675070523790112e+02,-1.290239626034679645e+02,-1.543855686115036292e+02
2.816597973178470056e+04,-1.290465057002634239e+02,-1.290484875344885722e+02,-1.544675393132490910e+02,-1.290738297864412232e+02,-1.544855277833336800e+02
2.832866528440615002e+04,-1.290965307082398965e+02,-1.290985011593353704e+02,-1.545675717305720696e+02,-1.291236978758480518e+02,-1.545854875308150440e+02
2.849229050215850293e+04,-1.291465557162682671e+02,-1.291485148496264230e+02,-1.546676043468897603e+02,-1.291735668664824459e+02,-1.546854478940395552e+02
2.865686081250925781e+04,-1.291965807243478821e+02,-1.291985286049853130e+02,-1.547676371002871747e+02,-1.292234367531681301e+02,-1.547854088087715354e+02
2.882238167427491499e+04,-1.292466057324782298e+02,-1.292485424250378685e+02,-1.548676700143560652e+02,-1.292733075307587853e+02,-1.548853702962011596e+02
2.898885857780164224e+04,-1.292966307406586850e+02,-1.292985563094120209e+02,-1.549677031229616659e+02,-1.293231791941374524e+02,-1.549853323877942444e+02
2.915629704514786135e+04,-1.293466557488886792e+02,-1.293485702577378902e+02,-1.550677363142418699e+02,-1.293730517382166738e+02,-1.550852949694639165e+02
2.932470263026693647e+04,-1.293966807571676441e+02,-1.293985842696476425e+02,-1.551677697584505324e+02,-1.294229251579382094e+02,-1.551852582089408656e+02
2.949408091919189246e+04,-1.294467057654950395e+02,-1.294485983447756894e+02,-1.552678033629370873e+02,-1.294727994482728377e+02,-1.552852220113552164e+02
2.966443753022025703e+04,-1.294967307738702971e+02,-1.294986124827584320e+02,-1.553678370426105744e+02,-1.295226746042202990e+02,-1.553851862894017302e+02
2.983577811410062350e+04,-1.295467557822928200e+02,-1.295486266832344029e+02,-1.554678709199757805e+02,-1.295725506208088973e+02,-1.554851511631546259e+02
3.000810835422026503e+04,-1.295967807907621534e+02,-1.295986409458442381e+02,-1.555679049693052320e+02,-1.296224274930956994e+02,-1.555851166046327307e+02
3.018143396679321449e+04,-1.296468057992777005e+02,-1.296486552702306199e+02,-1.556679391739860421e+02,-1.296723052161659666e+02,-1.556850825949726129e+02
3.035576070105038161e+04,-1.296968308078389782e+02,-1.296986696560383621e+02,-1.557679734860696215e+02,-1.297221837851333817e+02,-1.557850490840225461e+02
3.053109433942973919e+04,-1.297468558164453896e+02,-1.297486841029141260e+02,-1.558680080298175312e+02,-1.297720631951395660e+02,-1.558850161936636880e+02
3.070744069776864490e+04,-1.297968808250965083e+02,-1.297986986105068468e+02,-1.559680426129928605e+02,-1.298219434413541080e+02,-1.559849837296413000e+02
3.088480562549631213e+04,-1.298469058337917659e+02,-1.298487131784673352e+02,-1.560680773796118785e+02,-1.298718245189742788e+02,-1.560849518335948289e+02
3.106319500582800538e+04,-1.298969308425306508e+02,-1.298987278064484201e+02,-1.561681123203012476e+02,-1.299217064232249754e+02,-1.561849204939565254e+02
3.124261475596039963e+04,-1.299469558513127083e+02,-1.299487424941050335e+02,-1.562681473933240568e+02,-1.299715891493585787e+02,-1.562848896668433838e+02
3.142307082726740919e+04,-1.299969808601373984e+02,-1.299987572410939549e+02,-1.563681826077828134e+02,-1.300214726926546405e+02,-1.563848593591680185e+02
3.160456920549808274e+04,-1.300470058690042663e+02,-1.300487720470740669e+02,-1.564682179403667988e+02,-1.300713570484199124e+02,-1.564848295454783340e+02
3.178711591097466226e+04,-1.300970308779127720e+02,-1.300987869117060711e+02,-1.565682534195235007e+02,-1.301212422119880046e+02,-1.565848002520353930e+02
3.197071699879278822e+04,-1.301470558868625460e+02,-1.301488018346528008e+02,-1.566682891269047673e+02,-1.301711281787194423e+02,-1.566847715582583760e+02
3.215537855902188676e+04,-1.301970808958530199e+02,-1.301988168155788799e+02,-1.567683248542180650e+02,-1.302210149440013254e+02,-1.567847432539546162e+02
3.234110671690737945e+04,-1.302471059048837674e+02,-1.302488318541509216e+02,-1.568683607446604356e+02,-1.302709025032472994e+02,-1.568847154800448322e+02
3.252790763307405359e+04,-1.302971309139543052e+02,-1.302988469500374720e+02,-1.569683968237429781e+02,-1.303207908518972999e+02,-1.569846882599059086e+02
3.271578750372994546e+04,-1.303471559230641788e+02,-1.303488621029089529e+02,-1.570684329519571634e+02,-1.303706799854174960e+02,-1.570846614520896765e+02
3.290475256087240996e+04,-1.303971809322129900e+02,-1.303988773124377190e+02,-1.571684692607592808e+02,-1.304205698993001192e+02,-1.571846351858250159e+02
3.309480907249428856e+04,-1.304472059414001990e+02,-1.304488925782980004e+02,-1.572685056726878088e+02,-1.304704605890631797e+02,-1.572846093816661153e+02
3.328596334279237635e+04,-1.304972309506254646e+02,-1.304989079001658752e+02,-1.573685422519677104e+02,-1.305203520502506080e+02,-1.573845841017086968e+02
3.347822171237604198e+04,-1.305472559598883038e+02,-1.305489232777193251e+02,-1.574685789394713424e+02,-1.305702442784318009e+02,-1.574845592848440674e+02
3.367159055847775016e+04,-1.305972809691882617e+02,-1.305989387106381514e+02,-1.575686157746234244e+02,-1.306201372692016491e+02,-1.575845349684185805e+02
3.386607629516481393e+04,-1.306473059785249689e+02,-1.306489541986040024e+02,-1.576686526259910863e+02,-1.306700310181803388e+02,-1.576845110191216293e+02
3.406168537355166336e+04,-1.306973309878979421e+02,-1.306989697413004023e+02,-1.577686897338637664e+02,-1.307199255210131525e+02,-1.577844876749655043e+02
3.425842428201437724e+04,-1.307473559973068404e+02,-1.307489853384126661e+02,-1.578687268948546034e+02,-1.307698207733705544e+02,-1.578844647307881246e+02
3.445629954640541109e+04,-1.307973810067511806e+02,-1.307990009896278707e+02,-1.579687641875214013e+02,-1.308197167709476787e+02,-1.579844422630720260e+02
3.465531773027030431e+04,-1.308474060162305932e+02,-1.308490166946349973e+02,-1.580688015162463671e+02,-1.308696135094645001e+02,-1.580844201743278461e+02
3.485548543506555870e+04,-1.308974310257447087e+02,-1.308990324531247609e+02,-1.581688391197766066e+02,-1.309195109846656067e+02,-1.581843987010728938e+02
3.505680930037713551e+04,-1.309474560352930155e+02,-1.309490482647896101e+02,-1.582688766885095220e+02,-1.309694091923199153e+02,-1.582843775320922077e+02
3.525929600414127344e+04,-1.309974810448752578e+02,-1.309990641293238980e+02,-1.583689144822054686e+02,-1.310193081282207288e+02,-1.583843569249156360e+02
3.546295226286540128e+04,-1.310475060544909525e+02,-1.310490800464235690e+02,-1.584689523962824751e+02,-1.310692077881854516e+02,-1.584843367731443777e+02
3.566778483185151708e+04,-1.310975310641397868e+02,-1.310990960157864436e+02,-1.585689903334232440e+02,-1.311191081680556465e+02,-1.585843169776474895e+02
3.587380050541974924e+04,-1.311475560738213346e+02,-1.311491120371120473e+02,-1.586690284921270120e+02,-1.311690092636966085e+02,-1.586842977347946260e+02
3.608100611713393300e+04,-1.311975810835352263e+02,-1.311991281101015829e+02,-1.587690666501570149e+02,-1.312189110709974216e+02,-1.587842788206951923e+02
3.628940854002851847e+04,-1.312476060932811208e+02,-1.312491442344580719e+02,-1.588691050273789358e+02,-1.312688135858708449e+02,-1.588842604530834137e+02
3.649901468683603889e+04,-1.312976311030585919e+02,-1.312991604098861274e+02,-1.589691435161747393e+02,-1.313187168042530288e+02,-1.589842425225826332e+02
3.670983151021695812e+04,-1.313476561128673268e+02,-1.313491766360922099e+02,-1.590691820653001969e+02,-1.313686207221035716e+02,-1.590842249761383016e+02
3.692186600298975100e+04,-1.313976811227069561e+02,-1.313991929127843150e+02,-1.591692206320274181e+02,-1.314185253354051497e+02,-1.591842077692134865e+02
3.713512519836342108e+04,-1.314477061325771388e+02,-1.314492092396722285e+02,-1.592692593813549422e+02,-1.314684306401636320e+02,-1.592841910647788382e+02
3.734961617017026583e+04,-1.314977311424775053e+02,-1.314992256164673563e+02,-1.593692981415447036e+02,-1.315183366324077383e+02,-1.593841746894509299e+02
3.756534603310075909e+04,-1.315477561524076862e+02,-1.315492420428827529e+02,-1.594693371995208224e+02,-1.315682433081890395e+02,-1.594841589280123060e+02
3.778232194293975772e+04,-1.315977811623673972e+02,-1.315992585186331780e+02,-1.595693763017568472e+02,-1.316181506635818437e+02,-1.595841435254025953e+02
3.800055109680335590e+04,-1.316478061723562689e+02,-1.316492750434349830e+02,-1.596694154530806600e+02,-1.316680586946828839e+02,-1.596841284846407234e+02
3.822004073337816953e+04,-1.316978311823739887e+02,-1.316992916170061960e+02,-1.597694547193474648e+02,-1.317179673976113747e+02,-1.597841138697155259e+02
3.844079813316088985e+04,-1.317478561924201870e+02,-1.317493082390664370e+02,-1.598694940231413568e+02,-1.317678767685088701e+02,-1.598840996015136682e+02
3.866283061870037636e+04,-1.317978812024945796e+02,-1.317993249093369172e+02,-1.599695335021455094e+02,-1.318177868035390361e+02,-1.599840858157932075e+02
3.888614555483997538e+04,-1.318479062125967971e+02,-1.318493416275405252e+02,-1.600695730464480562e+02,-1.318676974988875372e+02,-1.600840724010009524e+02
3.911075034896207944e+04,-1.318979312227265268e+02,-1.318993583934016840e+02,-1.601696127628728732e+02,-1.319176088507620079e+02,-1.601840594620899765e+02
3.933665245123406930e+04,-1.319479562328835414e+02,-1.319493752066464083e+02,-1.602696524542092789e+02,-1.319675208553918537e+02,-1.602840468003249725e+02
3.956385935485485970e+04,-1.319979812430674144e+02,-1.319993920670022476e+02,-1.603696922994100760e+02,-1.320174335090280806e+02,-1.603840345927283693e+02
3.979237859630408639e+04,-1.320480062532778902e+02,-1.320494089741984851e+02,-1.604697323313489505e+02,-1.320673468079433803e+02,-1.604840228704145204e+02
4.002221775559148955e+04,-1.320980312635146561e+02,-1.320994259279657683e+02,-1.605697722716242879e+02,-1.321172607484316472e+02,-1.605840113535768126e+02
4.025338445650893118e+04,-1.321480562737774278e+02,-1.321494429280364216e+02,-1.606698124383038362e+02,-1.321671753268081773e+02,-1.606840003582283316e+02
4.048588636688277620e+04,-1.321980812840658928e+02,-1.321994599741442471e+02,-1.607698526783676414e+02,-1.322170905394094689e+02,-1.607839897298247820e+02
4.071973119882839819e+04,-1.322481062943797383e+02,-1.322494770660245536e+02,-1.608698930085912764e+02,-1.322670063825929674e+02,-1.608839794834396457e+02
4.095492670900632947e+04,-1.322981313047187086e+02,-1.322994942034142696e+02,-1.609699332363574626e+02,-1.323169228527371217e+02,-1.609839694249945410e+02
4.119148069887888414e+04,-1.323481563150824911e+02,-1.323495113860517449e+02,-1.610699737813463344e+02,-1.323668399462411003e+02,-1.610839599720412423e+02
4.142940101496966963e+04,-1.323981813254708300e+02,-1.323995286136768925e+02,-1.611700144166023563e+02,-1.324167576595248477e+02,-1.611839508962202387e+02
4.166869554912314197e+04,-1.324482063358834125e+02,-1.324495458860311032e+02,-1.612700550312256951e+02,-1.324666759890287437e+02,-1.612839420851086629e+02
4.190937223876707139e+04,-1.324982313463199546e+02,-1.324995632028572459e+02,-1.613700956337442278e+02,-1.325165949312137741e+02,-1.613839335455891728e+02
4.215143906717524078e+04,-1.325482563567802288e+02,-1.325495805638996671e+02,-1.614701365249635501e+02,-1.325665144825611321e+02,-1.614839255765081134e+02
4.239490406373247970e+04,-1.325982813672638940e+02,-1.325995979689042201e+02,-1.615701773975596325e+02,-1.326164346395722475e+02,-1.615839178692638995e+02
4.263977530420129187e+04,-1.326483063777707798e+02,-1.326496154176181790e+02,-1.616702185180338347e+02,-1.326663553987686726e+02,-1.616839106884552280e+02
4.288606091098910838e+04,-1.326983313883005167e+02,-1.326996329097902674e+02,-1.617702594792681907e+02,-1.327162767566919115e+02,-1.617839036258152134e+02
4.313376905341840029e+04,-1.327483563988529340e+02,-1.327496504451707153e+02,-1.618703005678699469e+02,-1.327661987099033638e+02,-1.618838969660446310e+02
4.338290794799703872e+04,-1.327983814094276909e+02,-1.327996680235111455e+02,-1.619703418543163025e+02,-1.328161212549841537e+02,-1.619838907779621877e+02
4.363348585869113595e+04,-1.328484064200245598e+02,-1.328496856445645733e+02,-1.620703831865588711e+02,-1.328660443885349878e+02,-1.620838849081160049e+02
4.388551109719937813e+04,-1.328984314306433419e+02,-1.328997033080855203e+02,-1.621704245362971903e+02,-1.329159681071762691e+02,-1.621838793266743721e+02
4.413899202322813653e+04,-1.329484564412836960e+02,-1.329497210138298442e+02,-1.622704661208207995e+02,-1.329658924075475852e+02,-1.622838742491330208e+02
4.439393704476946732e+04,-1.329984814519454517e+02,-1.329997387615548803e+02,-1.623705075773618773e+02,-1.330158172863080495e+02,-1.623838693115802982e+02
4.465035461837928597e+04,-1.330485064626282963e+02,-1.330497565510192430e+02,-1.624705491426465187e+02,-1.330657427401357324e+02,-1.624838647489448817e+02
4.490825324945859029e+04,-1.330985314733320592e+02,-1.330997743819831101e+02,-1.625705909482678919e+02,-1.331156687657280315e+02,-1.625838606911474358e+02
4.516764149253495270e+04,-1.331485564840564564e+02,-1.331497922542078811e+02,-1.626706327754537540e+02,-1.331655953598011024e+02,-1.626838569181390994e+02
4.542852795154655905e+04,-1.331985814948012319e+02,-1.331998101674564055e+02,-1.627706745317621824e+02,-1.332155225190900580e+02,-1.627838533360705355e+02
4.569092128012785543e+04,-1.332486065055662152e+02,-1.332498281214928397e+02,-1.628707164996126551e+02,-1.332654502403487982e+02,-1.628838502255481728e+02
4.595483018189595896e+04,-1.332986315163511222e+02,-1.332998461160827901e+02,-1.629707584851102808e+02,-1.333153785203497534e+02,-1.629838473913988537e+02
4.622026341074010998e+04,-1.333486565271557538e+02,-1.333498641509931417e+02,-1.630708002995411050e+02,-1.333653073558840276e+02,-1.630838446436334834e+02
4.648722977111127693e+04,-1.333986815379798827e+02,-1.333998822259921155e+02,-1.631708425069291764e+02,-1.334152367437610280e+02,-1.631838425441773381e+02
4.675573811831494822e+04,-1.334487065488232531e+02,-1.334499003408493252e+02,-1.632708848170662748e+02,-1.334651666808085793e+02,-1.632838408016760354e+02
4.702579735880420776e+04,-1.334987315596856945e+02,-1.334999184953356632e+02,-1.633709270686715627e+02,-1.335150971638727242e+02,-1.633838392535685102e+02
4.729741645047547354e+04,-1.335487565705669226e+02,-1.335499366892233013e+02,-1.634709694866325265e+02,-1.335650281898175535e+02,-1.634838381230435118e+02
4.757060440296587331e+04,-1.335987815814667954e+02,-1.335999549222858320e+02,-1.635710118008669269e+02,-1.336149597555252058e+02,-1.635838371388755377e+02
4.784537027795146423e+04,-1.336488065923850570e+02,-1.336499731942980418e+02,-1.636710543857515177e+02,-1.336648918578957250e+02,-1.636838366735939303e+02
4.812172318944853760e+04,-1.336988316033215085e+02,-1.336999915050361096e+02,-1.637710968603536514e+02,-1.337148244938469759e+02,-1.637838363452617045e+02
4.839967230411520723e+04,-1.337488566142759225e+02,-1.337500098542773515e+02,-1.638711396227362798e+02,-1.337647576603145296e+02,-1.638838365500845953e+02
4.867922684155622119e+04,-1.337988816252481286e+02,-1.338000282418005895e+02,-1.639711821767950823e+02,-1.338146913542515222e+02,-1.639838367910975876e+02
4.896039607462807908e+04,-1.338489066362378992e+02,-1.338500466673857545e+02,-1.640712249429669214e+02,-1.338646255726285972e+02,-1.640838374868718290e+02
4.924318932974693598e+04,-1.338989316472450355e+02,-1.339000651308139993e+02,-1.641712678333351505e+02,-1.339145603124337924e+02,-1.641838385481948137e+02
4.952761598719823087e+04,-1.339489566582693385e+02,-1.339500836318679262e+02,-1.642713105021783804e+02,-1.339644955706725398e+02,-1.642838396283422639e+02
4.981368548144716624e+04,-1.339989816693105809e+02,-1.340001021703312176e+02,-1.643713535398314320e+02,-1.340144313443672957e+02,-1.643838413156193496e+02
5.010140730145241832e+04,-1.340490066803686773e+02,-1.340501207459888633e+02,-1.644713963517392301e+02,-1.340643676305577969e+02,-1.644838430147591168e+02
5.039079099098011648e+04,-1.340990316914432867e+02,-1.341001393586271035e+02,-1.645714395544862327e+02,-1.341143044263006345e+02,-1.645838453403030144e+02
5.068184614892118407e+04,-1.341490567025343239e+02,-1.341501580080334293e+02,-1.646714827021816063e+02,-1.341642417286694240e+02,-1.646838478454995993e+02
5.097458242960905045e+04,-1.341990817136415899e+02,-1.342001766939964682e+02,-1.647715260312144210e+02,-1.342141795347545212e+02,-1.647838507651307793e+02
5.126900954314017144e+04,-1.342491067247648289e+02,-1.342501954163060987e+02,-1.648715691062349435e+02,-1.342641178416629657e+02,-1.648838536629899920e+02
5.156513725569645612e+04,-1.342991317359039556e+02,-1.343002141747534779e+02,-1.649716125968981828e+02,-1.343140566465185373e+02,-1.649838572066615825e+02
5.186297538986845029e+04,-1.343491567470586858e+02,-1.343502329691308717e+02,-1.650716558083437064e+02,-1.343639959464613582e+02,-1.650838607007303835e+02
5.216253382498199790e+04,-1.343991817582289343e+02,-1.344002517992317962e+02,-1.651716991574796225e+02,-1.344139357386481777e+02,-1.651838645603284306e+02
5.246382249742511340e+04,-1.344492067694144737e+02,-1.344502706648509331e+02,-1.652717427994318768e+02,-1.344638760202518597e+02,-1.652838689391025468e+02
5.276685140097841213e+04,-1.344992317806151334e+02,-1.345002895657841293e+02,-1.653717861955982187e+02,-1.345138167884616962e+02,-1.653838732977455379e+02
5.307163058714586077e+04,-1.345492567918307429e+02,-1.345503085018284537e+02,-1.654718299422706878e+02,-1.345637580404830373e+02,-1.654838782305976963e+02
5.337817016548848187e+04,-1.345992818030611602e+02,-1.346003274727820838e+02,-1.655718733719544673e+02,-1.346136997735372347e+02,-1.655838830696166042e+02
5.368648030396005925e+04,-1.346493068143061578e+02,-1.346503464784444475e+02,-1.656719172499622914e+02,-1.346636419848616981e+02,-1.656838885779910413e+02
5.399657122924362193e+04,-1.346993318255656220e+02,-1.347003655186159961e+02,-1.657719609221314556e+02,-1.347135846717096399e+02,-1.657838941010108442e+02
5.430845322709153697e+04,-1.347493568368393539e+02,-1.347503845930984312e+02,-1.658720047474809860e+02,-1.347635278313500748e+02,-1.658838999960346143e+02
5.462213664266582055e+04,-1.347993818481271830e+02,-1.348004037016945631e+02,-1.659720486639558601e+02,-1.348134714610677065e+02,-1.659839061998199838e+02
5.493763188088217430e+04,-1.348494068594289956e+02,-1.348504228442083388e+02,-1.660720924705164521e+02,-1.348634155581628136e+02,-1.660839125103004790e+02
5.525494940675432008e+04,-1.348994318707446212e+02,-1.349004420204448422e+02,-1.661721365634093672e+02,-1.349133601199511929e+02,-1.661839193220429252e+02
5.557409974574149237e+04,-1.349494568820738323e+02,-1.349504612302102089e+02,-1.662721806131544895e+02,-1.349633051437640461e+02,-1.662839263046967631e+02
5.589509348409786617e+04,-1.349994818934165437e+02,-1.350004804733118249e+02,-1.663722245918537794e+02,-1.350132506269479222e+02,-1.663839334291671435e+02
5.621794126922295254e+04,-1.350495069047725565e+02,-1.350504997495580710e+02,-1.664722687819551084e+02,-1.350631965668646046e+02,-1.664839409763691833e+02
5.654265381001566129e+04,-1.350995319161418138e+02,-1.351005190587584650e+02,-1.665723128760785698e+02,-1.351131429608910253e+02,-1.665839486380491792e+02
5.686924187722871284e+04,-1.351495569275240314e+02,-1.351505384007236330e+02,-1.666723573313435907e+02,-1.351630898064191797e+02,-1.666839568696146046e+02
5.719771630382627336e+04,-1.351995819389191240e+02,-1.352005577752652243e+02,-1.667724015522473451e+02,-1.352130371008560132e+02,-1.667839650750212286e+02
5.752808798534360540e+04,-1.352496069503269780e+02,-1.352505771821961105e+02,-1.668724458640830051e+02,-1.352629848416234495e+02,-1.668839735780098010e+02
5.786036788024767884e+04,-1.352996319617473659e+02,-1.353005966213300724e+02,-1.669724901442583018e+02,-1.353129330261581060e+02,-1.669839822549374730e+02
5.819456701030158729e+04,-1.353496569731802310e+02,-1.353506160924821131e+02,-1.670725344329631525e+02,-1.353628816519114366e+02,-1.670839911447707209e+02
5.853069646092920448e+04,-1.353996819846253459e+02,-1.354006355954681737e+02,-1.671725792515422597e+02,-1.354128307163494469e+02,-1.671840007671053456e+02
5.886876738158384978e+04,-1.354497069960826536e+02,-1.354506551301053605e+02,-1.672726235655840981e+02,-1.354627802169527513e+02,-1.672840100875075677e+02
5.920879098611726658e+04,-1.354997320075519838e+02,-1.355006746962117745e+02,-1.673726683889441063e+02,-1.355127301512163740e+02,-1.673840201175530922e+02
5.955077855315193301e+04,-1.355497570190331373e+02,-1.355506942936064831e+02,-1.674727128537729186e+02,-1.355626805166497775e+02,-1.674840299891994277e+02
5.989474142645558459e+04,-1.355997820305260575e+02,-1.356007139221097759e+02,-1.675727575262439757e+02,-1.356126313107767487e+02,-1.675840402668484330e+02
6.024069101531658816e+04,-1.356498070420306021e+02,-1.356507335815428519e+02,-1.676728021882449298e+02,-1.356625825311352003e+02,-1.676840507314894921e+02
6.058863879492339038e+04,-1.356998320535466007e+02,-1.357007532717279616e+02,-1.677728471133460175e+02,-1.357125341752772556e+02,-1.677840616552578581e+02
6.093859630674416985e+04,-1.357498570650739396e+02,-1.357507729924884075e+02,-1.678728917746486218e+02,-1.357624862407691353e+02,-1.678840725107111211e+02
6.129057515891065123e+04,-1.357998820766124766e+02,-1.358007927436484295e+02,-1.679729366281524960e+02,-1.358124387251909866e+02,-1.679840837522251036e+02
6.164458702660229028e+04,-1.358499070881621265e+02,-1.358508125250333762e+02,-1.680729814893819594e+02,-1.358623916261367981e+02,-1.680840951944147719e+02
6.200064365243387874e+04,-1.358999320997227187e+02,-1.359008323364695343e+02,-1.681730263453907241e+02,-1.359123449412144851e+02,-1.681841068232411658e+02
6.235875684684547741e+04,-1.359499571112941396e+02,-1.359508521777842702e+02,-1.682730713597221950e+02,-1.359622986680456620e+02,-1.682841188009663256e+02
6.271893848849324422e+04,-1.359999821228762471e+02,-1.360008720488057747e+02,-1.683731165413198028e+02,-1.360122528042655290e+02,-1.683841311354293566e+02
6.308120052464449691e+04,-1.360500071344689843e+02,-1.360508919493634323e+02,-1.684731615709124526e+02,-1.360622073475230422e+02,-1.684841435066242070e+02
6.344555497157295758e+04,-1.361000321460721523e+02,-1.361009118792874517e+02,-1.685732066415503709e+02,-1.361121622954804593e+02,-1.685841561063057554e+02
6.381201391495837015e+04,-1.361500571576856657e+02,-1.361509318384091500e+02,-1.686732517894648993e+02,-1.361621176458136233e+02,-1.686841689695897912e+02
6.418058951028650336e+04,-1.362000821693094110e+02,-1.362009518265606403e+02,-1.687732968894185603e+02,-1.362120733962116219e+02,-1.687841819703077704e+02
6.455129398325268994e+04,-1.362501071809432460e+02,-1.362509718435752006e+02,-1.688733421689073566e+02,-1.362620295443768441e+02,-1.688841953346408786e+02
6.492413963016779599e+04,-1.363001321925870855e+02,-1.363009918892869337e+02,-1.689733875224252131e+02,-1.363119860880249519e+02,-1.689842089561426235e+02
6.529913881836514338e+04,-1.363501572042408156e+02,-1.363510119635309081e+02,-1.690734328516785183e+02,-1.363619430248845674e+02,-1.690842227355766170e+02
6.567630398661179061e+04,-1.364001822159042945e+02,-1.364010320661432161e+02,-1.691734780657735371e+02,-1.364119003526975291e+02,-1.691842365811046420e+02
6.605564764552010456e+04,-1.364502072275774083e+02,-1.364510521969608021e+02,-1.692735236124360370e+02,-1.364618580692185219e+02,-1.692842509389183192e+02
6.643718237796371977e+04,-1.365002322392600718e+02,-1.365010723558215773e+02,-1.693735688912527166e+02,-1.365118161722151910e+02,-1.693842652082349503e+02
6.682092083949410880e+04,-1.365502572509521997e+02,-1.365510925425644757e+02,-1.694736143719188703e+02,-1.365617746594680000e+02,-1.694842798572032621e+02
6.720687575876062328e+04,-1.366002822626535931e+02,-1.366011127570291706e+02,-1.695736600044371016e+02,-1.366117335287700598e+02,-1.695842948348598043e+02
6.759505993793322705e+04,-1.366503072743642804e+02,-1.366511329990564434e+02,-1.696737053850287111e+02,-1.366616927779273567e+02,-1.696843097368565907e+02
6.798548625312613149e+04,-1.367003322860840058e+02,-1.367011532684878432e+02,-1.697737512033285157e+02,-1.367116524047582686e+02,-1.697843252510566288e+02
6.837816765482601477e+04,-1.367503572978127977e+02,-1.367511735651659990e+02,-1.698737967087705840e+02,-1.367616124070938781e+02,-1.698843406267195633e+02
6.877311716832047387e+04,-1.368003823095504572e+02,-1.368011938889342503e+02,-1.699738426173812229e+02,-1.368115727827775459e+02,-1.699843565780820995e+02
6.917034789413123508e+04,-1.368504073212969274e+02,-1.368512142396369882e+02,-1.700738880032666884e+02,-1.368615335296652233e+02,-1.700843721792814449e+02
6.956987300844762649e+04,-1.369004323330520947e+02,-1.369012346171194281e+02,-1.701739337930182216e+02,-1.369114946456249697e+02,-1.701843883548978624e+02
6.997170576356415404e+04,-1.369504573448158737e+02,-1.369512550212276096e+02,-1.702739796318943490e+02,-1.369614561285372076e+02,-1.702844047496010660e+02
7.037585948832043505e+04,-1.370004823565881509e+02,-1.370012754518086808e+02,-1.703740251665599033e+02,-1.370114179762945525e+02,-1.703844210094707989e+02
7.078234758854238316e+04,-1.370505073683688408e+02,-1.370512959087104150e+02,-1.704740713729268293e+02,-1.370613801868016708e+02,-1.704844381083705400e+02
7.119118354748793354e+04,-1.371005323801578299e+02,-1.371013163917816371e+02,-1.705741171607035085e+02,-1.371113427579752511e+02,-1.705844549562493739e+02
7.160238092629342282e+04,-1.371505573919550329e+02,-1.371513369008719110e+02,-1.706741629589502622e+02,-1.371613056877440044e+02,-1.706844719807345996e+02
7.201595336442367989e+04,-1.372005824037603645e+02,-1.372013574358317669e+02,-1.707742090234252714e+02,-1.372112689740484370e+02,-1.707844894363485366e+02
7.243191458012498333e+04,-1.372506074155737394e+02,-1.372513779965125877e+02,-1.708742552372820285e+02,-1.372612326148410204e+02,-1.708845072054257912e+02
7.285027837087909575e+04,-1.373006324273950156e+02,-1.373013985827664953e+02,-1.709743011001656043e+02,-1.373111966080859077e+02,-1.709845247872221989e+02
7.327105861386204197e+04,-1.373506574392241646e+02,-1.373514191944466347e+02,-1.710743470915448654e+02,-1.373611609517589045e+02,-1.710845426597396397e+02
7.369426926640322199e+04,-1.374006824510610443e+02,-1.374014398314068330e+02,-1.711743929217974198e+02,-1.374111256438475550e+02,-1.711845605327443138e+02
7.411992436644966074e+04,-1.374507074629055978e+02,-1.374514604935018838e+02,-1.712744390987504630e+02,-1.374610906823508572e+02,-1.712845789125756824e+02
7.454803803303049062e+04,-1.375007324747577400e+02,-1.375014811805873478e+02,-1.713744855523730166e+02,-1.375110560652793481e+02,-1.713845977283592674e+02
7.497862446672581427e+04,-1.375507574866173570e+02,-1.375515018925196102e+02,-1.714745314169382766e+02,-1.375610217906549622e+02,-1.714846161144094481e+02
7.541169795013815747e+04,-1.376007824984844206e+02,-1.376015226291559088e+02,-1.715745778371737913e+02,-1.376109878565110876e+02,-1.715846352132780623e+02
7.584727284836514445e+04,-1.376508075103587316e+02,-1.376515433903543055e+02,-1.716746239615519869e+02,-1.376609542608922254e+02,-1.716846541734734899e+02
7.628536360947726644e+04,-1.377008325222403187e+02,-1.377015641759737150e+02,-1.717746699505623837e+02,-1.377109210018543024e+02,-1.717846731544079262e+02
7.672598476499582466e+04,-1.377508575341290680e+02,-1.377515849858737056e+02,-1.718747165949594091e+02,-1.377608880774643012e+02,-1.718846929450667460e+02
7.716915093037627230e+04,-1.378008825460248943e+02,-1.378016058199148688e+02,-1.719747628523393246e+02,-1.378108554858003458e+02,-1.719847125033087138e+02
7.761487680549180368e+04,-1.378509075579277123e+02,-1.378516266779584782e+02,-1.720748095376499691e+02,-1.378608232249515595e+02,-1.720847326422962453e+02
7.806317717512154195e+04,-1.379009325698374084e+02,-1.379016475598665465e+02,-1.721748558209163775e+02,-1.379107912930180646e+02,-1.721847525320922045e+02
7.851406690944131697e+04,-1.379509575817539542e+02,-1.379516684655020526e+02,-1.722749019145674083e+02,-1.379607596881108975e+02,-1.722847723840161223e+02
7.896756096451589838e+04,-1.380009825936772643e+02,-1.380016893947285723e+02,-1.723749482573139744e+02,-1.380107284083519517e+02,-1.723847926354245033e+02
7.942367438279627822e+04,-1.380510076056072535e+02,-1.380517103474106193e+02,-1.724749948820517886e+02,-1.380606974518739207e+02,-1.724848133183121206e+02
7.988242229361740465e+04,-1.381010326175438081e+02,-1.381017313234133894e+02,-1.725750414039382008e+02,-1.381106668168201281e+02,-1.725848340474021541e+02
8.034381991370131436e+04,-1.381510576294869281e+02,-1.381517523226029027e+02,-1.726750876541628372e+02,-1.381606365013446975e+02,-1.726848546532161492e+02
8.080788254766070168e+04,-1.382010826414364715e+02,-1.382017733448459467e+02,-1.727751345524371800e+02,-1.382106065036122402e+02,-1.727848760535992483e+02
8.127462558850707137e+04,-1.382511076533924097e+02,-1.382517943900100192e+02,-1.728751810893004404e+02,-1.382605768217979687e+02,-1.728848972393616350e+02
8.174406451816187473e+04,-1.383011326653546575e+02,-1.383018154579634711e+02,-1.729752279939432356e+02,-1.383105474540875832e+02,-1.729849189380477981e+02
8.221621490796878061e+04,-1.383511576773231013e+02,-1.383518365485753350e+02,-1.730752740392893543e+02,-1.383605183986771578e+02,-1.730849399231028087e+02
8.269109241921163630e+04,-1.384011826892977410e+02,-1.384018576617154679e+02,-1.731753210817929300e+02,-1.384104896537731690e+02,-1.731849620480982708e+02
8.316871280363253027e+04,-1.384512077012784061e+02,-1.384518787972543521e+02,-1.732753676875857991e+02,-1.384604612175923535e+02,-1.732849838799252780e+02
8.364909190395563201e+04,-1.385012327132651535e+02,-1.385018999550633225e+02,-1.733754141924173382e+02,-1.385104330883617365e+02,-1.733850057531411437e+02
8.413224565441155573e+04,-1.385512577252578410e+02,-1.385519211350144815e+02,-1.734754614004673101e+02,-1.385604052643184900e+02,-1.734850284702204988e+02
8.461819008126638073e+04,-1.386012827372564118e+02,-1.386019423369805281e+02,-1.735755081033947533e+02,-1.386103777437099325e+02,-1.735850508233465348e+02
8.510694130335374211e+04,-1.386513077492607806e+02,-1.386519635608350427e+02,-1.736755548990007298e+02,-1.386603505247934152e+02,-1.736850734088526451e+02
8.559851553260831861e+04,-1.387013327612708906e+02,-1.387019848064521739e+02,-1.737756019499131526e+02,-1.387103236058363223e+02,-1.737850963883847157e+02
8.609292907460499555e+04,-1.387513577732867134e+02,-1.387520060737069798e+02,-1.738756485093459503e+02,-1.387602969851160424e+02,-1.738851190151844435e+02
8.659019832909823162e+04,-1.388013827853081068e+02,-1.388020273624750871e+02,-1.739756952151278995e+02,-1.388102706609197412e+02,-1.739851419255825249e+02
8.709033979056755197e+04,-1.388514077973350993e+02,-1.388520486726329182e+02,-1.740757422628402651e+02,-1.388602446315445036e+02,-1.740851653141555175e+02
8.759337004876339051e+04,-1.389014328093675772e+02,-1.389020700040575491e+02,-1.741757893927740497e+02,-1.389102188952971915e+02,-1.741851889206974136e+02
8.809930578925786540e+04,-1.389514578214054552e+02,-1.389520913566267950e+02,-1.742758363488288751e+02,-1.389601934504943301e+02,-1.742852124886114495e+02
8.860816379399887228e+04,-1.390014828334487049e+02,-1.390021127302192099e+02,-1.743758833535452482e+02,-1.390101682954621936e+02,-1.743852362394171109e+02
8.911996094186537084e+04,-1.390515078454972695e+02,-1.390521341247139731e+02,-1.744759306443179696e+02,-1.390601434285366338e+02,-1.744852604094761546e+02
8.963471420922884136e+04,-1.391015328575510637e+02,-1.391021555399909744e+02,-1.745759770324988267e+02,-1.391101188480630242e+02,-1.745852838106880540e+02
9.015244067051479942e+04,-1.391515578696100306e+02,-1.391521769759308427e+02,-1.746760242106368821e+02,-1.391600945523962878e+02,-1.746853081329692827e+02
9.067315749877069902e+04,-1.392015828816741418e+02,-1.392021984324148605e+02,-1.747760714904239592e+02,-1.392100705399008120e+02,-1.747853326880149609e+02
9.119688196623428666e+04,-1.392516078937433122e+02,-1.392522199093249924e+02,-1.748761181771666315e+02,-1.392600468089503352e+02,-1.748853567811465552e+02
9.172363144490703417e+04,-1.393016329058174847e+02,-1.393022414065438568e+02,-1.749761660277513329e+02,-1.393100233579278893e+02,-1.749853821665595888e+02
9.225342340713093290e+04,-1.393516579178966026e+02,-1.393522629239548110e+02,-1.750762128939784930e+02,-1.393600001852259709e+02,-1.750854066976847889e+02
9.278627542616678693e+04,-1.394016829299806091e+02,-1.394022844614417806e+02,-1.751762600684901088e+02,-1.394099772892460578e+02,-1.751854316649948942e+02
9.332220517677857424e+04,-1.394517079420694472e+02,-1.394523060188895158e+02,-1.752763073831804945e+02,-1.394599546683990638e+02,-1.752854568998343154e+02
9.386123043581841921e+04,-1.395017329541630886e+02,-1.395023275961832780e+02,-1.753763546756748326e+02,-1.395099323211047988e+02,-1.753854822392758592e+02
9.440336908281684737e+04,-1.395517579662614480e+02,-1.395523491932090110e+02,-1.754764017894949291e+02,-1.395599102457923095e+02,-1.754855075262866819e+02
9.494863910057637258e+04,-1.396017829783644686e+02,-1.396023708098534257e+02,-1.755764490831082014e+02,-1.396098884408996526e+02,-1.755855331182146983e+02
9.549705857576668495e+04,-1.396518079904720935e+02,-1.396523924460037733e+02,-1.756764964211569975e+02,-1.396598669048737236e+02,-1.756855588791327420e+02
9.604864569952611055e+04,-1.397018330025843227e+02,-1.397024141015479586e+02,-1.757765436747965282e+02,-1.397098456361704848e+02,-1.757855846796230992e+02
9.660341876806347864e+04,-1.397518580147010141e+02,-1.397524357763745968e+02,-1.758765912396214617e+02,-1.397598246332546807e+02,-1.758856109141325135e+02
9.716139618326655182e+04,-1.398018830268221961e+02,-1.398024574703729286e+02,-1.759766390093195128e+02,-1.398098038945998951e+02,-1.759856374757589208e+02
9.772259645331108186e+04,-1.398519080389478120e+02,-1.398524791834327630e+02,-1.760766858372403476e+02,-1.398597834186885507e+02,-1.760856632184168973e+02
9.828703819327524980e+04,-1.399019330510777479e+02,-1.399025009154445627e+02,-1.761767331937405174e+02,-1.399097632040116252e+02,-1.761856896101387520e+02
9.885474012575778761e+04,-1.399519580632120324e+02,-1.399525226662995294e+02,-1.762767804737501933e+02,-1.399597432490689357e+02,-1.762857160458287069e+02
9.942572108149761334e+04,-1.400019830753505232e+02,-1.400025444358893196e+02,-1.763768276006652229e+02,-1.400097235523687971e+02,-1.763857424482764600e+02
1.000000000000000000e+05,-1.400520080874932773e+02,-1.400525662241063856e+02,-1.764768750417562444e+02,-1.400597041124281645e+02,-1.764857692835491605e+02
